2025-12-18 13:08:20,654 - INFO - Lendo Excel...
2025-12-18 13:08:23,400 - INFO - Criando Tenancy...
2025-12-18 13:08:24,513 - ERROR - Erro linha 0: column "autor" of relation "processos" does not exist
LINE 4: ...          valor_causa, data_distribuicao, titulo, autor, reu...
                                                             ^

2025-12-18 13:08:25,342 - ERROR - Erro linha 1: column "autor" of relation "processos" does not exist
LINE 4: ...          valor_causa, data_distribuicao, titulo, autor, reu...
                                                             ^

2025-12-18 13:08:26,172 - ERROR - Erro linha 2: column "autor" of relation "processos" does not exist
LINE 4: ...          valor_causa, data_distribuicao, titulo, autor, reu...
                                                             ^

2025-12-18 13:08:27,008 - ERROR - Erro linha 3: column "autor" of relation "processos" does not exist
LINE 4: ...          valor_causa, data_distribuicao, titulo, autor, reu...
                                                             ^

2025-12-18 13:08:27,843 - ERROR - Erro linha 4: column "autor" of relation "processos" does not exist
LINE 4: ...          valor_causa, data_distribuicao, titulo, autor, reu...
                                                             ^

2025-12-18 13:08:28,671 - ERROR - Erro linha 5: column "autor" of relation "processos" does not exist
LINE 4: ...          valor_causa, data_distribuicao, titulo, autor, reu...
                                                             ^

2025-12-18 13:08:29,498 - ERROR - Erro linha 6: column "autor" of relation "processos" does not exist
LINE 4: ...          valor_causa, data_distribuicao, titulo, autor, reu...
                                                             ^

2025-12-18 13:08:30,330 - ERROR - Erro linha 7: column "autor" of relation "processos" does not exist
LINE 4: ...          valor_causa, data_distribuicao, titulo, autor, reu...
                                                             ^

2025-12-18 13:08:31,155 - ERROR - Erro linha 8: column "autor" of relation "processos" does not exist
LINE 4: ...          valor_causa, data_distribuicao, titulo, autor, reu...
                                                             ^

2025-12-18 13:08:31,980 - ERROR - Erro linha 9: column "autor" of relation "processos" does not exist
LINE 4: ...          valor_causa, data_distribuicao, titulo, autor, reu...
                                                             ^

2025-12-18 13:08:32,808 - ERROR - Erro linha 10: column "autor" of relation "processos" does not exist
LINE 4: ...          valor_causa, data_distribuicao, titulo, autor, reu...
                                                             ^

2025-12-18 13:08:33,635 - ERROR - Erro linha 11: column "autor" of relation "processos" does not exist
LINE 4: ...          valor_causa, data_distribuicao, titulo, autor, reu...
                                                             ^

2025-12-18 13:08:34,471 - ERROR - Erro linha 12: column "autor" of relation "processos" does not exist
LINE 4: ...          valor_causa, data_distribuicao, titulo, autor, reu...
                                                             ^

2025-12-18 13:08:35,300 - ERROR - Erro linha 13: column "autor" of relation "processos" does not exist
LINE 4: ...          valor_causa, data_distribuicao, titulo, autor, reu...
                                                             ^

2025-12-18 13:08:36,131 - ERROR - Erro linha 14: column "autor" of relation "processos" does not exist
LINE 4: ...          valor_causa, data_distribuicao, titulo, autor, reu...
                                                             ^

2025-12-18 13:08:36,955 - ERROR - Erro linha 15: column "autor" of relation "processos" does not exist
LINE 4: ...          valor_causa, data_distribuicao, titulo, autor, reu...
                                                             ^

2025-12-18 13:08:37,785 - ERROR - Erro linha 16: column "autor" of relation "processos" does not exist
LINE 4: ...          valor_causa, data_distribuicao, titulo, autor, reu...
                                                             ^

2025-12-18 13:08:38,617 - ERROR - Erro linha 17: column "autor" of relation "processos" does not exist
LINE 4: ...          valor_causa, data_distribuicao, titulo, autor, reu...
                                                             ^

2025-12-18 13:08:39,445 - ERROR - Erro linha 18: column "autor" of relation "processos" does not exist
LINE 4: ...          valor_causa, data_distribuicao, titulo, autor, reu...
                                                             ^

2025-12-18 13:08:40,272 - ERROR - Erro linha 19: column "autor" of relation "processos" does not exist
LINE 4: ...          valor_causa, data_distribuicao, titulo, autor, reu...
                                                             ^

2025-12-18 13:08:41,102 - ERROR - Erro linha 20: column "autor" of relation "processos" does not exist
LINE 4: ...          valor_causa, data_distribuicao, titulo, autor, reu...
                                                             ^

2025-12-18 13:08:41,928 - ERROR - Erro linha 21: column "autor" of relation "processos" does not exist
LINE 4: ...          valor_causa, data_distribuicao, titulo, autor, reu...
                                                             ^

2025-12-18 13:08:42,755 - ERROR - Erro linha 22: column "autor" of relation "processos" does not exist
LINE 4: ...          valor_causa, data_distribuicao, titulo, autor, reu...
                                                             ^

2025-12-18 13:08:43,585 - ERROR - Erro linha 23: column "autor" of relation "processos" does not exist
LINE 4: ...          valor_causa, data_distribuicao, titulo, autor, reu...
                                                             ^

2025-12-18 13:08:44,413 - ERROR - Erro linha 24: column "autor" of relation "processos" does not exist
LINE 4: ...          valor_causa, data_distribuicao, titulo, autor, reu...
                                                             ^

2025-12-18 13:08:45,240 - ERROR - Erro linha 25: column "autor" of relation "processos" does not exist
LINE 4: ...          valor_causa, data_distribuicao, titulo, autor, reu...
                                                             ^

2025-12-18 13:08:46,066 - ERROR - Erro linha 26: column "autor" of relation "processos" does not exist
LINE 4: ...          valor_causa, data_distribuicao, titulo, autor, reu...
                                                             ^

2025-12-18 13:08:46,924 - ERROR - Erro linha 27: column "autor" of relation "processos" does not exist
LINE 4: ...          valor_causa, data_distribuicao, titulo, autor, reu...
                                                             ^

2025-12-18 13:08:47,752 - ERROR - Erro linha 28: column "autor" of relation "processos" does not exist
LINE 4: ...          valor_causa, data_distribuicao, titulo, autor, reu...
                                                             ^

2025-12-18 13:08:48,577 - ERROR - Erro linha 29: column "autor" of relation "processos" does not exist
LINE 4: ...          valor_causa, data_distribuicao, titulo, autor, reu...
                                                             ^

2025-12-18 13:08:49,406 - ERROR - Erro linha 30: column "autor" of relation "processos" does not exist
LINE 4: ...          valor_causa, data_distribuicao, titulo, autor, reu...
                                                             ^

2025-12-18 13:08:50,233 - ERROR - Erro linha 31: column "autor" of relation "processos" does not exist
LINE 4: ...          valor_causa, data_distribuicao, titulo, autor, reu...
                                                             ^

2025-12-18 13:08:51,063 - ERROR - Erro linha 32: column "autor" of relation "processos" does not exist
LINE 4: ...          valor_causa, data_distribuicao, titulo, autor, reu...
                                                             ^

2025-12-18 13:08:51,893 - ERROR - Erro linha 33: column "autor" of relation "processos" does not exist
LINE 4: ...          valor_causa, data_distribuicao, titulo, autor, reu...
                                                             ^

2025-12-18 13:08:52,721 - ERROR - Erro linha 34: column "autor" of relation "processos" does not exist
LINE 4: ...          valor_causa, data_distribuicao, titulo, autor, reu...
                                                             ^

2025-12-18 13:08:53,549 - ERROR - Erro linha 35: column "autor" of relation "processos" does not exist
LINE 4: ...          valor_causa, data_distribuicao, titulo, autor, reu...
                                                             ^

2025-12-18 13:08:54,376 - ERROR - Erro linha 36: column "autor" of relation "processos" does not exist
LINE 4: ...          valor_causa, data_distribuicao, titulo, autor, reu...
                                                             ^

2025-12-18 13:08:55,206 - ERROR - Erro linha 37: column "autor" of relation "processos" does not exist
LINE 4: ...          valor_causa, data_distribuicao, titulo, autor, reu...
                                                             ^

2025-12-18 13:08:56,032 - ERROR - Erro linha 38: column "autor" of relation "processos" does not exist
LINE 4: ...          valor_causa, data_distribuicao, titulo, autor, reu...
                                                             ^

2025-12-18 13:08:56,862 - ERROR - Erro linha 39: column "autor" of relation "processos" does not exist
LINE 4: ...          valor_causa, data_distribuicao, titulo, autor, reu...
                                                             ^

2025-12-18 13:08:57,691 - ERROR - Erro linha 40: column "autor" of relation "processos" does not exist
LINE 4: ...          valor_causa, data_distribuicao, titulo, autor, reu...
                                                             ^

2025-12-18 13:08:58,522 - ERROR - Erro linha 41: column "autor" of relation "processos" does not exist
LINE 4: ...          valor_causa, data_distribuicao, titulo, autor, reu...
                                                             ^

2025-12-18 13:08:59,349 - ERROR - Erro linha 42: column "autor" of relation "processos" does not exist
LINE 4: ...          valor_causa, data_distribuicao, titulo, autor, reu...
                                                             ^

2025-12-18 13:09:00,175 - ERROR - Erro linha 43: column "autor" of relation "processos" does not exist
LINE 4: ...          valor_causa, data_distribuicao, titulo, autor, reu...
                                                             ^

2025-12-18 13:09:01,002 - ERROR - Erro linha 44: column "autor" of relation "processos" does not exist
LINE 4: ...          valor_causa, data_distribuicao, titulo, autor, reu...
                                                             ^

2025-12-18 13:09:01,831 - ERROR - Erro linha 45: column "autor" of relation "processos" does not exist
LINE 4: ...          valor_causa, data_distribuicao, titulo, autor, reu...
                                                             ^

2025-12-18 13:09:02,668 - ERROR - Erro linha 46: column "autor" of relation "processos" does not exist
LINE 4: ...          valor_causa, data_distribuicao, titulo, autor, reu...
                                                             ^

2025-12-18 13:09:03,501 - ERROR - Erro linha 47: column "autor" of relation "processos" does not exist
LINE 4: ...          valor_causa, data_distribuicao, titulo, autor, reu...
                                                             ^

2025-12-18 13:09:04,334 - ERROR - Erro linha 48: column "autor" of relation "processos" does not exist
LINE 4: ...          valor_causa, data_distribuicao, titulo, autor, reu...
                                                             ^

2025-12-18 13:09:05,162 - ERROR - Erro linha 49: column "autor" of relation "processos" does not exist
LINE 4: ...          valor_causa, data_distribuicao, titulo, autor, reu...
                                                             ^

2025-12-18 13:09:05,994 - ERROR - Erro linha 50: column "autor" of relation "processos" does not exist
LINE 4: ...          valor_causa, data_distribuicao, titulo, autor, reu...
                                                             ^

2025-12-18 13:09:06,827 - ERROR - Erro linha 51: column "autor" of relation "processos" does not exist
LINE 4: ...          valor_causa, data_distribuicao, titulo, autor, reu...
                                                             ^

2025-12-18 13:09:07,659 - ERROR - Erro linha 52: column "autor" of relation "processos" does not exist
LINE 4: ...          valor_causa, data_distribuicao, titulo, autor, reu...
                                                             ^

2025-12-18 13:09:08,487 - ERROR - Erro linha 53: column "autor" of relation "processos" does not exist
LINE 4: ...          valor_causa, data_distribuicao, titulo, autor, reu...
                                                             ^

2025-12-18 13:09:09,319 - ERROR - Erro linha 54: column "autor" of relation "processos" does not exist
LINE 4: ...          valor_causa, data_distribuicao, titulo, autor, reu...
                                                             ^

2025-12-18 13:09:10,144 - ERROR - Erro linha 55: column "autor" of relation "processos" does not exist
LINE 4: ...          valor_causa, data_distribuicao, titulo, autor, reu...
                                                             ^

2025-12-18 13:09:10,971 - ERROR - Erro linha 56: column "autor" of relation "processos" does not exist
LINE 4: ...          valor_causa, data_distribuicao, titulo, autor, reu...
                                                             ^

2025-12-18 13:09:11,797 - ERROR - Erro linha 57: column "autor" of relation "processos" does not exist
LINE 4: ...          valor_causa, data_distribuicao, titulo, autor, reu...
                                                             ^

2025-12-18 13:09:12,628 - ERROR - Erro linha 58: column "autor" of relation "processos" does not exist
LINE 4: ...          valor_causa, data_distribuicao, titulo, autor, reu...
                                                             ^

2025-12-18 13:09:13,459 - ERROR - Erro linha 59: column "autor" of relation "processos" does not exist
LINE 4: ...          valor_causa, data_distribuicao, titulo, autor, reu...
                                                             ^

2025-12-18 13:09:14,285 - ERROR - Erro linha 60: column "autor" of relation "processos" does not exist
LINE 4: ...          valor_causa, data_distribuicao, titulo, autor, reu...
                                                             ^

2025-12-18 13:09:15,111 - ERROR - Erro linha 61: column "autor" of relation "processos" does not exist
LINE 4: ...          valor_causa, data_distribuicao, titulo, autor, reu...
                                                             ^

2025-12-18 13:09:15,937 - ERROR - Erro linha 62: column "autor" of relation "processos" does not exist
LINE 4: ...          valor_causa, data_distribuicao, titulo, autor, reu...
                                                             ^

2025-12-18 13:09:16,763 - ERROR - Erro linha 63: column "autor" of relation "processos" does not exist
LINE 4: ...          valor_causa, data_distribuicao, titulo, autor, reu...
                                                             ^

2025-12-18 13:09:17,595 - ERROR - Erro linha 64: column "autor" of relation "processos" does not exist
LINE 4: ...          valor_causa, data_distribuicao, titulo, autor, reu...
                                                             ^

2025-12-18 13:09:18,425 - ERROR - Erro linha 65: column "autor" of relation "processos" does not exist
LINE 4: ...          valor_causa, data_distribuicao, titulo, autor, reu...
                                                             ^

2025-12-18 13:09:19,251 - ERROR - Erro linha 66: column "autor" of relation "processos" does not exist
LINE 4: ...          valor_causa, data_distribuicao, titulo, autor, reu...
                                                             ^

2025-12-18 13:09:20,077 - ERROR - Erro linha 67: column "autor" of relation "processos" does not exist
LINE 4: ...          valor_causa, data_distribuicao, titulo, autor, reu...
                                                             ^

2025-12-18 13:09:20,909 - ERROR - Erro linha 68: column "autor" of relation "processos" does not exist
LINE 4: ...          valor_causa, data_distribuicao, titulo, autor, reu...
                                                             ^

2025-12-18 13:09:21,734 - ERROR - Erro linha 69: column "autor" of relation "processos" does not exist
LINE 4: ...          valor_causa, data_distribuicao, titulo, autor, reu...
                                                             ^

2025-12-18 13:09:22,567 - ERROR - Erro linha 70: column "autor" of relation "processos" does not exist
LINE 4: ...          valor_causa, data_distribuicao, titulo, autor, reu...
                                                             ^

2025-12-18 13:09:23,392 - ERROR - Erro linha 71: column "autor" of relation "processos" does not exist
LINE 4: ...          valor_causa, data_distribuicao, titulo, autor, reu...
                                                             ^

2025-12-18 13:09:24,220 - ERROR - Erro linha 72: column "autor" of relation "processos" does not exist
LINE 4: ...          valor_causa, data_distribuicao, titulo, autor, reu...
                                                             ^

2025-12-18 13:09:25,046 - ERROR - Erro linha 73: column "autor" of relation "processos" does not exist
LINE 4: ...          valor_causa, data_distribuicao, titulo, autor, reu...
                                                             ^

2025-12-18 13:09:25,872 - ERROR - Erro linha 74: column "autor" of relation "processos" does not exist
LINE 4: ...          valor_causa, data_distribuicao, titulo, autor, reu...
                                                             ^

2025-12-18 13:09:26,695 - ERROR - Erro linha 75: column "autor" of relation "processos" does not exist
LINE 4: ...          valor_causa, data_distribuicao, titulo, autor, reu...
                                                             ^

2025-12-18 13:09:27,518 - ERROR - Erro linha 76: column "autor" of relation "processos" does not exist
LINE 4: ...          valor_causa, data_distribuicao, titulo, autor, reu...
                                                             ^

2025-12-18 13:09:28,346 - ERROR - Erro linha 77: column "autor" of relation "processos" does not exist
LINE 4: ...          valor_causa, data_distribuicao, titulo, autor, reu...
                                                             ^

2025-12-18 13:09:29,177 - ERROR - Erro linha 78: column "autor" of relation "processos" does not exist
LINE 4: ...          valor_causa, data_distribuicao, titulo, autor, reu...
                                                             ^

2025-12-18 13:09:30,003 - ERROR - Erro linha 79: column "autor" of relation "processos" does not exist
LINE 4: ...          valor_causa, data_distribuicao, titulo, autor, reu...
                                                             ^

2025-12-18 13:09:30,829 - ERROR - Erro linha 80: column "autor" of relation "processos" does not exist
LINE 4: ...          valor_causa, data_distribuicao, titulo, autor, reu...
                                                             ^

2025-12-18 13:09:31,655 - ERROR - Erro linha 81: column "autor" of relation "processos" does not exist
LINE 4: ...          valor_causa, data_distribuicao, titulo, autor, reu...
                                                             ^

2025-12-18 13:09:32,480 - ERROR - Erro linha 82: column "autor" of relation "processos" does not exist
LINE 4: ...          valor_causa, data_distribuicao, titulo, autor, reu...
                                                             ^

2025-12-18 13:09:33,309 - ERROR - Erro linha 83: column "autor" of relation "processos" does not exist
LINE 4: ...          valor_causa, data_distribuicao, titulo, autor, reu...
                                                             ^

2025-12-18 13:09:34,134 - ERROR - Erro linha 84: column "autor" of relation "processos" does not exist
LINE 4: ...          valor_causa, data_distribuicao, titulo, autor, reu...
                                                             ^

2025-12-18 13:09:34,963 - ERROR - Erro linha 85: column "autor" of relation "processos" does not exist
LINE 4: ...          valor_causa, data_distribuicao, titulo, autor, reu...
                                                             ^

2025-12-18 13:09:35,792 - ERROR - Erro linha 86: column "autor" of relation "processos" does not exist
LINE 4: ...          valor_causa, data_distribuicao, titulo, autor, reu...
                                                             ^

2025-12-18 13:09:36,620 - ERROR - Erro linha 87: column "autor" of relation "processos" does not exist
LINE 4: ...          valor_causa, data_distribuicao, titulo, autor, reu...
                                                             ^

2025-12-18 13:09:37,449 - ERROR - Erro linha 88: column "autor" of relation "processos" does not exist
LINE 4: ...          valor_causa, data_distribuicao, titulo, autor, reu...
                                                             ^

2025-12-18 13:09:38,278 - ERROR - Erro linha 89: column "autor" of relation "processos" does not exist
LINE 4: ...          valor_causa, data_distribuicao, titulo, autor, reu...
                                                             ^

2025-12-18 13:09:39,105 - ERROR - Erro linha 90: column "autor" of relation "processos" does not exist
LINE 4: ...          valor_causa, data_distribuicao, titulo, autor, reu...
                                                             ^

2025-12-18 13:09:39,930 - ERROR - Erro linha 91: column "autor" of relation "processos" does not exist
LINE 4: ...          valor_causa, data_distribuicao, titulo, autor, reu...
                                                             ^

2025-12-18 13:09:40,755 - ERROR - Erro linha 92: column "autor" of relation "processos" does not exist
LINE 4: ...          valor_causa, data_distribuicao, titulo, autor, reu...
                                                             ^

2025-12-18 13:09:41,584 - ERROR - Erro linha 93: column "autor" of relation "processos" does not exist
LINE 4: ...          valor_causa, data_distribuicao, titulo, autor, reu...
                                                             ^

2025-12-18 13:09:42,411 - ERROR - Erro linha 94: column "autor" of relation "processos" does not exist
LINE 4: ...          valor_causa, data_distribuicao, titulo, autor, reu...
                                                             ^

2025-12-18 13:09:43,235 - ERROR - Erro linha 95: column "autor" of relation "processos" does not exist
LINE 4: ...          valor_causa, data_distribuicao, titulo, autor, reu...
                                                             ^

2025-12-18 13:09:44,062 - ERROR - Erro linha 96: column "autor" of relation "processos" does not exist
LINE 4: ...          valor_causa, data_distribuicao, titulo, autor, reu...
                                                             ^

2025-12-18 13:09:44,889 - ERROR - Erro linha 97: column "autor" of relation "processos" does not exist
LINE 4: ...          valor_causa, data_distribuicao, titulo, autor, reu...
                                                             ^

2025-12-18 13:09:45,717 - ERROR - Erro linha 98: column "autor" of relation "processos" does not exist
LINE 4: ...          valor_causa, data_distribuicao, titulo, autor, reu...
                                                             ^

2025-12-18 13:09:46,542 - ERROR - Erro linha 99: column "autor" of relation "processos" does not exist
LINE 4: ...          valor_causa, data_distribuicao, titulo, autor, reu...
                                                             ^

2025-12-18 13:09:47,370 - ERROR - Erro linha 100: column "autor" of relation "processos" does not exist
LINE 4: ...          valor_causa, data_distribuicao, titulo, autor, reu...
                                                             ^

2025-12-18 13:09:48,200 - ERROR - Erro linha 101: column "autor" of relation "processos" does not exist
LINE 4: ...          valor_causa, data_distribuicao, titulo, autor, reu...
                                                             ^

2025-12-18 13:09:49,023 - ERROR - Erro linha 102: column "autor" of relation "processos" does not exist
LINE 4: ...          valor_causa, data_distribuicao, titulo, autor, reu...
                                                             ^

2025-12-18 13:09:49,849 - ERROR - Erro linha 103: column "autor" of relation "processos" does not exist
LINE 4: ...          valor_causa, data_distribuicao, titulo, autor, reu...
                                                             ^

2025-12-18 13:09:50,679 - ERROR - Erro linha 104: column "autor" of relation "processos" does not exist
LINE 4: ...          valor_causa, data_distribuicao, titulo, autor, reu...
                                                             ^

2025-12-18 13:09:51,505 - ERROR - Erro linha 105: column "autor" of relation "processos" does not exist
LINE 4: ...          valor_causa, data_distribuicao, titulo, autor, reu...
                                                             ^

2025-12-18 13:09:52,333 - ERROR - Erro linha 106: column "autor" of relation "processos" does not exist
LINE 4: ...          valor_causa, data_distribuicao, titulo, autor, reu...
                                                             ^

2025-12-18 13:09:53,160 - ERROR - Erro linha 107: column "autor" of relation "processos" does not exist
LINE 4: ...          valor_causa, data_distribuicao, titulo, autor, reu...
                                                             ^

2025-12-18 13:09:53,989 - ERROR - Erro linha 108: column "autor" of relation "processos" does not exist
LINE 4: ...          valor_causa, data_distribuicao, titulo, autor, reu...
                                                             ^

2025-12-18 13:09:54,819 - ERROR - Erro linha 109: column "autor" of relation "processos" does not exist
LINE 4: ...          valor_causa, data_distribuicao, titulo, autor, reu...
                                                             ^

2025-12-18 13:09:55,643 - ERROR - Erro linha 110: column "autor" of relation "processos" does not exist
LINE 4: ...          valor_causa, data_distribuicao, titulo, autor, reu...
                                                             ^

2025-12-18 13:09:56,468 - ERROR - Erro linha 111: column "autor" of relation "processos" does not exist
LINE 4: ...          valor_causa, data_distribuicao, titulo, autor, reu...
                                                             ^

2025-12-18 13:09:57,298 - ERROR - Erro linha 112: column "autor" of relation "processos" does not exist
LINE 4: ...          valor_causa, data_distribuicao, titulo, autor, reu...
                                                             ^

2025-12-18 13:09:58,132 - ERROR - Erro linha 113: column "autor" of relation "processos" does not exist
LINE 4: ...          valor_causa, data_distribuicao, titulo, autor, reu...
                                                             ^

2025-12-18 13:09:58,961 - ERROR - Erro linha 114: column "autor" of relation "processos" does not exist
LINE 4: ...          valor_causa, data_distribuicao, titulo, autor, reu...
                                                             ^

2025-12-18 13:09:59,787 - ERROR - Erro linha 115: column "autor" of relation "processos" does not exist
LINE 4: ...          valor_causa, data_distribuicao, titulo, autor, reu...
                                                             ^

2025-12-18 13:10:00,615 - ERROR - Erro linha 116: column "autor" of relation "processos" does not exist
LINE 4: ...          valor_causa, data_distribuicao, titulo, autor, reu...
                                                             ^

2025-12-18 13:10:01,439 - ERROR - Erro linha 117: column "autor" of relation "processos" does not exist
LINE 4: ...          valor_causa, data_distribuicao, titulo, autor, reu...
                                                             ^

2025-12-18 13:10:02,267 - ERROR - Erro linha 118: column "autor" of relation "processos" does not exist
LINE 4: ...          valor_causa, data_distribuicao, titulo, autor, reu...
                                                             ^

2025-12-18 13:10:03,091 - ERROR - Erro linha 119: column "autor" of relation "processos" does not exist
LINE 4: ...          valor_causa, data_distribuicao, titulo, autor, reu...
                                                             ^

2025-12-18 13:10:03,918 - ERROR - Erro linha 120: column "autor" of relation "processos" does not exist
LINE 4: ...          valor_causa, data_distribuicao, titulo, autor, reu...
                                                             ^

2025-12-18 13:10:04,748 - ERROR - Erro linha 121: column "autor" of relation "processos" does not exist
LINE 4: ...          valor_causa, data_distribuicao, titulo, autor, reu...
                                                             ^

2025-12-18 13:10:05,579 - ERROR - Erro linha 122: column "autor" of relation "processos" does not exist
LINE 4: ...          valor_causa, data_distribuicao, titulo, autor, reu...
                                                             ^

2025-12-18 13:10:06,404 - ERROR - Erro linha 123: column "autor" of relation "processos" does not exist
LINE 4: ...          valor_causa, data_distribuicao, titulo, autor, reu...
                                                             ^

2025-12-18 13:10:07,229 - ERROR - Erro linha 124: column "autor" of relation "processos" does not exist
LINE 4: ...          valor_causa, data_distribuicao, titulo, autor, reu...
                                                             ^

2025-12-18 13:10:08,057 - ERROR - Erro linha 125: column "autor" of relation "processos" does not exist
LINE 4: ...          valor_causa, data_distribuicao, titulo, autor, reu...
                                                             ^

2025-12-18 13:10:08,882 - ERROR - Erro linha 126: column "autor" of relation "processos" does not exist
LINE 4: ...          valor_causa, data_distribuicao, titulo, autor, reu...
                                                             ^

2025-12-18 13:10:09,712 - ERROR - Erro linha 127: column "autor" of relation "processos" does not exist
LINE 4: ...          valor_causa, data_distribuicao, titulo, autor, reu...
                                                             ^

2025-12-18 13:10:10,538 - ERROR - Erro linha 128: column "autor" of relation "processos" does not exist
LINE 4: ...          valor_causa, data_distribuicao, titulo, autor, reu...
                                                             ^

2025-12-18 13:10:11,366 - ERROR - Erro linha 129: column "autor" of relation "processos" does not exist
LINE 4: ...          valor_causa, data_distribuicao, titulo, autor, reu...
                                                             ^

2025-12-18 13:10:12,193 - ERROR - Erro linha 130: column "autor" of relation "processos" does not exist
LINE 4: ...          valor_causa, data_distribuicao, titulo, autor, reu...
                                                             ^

2025-12-18 13:10:13,021 - ERROR - Erro linha 131: column "autor" of relation "processos" does not exist
LINE 4: ...          valor_causa, data_distribuicao, titulo, autor, reu...
                                                             ^

2025-12-18 13:10:13,847 - ERROR - Erro linha 132: column "autor" of relation "processos" does not exist
LINE 4: ...          valor_causa, data_distribuicao, titulo, autor, reu...
                                                             ^

2025-12-18 13:10:14,674 - ERROR - Erro linha 133: column "autor" of relation "processos" does not exist
LINE 4: ...          valor_causa, data_distribuicao, titulo, autor, reu...
                                                             ^

2025-12-18 13:10:15,499 - ERROR - Erro linha 134: column "autor" of relation "processos" does not exist
LINE 4: ...          valor_causa, data_distribuicao, titulo, autor, reu...
                                                             ^

2025-12-18 13:10:16,328 - ERROR - Erro linha 135: column "autor" of relation "processos" does not exist
LINE 4: ...          valor_causa, data_distribuicao, titulo, autor, reu...
                                                             ^

2025-12-18 13:10:17,155 - ERROR - Erro linha 136: column "autor" of relation "processos" does not exist
LINE 4: ...          valor_causa, data_distribuicao, titulo, autor, reu...
                                                             ^

2025-12-18 13:10:17,979 - ERROR - Erro linha 137: column "autor" of relation "processos" does not exist
LINE 4: ...          valor_causa, data_distribuicao, titulo, autor, reu...
                                                             ^

2025-12-18 13:10:18,804 - ERROR - Erro linha 138: column "autor" of relation "processos" does not exist
LINE 4: ...          valor_causa, data_distribuicao, titulo, autor, reu...
                                                             ^

2025-12-18 13:10:19,634 - ERROR - Erro linha 139: column "autor" of relation "processos" does not exist
LINE 4: ...          valor_causa, data_distribuicao, titulo, autor, reu...
                                                             ^

2025-12-18 13:10:20,461 - ERROR - Erro linha 140: column "autor" of relation "processos" does not exist
LINE 4: ...          valor_causa, data_distribuicao, titulo, autor, reu...
                                                             ^

2025-12-18 13:10:21,286 - ERROR - Erro linha 141: column "autor" of relation "processos" does not exist
LINE 4: ...          valor_causa, data_distribuicao, titulo, autor, reu...
                                                             ^

2025-12-18 13:10:22,116 - ERROR - Erro linha 142: column "autor" of relation "processos" does not exist
LINE 4: ...          valor_causa, data_distribuicao, titulo, autor, reu...
                                                             ^

2025-12-18 13:10:22,940 - ERROR - Erro linha 143: column "autor" of relation "processos" does not exist
LINE 4: ...          valor_causa, data_distribuicao, titulo, autor, reu...
                                                             ^

2025-12-18 13:10:23,768 - ERROR - Erro linha 144: column "autor" of relation "processos" does not exist
LINE 4: ...          valor_causa, data_distribuicao, titulo, autor, reu...
                                                             ^

2025-12-18 13:10:24,597 - ERROR - Erro linha 145: column "autor" of relation "processos" does not exist
LINE 4: ...          valor_causa, data_distribuicao, titulo, autor, reu...
                                                             ^

2025-12-18 13:10:25,424 - ERROR - Erro linha 146: column "autor" of relation "processos" does not exist
LINE 4: ...          valor_causa, data_distribuicao, titulo, autor, reu...
                                                             ^

2025-12-18 13:10:26,249 - ERROR - Erro linha 147: column "autor" of relation "processos" does not exist
LINE 4: ...          valor_causa, data_distribuicao, titulo, autor, reu...
                                                             ^

2025-12-18 13:10:27,073 - ERROR - Erro linha 148: column "autor" of relation "processos" does not exist
LINE 4: ...          valor_causa, data_distribuicao, titulo, autor, reu...
                                                             ^

2025-12-18 13:10:27,909 - ERROR - Erro linha 149: column "autor" of relation "processos" does not exist
LINE 4: ...          valor_causa, data_distribuicao, titulo, autor, reu...
                                                             ^

2025-12-18 13:10:28,737 - ERROR - Erro linha 150: column "autor" of relation "processos" does not exist
LINE 4: ...          valor_causa, data_distribuicao, titulo, autor, reu...
                                                             ^

2025-12-18 13:10:29,564 - ERROR - Erro linha 151: column "autor" of relation "processos" does not exist
LINE 4: ...          valor_causa, data_distribuicao, titulo, autor, reu...
                                                             ^

2025-12-18 13:10:30,397 - ERROR - Erro linha 152: column "autor" of relation "processos" does not exist
LINE 4: ...          valor_causa, data_distribuicao, titulo, autor, reu...
                                                             ^

2025-12-18 13:10:31,222 - ERROR - Erro linha 153: column "autor" of relation "processos" does not exist
LINE 4: ...          valor_causa, data_distribuicao, titulo, autor, reu...
                                                             ^

2025-12-18 13:10:32,049 - ERROR - Erro linha 154: column "autor" of relation "processos" does not exist
LINE 4: ...          valor_causa, data_distribuicao, titulo, autor, reu...
                                                             ^

2025-12-18 13:10:32,878 - ERROR - Erro linha 155: column "autor" of relation "processos" does not exist
LINE 4: ...          valor_causa, data_distribuicao, titulo, autor, reu...
                                                             ^

2025-12-18 13:10:33,713 - ERROR - Erro linha 156: column "autor" of relation "processos" does not exist
LINE 4: ...          valor_causa, data_distribuicao, titulo, autor, reu...
                                                             ^

2025-12-18 13:10:34,541 - ERROR - Erro linha 157: column "autor" of relation "processos" does not exist
LINE 4: ...          valor_causa, data_distribuicao, titulo, autor, reu...
                                                             ^

2025-12-18 13:10:35,365 - ERROR - Erro linha 158: column "autor" of relation "processos" does not exist
LINE 4: ...          valor_causa, data_distribuicao, titulo, autor, reu...
                                                             ^

2025-12-18 13:10:36,190 - ERROR - Erro linha 159: column "autor" of relation "processos" does not exist
LINE 4: ...          valor_causa, data_distribuicao, titulo, autor, reu...
                                                             ^

2025-12-18 13:10:37,018 - ERROR - Erro linha 160: column "autor" of relation "processos" does not exist
LINE 4: ...          valor_causa, data_distribuicao, titulo, autor, reu...
                                                             ^

2025-12-18 13:10:37,844 - ERROR - Erro linha 161: column "autor" of relation "processos" does not exist
LINE 4: ...          valor_causa, data_distribuicao, titulo, autor, reu...
                                                             ^

2025-12-18 13:10:38,672 - ERROR - Erro linha 162: column "autor" of relation "processos" does not exist
LINE 4: ...          valor_causa, data_distribuicao, titulo, autor, reu...
                                                             ^

2025-12-18 13:10:39,502 - ERROR - Erro linha 163: column "autor" of relation "processos" does not exist
LINE 4: ...          valor_causa, data_distribuicao, titulo, autor, reu...
                                                             ^

2025-12-18 13:10:40,328 - ERROR - Erro linha 164: column "autor" of relation "processos" does not exist
LINE 4: ...          valor_causa, data_distribuicao, titulo, autor, reu...
                                                             ^

2025-12-18 13:10:41,153 - ERROR - Erro linha 165: column "autor" of relation "processos" does not exist
LINE 4: ...          valor_causa, data_distribuicao, titulo, autor, reu...
                                                             ^

2025-12-18 13:10:41,983 - ERROR - Erro linha 166: column "autor" of relation "processos" does not exist
LINE 4: ...          valor_causa, data_distribuicao, titulo, autor, reu...
                                                             ^

2025-12-18 13:10:42,809 - ERROR - Erro linha 167: column "autor" of relation "processos" does not exist
LINE 4: ...          valor_causa, data_distribuicao, titulo, autor, reu...
                                                             ^

2025-12-18 13:10:43,638 - ERROR - Erro linha 168: column "autor" of relation "processos" does not exist
LINE 4: ...          valor_causa, data_distribuicao, titulo, autor, reu...
                                                             ^

2025-12-18 13:10:44,464 - ERROR - Erro linha 169: column "autor" of relation "processos" does not exist
LINE 4: ...          valor_causa, data_distribuicao, titulo, autor, reu...
                                                             ^

2025-12-18 13:10:45,292 - ERROR - Erro linha 170: column "autor" of relation "processos" does not exist
LINE 4: ...          valor_causa, data_distribuicao, titulo, autor, reu...
                                                             ^

2025-12-18 13:10:46,121 - ERROR - Erro linha 171: column "autor" of relation "processos" does not exist
LINE 4: ...          valor_causa, data_distribuicao, titulo, autor, reu...
                                                             ^

2025-12-18 13:10:46,950 - ERROR - Erro linha 172: column "autor" of relation "processos" does not exist
LINE 4: ...          valor_causa, data_distribuicao, titulo, autor, reu...
                                                             ^

2025-12-18 13:10:47,780 - ERROR - Erro linha 173: column "autor" of relation "processos" does not exist
LINE 4: ...          valor_causa, data_distribuicao, titulo, autor, reu...
                                                             ^

2025-12-18 13:10:48,607 - ERROR - Erro linha 174: column "autor" of relation "processos" does not exist
LINE 4: ...          valor_causa, data_distribuicao, titulo, autor, reu...
                                                             ^

2025-12-18 13:10:49,432 - ERROR - Erro linha 175: column "autor" of relation "processos" does not exist
LINE 4: ...          valor_causa, data_distribuicao, titulo, autor, reu...
                                                             ^

2025-12-18 13:10:50,260 - ERROR - Erro linha 176: column "autor" of relation "processos" does not exist
LINE 4: ...          valor_causa, data_distribuicao, titulo, autor, reu...
                                                             ^

2025-12-18 13:10:51,083 - ERROR - Erro linha 177: column "autor" of relation "processos" does not exist
LINE 4: ...          valor_causa, data_distribuicao, titulo, autor, reu...
                                                             ^

2025-12-18 13:10:51,908 - ERROR - Erro linha 178: column "autor" of relation "processos" does not exist
LINE 4: ...          valor_causa, data_distribuicao, titulo, autor, reu...
                                                             ^

2025-12-18 13:10:52,735 - ERROR - Erro linha 179: column "autor" of relation "processos" does not exist
LINE 4: ...          valor_causa, data_distribuicao, titulo, autor, reu...
                                                             ^

2025-12-18 13:10:53,560 - ERROR - Erro linha 180: column "autor" of relation "processos" does not exist
LINE 4: ...          valor_causa, data_distribuicao, titulo, autor, reu...
                                                             ^

2025-12-18 13:10:54,385 - ERROR - Erro linha 181: column "autor" of relation "processos" does not exist
LINE 4: ...          valor_causa, data_distribuicao, titulo, autor, reu...
                                                             ^

2025-12-18 13:10:55,216 - ERROR - Erro linha 182: column "autor" of relation "processos" does not exist
LINE 4: ...          valor_causa, data_distribuicao, titulo, autor, reu...
                                                             ^

2025-12-18 13:10:56,045 - ERROR - Erro linha 183: column "autor" of relation "processos" does not exist
LINE 4: ...          valor_causa, data_distribuicao, titulo, autor, reu...
                                                             ^

2025-12-18 13:10:56,872 - ERROR - Erro linha 184: column "autor" of relation "processos" does not exist
LINE 4: ...          valor_causa, data_distribuicao, titulo, autor, reu...
                                                             ^

2025-12-18 13:10:57,711 - ERROR - Erro linha 185: column "autor" of relation "processos" does not exist
LINE 4: ...          valor_causa, data_distribuicao, titulo, autor, reu...
                                                             ^

2025-12-18 13:10:58,540 - ERROR - Erro linha 186: column "autor" of relation "processos" does not exist
LINE 4: ...          valor_causa, data_distribuicao, titulo, autor, reu...
                                                             ^

2025-12-18 13:10:59,368 - ERROR - Erro linha 187: column "autor" of relation "processos" does not exist
LINE 4: ...          valor_causa, data_distribuicao, titulo, autor, reu...
                                                             ^

2025-12-18 13:11:00,194 - ERROR - Erro linha 188: column "autor" of relation "processos" does not exist
LINE 4: ...          valor_causa, data_distribuicao, titulo, autor, reu...
                                                             ^

2025-12-18 13:11:01,022 - ERROR - Erro linha 189: column "autor" of relation "processos" does not exist
LINE 4: ...          valor_causa, data_distribuicao, titulo, autor, reu...
                                                             ^

2025-12-18 13:11:01,850 - ERROR - Erro linha 190: column "autor" of relation "processos" does not exist
LINE 4: ...          valor_causa, data_distribuicao, titulo, autor, reu...
                                                             ^

2025-12-18 13:11:02,676 - ERROR - Erro linha 191: column "autor" of relation "processos" does not exist
LINE 4: ...          valor_causa, data_distribuicao, titulo, autor, reu...
                                                             ^

2025-12-18 13:11:03,509 - ERROR - Erro linha 192: column "autor" of relation "processos" does not exist
LINE 4: ...          valor_causa, data_distribuicao, titulo, autor, reu...
                                                             ^

2025-12-18 13:11:04,337 - ERROR - Erro linha 193: column "autor" of relation "processos" does not exist
LINE 4: ...          valor_causa, data_distribuicao, titulo, autor, reu...
                                                             ^

2025-12-18 13:11:05,161 - ERROR - Erro linha 194: column "autor" of relation "processos" does not exist
LINE 4: ...          valor_causa, data_distribuicao, titulo, autor, reu...
                                                             ^

2025-12-18 13:11:05,988 - ERROR - Erro linha 195: column "autor" of relation "processos" does not exist
LINE 4: ...          valor_causa, data_distribuicao, titulo, autor, reu...
                                                             ^

2025-12-18 13:11:06,817 - ERROR - Erro linha 196: column "autor" of relation "processos" does not exist
LINE 4: ...          valor_causa, data_distribuicao, titulo, autor, reu...
                                                             ^

2025-12-18 13:11:07,647 - ERROR - Erro linha 197: column "autor" of relation "processos" does not exist
LINE 4: ...          valor_causa, data_distribuicao, titulo, autor, reu...
                                                             ^

2025-12-18 13:11:08,474 - ERROR - Erro linha 198: column "autor" of relation "processos" does not exist
LINE 4: ...          valor_causa, data_distribuicao, titulo, autor, reu...
                                                             ^

2025-12-18 13:11:09,297 - ERROR - Erro linha 199: column "autor" of relation "processos" does not exist
LINE 4: ...          valor_causa, data_distribuicao, titulo, autor, reu...
                                                             ^

2025-12-18 13:11:10,125 - ERROR - Erro linha 200: column "autor" of relation "processos" does not exist
LINE 4: ...          valor_causa, data_distribuicao, titulo, autor, reu...
                                                             ^

2025-12-18 13:11:10,951 - ERROR - Erro linha 201: column "autor" of relation "processos" does not exist
LINE 4: ...          valor_causa, data_distribuicao, titulo, autor, reu...
                                                             ^

2025-12-18 13:11:11,778 - ERROR - Erro linha 202: column "autor" of relation "processos" does not exist
LINE 4: ...          valor_causa, data_distribuicao, titulo, autor, reu...
                                                             ^

2025-12-18 13:11:12,603 - ERROR - Erro linha 203: column "autor" of relation "processos" does not exist
LINE 4: ...          valor_causa, data_distribuicao, titulo, autor, reu...
                                                             ^

2025-12-18 13:11:13,431 - ERROR - Erro linha 204: column "autor" of relation "processos" does not exist
LINE 4: ...          valor_causa, data_distribuicao, titulo, autor, reu...
                                                             ^

2025-12-18 13:11:14,258 - ERROR - Erro linha 205: column "autor" of relation "processos" does not exist
LINE 4: ...          valor_causa, data_distribuicao, titulo, autor, reu...
                                                             ^

2025-12-18 13:11:15,084 - ERROR - Erro linha 206: column "autor" of relation "processos" does not exist
LINE 4: ...          valor_causa, data_distribuicao, titulo, autor, reu...
                                                             ^

2025-12-18 13:11:15,908 - ERROR - Erro linha 207: column "autor" of relation "processos" does not exist
LINE 4: ...          valor_causa, data_distribuicao, titulo, autor, reu...
                                                             ^

2025-12-18 13:11:16,734 - ERROR - Erro linha 208: column "autor" of relation "processos" does not exist
LINE 4: ...          valor_causa, data_distribuicao, titulo, autor, reu...
                                                             ^

2025-12-18 13:11:17,558 - ERROR - Erro linha 209: column "autor" of relation "processos" does not exist
LINE 4: ...          valor_causa, data_distribuicao, titulo, autor, reu...
                                                             ^

2025-12-18 13:11:18,398 - ERROR - Erro linha 210: column "autor" of relation "processos" does not exist
LINE 4: ...          valor_causa, data_distribuicao, titulo, autor, reu...
                                                             ^

2025-12-18 13:11:19,225 - ERROR - Erro linha 211: column "autor" of relation "processos" does not exist
LINE 4: ...          valor_causa, data_distribuicao, titulo, autor, reu...
                                                             ^

2025-12-18 13:11:20,054 - ERROR - Erro linha 212: column "autor" of relation "processos" does not exist
LINE 4: ...          valor_causa, data_distribuicao, titulo, autor, reu...
                                                             ^

2025-12-18 13:11:20,880 - ERROR - Erro linha 213: column "autor" of relation "processos" does not exist
LINE 4: ...          valor_causa, data_distribuicao, titulo, autor, reu...
                                                             ^

2025-12-18 13:11:21,707 - ERROR - Erro linha 214: column "autor" of relation "processos" does not exist
LINE 4: ...          valor_causa, data_distribuicao, titulo, autor, reu...
                                                             ^

2025-12-18 13:11:22,534 - ERROR - Erro linha 215: column "autor" of relation "processos" does not exist
LINE 4: ...          valor_causa, data_distribuicao, titulo, autor, reu...
                                                             ^

2025-12-18 13:11:23,361 - ERROR - Erro linha 216: column "autor" of relation "processos" does not exist
LINE 4: ...          valor_causa, data_distribuicao, titulo, autor, reu...
                                                             ^

2025-12-18 13:11:24,189 - ERROR - Erro linha 217: column "autor" of relation "processos" does not exist
LINE 4: ...          valor_causa, data_distribuicao, titulo, autor, reu...
                                                             ^

2025-12-18 13:11:25,016 - ERROR - Erro linha 218: column "autor" of relation "processos" does not exist
LINE 4: ...          valor_causa, data_distribuicao, titulo, autor, reu...
                                                             ^

2025-12-18 13:11:25,843 - ERROR - Erro linha 219: column "autor" of relation "processos" does not exist
LINE 4: ...          valor_causa, data_distribuicao, titulo, autor, reu...
                                                             ^

2025-12-18 13:11:26,672 - ERROR - Erro linha 220: column "autor" of relation "processos" does not exist
LINE 4: ...          valor_causa, data_distribuicao, titulo, autor, reu...
                                                             ^

2025-12-18 13:11:27,502 - ERROR - Erro linha 221: column "autor" of relation "processos" does not exist
LINE 4: ...          valor_causa, data_distribuicao, titulo, autor, reu...
                                                             ^

2025-12-18 13:11:28,334 - ERROR - Erro linha 222: column "autor" of relation "processos" does not exist
LINE 4: ...          valor_causa, data_distribuicao, titulo, autor, reu...
                                                             ^

2025-12-18 13:11:29,168 - ERROR - Erro linha 223: column "autor" of relation "processos" does not exist
LINE 4: ...          valor_causa, data_distribuicao, titulo, autor, reu...
                                                             ^

2025-12-18 13:11:29,996 - ERROR - Erro linha 224: column "autor" of relation "processos" does not exist
LINE 4: ...          valor_causa, data_distribuicao, titulo, autor, reu...
                                                             ^

2025-12-18 13:11:30,822 - ERROR - Erro linha 225: column "autor" of relation "processos" does not exist
LINE 4: ...          valor_causa, data_distribuicao, titulo, autor, reu...
                                                             ^

2025-12-18 13:11:31,650 - ERROR - Erro linha 226: column "autor" of relation "processos" does not exist
LINE 4: ...          valor_causa, data_distribuicao, titulo, autor, reu...
                                                             ^

2025-12-18 13:11:32,483 - ERROR - Erro linha 227: column "autor" of relation "processos" does not exist
LINE 4: ...          valor_causa, data_distribuicao, titulo, autor, reu...
                                                             ^

2025-12-18 13:11:33,308 - ERROR - Erro linha 228: column "autor" of relation "processos" does not exist
LINE 4: ...          valor_causa, data_distribuicao, titulo, autor, reu...
                                                             ^

2025-12-18 13:11:34,167 - ERROR - Erro linha 229: column "autor" of relation "processos" does not exist
LINE 4: ...          valor_causa, data_distribuicao, titulo, autor, reu...
                                                             ^

2025-12-18 13:11:34,996 - ERROR - Erro linha 230: column "autor" of relation "processos" does not exist
LINE 4: ...          valor_causa, data_distribuicao, titulo, autor, reu...
                                                             ^

2025-12-18 13:11:35,824 - ERROR - Erro linha 231: column "autor" of relation "processos" does not exist
LINE 4: ...          valor_causa, data_distribuicao, titulo, autor, reu...
                                                             ^

2025-12-18 13:11:36,649 - ERROR - Erro linha 232: column "autor" of relation "processos" does not exist
LINE 4: ...          valor_causa, data_distribuicao, titulo, autor, reu...
                                                             ^

2025-12-18 13:11:37,479 - ERROR - Erro linha 233: column "autor" of relation "processos" does not exist
LINE 4: ...          valor_causa, data_distribuicao, titulo, autor, reu...
                                                             ^

2025-12-18 13:11:38,313 - ERROR - Erro linha 234: column "autor" of relation "processos" does not exist
LINE 4: ...          valor_causa, data_distribuicao, titulo, autor, reu...
                                                             ^

2025-12-18 13:11:39,145 - ERROR - Erro linha 235: column "autor" of relation "processos" does not exist
LINE 4: ...          valor_causa, data_distribuicao, titulo, autor, reu...
                                                             ^

2025-12-18 13:11:39,978 - ERROR - Erro linha 236: column "autor" of relation "processos" does not exist
LINE 4: ...          valor_causa, data_distribuicao, titulo, autor, reu...
                                                             ^

2025-12-18 13:11:40,809 - ERROR - Erro linha 237: column "autor" of relation "processos" does not exist
LINE 4: ...          valor_causa, data_distribuicao, titulo, autor, reu...
                                                             ^

2025-12-18 13:11:41,638 - ERROR - Erro linha 238: column "autor" of relation "processos" does not exist
LINE 4: ...          valor_causa, data_distribuicao, titulo, autor, reu...
                                                             ^

2025-12-18 13:11:42,467 - ERROR - Erro linha 239: column "autor" of relation "processos" does not exist
LINE 4: ...          valor_causa, data_distribuicao, titulo, autor, reu...
                                                             ^

2025-12-18 13:11:43,302 - ERROR - Erro linha 240: column "autor" of relation "processos" does not exist
LINE 4: ...          valor_causa, data_distribuicao, titulo, autor, reu...
                                                             ^

2025-12-18 13:11:44,130 - ERROR - Erro linha 241: column "autor" of relation "processos" does not exist
LINE 4: ...          valor_causa, data_distribuicao, titulo, autor, reu...
                                                             ^

2025-12-18 13:11:44,955 - ERROR - Erro linha 242: column "autor" of relation "processos" does not exist
LINE 4: ...          valor_causa, data_distribuicao, titulo, autor, reu...
                                                             ^

2025-12-18 13:11:45,781 - ERROR - Erro linha 243: column "autor" of relation "processos" does not exist
LINE 4: ...          valor_causa, data_distribuicao, titulo, autor, reu...
                                                             ^

2025-12-18 13:11:46,605 - ERROR - Erro linha 244: column "autor" of relation "processos" does not exist
LINE 4: ...          valor_causa, data_distribuicao, titulo, autor, reu...
                                                             ^

2025-12-18 13:11:47,429 - ERROR - Erro linha 245: column "autor" of relation "processos" does not exist
LINE 4: ...          valor_causa, data_distribuicao, titulo, autor, reu...
                                                             ^

2025-12-18 13:11:48,263 - ERROR - Erro linha 246: column "autor" of relation "processos" does not exist
LINE 4: ...          valor_causa, data_distribuicao, titulo, autor, reu...
                                                             ^

2025-12-18 13:11:49,088 - ERROR - Erro linha 247: column "autor" of relation "processos" does not exist
LINE 4: ...          valor_causa, data_distribuicao, titulo, autor, reu...
                                                             ^

2025-12-18 13:11:49,916 - ERROR - Erro linha 248: column "autor" of relation "processos" does not exist
LINE 4: ...          valor_causa, data_distribuicao, titulo, autor, reu...
                                                             ^

2025-12-18 13:11:50,742 - ERROR - Erro linha 249: column "autor" of relation "processos" does not exist
LINE 4: ...          valor_causa, data_distribuicao, titulo, autor, reu...
                                                             ^

2025-12-18 13:11:51,568 - ERROR - Erro linha 250: column "autor" of relation "processos" does not exist
LINE 4: ...          valor_causa, data_distribuicao, titulo, autor, reu...
                                                             ^

2025-12-18 13:11:52,398 - ERROR - Erro linha 251: column "autor" of relation "processos" does not exist
LINE 4: ...          valor_causa, data_distribuicao, titulo, autor, reu...
                                                             ^

2025-12-18 13:11:53,224 - ERROR - Erro linha 252: column "autor" of relation "processos" does not exist
LINE 4: ...          valor_causa, data_distribuicao, titulo, autor, reu...
                                                             ^

2025-12-18 13:11:54,048 - ERROR - Erro linha 253: column "autor" of relation "processos" does not exist
LINE 4: ...          valor_causa, data_distribuicao, titulo, autor, reu...
                                                             ^

2025-12-18 13:11:54,875 - ERROR - Erro linha 254: column "autor" of relation "processos" does not exist
LINE 4: ...          valor_causa, data_distribuicao, titulo, autor, reu...
                                                             ^

2025-12-18 13:11:55,698 - ERROR - Erro linha 255: column "autor" of relation "processos" does not exist
LINE 4: ...          valor_causa, data_distribuicao, titulo, autor, reu...
                                                             ^

2025-12-18 13:11:56,522 - ERROR - Erro linha 256: column "autor" of relation "processos" does not exist
LINE 4: ...          valor_causa, data_distribuicao, titulo, autor, reu...
                                                             ^

2025-12-18 13:11:57,350 - ERROR - Erro linha 257: column "autor" of relation "processos" does not exist
LINE 4: ...          valor_causa, data_distribuicao, titulo, autor, reu...
                                                             ^

2025-12-18 13:11:58,183 - ERROR - Erro linha 258: column "autor" of relation "processos" does not exist
LINE 4: ...          valor_causa, data_distribuicao, titulo, autor, reu...
                                                             ^

2025-12-18 13:11:59,013 - ERROR - Erro linha 259: column "autor" of relation "processos" does not exist
LINE 4: ...          valor_causa, data_distribuicao, titulo, autor, reu...
                                                             ^

2025-12-18 13:11:59,842 - ERROR - Erro linha 260: column "autor" of relation "processos" does not exist
LINE 4: ...          valor_causa, data_distribuicao, titulo, autor, reu...
                                                             ^

2025-12-18 13:12:00,672 - ERROR - Erro linha 261: column "autor" of relation "processos" does not exist
LINE 4: ...          valor_causa, data_distribuicao, titulo, autor, reu...
                                                             ^

2025-12-18 13:12:01,499 - ERROR - Erro linha 262: column "autor" of relation "processos" does not exist
LINE 4: ...          valor_causa, data_distribuicao, titulo, autor, reu...
                                                             ^

2025-12-18 13:12:02,334 - ERROR - Erro linha 263: column "autor" of relation "processos" does not exist
LINE 4: ...          valor_causa, data_distribuicao, titulo, autor, reu...
                                                             ^

2025-12-18 13:12:03,156 - ERROR - Erro linha 264: column "autor" of relation "processos" does not exist
LINE 4: ...          valor_causa, data_distribuicao, titulo, autor, reu...
                                                             ^

2025-12-18 13:12:03,990 - ERROR - Erro linha 265: column "autor" of relation "processos" does not exist
LINE 4: ...          valor_causa, data_distribuicao, titulo, autor, reu...
                                                             ^

2025-12-18 13:12:04,816 - ERROR - Erro linha 266: column "autor" of relation "processos" does not exist
LINE 4: ...          valor_causa, data_distribuicao, titulo, autor, reu...
                                                             ^

2025-12-18 13:12:05,647 - ERROR - Erro linha 267: column "autor" of relation "processos" does not exist
LINE 4: ...          valor_causa, data_distribuicao, titulo, autor, reu...
                                                             ^

2025-12-18 13:12:06,476 - ERROR - Erro linha 268: column "autor" of relation "processos" does not exist
LINE 4: ...          valor_causa, data_distribuicao, titulo, autor, reu...
                                                             ^

2025-12-18 13:12:07,305 - ERROR - Erro linha 269: column "autor" of relation "processos" does not exist
LINE 4: ...          valor_causa, data_distribuicao, titulo, autor, reu...
                                                             ^

2025-12-18 13:12:08,130 - ERROR - Erro linha 270: column "autor" of relation "processos" does not exist
LINE 4: ...          valor_causa, data_distribuicao, titulo, autor, reu...
                                                             ^

2025-12-18 13:12:08,957 - ERROR - Erro linha 271: column "autor" of relation "processos" does not exist
LINE 4: ...          valor_causa, data_distribuicao, titulo, autor, reu...
                                                             ^

2025-12-18 13:12:09,785 - ERROR - Erro linha 272: column "autor" of relation "processos" does not exist
LINE 4: ...          valor_causa, data_distribuicao, titulo, autor, reu...
                                                             ^

2025-12-18 13:12:10,610 - ERROR - Erro linha 273: column "autor" of relation "processos" does not exist
LINE 4: ...          valor_causa, data_distribuicao, titulo, autor, reu...
                                                             ^

2025-12-18 13:12:11,439 - ERROR - Erro linha 274: column "autor" of relation "processos" does not exist
LINE 4: ...          valor_causa, data_distribuicao, titulo, autor, reu...
                                                             ^

2025-12-18 13:12:12,266 - ERROR - Erro linha 275: column "autor" of relation "processos" does not exist
LINE 4: ...          valor_causa, data_distribuicao, titulo, autor, reu...
                                                             ^

2025-12-18 13:12:13,089 - ERROR - Erro linha 276: column "autor" of relation "processos" does not exist
LINE 4: ...          valor_causa, data_distribuicao, titulo, autor, reu...
                                                             ^

2025-12-18 13:12:13,918 - ERROR - Erro linha 277: column "autor" of relation "processos" does not exist
LINE 4: ...          valor_causa, data_distribuicao, titulo, autor, reu...
                                                             ^

2025-12-18 13:12:14,747 - ERROR - Erro linha 278: column "autor" of relation "processos" does not exist
LINE 4: ...          valor_causa, data_distribuicao, titulo, autor, reu...
                                                             ^

2025-12-18 13:12:15,573 - ERROR - Erro linha 279: column "autor" of relation "processos" does not exist
LINE 4: ...          valor_causa, data_distribuicao, titulo, autor, reu...
                                                             ^

2025-12-18 13:12:16,403 - ERROR - Erro linha 280: column "autor" of relation "processos" does not exist
LINE 4: ...          valor_causa, data_distribuicao, titulo, autor, reu...
                                                             ^

2025-12-18 13:12:17,231 - ERROR - Erro linha 281: column "autor" of relation "processos" does not exist
LINE 4: ...          valor_causa, data_distribuicao, titulo, autor, reu...
                                                             ^

2025-12-18 13:12:18,055 - ERROR - Erro linha 282: column "autor" of relation "processos" does not exist
LINE 4: ...          valor_causa, data_distribuicao, titulo, autor, reu...
                                                             ^

2025-12-18 13:12:18,880 - ERROR - Erro linha 283: column "autor" of relation "processos" does not exist
LINE 4: ...          valor_causa, data_distribuicao, titulo, autor, reu...
                                                             ^

2025-12-18 13:12:19,709 - ERROR - Erro linha 284: column "autor" of relation "processos" does not exist
LINE 4: ...          valor_causa, data_distribuicao, titulo, autor, reu...
                                                             ^

2025-12-18 13:12:20,535 - ERROR - Erro linha 285: column "autor" of relation "processos" does not exist
LINE 4: ...          valor_causa, data_distribuicao, titulo, autor, reu...
                                                             ^

2025-12-18 13:12:21,365 - ERROR - Erro linha 286: column "autor" of relation "processos" does not exist
LINE 4: ...          valor_causa, data_distribuicao, titulo, autor, reu...
                                                             ^

2025-12-18 13:12:22,189 - ERROR - Erro linha 287: column "autor" of relation "processos" does not exist
LINE 4: ...          valor_causa, data_distribuicao, titulo, autor, reu...
                                                             ^

2025-12-18 13:12:23,016 - ERROR - Erro linha 288: column "autor" of relation "processos" does not exist
LINE 4: ...          valor_causa, data_distribuicao, titulo, autor, reu...
                                                             ^

2025-12-18 13:12:23,839 - ERROR - Erro linha 289: column "autor" of relation "processos" does not exist
LINE 4: ...          valor_causa, data_distribuicao, titulo, autor, reu...
                                                             ^

2025-12-18 13:12:24,666 - ERROR - Erro linha 290: column "autor" of relation "processos" does not exist
LINE 4: ...          valor_causa, data_distribuicao, titulo, autor, reu...
                                                             ^

2025-12-18 13:12:25,494 - ERROR - Erro linha 291: column "autor" of relation "processos" does not exist
LINE 4: ...          valor_causa, data_distribuicao, titulo, autor, reu...
                                                             ^

2025-12-18 13:12:26,320 - ERROR - Erro linha 292: column "autor" of relation "processos" does not exist
LINE 4: ...          valor_causa, data_distribuicao, titulo, autor, reu...
                                                             ^

2025-12-18 13:12:27,159 - ERROR - Erro linha 293: column "autor" of relation "processos" does not exist
LINE 4: ...          valor_causa, data_distribuicao, titulo, autor, reu...
                                                             ^

2025-12-18 13:12:27,988 - ERROR - Erro linha 294: column "autor" of relation "processos" does not exist
LINE 4: ...          valor_causa, data_distribuicao, titulo, autor, reu...
                                                             ^

2025-12-18 13:12:28,813 - ERROR - Erro linha 295: column "autor" of relation "processos" does not exist
LINE 4: ...          valor_causa, data_distribuicao, titulo, autor, reu...
                                                             ^

2025-12-18 13:12:29,639 - ERROR - Erro linha 296: column "autor" of relation "processos" does not exist
LINE 4: ...          valor_causa, data_distribuicao, titulo, autor, reu...
                                                             ^

2025-12-18 13:12:30,463 - ERROR - Erro linha 297: column "autor" of relation "processos" does not exist
LINE 4: ...          valor_causa, data_distribuicao, titulo, autor, reu...
                                                             ^

2025-12-18 13:12:31,288 - ERROR - Erro linha 298: column "autor" of relation "processos" does not exist
LINE 4: ...          valor_causa, data_distribuicao, titulo, autor, reu...
                                                             ^

2025-12-18 13:12:32,118 - ERROR - Erro linha 299: column "autor" of relation "processos" does not exist
LINE 4: ...          valor_causa, data_distribuicao, titulo, autor, reu...
                                                             ^

2025-12-18 13:12:32,944 - ERROR - Erro linha 300: column "autor" of relation "processos" does not exist
LINE 4: ...          valor_causa, data_distribuicao, titulo, autor, reu...
                                                             ^

2025-12-18 13:12:33,769 - ERROR - Erro linha 301: column "autor" of relation "processos" does not exist
LINE 4: ...          valor_causa, data_distribuicao, titulo, autor, reu...
                                                             ^

2025-12-18 13:12:34,600 - ERROR - Erro linha 302: column "autor" of relation "processos" does not exist
LINE 4: ...          valor_causa, data_distribuicao, titulo, autor, reu...
                                                             ^

2025-12-18 13:12:35,430 - ERROR - Erro linha 303: column "autor" of relation "processos" does not exist
LINE 4: ...          valor_causa, data_distribuicao, titulo, autor, reu...
                                                             ^

2025-12-18 13:12:36,258 - ERROR - Erro linha 304: column "autor" of relation "processos" does not exist
LINE 4: ...          valor_causa, data_distribuicao, titulo, autor, reu...
                                                             ^

2025-12-18 13:12:37,083 - ERROR - Erro linha 305: column "autor" of relation "processos" does not exist
LINE 4: ...          valor_causa, data_distribuicao, titulo, autor, reu...
                                                             ^

2025-12-18 13:12:37,911 - ERROR - Erro linha 306: column "autor" of relation "processos" does not exist
LINE 4: ...          valor_causa, data_distribuicao, titulo, autor, reu...
                                                             ^

2025-12-18 13:12:38,740 - ERROR - Erro linha 307: column "autor" of relation "processos" does not exist
LINE 4: ...          valor_causa, data_distribuicao, titulo, autor, reu...
                                                             ^

2025-12-18 13:12:39,566 - ERROR - Erro linha 308: column "autor" of relation "processos" does not exist
LINE 4: ...          valor_causa, data_distribuicao, titulo, autor, reu...
                                                             ^

2025-12-18 13:12:40,394 - ERROR - Erro linha 309: column "autor" of relation "processos" does not exist
LINE 4: ...          valor_causa, data_distribuicao, titulo, autor, reu...
                                                             ^

2025-12-18 13:12:41,218 - ERROR - Erro linha 310: column "autor" of relation "processos" does not exist
LINE 4: ...          valor_causa, data_distribuicao, titulo, autor, reu...
                                                             ^

2025-12-18 13:12:42,049 - ERROR - Erro linha 311: column "autor" of relation "processos" does not exist
LINE 4: ...          valor_causa, data_distribuicao, titulo, autor, reu...
                                                             ^

2025-12-18 13:12:42,879 - ERROR - Erro linha 312: column "autor" of relation "processos" does not exist
LINE 4: ...          valor_causa, data_distribuicao, titulo, autor, reu...
                                                             ^

2025-12-18 13:12:43,706 - ERROR - Erro linha 313: column "autor" of relation "processos" does not exist
LINE 4: ...          valor_causa, data_distribuicao, titulo, autor, reu...
                                                             ^

2025-12-18 13:12:44,533 - ERROR - Erro linha 314: column "autor" of relation "processos" does not exist
LINE 4: ...          valor_causa, data_distribuicao, titulo, autor, reu...
                                                             ^

2025-12-18 13:12:45,365 - ERROR - Erro linha 315: column "autor" of relation "processos" does not exist
LINE 4: ...          valor_causa, data_distribuicao, titulo, autor, reu...
                                                             ^

2025-12-18 13:12:46,192 - ERROR - Erro linha 316: column "autor" of relation "processos" does not exist
LINE 4: ...          valor_causa, data_distribuicao, titulo, autor, reu...
                                                             ^

2025-12-18 13:12:47,019 - ERROR - Erro linha 317: column "autor" of relation "processos" does not exist
LINE 4: ...          valor_causa, data_distribuicao, titulo, autor, reu...
                                                             ^

2025-12-18 13:12:47,847 - ERROR - Erro linha 318: column "autor" of relation "processos" does not exist
LINE 4: ...          valor_causa, data_distribuicao, titulo, autor, reu...
                                                             ^

2025-12-18 13:12:48,674 - ERROR - Erro linha 319: column "autor" of relation "processos" does not exist
LINE 4: ...          valor_causa, data_distribuicao, titulo, autor, reu...
                                                             ^

2025-12-18 13:12:49,503 - ERROR - Erro linha 320: column "autor" of relation "processos" does not exist
LINE 4: ...          valor_causa, data_distribuicao, titulo, autor, reu...
                                                             ^

2025-12-18 13:12:50,330 - ERROR - Erro linha 321: column "autor" of relation "processos" does not exist
LINE 4: ...          valor_causa, data_distribuicao, titulo, autor, reu...
                                                             ^

2025-12-18 13:12:51,155 - ERROR - Erro linha 322: column "autor" of relation "processos" does not exist
LINE 4: ...          valor_causa, data_distribuicao, titulo, autor, reu...
                                                             ^

2025-12-18 13:12:51,985 - ERROR - Erro linha 323: column "autor" of relation "processos" does not exist
LINE 4: ...          valor_causa, data_distribuicao, titulo, autor, reu...
                                                             ^

2025-12-18 13:12:52,827 - ERROR - Erro linha 324: column "autor" of relation "processos" does not exist
LINE 4: ...          valor_causa, data_distribuicao, titulo, autor, reu...
                                                             ^

2025-12-18 13:12:53,662 - ERROR - Erro linha 325: column "autor" of relation "processos" does not exist
LINE 4: ...          valor_causa, data_distribuicao, titulo, autor, reu...
                                                             ^

2025-12-18 13:12:54,489 - ERROR - Erro linha 326: column "autor" of relation "processos" does not exist
LINE 4: ...          valor_causa, data_distribuicao, titulo, autor, reu...
                                                             ^

2025-12-18 13:12:55,317 - ERROR - Erro linha 327: column "autor" of relation "processos" does not exist
LINE 4: ...          valor_causa, data_distribuicao, titulo, autor, reu...
                                                             ^

2025-12-18 13:12:56,145 - ERROR - Erro linha 328: column "autor" of relation "processos" does not exist
LINE 4: ...          valor_causa, data_distribuicao, titulo, autor, reu...
                                                             ^

2025-12-18 13:12:56,972 - ERROR - Erro linha 329: column "autor" of relation "processos" does not exist
LINE 4: ...          valor_causa, data_distribuicao, titulo, autor, reu...
                                                             ^

2025-12-18 13:12:57,799 - ERROR - Erro linha 330: column "autor" of relation "processos" does not exist
LINE 4: ...          valor_causa, data_distribuicao, titulo, autor, reu...
                                                             ^

2025-12-18 13:12:58,630 - ERROR - Erro linha 331: column "autor" of relation "processos" does not exist
LINE 4: ...          valor_causa, data_distribuicao, titulo, autor, reu...
                                                             ^

2025-12-18 13:12:59,458 - ERROR - Erro linha 332: column "autor" of relation "processos" does not exist
LINE 4: ...          valor_causa, data_distribuicao, titulo, autor, reu...
                                                             ^

2025-12-18 13:13:00,285 - ERROR - Erro linha 333: column "autor" of relation "processos" does not exist
LINE 4: ...          valor_causa, data_distribuicao, titulo, autor, reu...
                                                             ^

2025-12-18 13:13:01,115 - ERROR - Erro linha 334: column "autor" of relation "processos" does not exist
LINE 4: ...          valor_causa, data_distribuicao, titulo, autor, reu...
                                                             ^

2025-12-18 13:13:01,949 - ERROR - Erro linha 335: column "autor" of relation "processos" does not exist
LINE 4: ...          valor_causa, data_distribuicao, titulo, autor, reu...
                                                             ^

2025-12-18 13:13:02,773 - ERROR - Erro linha 336: column "autor" of relation "processos" does not exist
LINE 4: ...          valor_causa, data_distribuicao, titulo, autor, reu...
                                                             ^

2025-12-18 13:13:03,601 - ERROR - Erro linha 337: column "autor" of relation "processos" does not exist
LINE 4: ...          valor_causa, data_distribuicao, titulo, autor, reu...
                                                             ^

2025-12-18 13:13:04,430 - ERROR - Erro linha 338: column "autor" of relation "processos" does not exist
LINE 4: ...          valor_causa, data_distribuicao, titulo, autor, reu...
                                                             ^

2025-12-18 13:13:05,258 - ERROR - Erro linha 339: column "autor" of relation "processos" does not exist
LINE 4: ...          valor_causa, data_distribuicao, titulo, autor, reu...
                                                             ^

2025-12-18 13:13:06,084 - ERROR - Erro linha 340: column "autor" of relation "processos" does not exist
LINE 4: ...          valor_causa, data_distribuicao, titulo, autor, reu...
                                                             ^

2025-12-18 13:13:06,909 - ERROR - Erro linha 341: column "autor" of relation "processos" does not exist
LINE 4: ...          valor_causa, data_distribuicao, titulo, autor, reu...
                                                             ^

2025-12-18 13:13:07,738 - ERROR - Erro linha 342: column "autor" of relation "processos" does not exist
LINE 4: ...          valor_causa, data_distribuicao, titulo, autor, reu...
                                                             ^

2025-12-18 13:13:08,564 - ERROR - Erro linha 343: column "autor" of relation "processos" does not exist
LINE 4: ...          valor_causa, data_distribuicao, titulo, autor, reu...
                                                             ^

2025-12-18 13:13:09,397 - ERROR - Erro linha 344: column "autor" of relation "processos" does not exist
LINE 4: ...          valor_causa, data_distribuicao, titulo, autor, reu...
                                                             ^

2025-12-18 13:13:10,225 - ERROR - Erro linha 345: column "autor" of relation "processos" does not exist
LINE 4: ...          valor_causa, data_distribuicao, titulo, autor, reu...
                                                             ^

2025-12-18 13:13:11,049 - ERROR - Erro linha 346: column "autor" of relation "processos" does not exist
LINE 4: ...          valor_causa, data_distribuicao, titulo, autor, reu...
                                                             ^

2025-12-18 13:13:11,876 - ERROR - Erro linha 347: column "autor" of relation "processos" does not exist
LINE 4: ...          valor_causa, data_distribuicao, titulo, autor, reu...
                                                             ^

2025-12-18 13:13:12,701 - ERROR - Erro linha 348: column "autor" of relation "processos" does not exist
LINE 4: ...          valor_causa, data_distribuicao, titulo, autor, reu...
                                                             ^

2025-12-18 13:13:13,526 - ERROR - Erro linha 349: column "autor" of relation "processos" does not exist
LINE 4: ...          valor_causa, data_distribuicao, titulo, autor, reu...
                                                             ^

2025-12-18 13:13:14,352 - ERROR - Erro linha 350: column "autor" of relation "processos" does not exist
LINE 4: ...          valor_causa, data_distribuicao, titulo, autor, reu...
                                                             ^

2025-12-18 13:13:15,177 - ERROR - Erro linha 351: column "autor" of relation "processos" does not exist
LINE 4: ...          valor_causa, data_distribuicao, titulo, autor, reu...
                                                             ^

2025-12-18 13:13:16,007 - ERROR - Erro linha 352: column "autor" of relation "processos" does not exist
LINE 4: ...          valor_causa, data_distribuicao, titulo, autor, reu...
                                                             ^

2025-12-18 13:13:16,835 - ERROR - Erro linha 353: column "autor" of relation "processos" does not exist
LINE 4: ...          valor_causa, data_distribuicao, titulo, autor, reu...
                                                             ^

2025-12-18 13:13:17,663 - ERROR - Erro linha 354: column "autor" of relation "processos" does not exist
LINE 4: ...          valor_causa, data_distribuicao, titulo, autor, reu...
                                                             ^

2025-12-18 13:13:18,488 - ERROR - Erro linha 355: column "autor" of relation "processos" does not exist
LINE 4: ...          valor_causa, data_distribuicao, titulo, autor, reu...
                                                             ^

2025-12-18 13:13:19,318 - ERROR - Erro linha 356: column "autor" of relation "processos" does not exist
LINE 4: ...          valor_causa, data_distribuicao, titulo, autor, reu...
                                                             ^

2025-12-18 13:13:20,149 - ERROR - Erro linha 357: column "autor" of relation "processos" does not exist
LINE 4: ...          valor_causa, data_distribuicao, titulo, autor, reu...
                                                             ^

2025-12-18 13:13:20,974 - ERROR - Erro linha 358: column "autor" of relation "processos" does not exist
LINE 4: ...          valor_causa, data_distribuicao, titulo, autor, reu...
                                                             ^

2025-12-18 13:13:21,809 - ERROR - Erro linha 359: column "autor" of relation "processos" does not exist
LINE 4: ...          valor_causa, data_distribuicao, titulo, autor, reu...
                                                             ^

2025-12-18 13:13:22,640 - ERROR - Erro linha 360: column "autor" of relation "processos" does not exist
LINE 4: ...          valor_causa, data_distribuicao, titulo, autor, reu...
                                                             ^

2025-12-18 13:13:23,466 - ERROR - Erro linha 361: column "autor" of relation "processos" does not exist
LINE 4: ...          valor_causa, data_distribuicao, titulo, autor, reu...
                                                             ^

2025-12-18 13:13:24,291 - ERROR - Erro linha 362: column "autor" of relation "processos" does not exist
LINE 4: ...          valor_causa, data_distribuicao, titulo, autor, reu...
                                                             ^

2025-12-18 13:13:25,116 - ERROR - Erro linha 363: column "autor" of relation "processos" does not exist
LINE 4: ...          valor_causa, data_distribuicao, titulo, autor, reu...
                                                             ^

2025-12-18 13:13:25,941 - ERROR - Erro linha 364: column "autor" of relation "processos" does not exist
LINE 4: ...          valor_causa, data_distribuicao, titulo, autor, reu...
                                                             ^

2025-12-18 13:13:26,767 - ERROR - Erro linha 365: column "autor" of relation "processos" does not exist
LINE 4: ...          valor_causa, data_distribuicao, titulo, autor, reu...
                                                             ^

2025-12-18 13:13:27,595 - ERROR - Erro linha 366: column "autor" of relation "processos" does not exist
LINE 4: ...          valor_causa, data_distribuicao, titulo, autor, reu...
                                                             ^

2025-12-18 13:13:28,426 - ERROR - Erro linha 367: column "autor" of relation "processos" does not exist
LINE 4: ...          valor_causa, data_distribuicao, titulo, autor, reu...
                                                             ^

2025-12-18 13:13:29,251 - ERROR - Erro linha 368: column "autor" of relation "processos" does not exist
LINE 4: ...          valor_causa, data_distribuicao, titulo, autor, reu...
                                                             ^

2025-12-18 13:13:30,076 - ERROR - Erro linha 369: column "autor" of relation "processos" does not exist
LINE 4: ...          valor_causa, data_distribuicao, titulo, autor, reu...
                                                             ^

2025-12-18 13:13:30,906 - ERROR - Erro linha 370: column "autor" of relation "processos" does not exist
LINE 4: ...          valor_causa, data_distribuicao, titulo, autor, reu...
                                                             ^

2025-12-18 13:13:31,732 - ERROR - Erro linha 371: column "autor" of relation "processos" does not exist
LINE 4: ...          valor_causa, data_distribuicao, titulo, autor, reu...
                                                             ^

2025-12-18 13:13:32,555 - ERROR - Erro linha 372: column "autor" of relation "processos" does not exist
LINE 4: ...          valor_causa, data_distribuicao, titulo, autor, reu...
                                                             ^

2025-12-18 13:13:33,381 - ERROR - Erro linha 373: column "autor" of relation "processos" does not exist
LINE 4: ...          valor_causa, data_distribuicao, titulo, autor, reu...
                                                             ^

2025-12-18 13:13:34,208 - ERROR - Erro linha 374: column "autor" of relation "processos" does not exist
LINE 4: ...          valor_causa, data_distribuicao, titulo, autor, reu...
                                                             ^

2025-12-18 13:13:35,032 - ERROR - Erro linha 375: column "autor" of relation "processos" does not exist
LINE 4: ...          valor_causa, data_distribuicao, titulo, autor, reu...
                                                             ^

2025-12-18 13:13:35,858 - ERROR - Erro linha 376: column "autor" of relation "processos" does not exist
LINE 4: ...          valor_causa, data_distribuicao, titulo, autor, reu...
                                                             ^

2025-12-18 13:13:36,685 - ERROR - Erro linha 377: column "autor" of relation "processos" does not exist
LINE 4: ...          valor_causa, data_distribuicao, titulo, autor, reu...
                                                             ^

2025-12-18 13:13:37,508 - ERROR - Erro linha 378: column "autor" of relation "processos" does not exist
LINE 4: ...          valor_causa, data_distribuicao, titulo, autor, reu...
                                                             ^

2025-12-18 13:13:38,339 - ERROR - Erro linha 379: column "autor" of relation "processos" does not exist
LINE 4: ...          valor_causa, data_distribuicao, titulo, autor, reu...
                                                             ^

2025-12-18 13:13:39,164 - ERROR - Erro linha 380: column "autor" of relation "processos" does not exist
LINE 4: ...          valor_causa, data_distribuicao, titulo, autor, reu...
                                                             ^

2025-12-18 13:13:39,989 - ERROR - Erro linha 381: column "autor" of relation "processos" does not exist
LINE 4: ...          valor_causa, data_distribuicao, titulo, autor, reu...
                                                             ^

2025-12-18 13:13:40,813 - ERROR - Erro linha 382: column "autor" of relation "processos" does not exist
LINE 4: ...          valor_causa, data_distribuicao, titulo, autor, reu...
                                                             ^

2025-12-18 13:13:41,641 - ERROR - Erro linha 383: column "autor" of relation "processos" does not exist
LINE 4: ...          valor_causa, data_distribuicao, titulo, autor, reu...
                                                             ^

2025-12-18 13:13:42,475 - ERROR - Erro linha 384: column "autor" of relation "processos" does not exist
LINE 4: ...          valor_causa, data_distribuicao, titulo, autor, reu...
                                                             ^

2025-12-18 13:13:43,302 - ERROR - Erro linha 385: column "autor" of relation "processos" does not exist
LINE 4: ...          valor_causa, data_distribuicao, titulo, autor, reu...
                                                             ^

2025-12-18 13:13:44,137 - ERROR - Erro linha 386: column "autor" of relation "processos" does not exist
LINE 4: ...          valor_causa, data_distribuicao, titulo, autor, reu...
                                                             ^

2025-12-18 13:13:44,962 - ERROR - Erro linha 387: column "autor" of relation "processos" does not exist
LINE 4: ...          valor_causa, data_distribuicao, titulo, autor, reu...
                                                             ^

2025-12-18 13:13:45,787 - ERROR - Erro linha 388: column "autor" of relation "processos" does not exist
LINE 4: ...          valor_causa, data_distribuicao, titulo, autor, reu...
                                                             ^

2025-12-18 13:13:46,612 - ERROR - Erro linha 389: column "autor" of relation "processos" does not exist
LINE 4: ...          valor_causa, data_distribuicao, titulo, autor, reu...
                                                             ^

2025-12-18 13:13:47,439 - ERROR - Erro linha 390: column "autor" of relation "processos" does not exist
LINE 4: ...          valor_causa, data_distribuicao, titulo, autor, reu...
                                                             ^

2025-12-18 13:13:48,265 - ERROR - Erro linha 391: column "autor" of relation "processos" does not exist
LINE 4: ...          valor_causa, data_distribuicao, titulo, autor, reu...
                                                             ^

2025-12-18 13:13:49,091 - ERROR - Erro linha 392: column "autor" of relation "processos" does not exist
LINE 4: ...          valor_causa, data_distribuicao, titulo, autor, reu...
                                                             ^

2025-12-18 13:13:49,918 - ERROR - Erro linha 393: column "autor" of relation "processos" does not exist
LINE 4: ...          valor_causa, data_distribuicao, titulo, autor, reu...
                                                             ^

2025-12-18 13:13:50,751 - ERROR - Erro linha 394: column "autor" of relation "processos" does not exist
LINE 4: ...          valor_causa, data_distribuicao, titulo, autor, reu...
                                                             ^

2025-12-18 13:13:51,576 - ERROR - Erro linha 395: column "autor" of relation "processos" does not exist
LINE 4: ...          valor_causa, data_distribuicao, titulo, autor, reu...
                                                             ^

2025-12-18 13:13:52,403 - ERROR - Erro linha 396: column "autor" of relation "processos" does not exist
LINE 4: ...          valor_causa, data_distribuicao, titulo, autor, reu...
                                                             ^

2025-12-18 13:13:53,229 - ERROR - Erro linha 397: column "autor" of relation "processos" does not exist
LINE 4: ...          valor_causa, data_distribuicao, titulo, autor, reu...
                                                             ^

2025-12-18 13:13:54,055 - ERROR - Erro linha 398: column "autor" of relation "processos" does not exist
LINE 4: ...          valor_causa, data_distribuicao, titulo, autor, reu...
                                                             ^

2025-12-18 13:13:54,890 - ERROR - Erro linha 399: column "autor" of relation "processos" does not exist
LINE 4: ...          valor_causa, data_distribuicao, titulo, autor, reu...
                                                             ^

2025-12-18 13:13:55,717 - ERROR - Erro linha 400: column "autor" of relation "processos" does not exist
LINE 4: ...          valor_causa, data_distribuicao, titulo, autor, reu...
                                                             ^

2025-12-18 13:13:56,543 - ERROR - Erro linha 401: column "autor" of relation "processos" does not exist
LINE 4: ...          valor_causa, data_distribuicao, titulo, autor, reu...
                                                             ^

2025-12-18 13:13:57,378 - ERROR - Erro linha 402: column "autor" of relation "processos" does not exist
LINE 4: ...          valor_causa, data_distribuicao, titulo, autor, reu...
                                                             ^

2025-12-18 13:13:58,212 - ERROR - Erro linha 403: column "autor" of relation "processos" does not exist
LINE 4: ...          valor_causa, data_distribuicao, titulo, autor, reu...
                                                             ^

2025-12-18 13:13:59,039 - ERROR - Erro linha 404: column "autor" of relation "processos" does not exist
LINE 4: ...          valor_causa, data_distribuicao, titulo, autor, reu...
                                                             ^

2025-12-18 13:13:59,866 - ERROR - Erro linha 405: column "autor" of relation "processos" does not exist
LINE 4: ...          valor_causa, data_distribuicao, titulo, autor, reu...
                                                             ^

2025-12-18 13:14:00,697 - ERROR - Erro linha 406: column "autor" of relation "processos" does not exist
LINE 4: ...          valor_causa, data_distribuicao, titulo, autor, reu...
                                                             ^

2025-12-18 13:14:01,528 - ERROR - Erro linha 407: column "autor" of relation "processos" does not exist
LINE 4: ...          valor_causa, data_distribuicao, titulo, autor, reu...
                                                             ^

2025-12-18 13:14:02,355 - ERROR - Erro linha 408: column "autor" of relation "processos" does not exist
LINE 4: ...          valor_causa, data_distribuicao, titulo, autor, reu...
                                                             ^

2025-12-18 13:14:03,181 - ERROR - Erro linha 409: column "autor" of relation "processos" does not exist
LINE 4: ...          valor_causa, data_distribuicao, titulo, autor, reu...
                                                             ^

2025-12-18 13:14:04,006 - ERROR - Erro linha 410: column "autor" of relation "processos" does not exist
LINE 4: ...          valor_causa, data_distribuicao, titulo, autor, reu...
                                                             ^

2025-12-18 13:14:04,833 - ERROR - Erro linha 411: column "autor" of relation "processos" does not exist
LINE 4: ...          valor_causa, data_distribuicao, titulo, autor, reu...
                                                             ^

2025-12-18 13:14:05,658 - ERROR - Erro linha 412: column "autor" of relation "processos" does not exist
LINE 4: ...          valor_causa, data_distribuicao, titulo, autor, reu...
                                                             ^

2025-12-18 13:14:06,486 - ERROR - Erro linha 413: column "autor" of relation "processos" does not exist
LINE 4: ...          valor_causa, data_distribuicao, titulo, autor, reu...
                                                             ^

2025-12-18 13:14:07,313 - ERROR - Erro linha 414: column "autor" of relation "processos" does not exist
LINE 4: ...          valor_causa, data_distribuicao, titulo, autor, reu...
                                                             ^

2025-12-18 13:14:08,139 - ERROR - Erro linha 415: column "autor" of relation "processos" does not exist
LINE 4: ...          valor_causa, data_distribuicao, titulo, autor, reu...
                                                             ^

2025-12-18 13:14:08,962 - ERROR - Erro linha 416: column "autor" of relation "processos" does not exist
LINE 4: ...          valor_causa, data_distribuicao, titulo, autor, reu...
                                                             ^

2025-12-18 13:14:09,796 - ERROR - Erro linha 417: column "autor" of relation "processos" does not exist
LINE 4: ...          valor_causa, data_distribuicao, titulo, autor, reu...
                                                             ^

2025-12-18 13:14:10,628 - ERROR - Erro linha 418: column "autor" of relation "processos" does not exist
LINE 4: ...          valor_causa, data_distribuicao, titulo, autor, reu...
                                                             ^

2025-12-18 13:14:11,451 - ERROR - Erro linha 419: column "autor" of relation "processos" does not exist
LINE 4: ...          valor_causa, data_distribuicao, titulo, autor, reu...
                                                             ^

2025-12-18 13:14:12,279 - ERROR - Erro linha 420: column "autor" of relation "processos" does not exist
LINE 4: ...          valor_causa, data_distribuicao, titulo, autor, reu...
                                                             ^

2025-12-18 13:14:13,111 - ERROR - Erro linha 421: column "autor" of relation "processos" does not exist
LINE 4: ...          valor_causa, data_distribuicao, titulo, autor, reu...
                                                             ^

2025-12-18 13:14:13,940 - ERROR - Erro linha 422: column "autor" of relation "processos" does not exist
LINE 4: ...          valor_causa, data_distribuicao, titulo, autor, reu...
                                                             ^

2025-12-18 13:14:14,765 - ERROR - Erro linha 423: column "autor" of relation "processos" does not exist
LINE 4: ...          valor_causa, data_distribuicao, titulo, autor, reu...
                                                             ^

2025-12-18 13:14:15,589 - ERROR - Erro linha 424: column "autor" of relation "processos" does not exist
LINE 4: ...          valor_causa, data_distribuicao, titulo, autor, reu...
                                                             ^

2025-12-18 13:14:16,416 - ERROR - Erro linha 425: column "autor" of relation "processos" does not exist
LINE 4: ...          valor_causa, data_distribuicao, titulo, autor, reu...
                                                             ^

2025-12-18 13:14:17,240 - ERROR - Erro linha 426: column "autor" of relation "processos" does not exist
LINE 4: ...          valor_causa, data_distribuicao, titulo, autor, reu...
                                                             ^

2025-12-18 13:14:18,068 - ERROR - Erro linha 427: column "autor" of relation "processos" does not exist
LINE 4: ...          valor_causa, data_distribuicao, titulo, autor, reu...
                                                             ^

2025-12-18 13:14:18,899 - ERROR - Erro linha 428: column "autor" of relation "processos" does not exist
LINE 4: ...          valor_causa, data_distribuicao, titulo, autor, reu...
                                                             ^

2025-12-18 13:14:19,726 - ERROR - Erro linha 429: column "autor" of relation "processos" does not exist
LINE 4: ...          valor_causa, data_distribuicao, titulo, autor, reu...
                                                             ^

2025-12-18 13:14:20,552 - ERROR - Erro linha 430: column "autor" of relation "processos" does not exist
LINE 4: ...          valor_causa, data_distribuicao, titulo, autor, reu...
                                                             ^

2025-12-18 13:14:21,380 - ERROR - Erro linha 431: column "autor" of relation "processos" does not exist
LINE 4: ...          valor_causa, data_distribuicao, titulo, autor, reu...
                                                             ^

2025-12-18 13:14:22,221 - ERROR - Erro linha 432: column "autor" of relation "processos" does not exist
LINE 4: ...          valor_causa, data_distribuicao, titulo, autor, reu...
                                                             ^

2025-12-18 13:14:23,050 - ERROR - Erro linha 433: column "autor" of relation "processos" does not exist
LINE 4: ...          valor_causa, data_distribuicao, titulo, autor, reu...
                                                             ^

2025-12-18 13:14:23,884 - ERROR - Erro linha 434: column "autor" of relation "processos" does not exist
LINE 4: ...          valor_causa, data_distribuicao, titulo, autor, reu...
                                                             ^

2025-12-18 13:14:24,709 - ERROR - Erro linha 435: column "autor" of relation "processos" does not exist
LINE 4: ...          valor_causa, data_distribuicao, titulo, autor, reu...
                                                             ^

2025-12-18 13:14:25,535 - ERROR - Erro linha 436: column "autor" of relation "processos" does not exist
LINE 4: ...          valor_causa, data_distribuicao, titulo, autor, reu...
                                                             ^

2025-12-18 13:14:26,361 - ERROR - Erro linha 437: column "autor" of relation "processos" does not exist
LINE 4: ...          valor_causa, data_distribuicao, titulo, autor, reu...
                                                             ^

2025-12-18 13:14:27,185 - ERROR - Erro linha 438: column "autor" of relation "processos" does not exist
LINE 4: ...          valor_causa, data_distribuicao, titulo, autor, reu...
                                                             ^

2025-12-18 13:14:28,019 - ERROR - Erro linha 439: column "autor" of relation "processos" does not exist
LINE 4: ...          valor_causa, data_distribuicao, titulo, autor, reu...
                                                             ^

2025-12-18 13:14:28,856 - ERROR - Erro linha 440: column "autor" of relation "processos" does not exist
LINE 4: ...          valor_causa, data_distribuicao, titulo, autor, reu...
                                                             ^

2025-12-18 13:14:29,683 - ERROR - Erro linha 441: column "autor" of relation "processos" does not exist
LINE 4: ...          valor_causa, data_distribuicao, titulo, autor, reu...
                                                             ^

2025-12-18 13:14:30,509 - ERROR - Erro linha 442: column "autor" of relation "processos" does not exist
LINE 4: ...          valor_causa, data_distribuicao, titulo, autor, reu...
                                                             ^

2025-12-18 13:14:31,334 - ERROR - Erro linha 443: column "autor" of relation "processos" does not exist
LINE 4: ...          valor_causa, data_distribuicao, titulo, autor, reu...
                                                             ^

2025-12-18 13:14:32,159 - ERROR - Erro linha 444: column "autor" of relation "processos" does not exist
LINE 4: ...          valor_causa, data_distribuicao, titulo, autor, reu...
                                                             ^

2025-12-18 13:14:32,984 - ERROR - Erro linha 445: column "autor" of relation "processos" does not exist
LINE 4: ...          valor_causa, data_distribuicao, titulo, autor, reu...
                                                             ^

2025-12-18 13:14:33,809 - ERROR - Erro linha 446: column "autor" of relation "processos" does not exist
LINE 4: ...          valor_causa, data_distribuicao, titulo, autor, reu...
                                                             ^

2025-12-18 13:14:34,636 - ERROR - Erro linha 447: column "autor" of relation "processos" does not exist
LINE 4: ...          valor_causa, data_distribuicao, titulo, autor, reu...
                                                             ^

2025-12-18 13:14:35,460 - ERROR - Erro linha 448: column "autor" of relation "processos" does not exist
LINE 4: ...          valor_causa, data_distribuicao, titulo, autor, reu...
                                                             ^

2025-12-18 13:14:36,288 - ERROR - Erro linha 449: column "autor" of relation "processos" does not exist
LINE 4: ...          valor_causa, data_distribuicao, titulo, autor, reu...
                                                             ^

2025-12-18 13:14:37,122 - ERROR - Erro linha 450: column "autor" of relation "processos" does not exist
LINE 4: ...          valor_causa, data_distribuicao, titulo, autor, reu...
                                                             ^

2025-12-18 13:14:37,949 - ERROR - Erro linha 451: column "autor" of relation "processos" does not exist
LINE 4: ...          valor_causa, data_distribuicao, titulo, autor, reu...
                                                             ^

2025-12-18 13:14:38,782 - ERROR - Erro linha 452: column "autor" of relation "processos" does not exist
LINE 4: ...          valor_causa, data_distribuicao, titulo, autor, reu...
                                                             ^

2025-12-18 13:14:39,608 - ERROR - Erro linha 453: column "autor" of relation "processos" does not exist
LINE 4: ...          valor_causa, data_distribuicao, titulo, autor, reu...
                                                             ^

2025-12-18 13:14:40,439 - ERROR - Erro linha 454: column "autor" of relation "processos" does not exist
LINE 4: ...          valor_causa, data_distribuicao, titulo, autor, reu...
                                                             ^

2025-12-18 13:14:41,263 - ERROR - Erro linha 455: column "autor" of relation "processos" does not exist
LINE 4: ...          valor_causa, data_distribuicao, titulo, autor, reu...
                                                             ^

2025-12-18 13:14:42,088 - ERROR - Erro linha 456: column "autor" of relation "processos" does not exist
LINE 4: ...          valor_causa, data_distribuicao, titulo, autor, reu...
                                                             ^

2025-12-18 13:14:42,912 - ERROR - Erro linha 457: column "autor" of relation "processos" does not exist
LINE 4: ...          valor_causa, data_distribuicao, titulo, autor, reu...
                                                             ^

2025-12-18 13:14:43,742 - ERROR - Erro linha 458: column "autor" of relation "processos" does not exist
LINE 4: ...          valor_causa, data_distribuicao, titulo, autor, reu...
                                                             ^

2025-12-18 13:14:44,574 - ERROR - Erro linha 459: column "autor" of relation "processos" does not exist
LINE 4: ...          valor_causa, data_distribuicao, titulo, autor, reu...
                                                             ^

2025-12-18 13:14:45,398 - ERROR - Erro linha 460: column "autor" of relation "processos" does not exist
LINE 4: ...          valor_causa, data_distribuicao, titulo, autor, reu...
                                                             ^

2025-12-18 13:14:46,223 - ERROR - Erro linha 461: column "autor" of relation "processos" does not exist
LINE 4: ...          valor_causa, data_distribuicao, titulo, autor, reu...
                                                             ^

2025-12-18 13:14:47,059 - ERROR - Erro linha 462: column "autor" of relation "processos" does not exist
LINE 4: ...          valor_causa, data_distribuicao, titulo, autor, reu...
                                                             ^

2025-12-18 13:14:47,892 - ERROR - Erro linha 463: column "autor" of relation "processos" does not exist
LINE 4: ...          valor_causa, data_distribuicao, titulo, autor, reu...
                                                             ^

2025-12-18 13:14:48,721 - ERROR - Erro linha 464: column "autor" of relation "processos" does not exist
LINE 4: ...          valor_causa, data_distribuicao, titulo, autor, reu...
                                                             ^

2025-12-18 13:14:49,547 - ERROR - Erro linha 465: column "autor" of relation "processos" does not exist
LINE 4: ...          valor_causa, data_distribuicao, titulo, autor, reu...
                                                             ^

2025-12-18 13:14:50,376 - ERROR - Erro linha 466: column "autor" of relation "processos" does not exist
LINE 4: ...          valor_causa, data_distribuicao, titulo, autor, reu...
                                                             ^

2025-12-18 13:14:51,203 - ERROR - Erro linha 467: column "autor" of relation "processos" does not exist
LINE 4: ...          valor_causa, data_distribuicao, titulo, autor, reu...
                                                             ^

2025-12-18 13:14:52,031 - ERROR - Erro linha 468: column "autor" of relation "processos" does not exist
LINE 4: ...          valor_causa, data_distribuicao, titulo, autor, reu...
                                                             ^

2025-12-18 13:14:52,855 - ERROR - Erro linha 469: column "autor" of relation "processos" does not exist
LINE 4: ...          valor_causa, data_distribuicao, titulo, autor, reu...
                                                             ^

2025-12-18 13:14:53,680 - ERROR - Erro linha 470: column "autor" of relation "processos" does not exist
LINE 4: ...          valor_causa, data_distribuicao, titulo, autor, reu...
                                                             ^

2025-12-18 13:14:54,505 - ERROR - Erro linha 471: column "autor" of relation "processos" does not exist
LINE 4: ...          valor_causa, data_distribuicao, titulo, autor, reu...
                                                             ^

2025-12-18 13:14:55,335 - ERROR - Erro linha 472: column "autor" of relation "processos" does not exist
LINE 4: ...          valor_causa, data_distribuicao, titulo, autor, reu...
                                                             ^

2025-12-18 13:14:56,161 - ERROR - Erro linha 473: column "autor" of relation "processos" does not exist
LINE 4: ...          valor_causa, data_distribuicao, titulo, autor, reu...
                                                             ^

2025-12-18 13:14:56,991 - ERROR - Erro linha 474: column "autor" of relation "processos" does not exist
LINE 4: ...          valor_causa, data_distribuicao, titulo, autor, reu...
                                                             ^

2025-12-18 13:14:57,818 - ERROR - Erro linha 475: column "autor" of relation "processos" does not exist
LINE 4: ...          valor_causa, data_distribuicao, titulo, autor, reu...
                                                             ^

2025-12-18 13:14:58,643 - ERROR - Erro linha 476: column "autor" of relation "processos" does not exist
LINE 4: ...          valor_causa, data_distribuicao, titulo, autor, reu...
                                                             ^

2025-12-18 13:14:59,470 - ERROR - Erro linha 477: column "autor" of relation "processos" does not exist
LINE 4: ...          valor_causa, data_distribuicao, titulo, autor, reu...
                                                             ^

2025-12-18 13:15:00,293 - ERROR - Erro linha 478: column "autor" of relation "processos" does not exist
LINE 4: ...          valor_causa, data_distribuicao, titulo, autor, reu...
                                                             ^

2025-12-18 13:15:01,118 - ERROR - Erro linha 479: column "autor" of relation "processos" does not exist
LINE 4: ...          valor_causa, data_distribuicao, titulo, autor, reu...
                                                             ^

2025-12-18 13:15:01,945 - ERROR - Erro linha 480: column "autor" of relation "processos" does not exist
LINE 4: ...          valor_causa, data_distribuicao, titulo, autor, reu...
                                                             ^

2025-12-18 13:15:02,772 - ERROR - Erro linha 481: column "autor" of relation "processos" does not exist
LINE 4: ...          valor_causa, data_distribuicao, titulo, autor, reu...
                                                             ^

2025-12-18 13:15:03,597 - ERROR - Erro linha 482: column "autor" of relation "processos" does not exist
LINE 4: ...          valor_causa, data_distribuicao, titulo, autor, reu...
                                                             ^

2025-12-18 13:15:04,422 - ERROR - Erro linha 483: column "autor" of relation "processos" does not exist
LINE 4: ...          valor_causa, data_distribuicao, titulo, autor, reu...
                                                             ^

2025-12-18 13:15:05,247 - ERROR - Erro linha 484: column "autor" of relation "processos" does not exist
LINE 4: ...          valor_causa, data_distribuicao, titulo, autor, reu...
                                                             ^

2025-12-18 13:15:06,085 - ERROR - Erro linha 485: column "autor" of relation "processos" does not exist
LINE 4: ...          valor_causa, data_distribuicao, titulo, autor, reu...
                                                             ^

2025-12-18 13:15:06,909 - ERROR - Erro linha 486: column "autor" of relation "processos" does not exist
LINE 4: ...          valor_causa, data_distribuicao, titulo, autor, reu...
                                                             ^

2025-12-18 13:15:07,734 - ERROR - Erro linha 487: column "autor" of relation "processos" does not exist
LINE 4: ...          valor_causa, data_distribuicao, titulo, autor, reu...
                                                             ^

2025-12-18 13:15:08,563 - ERROR - Erro linha 488: column "autor" of relation "processos" does not exist
LINE 4: ...          valor_causa, data_distribuicao, titulo, autor, reu...
                                                             ^

2025-12-18 13:15:09,389 - ERROR - Erro linha 489: column "autor" of relation "processos" does not exist
LINE 4: ...          valor_causa, data_distribuicao, titulo, autor, reu...
                                                             ^

2025-12-18 13:15:10,213 - ERROR - Erro linha 490: column "autor" of relation "processos" does not exist
LINE 4: ...          valor_causa, data_distribuicao, titulo, autor, reu...
                                                             ^

2025-12-18 13:15:11,040 - ERROR - Erro linha 491: column "autor" of relation "processos" does not exist
LINE 4: ...          valor_causa, data_distribuicao, titulo, autor, reu...
                                                             ^

2025-12-18 13:15:11,867 - ERROR - Erro linha 492: column "autor" of relation "processos" does not exist
LINE 4: ...          valor_causa, data_distribuicao, titulo, autor, reu...
                                                             ^

2025-12-18 13:15:12,690 - ERROR - Erro linha 493: column "autor" of relation "processos" does not exist
LINE 4: ...          valor_causa, data_distribuicao, titulo, autor, reu...
                                                             ^

2025-12-18 13:15:13,515 - ERROR - Erro linha 494: column "autor" of relation "processos" does not exist
LINE 4: ...          valor_causa, data_distribuicao, titulo, autor, reu...
                                                             ^

2025-12-18 13:15:14,342 - ERROR - Erro linha 495: column "autor" of relation "processos" does not exist
LINE 4: ...          valor_causa, data_distribuicao, titulo, autor, reu...
                                                             ^

2025-12-18 13:15:15,167 - ERROR - Erro linha 496: column "autor" of relation "processos" does not exist
LINE 4: ...          valor_causa, data_distribuicao, titulo, autor, reu...
                                                             ^

2025-12-18 13:15:15,995 - ERROR - Erro linha 497: column "autor" of relation "processos" does not exist
LINE 4: ...          valor_causa, data_distribuicao, titulo, autor, reu...
                                                             ^

2025-12-18 13:15:16,820 - ERROR - Erro linha 498: column "autor" of relation "processos" does not exist
LINE 4: ...          valor_causa, data_distribuicao, titulo, autor, reu...
                                                             ^

2025-12-18 13:15:17,644 - ERROR - Erro linha 499: column "autor" of relation "processos" does not exist
LINE 4: ...          valor_causa, data_distribuicao, titulo, autor, reu...
                                                             ^

2025-12-18 13:15:18,470 - ERROR - Erro linha 500: column "autor" of relation "processos" does not exist
LINE 4: ...          valor_causa, data_distribuicao, titulo, autor, reu...
                                                             ^

2025-12-18 13:15:19,295 - ERROR - Erro linha 501: column "autor" of relation "processos" does not exist
LINE 4: ...          valor_causa, data_distribuicao, titulo, autor, reu...
                                                             ^

2025-12-18 13:15:20,123 - ERROR - Erro linha 502: column "autor" of relation "processos" does not exist
LINE 4: ...          valor_causa, data_distribuicao, titulo, autor, reu...
                                                             ^

2025-12-18 13:15:20,948 - ERROR - Erro linha 503: column "autor" of relation "processos" does not exist
LINE 4: ...          valor_causa, data_distribuicao, titulo, autor, reu...
                                                             ^

2025-12-18 13:15:21,772 - ERROR - Erro linha 504: column "autor" of relation "processos" does not exist
LINE 4: ...          valor_causa, data_distribuicao, titulo, autor, reu...
                                                             ^

2025-12-18 13:15:22,597 - ERROR - Erro linha 505: column "autor" of relation "processos" does not exist
LINE 4: ...          valor_causa, data_distribuicao, titulo, autor, reu...
                                                             ^

2025-12-18 13:15:23,429 - ERROR - Erro linha 506: column "autor" of relation "processos" does not exist
LINE 4: ...          valor_causa, data_distribuicao, titulo, autor, reu...
                                                             ^

2025-12-18 13:15:24,258 - ERROR - Erro linha 507: column "autor" of relation "processos" does not exist
LINE 4: ...          valor_causa, data_distribuicao, titulo, autor, reu...
                                                             ^

2025-12-18 13:15:25,083 - ERROR - Erro linha 508: column "autor" of relation "processos" does not exist
LINE 4: ...          valor_causa, data_distribuicao, titulo, autor, reu...
                                                             ^

2025-12-18 13:15:25,909 - ERROR - Erro linha 509: column "autor" of relation "processos" does not exist
LINE 4: ...          valor_causa, data_distribuicao, titulo, autor, reu...
                                                             ^

2025-12-18 13:15:26,735 - ERROR - Erro linha 510: column "autor" of relation "processos" does not exist
LINE 4: ...          valor_causa, data_distribuicao, titulo, autor, reu...
                                                             ^

2025-12-18 13:15:27,565 - ERROR - Erro linha 511: column "autor" of relation "processos" does not exist
LINE 4: ...          valor_causa, data_distribuicao, titulo, autor, reu...
                                                             ^

2025-12-18 13:15:28,393 - ERROR - Erro linha 512: column "autor" of relation "processos" does not exist
LINE 4: ...          valor_causa, data_distribuicao, titulo, autor, reu...
                                                             ^

2025-12-18 13:15:29,218 - ERROR - Erro linha 513: column "autor" of relation "processos" does not exist
LINE 4: ...          valor_causa, data_distribuicao, titulo, autor, reu...
                                                             ^

2025-12-18 13:15:30,055 - ERROR - Erro linha 514: column "autor" of relation "processos" does not exist
LINE 4: ...          valor_causa, data_distribuicao, titulo, autor, reu...
                                                             ^

2025-12-18 13:15:30,882 - ERROR - Erro linha 515: column "autor" of relation "processos" does not exist
LINE 4: ...          valor_causa, data_distribuicao, titulo, autor, reu...
                                                             ^

2025-12-18 13:15:31,709 - ERROR - Erro linha 516: column "autor" of relation "processos" does not exist
LINE 4: ...          valor_causa, data_distribuicao, titulo, autor, reu...
                                                             ^

2025-12-18 13:15:32,538 - ERROR - Erro linha 517: column "autor" of relation "processos" does not exist
LINE 4: ...          valor_causa, data_distribuicao, titulo, autor, reu...
                                                             ^

2025-12-18 13:15:33,364 - ERROR - Erro linha 518: column "autor" of relation "processos" does not exist
LINE 4: ...          valor_causa, data_distribuicao, titulo, autor, reu...
                                                             ^

2025-12-18 13:15:34,190 - ERROR - Erro linha 519: column "autor" of relation "processos" does not exist
LINE 4: ...          valor_causa, data_distribuicao, titulo, autor, reu...
                                                             ^

2025-12-18 13:15:35,016 - ERROR - Erro linha 520: column "autor" of relation "processos" does not exist
LINE 4: ...          valor_causa, data_distribuicao, titulo, autor, reu...
                                                             ^

2025-12-18 13:15:35,840 - ERROR - Erro linha 521: column "autor" of relation "processos" does not exist
LINE 4: ...          valor_causa, data_distribuicao, titulo, autor, reu...
                                                             ^

2025-12-18 13:15:36,665 - ERROR - Erro linha 522: column "autor" of relation "processos" does not exist
LINE 4: ...          valor_causa, data_distribuicao, titulo, autor, reu...
                                                             ^

2025-12-18 13:15:37,491 - ERROR - Erro linha 523: column "autor" of relation "processos" does not exist
LINE 4: ...          valor_causa, data_distribuicao, titulo, autor, reu...
                                                             ^

2025-12-18 13:15:38,316 - ERROR - Erro linha 524: column "autor" of relation "processos" does not exist
LINE 4: ...          valor_causa, data_distribuicao, titulo, autor, reu...
                                                             ^

2025-12-18 13:15:39,143 - ERROR - Erro linha 525: column "autor" of relation "processos" does not exist
LINE 4: ...          valor_causa, data_distribuicao, titulo, autor, reu...
                                                             ^

2025-12-18 13:15:39,967 - ERROR - Erro linha 526: column "autor" of relation "processos" does not exist
LINE 4: ...          valor_causa, data_distribuicao, titulo, autor, reu...
                                                             ^

2025-12-18 13:15:40,795 - ERROR - Erro linha 527: column "autor" of relation "processos" does not exist
LINE 4: ...          valor_causa, data_distribuicao, titulo, autor, reu...
                                                             ^

2025-12-18 13:15:41,620 - ERROR - Erro linha 528: column "autor" of relation "processos" does not exist
LINE 4: ...          valor_causa, data_distribuicao, titulo, autor, reu...
                                                             ^

2025-12-18 13:15:42,444 - ERROR - Erro linha 529: column "autor" of relation "processos" does not exist
LINE 4: ...          valor_causa, data_distribuicao, titulo, autor, reu...
                                                             ^

2025-12-18 13:15:43,269 - ERROR - Erro linha 530: column "autor" of relation "processos" does not exist
LINE 4: ...          valor_causa, data_distribuicao, titulo, autor, reu...
                                                             ^

2025-12-18 13:15:44,093 - ERROR - Erro linha 531: column "autor" of relation "processos" does not exist
LINE 4: ...          valor_causa, data_distribuicao, titulo, autor, reu...
                                                             ^

2025-12-18 13:15:44,920 - ERROR - Erro linha 532: column "autor" of relation "processos" does not exist
LINE 4: ...          valor_causa, data_distribuicao, titulo, autor, reu...
                                                             ^

2025-12-18 13:15:45,746 - ERROR - Erro linha 533: column "autor" of relation "processos" does not exist
LINE 4: ...          valor_causa, data_distribuicao, titulo, autor, reu...
                                                             ^

2025-12-18 13:15:46,575 - ERROR - Erro linha 534: column "autor" of relation "processos" does not exist
LINE 4: ...          valor_causa, data_distribuicao, titulo, autor, reu...
                                                             ^

2025-12-18 13:15:47,400 - ERROR - Erro linha 535: column "autor" of relation "processos" does not exist
LINE 4: ...          valor_causa, data_distribuicao, titulo, autor, reu...
                                                             ^

2025-12-18 13:15:48,227 - ERROR - Erro linha 536: column "autor" of relation "processos" does not exist
LINE 4: ...          valor_causa, data_distribuicao, titulo, autor, reu...
                                                             ^

2025-12-18 13:15:49,051 - ERROR - Erro linha 537: column "autor" of relation "processos" does not exist
LINE 4: ...          valor_causa, data_distribuicao, titulo, autor, reu...
                                                             ^

2025-12-18 13:15:49,875 - ERROR - Erro linha 538: column "autor" of relation "processos" does not exist
LINE 4: ...          valor_causa, data_distribuicao, titulo, autor, reu...
                                                             ^

2025-12-18 13:15:50,705 - ERROR - Erro linha 539: column "autor" of relation "processos" does not exist
LINE 4: ...          valor_causa, data_distribuicao, titulo, autor, reu...
                                                             ^

2025-12-18 13:15:51,530 - ERROR - Erro linha 540: column "autor" of relation "processos" does not exist
LINE 4: ...          valor_causa, data_distribuicao, titulo, autor, reu...
                                                             ^

2025-12-18 13:15:52,362 - ERROR - Erro linha 541: column "autor" of relation "processos" does not exist
LINE 4: ...          valor_causa, data_distribuicao, titulo, autor, reu...
                                                             ^

2025-12-18 13:15:53,186 - ERROR - Erro linha 542: column "autor" of relation "processos" does not exist
LINE 4: ...          valor_causa, data_distribuicao, titulo, autor, reu...
                                                             ^

2025-12-18 13:15:54,011 - ERROR - Erro linha 543: column "autor" of relation "processos" does not exist
LINE 4: ...          valor_causa, data_distribuicao, titulo, autor, reu...
                                                             ^

2025-12-18 13:15:54,838 - ERROR - Erro linha 544: column "autor" of relation "processos" does not exist
LINE 4: ...          valor_causa, data_distribuicao, titulo, autor, reu...
                                                             ^

2025-12-18 13:15:55,662 - ERROR - Erro linha 545: column "autor" of relation "processos" does not exist
LINE 4: ...          valor_causa, data_distribuicao, titulo, autor, reu...
                                                             ^

2025-12-18 13:15:56,484 - ERROR - Erro linha 546: column "autor" of relation "processos" does not exist
LINE 4: ...          valor_causa, data_distribuicao, titulo, autor, reu...
                                                             ^

2025-12-18 13:15:57,309 - ERROR - Erro linha 547: column "autor" of relation "processos" does not exist
LINE 4: ...          valor_causa, data_distribuicao, titulo, autor, reu...
                                                             ^

2025-12-18 13:15:58,135 - ERROR - Erro linha 548: column "autor" of relation "processos" does not exist
LINE 4: ...          valor_causa, data_distribuicao, titulo, autor, reu...
                                                             ^

2025-12-18 13:15:58,961 - ERROR - Erro linha 549: column "autor" of relation "processos" does not exist
LINE 4: ...          valor_causa, data_distribuicao, titulo, autor, reu...
                                                             ^

2025-12-18 13:15:59,786 - ERROR - Erro linha 550: column "autor" of relation "processos" does not exist
LINE 4: ...          valor_causa, data_distribuicao, titulo, autor, reu...
                                                             ^

2025-12-18 13:16:00,610 - ERROR - Erro linha 551: column "autor" of relation "processos" does not exist
LINE 4: ...          valor_causa, data_distribuicao, titulo, autor, reu...
                                                             ^

2025-12-18 13:16:01,435 - ERROR - Erro linha 552: column "autor" of relation "processos" does not exist
LINE 4: ...          valor_causa, data_distribuicao, titulo, autor, reu...
                                                             ^

2025-12-18 13:16:02,263 - ERROR - Erro linha 553: column "autor" of relation "processos" does not exist
LINE 4: ...          valor_causa, data_distribuicao, titulo, autor, reu...
                                                             ^

2025-12-18 13:16:03,088 - ERROR - Erro linha 554: column "autor" of relation "processos" does not exist
LINE 4: ...          valor_causa, data_distribuicao, titulo, autor, reu...
                                                             ^

2025-12-18 13:16:03,912 - ERROR - Erro linha 555: column "autor" of relation "processos" does not exist
LINE 4: ...          valor_causa, data_distribuicao, titulo, autor, reu...
                                                             ^

2025-12-18 13:16:04,738 - ERROR - Erro linha 556: column "autor" of relation "processos" does not exist
LINE 4: ...          valor_causa, data_distribuicao, titulo, autor, reu...
                                                             ^

2025-12-18 13:16:06,475 - ERROR - Erro linha 558: column "id_processo_tributario" does not exist
LINE 1: SELECT id_processo_tributario FROM processo_tributario WHERE...
               ^

2025-12-18 13:16:07,298 - ERROR - Erro linha 559: column "id_processo_tributario" does not exist
LINE 1: SELECT id_processo_tributario FROM processo_tributario WHERE...
               ^

2025-12-18 13:16:08,124 - ERROR - Erro linha 560: column "id_processo_tributario" does not exist
LINE 1: SELECT id_processo_tributario FROM processo_tributario WHERE...
               ^

2025-12-18 13:16:08,948 - ERROR - Erro linha 561: column "id_processo_tributario" does not exist
LINE 1: SELECT id_processo_tributario FROM processo_tributario WHERE...
               ^

2025-12-18 13:16:09,775 - ERROR - Erro linha 562: column "id_processo_tributario" does not exist
LINE 1: SELECT id_processo_tributario FROM processo_tributario WHERE...
               ^

2025-12-18 13:16:10,602 - ERROR - Erro linha 563: column "id_processo_tributario" does not exist
LINE 1: SELECT id_processo_tributario FROM processo_tributario WHERE...
               ^

2025-12-18 13:16:11,427 - ERROR - Erro linha 564: column "id_processo_tributario" does not exist
LINE 1: SELECT id_processo_tributario FROM processo_tributario WHERE...
               ^

2025-12-18 13:16:12,945 - ERROR - Erro linha 566: column "id_processo_tributario" does not exist
LINE 1: SELECT id_processo_tributario FROM processo_tributario WHERE...
               ^

2025-12-18 13:16:13,771 - ERROR - Erro linha 567: column "id_processo_tributario" does not exist
LINE 1: SELECT id_processo_tributario FROM processo_tributario WHERE...
               ^

2025-12-18 13:16:14,595 - ERROR - Erro linha 568: column "id_processo_tributario" does not exist
LINE 1: SELECT id_processo_tributario FROM processo_tributario WHERE...
               ^

2025-12-18 13:16:15,432 - ERROR - Erro linha 569: column "id_processo_tributario" does not exist
LINE 1: SELECT id_processo_tributario FROM processo_tributario WHERE...
               ^

2025-12-18 13:16:16,256 - ERROR - Erro linha 570: column "id_processo_tributario" does not exist
LINE 1: SELECT id_processo_tributario FROM processo_tributario WHERE...
               ^

2025-12-18 13:16:17,081 - ERROR - Erro linha 571: column "id_processo_tributario" does not exist
LINE 1: SELECT id_processo_tributario FROM processo_tributario WHERE...
               ^

2025-12-18 13:16:17,905 - ERROR - Erro linha 572: column "id_processo_tributario" does not exist
LINE 1: SELECT id_processo_tributario FROM processo_tributario WHERE...
               ^

2025-12-18 13:16:18,728 - ERROR - Erro linha 573: column "id_processo_tributario" does not exist
LINE 1: SELECT id_processo_tributario FROM processo_tributario WHERE...
               ^

2025-12-18 13:16:22,306 - ERROR - Erro linha 578: column "id_processo_tributario" does not exist
LINE 1: SELECT id_processo_tributario FROM processo_tributario WHERE...
               ^

2025-12-18 13:16:23,820 - ERROR - Erro linha 580: column "id_processo_tributario" does not exist
LINE 1: SELECT id_processo_tributario FROM processo_tributario WHERE...
               ^

2025-12-18 13:16:24,647 - ERROR - Erro linha 581: column "id_processo_tributario" does not exist
LINE 1: SELECT id_processo_tributario FROM processo_tributario WHERE...
               ^

2025-12-18 13:16:25,138 - INFO - Lendo Excel...
2025-12-18 13:16:26,163 - ERROR - Erro linha 583: column "id_processo_tributario" does not exist
LINE 1: SELECT id_processo_tributario FROM processo_tributario WHERE...
               ^

2025-12-18 13:16:26,992 - ERROR - Erro linha 584: column "id_processo_tributario" does not exist
LINE 1: SELECT id_processo_tributario FROM processo_tributario WHERE...
               ^

2025-12-18 13:16:27,817 - ERROR - Erro linha 585: column "id_processo_tributario" does not exist
LINE 1: SELECT id_processo_tributario FROM processo_tributario WHERE...
               ^

2025-12-18 13:16:27,845 - ERROR - Erro linha 0: column "id_processo_tributario" does not exist
LINE 1: SELECT id_processo_tributario FROM processo_tributario WHERE...
               ^

2025-12-18 13:16:28,646 - ERROR - Erro linha 586: column "id_processo_tributario" does not exist
LINE 1: SELECT id_processo_tributario FROM processo_tributario WHERE...
               ^

2025-12-18 13:16:28,783 - ERROR - Erro linha 1: column "id_processo_tributario" does not exist
LINE 1: SELECT id_processo_tributario FROM processo_tributario WHERE...
               ^

2025-12-18 13:16:29,472 - ERROR - Erro linha 587: column "id_processo_tributario" does not exist
LINE 1: SELECT id_processo_tributario FROM processo_tributario WHERE...
               ^

2025-12-18 13:16:29,716 - ERROR - Erro linha 2: column "id_processo_tributario" does not exist
LINE 1: SELECT id_processo_tributario FROM processo_tributario WHERE...
               ^

2025-12-18 13:16:30,297 - ERROR - Erro linha 588: column "id_processo_tributario" does not exist
LINE 1: SELECT id_processo_tributario FROM processo_tributario WHERE...
               ^

2025-12-18 13:16:30,650 - ERROR - Erro linha 3: column "id_processo_tributario" does not exist
LINE 1: SELECT id_processo_tributario FROM processo_tributario WHERE...
               ^

2025-12-18 13:16:31,581 - ERROR - Erro linha 4: column "id_processo_tributario" does not exist
LINE 1: SELECT id_processo_tributario FROM processo_tributario WHERE...
               ^

2025-12-18 13:16:32,516 - ERROR - Erro linha 5: column "id_processo_tributario" does not exist
LINE 1: SELECT id_processo_tributario FROM processo_tributario WHERE...
               ^

2025-12-18 13:16:33,185 - ERROR - Erro linha 592: column "id_processo_tributario" does not exist
LINE 1: SELECT id_processo_tributario FROM processo_tributario WHERE...
               ^

2025-12-18 13:16:33,458 - ERROR - Erro linha 6: column "id_processo_tributario" does not exist
LINE 1: SELECT id_processo_tributario FROM processo_tributario WHERE...
               ^

2025-12-18 13:16:34,391 - ERROR - Erro linha 7: column "id_processo_tributario" does not exist
LINE 1: SELECT id_processo_tributario FROM processo_tributario WHERE...
               ^

2025-12-18 13:16:34,700 - ERROR - Erro linha 594: column "id_processo_tributario" does not exist
LINE 1: SELECT id_processo_tributario FROM processo_tributario WHERE...
               ^

2025-12-18 13:16:35,329 - ERROR - Erro linha 8: column "id_processo_tributario" does not exist
LINE 1: SELECT id_processo_tributario FROM processo_tributario WHERE...
               ^

2025-12-18 13:16:36,213 - ERROR - Erro linha 596: column "id_processo_tributario" does not exist
LINE 1: SELECT id_processo_tributario FROM processo_tributario WHERE...
               ^

2025-12-18 13:16:36,275 - ERROR - Erro linha 9: column "id_processo_tributario" does not exist
LINE 1: SELECT id_processo_tributario FROM processo_tributario WHERE...
               ^

2025-12-18 13:16:37,035 - ERROR - Erro linha 597: column "id_processo_tributario" does not exist
LINE 1: SELECT id_processo_tributario FROM processo_tributario WHERE...
               ^

2025-12-18 13:16:37,217 - ERROR - Erro linha 10: column "id_processo_tributario" does not exist
LINE 1: SELECT id_processo_tributario FROM processo_tributario WHERE...
               ^

2025-12-18 13:16:38,156 - ERROR - Erro linha 11: column "id_processo_tributario" does not exist
LINE 1: SELECT id_processo_tributario FROM processo_tributario WHERE...
               ^

2025-12-18 13:16:38,548 - ERROR - Erro linha 599: column "id_processo_tributario" does not exist
LINE 1: SELECT id_processo_tributario FROM processo_tributario WHERE...
               ^

2025-12-18 13:16:39,093 - ERROR - Erro linha 12: column "id_processo_tributario" does not exist
LINE 1: SELECT id_processo_tributario FROM processo_tributario WHERE...
               ^

2025-12-18 13:16:39,372 - ERROR - Erro linha 600: column "id_processo_tributario" does not exist
LINE 1: SELECT id_processo_tributario FROM processo_tributario WHERE...
               ^

2025-12-18 13:16:40,023 - ERROR - Erro linha 13: column "id_processo_tributario" does not exist
LINE 1: SELECT id_processo_tributario FROM processo_tributario WHERE...
               ^

2025-12-18 13:16:40,956 - ERROR - Erro linha 14: column "id_processo_tributario" does not exist
LINE 1: SELECT id_processo_tributario FROM processo_tributario WHERE...
               ^

2025-12-18 13:16:41,576 - ERROR - Erro linha 603: column "id_processo_tributario" does not exist
LINE 1: SELECT id_processo_tributario FROM processo_tributario WHERE...
               ^

2025-12-18 13:16:41,891 - ERROR - Erro linha 15: column "id_processo_tributario" does not exist
LINE 1: SELECT id_processo_tributario FROM processo_tributario WHERE...
               ^

2025-12-18 13:16:42,404 - ERROR - Erro linha 604: column "id_processo_tributario" does not exist
LINE 1: SELECT id_processo_tributario FROM processo_tributario WHERE...
               ^

2025-12-18 13:16:42,825 - ERROR - Erro linha 16: column "id_processo_tributario" does not exist
LINE 1: SELECT id_processo_tributario FROM processo_tributario WHERE...
               ^

2025-12-18 13:16:43,759 - ERROR - Erro linha 17: column "id_processo_tributario" does not exist
LINE 1: SELECT id_processo_tributario FROM processo_tributario WHERE...
               ^

2025-12-18 13:16:44,689 - ERROR - Erro linha 18: column "id_processo_tributario" does not exist
LINE 1: SELECT id_processo_tributario FROM processo_tributario WHERE...
               ^

2025-12-18 13:16:45,622 - ERROR - Erro linha 19: column "id_processo_tributario" does not exist
LINE 1: SELECT id_processo_tributario FROM processo_tributario WHERE...
               ^

2025-12-18 13:16:46,559 - ERROR - Erro linha 20: column "id_processo_tributario" does not exist
LINE 1: SELECT id_processo_tributario FROM processo_tributario WHERE...
               ^

2025-12-18 13:16:46,687 - ERROR - Erro linha 610: column "id_processo_tributario" does not exist
LINE 1: SELECT id_processo_tributario FROM processo_tributario WHERE...
               ^

2025-12-18 13:16:47,492 - ERROR - Erro linha 21: column "id_processo_tributario" does not exist
LINE 1: SELECT id_processo_tributario FROM processo_tributario WHERE...
               ^

2025-12-18 13:16:47,513 - ERROR - Erro linha 611: column "id_processo_tributario" does not exist
LINE 1: SELECT id_processo_tributario FROM processo_tributario WHERE...
               ^

2025-12-18 13:16:48,428 - ERROR - Erro linha 22: column "id_processo_tributario" does not exist
LINE 1: SELECT id_processo_tributario FROM processo_tributario WHERE...
               ^

2025-12-18 13:16:49,361 - ERROR - Erro linha 23: column "id_processo_tributario" does not exist
LINE 1: SELECT id_processo_tributario FROM processo_tributario WHERE...
               ^

2025-12-18 13:16:50,303 - ERROR - Erro linha 24: column "id_processo_tributario" does not exist
LINE 1: SELECT id_processo_tributario FROM processo_tributario WHERE...
               ^

2025-12-18 13:16:50,413 - ERROR - Erro linha 615: column "id_processo_tributario" does not exist
LINE 1: SELECT id_processo_tributario FROM processo_tributario WHERE...
               ^

2025-12-18 13:16:51,234 - ERROR - Erro linha 25: column "id_processo_tributario" does not exist
LINE 1: SELECT id_processo_tributario FROM processo_tributario WHERE...
               ^

2025-12-18 13:16:52,166 - ERROR - Erro linha 26: column "id_processo_tributario" does not exist
LINE 1: SELECT id_processo_tributario FROM processo_tributario WHERE...
               ^

2025-12-18 13:16:52,620 - ERROR - Erro linha 618: column "id_processo_tributario" does not exist
LINE 1: SELECT id_processo_tributario FROM processo_tributario WHERE...
               ^

2025-12-18 13:16:53,100 - ERROR - Erro linha 27: column "id_processo_tributario" does not exist
LINE 1: SELECT id_processo_tributario FROM processo_tributario WHERE...
               ^

2025-12-18 13:16:53,444 - ERROR - Erro linha 619: column "id_processo_tributario" does not exist
LINE 1: SELECT id_processo_tributario FROM processo_tributario WHERE...
               ^

2025-12-18 13:16:54,035 - ERROR - Erro linha 28: column "id_processo_tributario" does not exist
LINE 1: SELECT id_processo_tributario FROM processo_tributario WHERE...
               ^

2025-12-18 13:16:54,270 - ERROR - Erro linha 620: column "id_processo_tributario" does not exist
LINE 1: SELECT id_processo_tributario FROM processo_tributario WHERE...
               ^

2025-12-18 13:16:54,967 - ERROR - Erro linha 29: column "id_processo_tributario" does not exist
LINE 1: SELECT id_processo_tributario FROM processo_tributario WHERE...
               ^

2025-12-18 13:16:55,095 - ERROR - Erro linha 621: column "id_processo_tributario" does not exist
LINE 1: SELECT id_processo_tributario FROM processo_tributario WHERE...
               ^

2025-12-18 13:16:55,903 - ERROR - Erro linha 30: column "id_processo_tributario" does not exist
LINE 1: SELECT id_processo_tributario FROM processo_tributario WHERE...
               ^

2025-12-18 13:16:55,923 - ERROR - Erro linha 622: column "id_processo_tributario" does not exist
LINE 1: SELECT id_processo_tributario FROM processo_tributario WHERE...
               ^

2025-12-18 13:16:56,850 - ERROR - Erro linha 31: column "id_processo_tributario" does not exist
LINE 1: SELECT id_processo_tributario FROM processo_tributario WHERE...
               ^

2025-12-18 13:16:57,791 - ERROR - Erro linha 32: column "id_processo_tributario" does not exist
LINE 1: SELECT id_processo_tributario FROM processo_tributario WHERE...
               ^

2025-12-18 13:16:58,726 - ERROR - Erro linha 33: column "id_processo_tributario" does not exist
LINE 1: SELECT id_processo_tributario FROM processo_tributario WHERE...
               ^

2025-12-18 13:16:59,518 - ERROR - Erro linha 627: column "id_processo_tributario" does not exist
LINE 1: SELECT id_processo_tributario FROM processo_tributario WHERE...
               ^

2025-12-18 13:16:59,666 - ERROR - Erro linha 34: column "id_processo_tributario" does not exist
LINE 1: SELECT id_processo_tributario FROM processo_tributario WHERE...
               ^

2025-12-18 13:17:00,346 - ERROR - Erro linha 628: column "id_processo_tributario" does not exist
LINE 1: SELECT id_processo_tributario FROM processo_tributario WHERE...
               ^

2025-12-18 13:17:00,606 - ERROR - Erro linha 35: column "id_processo_tributario" does not exist
LINE 1: SELECT id_processo_tributario FROM processo_tributario WHERE...
               ^

2025-12-18 13:17:01,173 - ERROR - Erro linha 629: column "id_processo_tributario" does not exist
LINE 1: SELECT id_processo_tributario FROM processo_tributario WHERE...
               ^

2025-12-18 13:17:01,540 - ERROR - Erro linha 36: column "id_processo_tributario" does not exist
LINE 1: SELECT id_processo_tributario FROM processo_tributario WHERE...
               ^

2025-12-18 13:17:01,999 - ERROR - Erro linha 630: column "id_processo_tributario" does not exist
LINE 1: SELECT id_processo_tributario FROM processo_tributario WHERE...
               ^

2025-12-18 13:17:02,474 - ERROR - Erro linha 37: column "id_processo_tributario" does not exist
LINE 1: SELECT id_processo_tributario FROM processo_tributario WHERE...
               ^

2025-12-18 13:17:02,824 - ERROR - Erro linha 631: column "id_processo_tributario" does not exist
LINE 1: SELECT id_processo_tributario FROM processo_tributario WHERE...
               ^

2025-12-18 13:17:03,408 - ERROR - Erro linha 38: column "id_processo_tributario" does not exist
LINE 1: SELECT id_processo_tributario FROM processo_tributario WHERE...
               ^

2025-12-18 13:17:03,652 - ERROR - Erro linha 632: column "id_processo_tributario" does not exist
LINE 1: SELECT id_processo_tributario FROM processo_tributario WHERE...
               ^

2025-12-18 13:17:04,339 - ERROR - Erro linha 39: column "id_processo_tributario" does not exist
LINE 1: SELECT id_processo_tributario FROM processo_tributario WHERE...
               ^

2025-12-18 13:17:04,477 - ERROR - Erro linha 633: column "id_processo_tributario" does not exist
LINE 1: SELECT id_processo_tributario FROM processo_tributario WHERE...
               ^

2025-12-18 13:17:05,279 - ERROR - Erro linha 40: column "id_processo_tributario" does not exist
LINE 1: SELECT id_processo_tributario FROM processo_tributario WHERE...
               ^

2025-12-18 13:17:05,308 - ERROR - Erro linha 634: column "id_processo_tributario" does not exist
LINE 1: SELECT id_processo_tributario FROM processo_tributario WHERE...
               ^

2025-12-18 13:17:06,210 - ERROR - Erro linha 41: column "id_processo_tributario" does not exist
LINE 1: SELECT id_processo_tributario FROM processo_tributario WHERE...
               ^

2025-12-18 13:17:07,145 - ERROR - Erro linha 42: column "id_processo_tributario" does not exist
LINE 1: SELECT id_processo_tributario FROM processo_tributario WHERE...
               ^

2025-12-18 13:17:07,511 - ERROR - Erro linha 637: column "id_processo_tributario" does not exist
LINE 1: SELECT id_processo_tributario FROM processo_tributario WHERE...
               ^

2025-12-18 13:17:08,082 - ERROR - Erro linha 43: column "id_processo_tributario" does not exist
LINE 1: SELECT id_processo_tributario FROM processo_tributario WHERE...
               ^

2025-12-18 13:17:09,014 - ERROR - Erro linha 44: column "id_processo_tributario" does not exist
LINE 1: SELECT id_processo_tributario FROM processo_tributario WHERE...
               ^

2025-12-18 13:17:09,040 - ERROR - Erro linha 639: column "id_processo_tributario" does not exist
LINE 1: SELECT id_processo_tributario FROM processo_tributario WHERE...
               ^

2025-12-18 13:17:09,864 - ERROR - Erro linha 640: column "id_processo_tributario" does not exist
LINE 1: SELECT id_processo_tributario FROM processo_tributario WHERE...
               ^

2025-12-18 13:17:09,949 - ERROR - Erro linha 45: column "id_processo_tributario" does not exist
LINE 1: SELECT id_processo_tributario FROM processo_tributario WHERE...
               ^

2025-12-18 13:17:10,695 - ERROR - Erro linha 641: column "id_processo_tributario" does not exist
LINE 1: SELECT id_processo_tributario FROM processo_tributario WHERE...
               ^

2025-12-18 13:17:10,881 - ERROR - Erro linha 46: column "id_processo_tributario" does not exist
LINE 1: SELECT id_processo_tributario FROM processo_tributario WHERE...
               ^

2025-12-18 13:17:11,815 - ERROR - Erro linha 47: column "id_processo_tributario" does not exist
LINE 1: SELECT id_processo_tributario FROM processo_tributario WHERE...
               ^

2025-12-18 13:17:12,751 - ERROR - Erro linha 48: column "id_processo_tributario" does not exist
LINE 1: SELECT id_processo_tributario FROM processo_tributario WHERE...
               ^

2025-12-18 13:17:12,894 - ERROR - Erro linha 644: column "id_processo_tributario" does not exist
LINE 1: SELECT id_processo_tributario FROM processo_tributario WHERE...
               ^

2025-12-18 13:17:13,686 - ERROR - Erro linha 49: column "id_processo_tributario" does not exist
LINE 1: SELECT id_processo_tributario FROM processo_tributario WHERE...
               ^

2025-12-18 13:17:13,723 - ERROR - Erro linha 645: column "id_processo_tributario" does not exist
LINE 1: SELECT id_processo_tributario FROM processo_tributario WHERE...
               ^

2025-12-18 13:17:14,550 - ERROR - Erro linha 646: column "id_processo_tributario" does not exist
LINE 1: SELECT id_processo_tributario FROM processo_tributario WHERE...
               ^

2025-12-18 13:17:14,618 - ERROR - Erro linha 50: column "id_processo_tributario" does not exist
LINE 1: SELECT id_processo_tributario FROM processo_tributario WHERE...
               ^

2025-12-18 13:17:15,377 - ERROR - Erro linha 647: column "id_processo_tributario" does not exist
LINE 1: SELECT id_processo_tributario FROM processo_tributario WHERE...
               ^

2025-12-18 13:17:15,553 - ERROR - Erro linha 51: column "id_processo_tributario" does not exist
LINE 1: SELECT id_processo_tributario FROM processo_tributario WHERE...
               ^

2025-12-18 13:17:16,202 - ERROR - Erro linha 648: column "id_processo_tributario" does not exist
LINE 1: SELECT id_processo_tributario FROM processo_tributario WHERE...
               ^

2025-12-18 13:17:16,484 - ERROR - Erro linha 52: column "id_processo_tributario" does not exist
LINE 1: SELECT id_processo_tributario FROM processo_tributario WHERE...
               ^

2025-12-18 13:17:17,033 - ERROR - Erro linha 649: column "id_processo_tributario" does not exist
LINE 1: SELECT id_processo_tributario FROM processo_tributario WHERE...
               ^

2025-12-18 13:17:17,415 - ERROR - Erro linha 53: column "id_processo_tributario" does not exist
LINE 1: SELECT id_processo_tributario FROM processo_tributario WHERE...
               ^

2025-12-18 13:17:17,862 - ERROR - Erro linha 650: column "id_processo_tributario" does not exist
LINE 1: SELECT id_processo_tributario FROM processo_tributario WHERE...
               ^

2025-12-18 13:17:18,347 - ERROR - Erro linha 54: column "id_processo_tributario" does not exist
LINE 1: SELECT id_processo_tributario FROM processo_tributario WHERE...
               ^

2025-12-18 13:17:18,695 - ERROR - Erro linha 651: column "id_processo_tributario" does not exist
LINE 1: SELECT id_processo_tributario FROM processo_tributario WHERE...
               ^

2025-12-18 13:17:19,281 - ERROR - Erro linha 55: column "id_processo_tributario" does not exist
LINE 1: SELECT id_processo_tributario FROM processo_tributario WHERE...
               ^

2025-12-18 13:17:19,522 - ERROR - Erro linha 652: column "id_processo_tributario" does not exist
LINE 1: SELECT id_processo_tributario FROM processo_tributario WHERE...
               ^

2025-12-18 13:17:20,217 - ERROR - Erro linha 56: column "id_processo_tributario" does not exist
LINE 1: SELECT id_processo_tributario FROM processo_tributario WHERE...
               ^

2025-12-18 13:17:20,349 - ERROR - Erro linha 653: column "id_processo_tributario" does not exist
LINE 1: SELECT id_processo_tributario FROM processo_tributario WHERE...
               ^

2025-12-18 13:17:21,151 - ERROR - Erro linha 57: column "id_processo_tributario" does not exist
LINE 1: SELECT id_processo_tributario FROM processo_tributario WHERE...
               ^

2025-12-18 13:17:21,178 - ERROR - Erro linha 654: column "id_processo_tributario" does not exist
LINE 1: SELECT id_processo_tributario FROM processo_tributario WHERE...
               ^

2025-12-18 13:17:22,001 - ERROR - Erro linha 655: column "id_processo_tributario" does not exist
LINE 1: SELECT id_processo_tributario FROM processo_tributario WHERE...
               ^

2025-12-18 13:17:22,088 - ERROR - Erro linha 58: column "id_processo_tributario" does not exist
LINE 1: SELECT id_processo_tributario FROM processo_tributario WHERE...
               ^

2025-12-18 13:17:22,832 - ERROR - Erro linha 656: column "id_processo_tributario" does not exist
LINE 1: SELECT id_processo_tributario FROM processo_tributario WHERE...
               ^

2025-12-18 13:17:23,027 - ERROR - Erro linha 59: column "id_processo_tributario" does not exist
LINE 1: SELECT id_processo_tributario FROM processo_tributario WHERE...
               ^

2025-12-18 13:17:23,657 - ERROR - Erro linha 657: column "id_processo_tributario" does not exist
LINE 1: SELECT id_processo_tributario FROM processo_tributario WHERE...
               ^

2025-12-18 13:17:23,968 - ERROR - Erro linha 60: column "id_processo_tributario" does not exist
LINE 1: SELECT id_processo_tributario FROM processo_tributario WHERE...
               ^

2025-12-18 13:17:24,497 - ERROR - Erro linha 658: column "id_processo_tributario" does not exist
LINE 1: SELECT id_processo_tributario FROM processo_tributario WHERE...
               ^

2025-12-18 13:17:24,918 - ERROR - Erro linha 61: column "id_processo_tributario" does not exist
LINE 1: SELECT id_processo_tributario FROM processo_tributario WHERE...
               ^

2025-12-18 13:17:25,323 - ERROR - Erro linha 659: column "id_processo_tributario" does not exist
LINE 1: SELECT id_processo_tributario FROM processo_tributario WHERE...
               ^

2025-12-18 13:17:25,863 - ERROR - Erro linha 62: column "id_processo_tributario" does not exist
LINE 1: SELECT id_processo_tributario FROM processo_tributario WHERE...
               ^

2025-12-18 13:17:26,150 - ERROR - Erro linha 660: column "id_processo_tributario" does not exist
LINE 1: SELECT id_processo_tributario FROM processo_tributario WHERE...
               ^

2025-12-18 13:17:26,822 - ERROR - Erro linha 63: column "id_processo_tributario" does not exist
LINE 1: SELECT id_processo_tributario FROM processo_tributario WHERE...
               ^

2025-12-18 13:17:27,783 - ERROR - Erro linha 64: column "id_processo_tributario" does not exist
LINE 1: SELECT id_processo_tributario FROM processo_tributario WHERE...
               ^

2025-12-18 13:17:28,734 - ERROR - Erro linha 65: column "id_processo_tributario" does not exist
LINE 1: SELECT id_processo_tributario FROM processo_tributario WHERE...
               ^

2025-12-18 13:17:29,043 - ERROR - Erro linha 664: column "id_processo_tributario" does not exist
LINE 1: SELECT id_processo_tributario FROM processo_tributario WHERE...
               ^

2025-12-18 13:17:29,667 - ERROR - Erro linha 66: column "id_processo_tributario" does not exist
LINE 1: SELECT id_processo_tributario FROM processo_tributario WHERE...
               ^

2025-12-18 13:17:30,567 - ERROR - Erro linha 666: column "id_processo_tributario" does not exist
LINE 1: SELECT id_processo_tributario FROM processo_tributario WHERE...
               ^

2025-12-18 13:17:30,596 - ERROR - Erro linha 67: column "id_processo_tributario" does not exist
LINE 1: SELECT id_processo_tributario FROM processo_tributario WHERE...
               ^

2025-12-18 13:17:31,530 - ERROR - Erro linha 68: column "id_processo_tributario" does not exist
LINE 1: SELECT id_processo_tributario FROM processo_tributario WHERE...
               ^

2025-12-18 13:17:32,083 - ERROR - Erro linha 668: column "id_processo_tributario" does not exist
LINE 1: SELECT id_processo_tributario FROM processo_tributario WHERE...
               ^

2025-12-18 13:17:32,458 - ERROR - Erro linha 69: column "id_processo_tributario" does not exist
LINE 1: SELECT id_processo_tributario FROM processo_tributario WHERE...
               ^

2025-12-18 13:17:32,912 - ERROR - Erro linha 669: column "id_processo_tributario" does not exist
LINE 1: SELECT id_processo_tributario FROM processo_tributario WHERE...
               ^

2025-12-18 13:17:33,401 - ERROR - Erro linha 70: column "id_processo_tributario" does not exist
LINE 1: SELECT id_processo_tributario FROM processo_tributario WHERE...
               ^

2025-12-18 13:17:34,329 - ERROR - Erro linha 71: column "id_processo_tributario" does not exist
LINE 1: SELECT id_processo_tributario FROM processo_tributario WHERE...
               ^

2025-12-18 13:17:35,265 - ERROR - Erro linha 72: column "id_processo_tributario" does not exist
LINE 1: SELECT id_processo_tributario FROM processo_tributario WHERE...
               ^

2025-12-18 13:17:35,805 - ERROR - Erro linha 673: column "id_processo_tributario" does not exist
LINE 1: SELECT id_processo_tributario FROM processo_tributario WHERE...
               ^

2025-12-18 13:17:36,208 - ERROR - Erro linha 73: column "id_processo_tributario" does not exist
LINE 1: SELECT id_processo_tributario FROM processo_tributario WHERE...
               ^

2025-12-18 13:17:36,639 - ERROR - Erro linha 674: column "id_processo_tributario" does not exist
LINE 1: SELECT id_processo_tributario FROM processo_tributario WHERE...
               ^

2025-12-18 13:17:37,142 - ERROR - Erro linha 74: column "id_processo_tributario" does not exist
LINE 1: SELECT id_processo_tributario FROM processo_tributario WHERE...
               ^

2025-12-18 13:17:37,463 - ERROR - Erro linha 675: column "id_processo_tributario" does not exist
LINE 1: SELECT id_processo_tributario FROM processo_tributario WHERE...
               ^

2025-12-18 13:17:38,071 - ERROR - Erro linha 75: column "id_processo_tributario" does not exist
LINE 1: SELECT id_processo_tributario FROM processo_tributario WHERE...
               ^

2025-12-18 13:17:38,295 - ERROR - Erro linha 676: column "id_processo_tributario" does not exist
LINE 1: SELECT id_processo_tributario FROM processo_tributario WHERE...
               ^

2025-12-18 13:17:39,008 - ERROR - Erro linha 76: column "id_processo_tributario" does not exist
LINE 1: SELECT id_processo_tributario FROM processo_tributario WHERE...
               ^

2025-12-18 13:17:39,122 - ERROR - Erro linha 677: column "id_processo_tributario" does not exist
LINE 1: SELECT id_processo_tributario FROM processo_tributario WHERE...
               ^

2025-12-18 13:17:39,946 - ERROR - Erro linha 678: column "id_processo_tributario" does not exist
LINE 1: SELECT id_processo_tributario FROM processo_tributario WHERE...
               ^

2025-12-18 13:17:39,964 - ERROR - Erro linha 77: column "id_processo_tributario" does not exist
LINE 1: SELECT id_processo_tributario FROM processo_tributario WHERE...
               ^

2025-12-18 13:17:40,775 - ERROR - Erro linha 679: column "id_processo_tributario" does not exist
LINE 1: SELECT id_processo_tributario FROM processo_tributario WHERE...
               ^

2025-12-18 13:17:40,897 - ERROR - Erro linha 78: column "id_processo_tributario" does not exist
LINE 1: SELECT id_processo_tributario FROM processo_tributario WHERE...
               ^

2025-12-18 13:17:41,603 - ERROR - Erro linha 680: column "id_processo_tributario" does not exist
LINE 1: SELECT id_processo_tributario FROM processo_tributario WHERE...
               ^

2025-12-18 13:17:41,833 - ERROR - Erro linha 79: column "id_processo_tributario" does not exist
LINE 1: SELECT id_processo_tributario FROM processo_tributario WHERE...
               ^

2025-12-18 13:17:42,428 - ERROR - Erro linha 681: column "id_processo_tributario" does not exist
LINE 1: SELECT id_processo_tributario FROM processo_tributario WHERE...
               ^

2025-12-18 13:17:42,767 - ERROR - Erro linha 80: column "id_processo_tributario" does not exist
LINE 1: SELECT id_processo_tributario FROM processo_tributario WHERE...
               ^

2025-12-18 13:17:43,738 - ERROR - Erro linha 81: column "id_processo_tributario" does not exist
LINE 1: SELECT id_processo_tributario FROM processo_tributario WHERE...
               ^

2025-12-18 13:17:43,946 - ERROR - Erro linha 683: column "id_processo_tributario" does not exist
LINE 1: SELECT id_processo_tributario FROM processo_tributario WHERE...
               ^

2025-12-18 13:17:44,679 - ERROR - Erro linha 82: column "id_processo_tributario" does not exist
LINE 1: SELECT id_processo_tributario FROM processo_tributario WHERE...
               ^

2025-12-18 13:17:44,774 - ERROR - Erro linha 684: column "id_processo_tributario" does not exist
LINE 1: SELECT id_processo_tributario FROM processo_tributario WHERE...
               ^

2025-12-18 13:17:45,599 - ERROR - Erro linha 685: column "id_processo_tributario" does not exist
LINE 1: SELECT id_processo_tributario FROM processo_tributario WHERE...
               ^

2025-12-18 13:17:45,613 - ERROR - Erro linha 83: column "id_processo_tributario" does not exist
LINE 1: SELECT id_processo_tributario FROM processo_tributario WHERE...
               ^

2025-12-18 13:17:46,555 - ERROR - Erro linha 84: column "id_processo_tributario" does not exist
LINE 1: SELECT id_processo_tributario FROM processo_tributario WHERE...
               ^

2025-12-18 13:17:47,116 - ERROR - Erro linha 687: column "id_processo_tributario" does not exist
LINE 1: SELECT id_processo_tributario FROM processo_tributario WHERE...
               ^

2025-12-18 13:17:47,488 - ERROR - Erro linha 85: column "id_processo_tributario" does not exist
LINE 1: SELECT id_processo_tributario FROM processo_tributario WHERE...
               ^

2025-12-18 13:17:48,425 - ERROR - Erro linha 86: column "id_processo_tributario" does not exist
LINE 1: SELECT id_processo_tributario FROM processo_tributario WHERE...
               ^

2025-12-18 13:17:48,629 - ERROR - Erro linha 689: column "id_processo_tributario" does not exist
LINE 1: SELECT id_processo_tributario FROM processo_tributario WHERE...
               ^

2025-12-18 13:17:49,358 - ERROR - Erro linha 87: column "id_processo_tributario" does not exist
LINE 1: SELECT id_processo_tributario FROM processo_tributario WHERE...
               ^

2025-12-18 13:17:50,153 - ERROR - Erro linha 691: column "id_processo_tributario" does not exist
LINE 1: SELECT id_processo_tributario FROM processo_tributario WHERE...
               ^

2025-12-18 13:17:50,303 - ERROR - Erro linha 88: column "id_processo_tributario" does not exist
LINE 1: SELECT id_processo_tributario FROM processo_tributario WHERE...
               ^

2025-12-18 13:17:50,981 - ERROR - Erro linha 692: column "id_processo_tributario" does not exist
LINE 1: SELECT id_processo_tributario FROM processo_tributario WHERE...
               ^

2025-12-18 13:17:51,237 - ERROR - Erro linha 89: column "id_processo_tributario" does not exist
LINE 1: SELECT id_processo_tributario FROM processo_tributario WHERE...
               ^

2025-12-18 13:17:52,168 - ERROR - Erro linha 90: column "id_processo_tributario" does not exist
LINE 1: SELECT id_processo_tributario FROM processo_tributario WHERE...
               ^

2025-12-18 13:17:53,098 - ERROR - Erro linha 91: column "id_processo_tributario" does not exist
LINE 1: SELECT id_processo_tributario FROM processo_tributario WHERE...
               ^

2025-12-18 13:17:53,878 - ERROR - Erro linha 696: column "id_processo_tributario" does not exist
LINE 1: SELECT id_processo_tributario FROM processo_tributario WHERE...
               ^

2025-12-18 13:17:54,027 - ERROR - Erro linha 92: column "id_processo_tributario" does not exist
LINE 1: SELECT id_processo_tributario FROM processo_tributario WHERE...
               ^

2025-12-18 13:17:54,701 - ERROR - Erro linha 697: column "id_processo_tributario" does not exist
LINE 1: SELECT id_processo_tributario FROM processo_tributario WHERE...
               ^

2025-12-18 13:17:54,962 - ERROR - Erro linha 93: column "id_processo_tributario" does not exist
LINE 1: SELECT id_processo_tributario FROM processo_tributario WHERE...
               ^

2025-12-18 13:17:55,527 - ERROR - Erro linha 698: column "id_processo_tributario" does not exist
LINE 1: SELECT id_processo_tributario FROM processo_tributario WHERE...
               ^

2025-12-18 13:17:55,893 - ERROR - Erro linha 94: column "id_processo_tributario" does not exist
LINE 1: SELECT id_processo_tributario FROM processo_tributario WHERE...
               ^

2025-12-18 13:17:56,828 - ERROR - Erro linha 95: column "id_processo_tributario" does not exist
LINE 1: SELECT id_processo_tributario FROM processo_tributario WHERE...
               ^

2025-12-18 13:17:57,759 - ERROR - Erro linha 96: column "id_processo_tributario" does not exist
LINE 1: SELECT id_processo_tributario FROM processo_tributario WHERE...
               ^

2025-12-18 13:17:58,690 - ERROR - Erro linha 97: column "id_processo_tributario" does not exist
LINE 1: SELECT id_processo_tributario FROM processo_tributario WHERE...
               ^

2025-12-18 13:17:59,622 - ERROR - Erro linha 98: column "id_processo_tributario" does not exist
LINE 1: SELECT id_processo_tributario FROM processo_tributario WHERE...
               ^

2025-12-18 13:18:00,130 - ERROR - Erro linha 704: column "id_processo_tributario" does not exist
LINE 1: SELECT id_processo_tributario FROM processo_tributario WHERE...
               ^

2025-12-18 13:18:00,557 - ERROR - Erro linha 99: column "id_processo_tributario" does not exist
LINE 1: SELECT id_processo_tributario FROM processo_tributario WHERE...
               ^

2025-12-18 13:18:00,957 - ERROR - Erro linha 705: column "id_processo_tributario" does not exist
LINE 1: SELECT id_processo_tributario FROM processo_tributario WHERE...
               ^

2025-12-18 13:18:01,485 - ERROR - Erro linha 100: column "id_processo_tributario" does not exist
LINE 1: SELECT id_processo_tributario FROM processo_tributario WHERE...
               ^

2025-12-18 13:18:01,782 - ERROR - Erro linha 706: column "id_processo_tributario" does not exist
LINE 1: SELECT id_processo_tributario FROM processo_tributario WHERE...
               ^

2025-12-18 13:18:02,419 - ERROR - Erro linha 101: column "id_processo_tributario" does not exist
LINE 1: SELECT id_processo_tributario FROM processo_tributario WHERE...
               ^

2025-12-18 13:18:03,351 - ERROR - Erro linha 102: column "id_processo_tributario" does not exist
LINE 1: SELECT id_processo_tributario FROM processo_tributario WHERE...
               ^

2025-12-18 13:18:04,293 - ERROR - Erro linha 103: column "id_processo_tributario" does not exist
LINE 1: SELECT id_processo_tributario FROM processo_tributario WHERE...
               ^

2025-12-18 13:18:04,678 - ERROR - Erro linha 710: column "id_processo_tributario" does not exist
LINE 1: SELECT id_processo_tributario FROM processo_tributario WHERE...
               ^

2025-12-18 13:18:05,233 - ERROR - Erro linha 104: column "id_processo_tributario" does not exist
LINE 1: SELECT id_processo_tributario FROM processo_tributario WHERE...
               ^

2025-12-18 13:18:05,505 - ERROR - Erro linha 711: column "id_processo_tributario" does not exist
LINE 1: SELECT id_processo_tributario FROM processo_tributario WHERE...
               ^

2025-12-18 13:18:06,168 - ERROR - Erro linha 105: column "id_processo_tributario" does not exist
LINE 1: SELECT id_processo_tributario FROM processo_tributario WHERE...
               ^

2025-12-18 13:18:06,333 - ERROR - Erro linha 712: column "id_processo_tributario" does not exist
LINE 1: SELECT id_processo_tributario FROM processo_tributario WHERE...
               ^

2025-12-18 13:18:07,101 - ERROR - Erro linha 106: column "id_processo_tributario" does not exist
LINE 1: SELECT id_processo_tributario FROM processo_tributario WHERE...
               ^

2025-12-18 13:18:08,031 - ERROR - Erro linha 107: column "id_processo_tributario" does not exist
LINE 1: SELECT id_processo_tributario FROM processo_tributario WHERE...
               ^

2025-12-18 13:18:08,957 - ERROR - Erro linha 108: column "id_processo_tributario" does not exist
LINE 1: SELECT id_processo_tributario FROM processo_tributario WHERE...
               ^

2025-12-18 13:18:09,892 - ERROR - Erro linha 109: column "id_processo_tributario" does not exist
LINE 1: SELECT id_processo_tributario FROM processo_tributario WHERE...
               ^

2025-12-18 13:18:10,822 - ERROR - Erro linha 110: column "id_processo_tributario" does not exist
LINE 1: SELECT id_processo_tributario FROM processo_tributario WHERE...
               ^

2025-12-18 13:18:11,749 - ERROR - Erro linha 111: column "id_processo_tributario" does not exist
LINE 1: SELECT id_processo_tributario FROM processo_tributario WHERE...
               ^

2025-12-18 13:18:12,678 - ERROR - Erro linha 112: column "id_processo_tributario" does not exist
LINE 1: SELECT id_processo_tributario FROM processo_tributario WHERE...
               ^

2025-12-18 13:18:12,683 - ERROR - Erro linha 721: column "id_processo_tributario" does not exist
LINE 1: SELECT id_processo_tributario FROM processo_tributario WHERE...
               ^

2025-12-18 13:18:13,507 - ERROR - Erro linha 722: column "id_processo_tributario" does not exist
LINE 1: SELECT id_processo_tributario FROM processo_tributario WHERE...
               ^

2025-12-18 13:18:13,615 - ERROR - Erro linha 113: column "id_processo_tributario" does not exist
LINE 1: SELECT id_processo_tributario FROM processo_tributario WHERE...
               ^

2025-12-18 13:18:14,332 - ERROR - Erro linha 723: column "id_processo_tributario" does not exist
LINE 1: SELECT id_processo_tributario FROM processo_tributario WHERE...
               ^

2025-12-18 13:18:14,547 - ERROR - Erro linha 114: column "id_processo_tributario" does not exist
LINE 1: SELECT id_processo_tributario FROM processo_tributario WHERE...
               ^

2025-12-18 13:18:15,164 - ERROR - Erro linha 724: column "id_processo_tributario" does not exist
LINE 1: SELECT id_processo_tributario FROM processo_tributario WHERE...
               ^

2025-12-18 13:18:15,481 - ERROR - Erro linha 115: column "id_processo_tributario" does not exist
LINE 1: SELECT id_processo_tributario FROM processo_tributario WHERE...
               ^

2025-12-18 13:18:15,996 - ERROR - Erro linha 725: column "id_processo_tributario" does not exist
LINE 1: SELECT id_processo_tributario FROM processo_tributario WHERE...
               ^

2025-12-18 13:18:16,413 - ERROR - Erro linha 116: column "id_processo_tributario" does not exist
LINE 1: SELECT id_processo_tributario FROM processo_tributario WHERE...
               ^

2025-12-18 13:18:16,824 - ERROR - Erro linha 726: column "id_processo_tributario" does not exist
LINE 1: SELECT id_processo_tributario FROM processo_tributario WHERE...
               ^

2025-12-18 13:18:17,345 - ERROR - Erro linha 117: column "id_processo_tributario" does not exist
LINE 1: SELECT id_processo_tributario FROM processo_tributario WHERE...
               ^

2025-12-18 13:18:18,274 - ERROR - Erro linha 118: column "id_processo_tributario" does not exist
LINE 1: SELECT id_processo_tributario FROM processo_tributario WHERE...
               ^

2025-12-18 13:18:19,034 - ERROR - Erro linha 729: column "id_processo_tributario" does not exist
LINE 1: SELECT id_processo_tributario FROM processo_tributario WHERE...
               ^

2025-12-18 13:18:19,203 - ERROR - Erro linha 119: column "id_processo_tributario" does not exist
LINE 1: SELECT id_processo_tributario FROM processo_tributario WHERE...
               ^

2025-12-18 13:18:20,135 - ERROR - Erro linha 120: column "id_processo_tributario" does not exist
LINE 1: SELECT id_processo_tributario FROM processo_tributario WHERE...
               ^

2025-12-18 13:18:20,548 - ERROR - Erro linha 731: column "id_processo_tributario" does not exist
LINE 1: SELECT id_processo_tributario FROM processo_tributario WHERE...
               ^

2025-12-18 13:18:21,066 - ERROR - Erro linha 121: column "id_processo_tributario" does not exist
LINE 1: SELECT id_processo_tributario FROM processo_tributario WHERE...
               ^

2025-12-18 13:18:21,372 - ERROR - Erro linha 732: column "id_processo_tributario" does not exist
LINE 1: SELECT id_processo_tributario FROM processo_tributario WHERE...
               ^

2025-12-18 13:18:21,994 - ERROR - Erro linha 122: column "id_processo_tributario" does not exist
LINE 1: SELECT id_processo_tributario FROM processo_tributario WHERE...
               ^

2025-12-18 13:18:22,197 - ERROR - Erro linha 733: column "id_processo_tributario" does not exist
LINE 1: SELECT id_processo_tributario FROM processo_tributario WHERE...
               ^

2025-12-18 13:18:22,925 - ERROR - Erro linha 123: column "id_processo_tributario" does not exist
LINE 1: SELECT id_processo_tributario FROM processo_tributario WHERE...
               ^

2025-12-18 13:18:23,859 - ERROR - Erro linha 124: column "id_processo_tributario" does not exist
LINE 1: SELECT id_processo_tributario FROM processo_tributario WHERE...
               ^

2025-12-18 13:18:24,789 - ERROR - Erro linha 125: column "id_processo_tributario" does not exist
LINE 1: SELECT id_processo_tributario FROM processo_tributario WHERE...
               ^

2025-12-18 13:18:25,722 - ERROR - Erro linha 126: column "id_processo_tributario" does not exist
LINE 1: SELECT id_processo_tributario FROM processo_tributario WHERE...
               ^

2025-12-18 13:18:25,790 - ERROR - Erro linha 738: column "id_processo_tributario" does not exist
LINE 1: SELECT id_processo_tributario FROM processo_tributario WHERE...
               ^

2025-12-18 13:18:26,653 - ERROR - Erro linha 127: column "id_processo_tributario" does not exist
LINE 1: SELECT id_processo_tributario FROM processo_tributario WHERE...
               ^

2025-12-18 13:18:27,605 - ERROR - Erro linha 128: column "id_processo_tributario" does not exist
LINE 1: SELECT id_processo_tributario FROM processo_tributario WHERE...
               ^

2025-12-18 13:18:27,990 - ERROR - Erro linha 741: column "id_processo_tributario" does not exist
LINE 1: SELECT id_processo_tributario FROM processo_tributario WHERE...
               ^

2025-12-18 13:18:28,548 - ERROR - Erro linha 129: column "id_processo_tributario" does not exist
LINE 1: SELECT id_processo_tributario FROM processo_tributario WHERE...
               ^

2025-12-18 13:18:29,478 - ERROR - Erro linha 130: column "id_processo_tributario" does not exist
LINE 1: SELECT id_processo_tributario FROM processo_tributario WHERE...
               ^

2025-12-18 13:18:30,411 - ERROR - Erro linha 131: column "id_processo_tributario" does not exist
LINE 1: SELECT id_processo_tributario FROM processo_tributario WHERE...
               ^

2025-12-18 13:18:30,890 - ERROR - Erro linha 745: column "id_processo_tributario" does not exist
LINE 1: SELECT id_processo_tributario FROM processo_tributario WHERE...
               ^

2025-12-18 13:18:31,342 - ERROR - Erro linha 132: column "id_processo_tributario" does not exist
LINE 1: SELECT id_processo_tributario FROM processo_tributario WHERE...
               ^

2025-12-18 13:18:32,276 - ERROR - Erro linha 133: column "id_processo_tributario" does not exist
LINE 1: SELECT id_processo_tributario FROM processo_tributario WHERE...
               ^

2025-12-18 13:18:33,208 - ERROR - Erro linha 134: column "id_processo_tributario" does not exist
LINE 1: SELECT id_processo_tributario FROM processo_tributario WHERE...
               ^

2025-12-18 13:18:34,139 - ERROR - Erro linha 135: column "id_processo_tributario" does not exist
LINE 1: SELECT id_processo_tributario FROM processo_tributario WHERE...
               ^

2025-12-18 13:18:35,073 - ERROR - Erro linha 136: column "id_processo_tributario" does not exist
LINE 1: SELECT id_processo_tributario FROM processo_tributario WHERE...
               ^

2025-12-18 13:18:36,006 - ERROR - Erro linha 137: column "id_processo_tributario" does not exist
LINE 1: SELECT id_processo_tributario FROM processo_tributario WHERE...
               ^

2025-12-18 13:18:36,532 - ERROR - Erro linha 753: column "id_processo_tributario" does not exist
LINE 1: SELECT id_processo_tributario FROM processo_tributario WHERE...
               ^

2025-12-18 13:18:36,942 - ERROR - Erro linha 138: column "id_processo_tributario" does not exist
LINE 1: SELECT id_processo_tributario FROM processo_tributario WHERE...
               ^

2025-12-18 13:18:37,874 - ERROR - Erro linha 139: column "id_processo_tributario" does not exist
LINE 1: SELECT id_processo_tributario FROM processo_tributario WHERE...
               ^

2025-12-18 13:18:38,733 - ERROR - Erro linha 756: column "id_processo_tributario" does not exist
LINE 1: SELECT id_processo_tributario FROM processo_tributario WHERE...
               ^

2025-12-18 13:18:38,807 - ERROR - Erro linha 140: column "id_processo_tributario" does not exist
LINE 1: SELECT id_processo_tributario FROM processo_tributario WHERE...
               ^

2025-12-18 13:18:39,738 - ERROR - Erro linha 141: column "id_processo_tributario" does not exist
LINE 1: SELECT id_processo_tributario FROM processo_tributario WHERE...
               ^

2025-12-18 13:18:40,673 - ERROR - Erro linha 142: column "id_processo_tributario" does not exist
LINE 1: SELECT id_processo_tributario FROM processo_tributario WHERE...
               ^

2025-12-18 13:18:41,603 - ERROR - Erro linha 143: column "id_processo_tributario" does not exist
LINE 1: SELECT id_processo_tributario FROM processo_tributario WHERE...
               ^

2025-12-18 13:18:41,618 - ERROR - Erro linha 760: column "id_processo_tributario" does not exist
LINE 1: SELECT id_processo_tributario FROM processo_tributario WHERE...
               ^

2025-12-18 13:18:42,445 - ERROR - Erro linha 761: column "id_processo_tributario" does not exist
LINE 1: SELECT id_processo_tributario FROM processo_tributario WHERE...
               ^

2025-12-18 13:18:42,535 - ERROR - Erro linha 144: column "id_processo_tributario" does not exist
LINE 1: SELECT id_processo_tributario FROM processo_tributario WHERE...
               ^

2025-12-18 13:18:43,271 - ERROR - Erro linha 762: column "id_processo_tributario" does not exist
LINE 1: SELECT id_processo_tributario FROM processo_tributario WHERE...
               ^

2025-12-18 13:18:43,470 - ERROR - Erro linha 145: column "id_processo_tributario" does not exist
LINE 1: SELECT id_processo_tributario FROM processo_tributario WHERE...
               ^

2025-12-18 13:18:44,106 - ERROR - Erro linha 763: column "id_processo_tributario" does not exist
LINE 1: SELECT id_processo_tributario FROM processo_tributario WHERE...
               ^

2025-12-18 13:18:44,400 - ERROR - Erro linha 146: column "id_processo_tributario" does not exist
LINE 1: SELECT id_processo_tributario FROM processo_tributario WHERE...
               ^

2025-12-18 13:18:45,332 - ERROR - Erro linha 147: column "id_processo_tributario" does not exist
LINE 1: SELECT id_processo_tributario FROM processo_tributario WHERE...
               ^

2025-12-18 13:18:46,259 - ERROR - Erro linha 148: column "id_processo_tributario" does not exist
LINE 1: SELECT id_processo_tributario FROM processo_tributario WHERE...
               ^

2025-12-18 13:18:46,306 - ERROR - Erro linha 766: column "id_processo_tributario" does not exist
LINE 1: SELECT id_processo_tributario FROM processo_tributario WHERE...
               ^

2025-12-18 13:18:47,963 - ERROR - Erro linha 150: column "id_processo_tributario" does not exist
LINE 1: SELECT id_processo_tributario FROM processo_tributario WHERE...
               ^

2025-12-18 13:18:49,675 - ERROR - Erro linha 152: column "id_processo_tributario" does not exist
LINE 1: SELECT id_processo_tributario FROM processo_tributario WHERE...
               ^

2025-12-18 13:18:49,886 - ERROR - Erro linha 771: column "id_processo_tributario" does not exist
LINE 1: SELECT id_processo_tributario FROM processo_tributario WHERE...
               ^

2025-12-18 13:18:50,606 - ERROR - Erro linha 153: column "id_processo_tributario" does not exist
LINE 1: SELECT id_processo_tributario FROM processo_tributario WHERE...
               ^

2025-12-18 13:18:52,094 - ERROR - Erro linha 774: column "id_processo_tributario" does not exist
LINE 1: SELECT id_processo_tributario FROM processo_tributario WHERE...
               ^

2025-12-18 13:18:52,926 - ERROR - Erro linha 775: column "id_processo_tributario" does not exist
LINE 1: SELECT id_processo_tributario FROM processo_tributario WHERE...
               ^

2025-12-18 13:18:53,090 - ERROR - Erro linha 156: column "id_processo_tributario" does not exist
LINE 1: SELECT id_processo_tributario FROM processo_tributario WHERE...
               ^

2025-12-18 13:18:53,765 - ERROR - Erro linha 776: column "id_processo_tributario" does not exist
LINE 1: SELECT id_processo_tributario FROM processo_tributario WHERE...
               ^

2025-12-18 13:18:54,019 - ERROR - Erro linha 157: column "id_processo_tributario" does not exist
LINE 1: SELECT id_processo_tributario FROM processo_tributario WHERE...
               ^

2025-12-18 13:18:54,955 - ERROR - Erro linha 158: column "id_processo_tributario" does not exist
LINE 1: SELECT id_processo_tributario FROM processo_tributario WHERE...
               ^

2025-12-18 13:18:55,889 - ERROR - Erro linha 159: column "id_processo_tributario" does not exist
LINE 1: SELECT id_processo_tributario FROM processo_tributario WHERE...
               ^

2025-12-18 13:18:56,666 - ERROR - Erro linha 780: column "id_processo_tributario" does not exist
LINE 1: SELECT id_processo_tributario FROM processo_tributario WHERE...
               ^

2025-12-18 13:18:56,825 - ERROR - Erro linha 160: column "id_processo_tributario" does not exist
LINE 1: SELECT id_processo_tributario FROM processo_tributario WHERE...
               ^

2025-12-18 13:18:57,491 - ERROR - Erro linha 781: column "id_processo_tributario" does not exist
LINE 1: SELECT id_processo_tributario FROM processo_tributario WHERE...
               ^

2025-12-18 13:18:57,769 - ERROR - Erro linha 161: column "id_processo_tributario" does not exist
LINE 1: SELECT id_processo_tributario FROM processo_tributario WHERE...
               ^

2025-12-18 13:18:58,317 - ERROR - Erro linha 782: column "id_processo_tributario" does not exist
LINE 1: SELECT id_processo_tributario FROM processo_tributario WHERE...
               ^

2025-12-18 13:18:58,705 - ERROR - Erro linha 162: column "id_processo_tributario" does not exist
LINE 1: SELECT id_processo_tributario FROM processo_tributario WHERE...
               ^

2025-12-18 13:18:59,649 - ERROR - Erro linha 163: column "id_processo_tributario" does not exist
LINE 1: SELECT id_processo_tributario FROM processo_tributario WHERE...
               ^

2025-12-18 13:19:00,577 - ERROR - Erro linha 164: column "id_processo_tributario" does not exist
LINE 1: SELECT id_processo_tributario FROM processo_tributario WHERE...
               ^

2025-12-18 13:19:01,508 - ERROR - Erro linha 165: column "id_processo_tributario" does not exist
LINE 1: SELECT id_processo_tributario FROM processo_tributario WHERE...
               ^

2025-12-18 13:19:02,434 - ERROR - Erro linha 166: column "id_processo_tributario" does not exist
LINE 1: SELECT id_processo_tributario FROM processo_tributario WHERE...
               ^

2025-12-18 13:19:03,256 - ERROR - Erro linha 789: column "id_processo_tributario" does not exist
LINE 1: SELECT id_processo_tributario FROM processo_tributario WHERE...
               ^

2025-12-18 13:19:03,378 - ERROR - Erro linha 167: column "id_processo_tributario" does not exist
LINE 1: SELECT id_processo_tributario FROM processo_tributario WHERE...
               ^

2025-12-18 13:19:04,305 - ERROR - Erro linha 168: column "id_processo_tributario" does not exist
LINE 1: SELECT id_processo_tributario FROM processo_tributario WHERE...
               ^

2025-12-18 13:19:05,232 - ERROR - Erro linha 169: column "id_processo_tributario" does not exist
LINE 1: SELECT id_processo_tributario FROM processo_tributario WHERE...
               ^

2025-12-18 13:19:05,459 - ERROR - Erro linha 792: column "id_processo_tributario" does not exist
LINE 1: SELECT id_processo_tributario FROM processo_tributario WHERE...
               ^

2025-12-18 13:19:06,162 - ERROR - Erro linha 170: column "id_processo_tributario" does not exist
LINE 1: SELECT id_processo_tributario FROM processo_tributario WHERE...
               ^

2025-12-18 13:19:06,285 - ERROR - Erro linha 793: column "id_processo_tributario" does not exist
LINE 1: SELECT id_processo_tributario FROM processo_tributario WHERE...
               ^

2025-12-18 13:19:07,091 - ERROR - Erro linha 171: column "id_processo_tributario" does not exist
LINE 1: SELECT id_processo_tributario FROM processo_tributario WHERE...
               ^

2025-12-18 13:19:07,110 - ERROR - Erro linha 794: column "id_processo_tributario" does not exist
LINE 1: SELECT id_processo_tributario FROM processo_tributario WHERE...
               ^

2025-12-18 13:19:07,955 - ERROR - Erro linha 795: column "id_processo_tributario" does not exist
LINE 1: SELECT id_processo_tributario FROM processo_tributario WHERE...
               ^

2025-12-18 13:19:08,041 - ERROR - Erro linha 172: column "id_processo_tributario" does not exist
LINE 1: SELECT id_processo_tributario FROM processo_tributario WHERE...
               ^

2025-12-18 13:19:08,779 - ERROR - Erro linha 796: column "id_processo_tributario" does not exist
LINE 1: SELECT id_processo_tributario FROM processo_tributario WHERE...
               ^

2025-12-18 13:19:08,971 - ERROR - Erro linha 173: column "id_processo_tributario" does not exist
LINE 1: SELECT id_processo_tributario FROM processo_tributario WHERE...
               ^

2025-12-18 13:19:09,898 - ERROR - Erro linha 174: column "id_processo_tributario" does not exist
LINE 1: SELECT id_processo_tributario FROM processo_tributario WHERE...
               ^

2025-12-18 13:19:10,828 - ERROR - Erro linha 175: column "id_processo_tributario" does not exist
LINE 1: SELECT id_processo_tributario FROM processo_tributario WHERE...
               ^

2025-12-18 13:19:11,755 - ERROR - Erro linha 176: column "id_processo_tributario" does not exist
LINE 1: SELECT id_processo_tributario FROM processo_tributario WHERE...
               ^

2025-12-18 13:19:12,686 - ERROR - Erro linha 177: column "id_processo_tributario" does not exist
LINE 1: SELECT id_processo_tributario FROM processo_tributario WHERE...
               ^

2025-12-18 13:19:13,639 - ERROR - Erro linha 178: column "id_processo_tributario" does not exist
LINE 1: SELECT id_processo_tributario FROM processo_tributario WHERE...
               ^

2025-12-18 13:19:14,599 - ERROR - Erro linha 179: column "id_processo_tributario" does not exist
LINE 1: SELECT id_processo_tributario FROM processo_tributario WHERE...
               ^

2025-12-18 13:19:15,551 - ERROR - Erro linha 180: column "id_processo_tributario" does not exist
LINE 1: SELECT id_processo_tributario FROM processo_tributario WHERE...
               ^

2025-12-18 13:19:16,501 - ERROR - Erro linha 181: column "id_processo_tributario" does not exist
LINE 1: SELECT id_processo_tributario FROM processo_tributario WHERE...
               ^

2025-12-18 13:19:17,454 - ERROR - Erro linha 182: column "id_processo_tributario" does not exist
LINE 1: SELECT id_processo_tributario FROM processo_tributario WHERE...
               ^

2025-12-18 13:19:18,397 - ERROR - Erro linha 183: column "id_processo_tributario" does not exist
LINE 1: SELECT id_processo_tributario FROM processo_tributario WHERE...
               ^

2025-12-18 13:19:19,328 - ERROR - Erro linha 184: column "id_processo_tributario" does not exist
LINE 1: SELECT id_processo_tributario FROM processo_tributario WHERE...
               ^

2025-12-18 13:19:20,265 - ERROR - Erro linha 185: column "id_processo_tributario" does not exist
LINE 1: SELECT id_processo_tributario FROM processo_tributario WHERE...
               ^

2025-12-18 13:19:21,198 - ERROR - Erro linha 186: column "id_processo_tributario" does not exist
LINE 1: SELECT id_processo_tributario FROM processo_tributario WHERE...
               ^

2025-12-18 13:19:22,008 - ERROR - Erro linha 815: column "id_processo_tributario" does not exist
LINE 1: SELECT id_processo_tributario FROM processo_tributario WHERE...
               ^

2025-12-18 13:19:22,130 - ERROR - Erro linha 187: column "id_processo_tributario" does not exist
LINE 1: SELECT id_processo_tributario FROM processo_tributario WHERE...
               ^

2025-12-18 13:19:22,831 - ERROR - Erro linha 816: column "id_processo_tributario" does not exist
LINE 1: SELECT id_processo_tributario FROM processo_tributario WHERE...
               ^

2025-12-18 13:19:23,062 - ERROR - Erro linha 188: column "id_processo_tributario" does not exist
LINE 1: SELECT id_processo_tributario FROM processo_tributario WHERE...
               ^

2025-12-18 13:19:23,665 - ERROR - Erro linha 817: column "id_processo_tributario" does not exist
LINE 1: SELECT id_processo_tributario FROM processo_tributario WHERE...
               ^

2025-12-18 13:19:23,997 - ERROR - Erro linha 189: column "id_processo_tributario" does not exist
LINE 1: SELECT id_processo_tributario FROM processo_tributario WHERE...
               ^

2025-12-18 13:19:24,931 - ERROR - Erro linha 190: column "id_processo_tributario" does not exist
LINE 1: SELECT id_processo_tributario FROM processo_tributario WHERE...
               ^

2025-12-18 13:19:25,863 - ERROR - Erro linha 191: column "id_processo_tributario" does not exist
LINE 1: SELECT id_processo_tributario FROM processo_tributario WHERE...
               ^

2025-12-18 13:19:25,869 - ERROR - Erro linha 820: column "id_processo_tributario" does not exist
LINE 1: SELECT id_processo_tributario FROM processo_tributario WHERE...
               ^

2025-12-18 13:19:26,693 - ERROR - Erro linha 821: column "id_processo_tributario" does not exist
LINE 1: SELECT id_processo_tributario FROM processo_tributario WHERE...
               ^

2025-12-18 13:19:26,791 - ERROR - Erro linha 192: column "id_processo_tributario" does not exist
LINE 1: SELECT id_processo_tributario FROM processo_tributario WHERE...
               ^

2025-12-18 13:19:27,521 - ERROR - Erro linha 822: column "id_processo_tributario" does not exist
LINE 1: SELECT id_processo_tributario FROM processo_tributario WHERE...
               ^

2025-12-18 13:19:27,724 - ERROR - Erro linha 193: column "id_processo_tributario" does not exist
LINE 1: SELECT id_processo_tributario FROM processo_tributario WHERE...
               ^

2025-12-18 13:19:28,664 - ERROR - Erro linha 194: column "id_processo_tributario" does not exist
LINE 1: SELECT id_processo_tributario FROM processo_tributario WHERE...
               ^

2025-12-18 13:19:29,598 - ERROR - Erro linha 195: column "id_processo_tributario" does not exist
LINE 1: SELECT id_processo_tributario FROM processo_tributario WHERE...
               ^

2025-12-18 13:19:30,416 - ERROR - Erro linha 826: column "id_processo_tributario" does not exist
LINE 1: SELECT id_processo_tributario FROM processo_tributario WHERE...
               ^

2025-12-18 13:19:30,527 - ERROR - Erro linha 196: column "id_processo_tributario" does not exist
LINE 1: SELECT id_processo_tributario FROM processo_tributario WHERE...
               ^

2025-12-18 13:19:31,242 - ERROR - Erro linha 827: column "id_processo_tributario" does not exist
LINE 1: SELECT id_processo_tributario FROM processo_tributario WHERE...
               ^

2025-12-18 13:19:31,472 - ERROR - Erro linha 197: column "id_processo_tributario" does not exist
LINE 1: SELECT id_processo_tributario FROM processo_tributario WHERE...
               ^

2025-12-18 13:19:32,400 - ERROR - Erro linha 198: column "id_processo_tributario" does not exist
LINE 1: SELECT id_processo_tributario FROM processo_tributario WHERE...
               ^

2025-12-18 13:19:32,759 - ERROR - Erro linha 829: column "id_processo_tributario" does not exist
LINE 1: SELECT id_processo_tributario FROM processo_tributario WHERE...
               ^

2025-12-18 13:19:33,337 - ERROR - Erro linha 199: column "id_processo_tributario" does not exist
LINE 1: SELECT id_processo_tributario FROM processo_tributario WHERE...
               ^

2025-12-18 13:19:34,266 - ERROR - Erro linha 200: column "id_processo_tributario" does not exist
LINE 1: SELECT id_processo_tributario FROM processo_tributario WHERE...
               ^

2025-12-18 13:19:34,963 - ERROR - Erro linha 832: column "id_processo_tributario" does not exist
LINE 1: SELECT id_processo_tributario FROM processo_tributario WHERE...
               ^

2025-12-18 13:19:35,198 - ERROR - Erro linha 201: column "id_processo_tributario" does not exist
LINE 1: SELECT id_processo_tributario FROM processo_tributario WHERE...
               ^

2025-12-18 13:19:36,135 - ERROR - Erro linha 202: column "id_processo_tributario" does not exist
LINE 1: SELECT id_processo_tributario FROM processo_tributario WHERE...
               ^

2025-12-18 13:19:36,474 - ERROR - Erro linha 834: column "id_processo_tributario" does not exist
LINE 1: SELECT id_processo_tributario FROM processo_tributario WHERE...
               ^

2025-12-18 13:19:37,069 - ERROR - Erro linha 203: column "id_processo_tributario" does not exist
LINE 1: SELECT id_processo_tributario FROM processo_tributario WHERE...
               ^

2025-12-18 13:19:37,299 - ERROR - Erro linha 835: column "id_processo_tributario" does not exist
LINE 1: SELECT id_processo_tributario FROM processo_tributario WHERE...
               ^

2025-12-18 13:19:38,005 - ERROR - Erro linha 204: column "id_processo_tributario" does not exist
LINE 1: SELECT id_processo_tributario FROM processo_tributario WHERE...
               ^

2025-12-18 13:19:38,123 - ERROR - Erro linha 836: column "id_processo_tributario" does not exist
LINE 1: SELECT id_processo_tributario FROM processo_tributario WHERE...
               ^

2025-12-18 13:19:38,941 - ERROR - Erro linha 205: column "id_processo_tributario" does not exist
LINE 1: SELECT id_processo_tributario FROM processo_tributario WHERE...
               ^

2025-12-18 13:19:38,949 - ERROR - Erro linha 837: column "id_processo_tributario" does not exist
LINE 1: SELECT id_processo_tributario FROM processo_tributario WHERE...
               ^

2025-12-18 13:19:39,772 - ERROR - Erro linha 838: column "id_processo_tributario" does not exist
LINE 1: SELECT id_processo_tributario FROM processo_tributario WHERE...
               ^

2025-12-18 13:19:39,871 - ERROR - Erro linha 206: column "id_processo_tributario" does not exist
LINE 1: SELECT id_processo_tributario FROM processo_tributario WHERE...
               ^

2025-12-18 13:19:40,598 - ERROR - Erro linha 839: column "id_processo_tributario" does not exist
LINE 1: SELECT id_processo_tributario FROM processo_tributario WHERE...
               ^

2025-12-18 13:19:40,802 - ERROR - Erro linha 207: column "id_processo_tributario" does not exist
LINE 1: SELECT id_processo_tributario FROM processo_tributario WHERE...
               ^

2025-12-18 13:19:41,424 - ERROR - Erro linha 840: column "id_processo_tributario" does not exist
LINE 1: SELECT id_processo_tributario FROM processo_tributario WHERE...
               ^

2025-12-18 13:19:41,736 - ERROR - Erro linha 208: column "id_processo_tributario" does not exist
LINE 1: SELECT id_processo_tributario FROM processo_tributario WHERE...
               ^

2025-12-18 13:19:42,249 - ERROR - Erro linha 841: column "id_processo_tributario" does not exist
LINE 1: SELECT id_processo_tributario FROM processo_tributario WHERE...
               ^

2025-12-18 13:19:42,667 - ERROR - Erro linha 209: column "id_processo_tributario" does not exist
LINE 1: SELECT id_processo_tributario FROM processo_tributario WHERE...
               ^

2025-12-18 13:19:43,073 - ERROR - Erro linha 842: column "id_processo_tributario" does not exist
LINE 1: SELECT id_processo_tributario FROM processo_tributario WHERE...
               ^

2025-12-18 13:19:43,605 - ERROR - Erro linha 210: column "id_processo_tributario" does not exist
LINE 1: SELECT id_processo_tributario FROM processo_tributario WHERE...
               ^

2025-12-18 13:19:43,899 - ERROR - Erro linha 843: column "id_processo_tributario" does not exist
LINE 1: SELECT id_processo_tributario FROM processo_tributario WHERE...
               ^

2025-12-18 13:19:44,536 - ERROR - Erro linha 211: column "id_processo_tributario" does not exist
LINE 1: SELECT id_processo_tributario FROM processo_tributario WHERE...
               ^

2025-12-18 13:19:45,413 - ERROR - Erro linha 845: column "id_processo_tributario" does not exist
LINE 1: SELECT id_processo_tributario FROM processo_tributario WHERE...
               ^

2025-12-18 13:19:45,478 - ERROR - Erro linha 212: column "id_processo_tributario" does not exist
LINE 1: SELECT id_processo_tributario FROM processo_tributario WHERE...
               ^

2025-12-18 13:19:46,238 - ERROR - Erro linha 846: column "id_processo_tributario" does not exist
LINE 1: SELECT id_processo_tributario FROM processo_tributario WHERE...
               ^

2025-12-18 13:19:46,408 - ERROR - Erro linha 213: column "id_processo_tributario" does not exist
LINE 1: SELECT id_processo_tributario FROM processo_tributario WHERE...
               ^

2025-12-18 13:19:47,338 - ERROR - Erro linha 214: column "id_processo_tributario" does not exist
LINE 1: SELECT id_processo_tributario FROM processo_tributario WHERE...
               ^

2025-12-18 13:19:47,749 - ERROR - Erro linha 848: column "id_processo_tributario" does not exist
LINE 1: SELECT id_processo_tributario FROM processo_tributario WHERE...
               ^

2025-12-18 13:19:48,267 - ERROR - Erro linha 215: column "id_processo_tributario" does not exist
LINE 1: SELECT id_processo_tributario FROM processo_tributario WHERE...
               ^

2025-12-18 13:19:48,576 - ERROR - Erro linha 849: column "id_processo_tributario" does not exist
LINE 1: SELECT id_processo_tributario FROM processo_tributario WHERE...
               ^

2025-12-18 13:19:49,194 - ERROR - Erro linha 216: column "id_processo_tributario" does not exist
LINE 1: SELECT id_processo_tributario FROM processo_tributario WHERE...
               ^

2025-12-18 13:19:50,089 - ERROR - Erro linha 851: column "id_processo_tributario" does not exist
LINE 1: SELECT id_processo_tributario FROM processo_tributario WHERE...
               ^

2025-12-18 13:19:50,125 - ERROR - Erro linha 217: column "id_processo_tributario" does not exist
LINE 1: SELECT id_processo_tributario FROM processo_tributario WHERE...
               ^

2025-12-18 13:19:51,053 - ERROR - Erro linha 218: column "id_processo_tributario" does not exist
LINE 1: SELECT id_processo_tributario FROM processo_tributario WHERE...
               ^

2025-12-18 13:19:51,984 - ERROR - Erro linha 219: column "id_processo_tributario" does not exist
LINE 1: SELECT id_processo_tributario FROM processo_tributario WHERE...
               ^

2025-12-18 13:19:52,916 - ERROR - Erro linha 220: column "id_processo_tributario" does not exist
LINE 1: SELECT id_processo_tributario FROM processo_tributario WHERE...
               ^

2025-12-18 13:19:53,671 - ERROR - Erro linha 856: column "id_processo_tributario" does not exist
LINE 1: SELECT id_processo_tributario FROM processo_tributario WHERE...
               ^

2025-12-18 13:19:53,844 - ERROR - Erro linha 221: column "id_processo_tributario" does not exist
LINE 1: SELECT id_processo_tributario FROM processo_tributario WHERE...
               ^

2025-12-18 13:19:54,499 - ERROR - Erro linha 857: column "id_processo_tributario" does not exist
LINE 1: SELECT id_processo_tributario FROM processo_tributario WHERE...
               ^

2025-12-18 13:19:54,786 - ERROR - Erro linha 222: column "id_processo_tributario" does not exist
LINE 1: SELECT id_processo_tributario FROM processo_tributario WHERE...
               ^

2025-12-18 13:19:56,015 - ERROR - Erro linha 859: column "id_processo_tributario" does not exist
LINE 1: SELECT id_processo_tributario FROM processo_tributario WHERE...
               ^

2025-12-18 13:19:56,840 - ERROR - Erro linha 860: column "id_processo_tributario" does not exist
LINE 1: SELECT id_processo_tributario FROM processo_tributario WHERE...
               ^

2025-12-18 13:19:57,264 - ERROR - Erro linha 225: column "id_processo_tributario" does not exist
LINE 1: SELECT id_processo_tributario FROM processo_tributario WHERE...
               ^

2025-12-18 13:19:57,664 - ERROR - Erro linha 861: column "id_processo_tributario" does not exist
LINE 1: SELECT id_processo_tributario FROM processo_tributario WHERE...
               ^

2025-12-18 13:19:58,488 - ERROR - Erro linha 862: column "id_processo_tributario" does not exist
LINE 1: SELECT id_processo_tributario FROM processo_tributario WHERE...
               ^

2025-12-18 13:19:59,746 - ERROR - Erro linha 228: column "id_processo_tributario" does not exist
LINE 1: SELECT id_processo_tributario FROM processo_tributario WHERE...
               ^

2025-12-18 13:20:00,679 - ERROR - Erro linha 229: column "id_processo_tributario" does not exist
LINE 1: SELECT id_processo_tributario FROM processo_tributario WHERE...
               ^

2025-12-18 13:20:03,938 - ERROR - Erro linha 233: column "id_processo_tributario" does not exist
LINE 1: SELECT id_processo_tributario FROM processo_tributario WHERE...
               ^

2025-12-18 13:20:04,867 - ERROR - Erro linha 234: column "id_processo_tributario" does not exist
LINE 1: SELECT id_processo_tributario FROM processo_tributario WHERE...
               ^

2025-12-18 13:20:05,505 - ERROR - Erro linha 872: column "id_processo_tributario" does not exist
LINE 1: SELECT id_processo_tributario FROM processo_tributario WHERE...
               ^

2025-12-18 13:20:05,797 - ERROR - Erro linha 235: column "id_processo_tributario" does not exist
LINE 1: SELECT id_processo_tributario FROM processo_tributario WHERE...
               ^

2025-12-18 13:20:06,330 - ERROR - Erro linha 873: column "id_processo_tributario" does not exist
LINE 1: SELECT id_processo_tributario FROM processo_tributario WHERE...
               ^

2025-12-18 13:20:06,730 - ERROR - Erro linha 236: column "id_processo_tributario" does not exist
LINE 1: SELECT id_processo_tributario FROM processo_tributario WHERE...
               ^

2025-12-18 13:20:07,660 - ERROR - Erro linha 237: column "id_processo_tributario" does not exist
LINE 1: SELECT id_processo_tributario FROM processo_tributario WHERE...
               ^

2025-12-18 13:20:07,851 - ERROR - Erro linha 875: column "id_processo_tributario" does not exist
LINE 1: SELECT id_processo_tributario FROM processo_tributario WHERE...
               ^

2025-12-18 13:20:08,591 - ERROR - Erro linha 238: column "id_processo_tributario" does not exist
LINE 1: SELECT id_processo_tributario FROM processo_tributario WHERE...
               ^

2025-12-18 13:20:09,521 - ERROR - Erro linha 239: column "id_processo_tributario" does not exist
LINE 1: SELECT id_processo_tributario FROM processo_tributario WHERE...
               ^

2025-12-18 13:20:10,449 - ERROR - Erro linha 240: column "id_processo_tributario" does not exist
LINE 1: SELECT id_processo_tributario FROM processo_tributario WHERE...
               ^

2025-12-18 13:20:10,743 - ERROR - Erro linha 879: column "id_processo_tributario" does not exist
LINE 1: SELECT id_processo_tributario FROM processo_tributario WHERE...
               ^

2025-12-18 13:20:11,383 - ERROR - Erro linha 241: column "id_processo_tributario" does not exist
LINE 1: SELECT id_processo_tributario FROM processo_tributario WHERE...
               ^

2025-12-18 13:20:12,253 - ERROR - Erro linha 881: column "id_processo_tributario" does not exist
LINE 1: SELECT id_processo_tributario FROM processo_tributario WHERE...
               ^

2025-12-18 13:20:13,084 - ERROR - Erro linha 882: column "id_processo_tributario" does not exist
LINE 1: SELECT id_processo_tributario FROM processo_tributario WHERE...
               ^

2025-12-18 13:20:13,092 - ERROR - Erro linha 243: column "id_processo_tributario" does not exist
LINE 1: SELECT id_processo_tributario FROM processo_tributario WHERE...
               ^

2025-12-18 13:20:13,912 - ERROR - Erro linha 883: column "id_processo_tributario" does not exist
LINE 1: SELECT id_processo_tributario FROM processo_tributario WHERE...
               ^

2025-12-18 13:20:15,428 - ERROR - Erro linha 885: column "id_processo_tributario" does not exist
LINE 1: SELECT id_processo_tributario FROM processo_tributario WHERE...
               ^

2025-12-18 13:20:15,572 - ERROR - Erro linha 246: column "id_processo_tributario" does not exist
LINE 1: SELECT id_processo_tributario FROM processo_tributario WHERE...
               ^

2025-12-18 13:20:16,255 - ERROR - Erro linha 886: column "id_processo_tributario" does not exist
LINE 1: SELECT id_processo_tributario FROM processo_tributario WHERE...
               ^

2025-12-18 13:20:16,504 - ERROR - Erro linha 247: column "id_processo_tributario" does not exist
LINE 1: SELECT id_processo_tributario FROM processo_tributario WHERE...
               ^

2025-12-18 13:20:17,080 - ERROR - Erro linha 887: column "id_processo_tributario" does not exist
LINE 1: SELECT id_processo_tributario FROM processo_tributario WHERE...
               ^

2025-12-18 13:20:17,905 - ERROR - Erro linha 888: column "id_processo_tributario" does not exist
LINE 1: SELECT id_processo_tributario FROM processo_tributario WHERE...
               ^

2025-12-18 13:20:18,733 - ERROR - Erro linha 889: column "id_processo_tributario" does not exist
LINE 1: SELECT id_processo_tributario FROM processo_tributario WHERE...
               ^

2025-12-18 13:20:18,996 - ERROR - Erro linha 250: column "id_processo_tributario" does not exist
LINE 1: SELECT id_processo_tributario FROM processo_tributario WHERE...
               ^

2025-12-18 13:20:19,558 - ERROR - Erro linha 890: column "id_processo_tributario" does not exist
LINE 1: SELECT id_processo_tributario FROM processo_tributario WHERE...
               ^

2025-12-18 13:20:19,926 - ERROR - Erro linha 251: column "id_processo_tributario" does not exist
LINE 1: SELECT id_processo_tributario FROM processo_tributario WHERE...
               ^

2025-12-18 13:20:20,381 - ERROR - Erro linha 891: column "id_processo_tributario" does not exist
LINE 1: SELECT id_processo_tributario FROM processo_tributario WHERE...
               ^

2025-12-18 13:20:21,205 - ERROR - Erro linha 892: column "id_processo_tributario" does not exist
LINE 1: SELECT id_processo_tributario FROM processo_tributario WHERE...
               ^

2025-12-18 13:20:22,718 - ERROR - Erro linha 894: column "id_processo_tributario" does not exist
LINE 1: SELECT id_processo_tributario FROM processo_tributario WHERE...
               ^

2025-12-18 13:20:24,926 - ERROR - Erro linha 897: column "id_processo_tributario" does not exist
LINE 1: SELECT id_processo_tributario FROM processo_tributario WHERE...
               ^

2025-12-18 13:20:26,438 - ERROR - Erro linha 899: column "id_processo_tributario" does not exist
LINE 1: SELECT id_processo_tributario FROM processo_tributario WHERE...
               ^

2025-12-18 13:20:28,639 - ERROR - Erro linha 262: column "id_processo_tributario" does not exist
LINE 1: SELECT id_processo_tributario FROM processo_tributario WHERE...
               ^

2025-12-18 13:20:28,646 - ERROR - Erro linha 902: column "id_processo_tributario" does not exist
LINE 1: SELECT id_processo_tributario FROM processo_tributario WHERE...
               ^

2025-12-18 13:20:29,473 - ERROR - Erro linha 903: column "id_processo_tributario" does not exist
LINE 1: SELECT id_processo_tributario FROM processo_tributario WHERE...
               ^

2025-12-18 13:20:29,569 - ERROR - Erro linha 263: column "id_processo_tributario" does not exist
LINE 1: SELECT id_processo_tributario FROM processo_tributario WHERE...
               ^

2025-12-18 13:20:30,301 - ERROR - Erro linha 904: column "id_processo_tributario" does not exist
LINE 1: SELECT id_processo_tributario FROM processo_tributario WHERE...
               ^

2025-12-18 13:20:30,509 - ERROR - Erro linha 264: column "id_processo_tributario" does not exist
LINE 1: SELECT id_processo_tributario FROM processo_tributario WHERE...
               ^

2025-12-18 13:20:31,444 - ERROR - Erro linha 265: column "id_processo_tributario" does not exist
LINE 1: SELECT id_processo_tributario FROM processo_tributario WHERE...
               ^

2025-12-18 13:20:32,373 - ERROR - Erro linha 266: column "id_processo_tributario" does not exist
LINE 1: SELECT id_processo_tributario FROM processo_tributario WHERE...
               ^

2025-12-18 13:20:33,195 - ERROR - Erro linha 908: column "id_processo_tributario" does not exist
LINE 1: SELECT id_processo_tributario FROM processo_tributario WHERE...
               ^

2025-12-18 13:20:33,304 - ERROR - Erro linha 267: column "id_processo_tributario" does not exist
LINE 1: SELECT id_processo_tributario FROM processo_tributario WHERE...
               ^

2025-12-18 13:20:34,239 - ERROR - Erro linha 268: column "id_processo_tributario" does not exist
LINE 1: SELECT id_processo_tributario FROM processo_tributario WHERE...
               ^

2025-12-18 13:20:35,169 - ERROR - Erro linha 269: column "id_processo_tributario" does not exist
LINE 1: SELECT id_processo_tributario FROM processo_tributario WHERE...
               ^

2025-12-18 13:20:36,101 - ERROR - Erro linha 270: column "id_processo_tributario" does not exist
LINE 1: SELECT id_processo_tributario FROM processo_tributario WHERE...
               ^

2025-12-18 13:20:36,779 - ERROR - Erro linha 913: column "id_processo_tributario" does not exist
LINE 1: SELECT id_processo_tributario FROM processo_tributario WHERE...
               ^

2025-12-18 13:20:37,031 - ERROR - Erro linha 271: column "id_processo_tributario" does not exist
LINE 1: SELECT id_processo_tributario FROM processo_tributario WHERE...
               ^

2025-12-18 13:20:37,605 - ERROR - Erro linha 914: column "id_processo_tributario" does not exist
LINE 1: SELECT id_processo_tributario FROM processo_tributario WHERE...
               ^

2025-12-18 13:20:38,277 - ERROR - Erro linha 272: column "id_processo_tributario" does not exist
LINE 1: SELECT id_processo_tributario FROM processo_tributario WHERE...
               ^

2025-12-18 13:20:39,206 - ERROR - Erro linha 273: column "id_processo_tributario" does not exist
LINE 1: SELECT id_processo_tributario FROM processo_tributario WHERE...
               ^

2025-12-18 13:20:39,811 - ERROR - Erro linha 917: column "id_processo_tributario" does not exist
LINE 1: SELECT id_processo_tributario FROM processo_tributario WHERE...
               ^

2025-12-18 13:20:40,134 - ERROR - Erro linha 274: column "id_processo_tributario" does not exist
LINE 1: SELECT id_processo_tributario FROM processo_tributario WHERE...
               ^

2025-12-18 13:20:40,635 - ERROR - Erro linha 918: column "id_processo_tributario" does not exist
LINE 1: SELECT id_processo_tributario FROM processo_tributario WHERE...
               ^

2025-12-18 13:20:41,067 - ERROR - Erro linha 275: column "id_processo_tributario" does not exist
LINE 1: SELECT id_processo_tributario FROM processo_tributario WHERE...
               ^

2025-12-18 13:20:41,464 - ERROR - Erro linha 919: column "id_processo_tributario" does not exist
LINE 1: SELECT id_processo_tributario FROM processo_tributario WHERE...
               ^

2025-12-18 13:20:42,002 - ERROR - Erro linha 276: column "id_processo_tributario" does not exist
LINE 1: SELECT id_processo_tributario FROM processo_tributario WHERE...
               ^

2025-12-18 13:20:42,939 - ERROR - Erro linha 277: column "id_processo_tributario" does not exist
LINE 1: SELECT id_processo_tributario FROM processo_tributario WHERE...
               ^

2025-12-18 13:20:43,664 - ERROR - Erro linha 922: column "id_processo_tributario" does not exist
LINE 1: SELECT id_processo_tributario FROM processo_tributario WHERE...
               ^

2025-12-18 13:20:43,876 - ERROR - Erro linha 278: column "id_processo_tributario" does not exist
LINE 1: SELECT id_processo_tributario FROM processo_tributario WHERE...
               ^

2025-12-18 13:20:44,809 - ERROR - Erro linha 279: column "id_processo_tributario" does not exist
LINE 1: SELECT id_processo_tributario FROM processo_tributario WHERE...
               ^

2025-12-18 13:20:45,744 - ERROR - Erro linha 280: column "id_processo_tributario" does not exist
LINE 1: SELECT id_processo_tributario FROM processo_tributario WHERE...
               ^

2025-12-18 13:20:45,869 - ERROR - Erro linha 925: column "id_processo_tributario" does not exist
LINE 1: SELECT id_processo_tributario FROM processo_tributario WHERE...
               ^

2025-12-18 13:20:46,681 - ERROR - Erro linha 281: column "id_processo_tributario" does not exist
LINE 1: SELECT id_processo_tributario FROM processo_tributario WHERE...
               ^

2025-12-18 13:20:46,695 - ERROR - Erro linha 926: column "id_processo_tributario" does not exist
LINE 1: SELECT id_processo_tributario FROM processo_tributario WHERE...
               ^

2025-12-18 13:20:47,524 - ERROR - Erro linha 927: column "id_processo_tributario" does not exist
LINE 1: SELECT id_processo_tributario FROM processo_tributario WHERE...
               ^

2025-12-18 13:20:47,617 - ERROR - Erro linha 282: column "id_processo_tributario" does not exist
LINE 1: SELECT id_processo_tributario FROM processo_tributario WHERE...
               ^

2025-12-18 13:20:48,349 - ERROR - Erro linha 928: column "id_processo_tributario" does not exist
LINE 1: SELECT id_processo_tributario FROM processo_tributario WHERE...
               ^

2025-12-18 13:20:48,551 - ERROR - Erro linha 283: column "id_processo_tributario" does not exist
LINE 1: SELECT id_processo_tributario FROM processo_tributario WHERE...
               ^

2025-12-18 13:20:49,172 - ERROR - Erro linha 929: column "id_processo_tributario" does not exist
LINE 1: SELECT id_processo_tributario FROM processo_tributario WHERE...
               ^

2025-12-18 13:20:49,481 - ERROR - Erro linha 284: column "id_processo_tributario" does not exist
LINE 1: SELECT id_processo_tributario FROM processo_tributario WHERE...
               ^

2025-12-18 13:20:49,998 - ERROR - Erro linha 930: column "id_processo_tributario" does not exist
LINE 1: SELECT id_processo_tributario FROM processo_tributario WHERE...
               ^

2025-12-18 13:20:50,409 - ERROR - Erro linha 285: column "id_processo_tributario" does not exist
LINE 1: SELECT id_processo_tributario FROM processo_tributario WHERE...
               ^

2025-12-18 13:20:51,340 - ERROR - Erro linha 286: column "id_processo_tributario" does not exist
LINE 1: SELECT id_processo_tributario FROM processo_tributario WHERE...
               ^

2025-12-18 13:20:52,210 - ERROR - Erro linha 933: column "id_processo_tributario" does not exist
LINE 1: SELECT id_processo_tributario FROM processo_tributario WHERE...
               ^

2025-12-18 13:20:53,037 - ERROR - Erro linha 934: column "id_processo_tributario" does not exist
LINE 1: SELECT id_processo_tributario FROM processo_tributario WHERE...
               ^

2025-12-18 13:20:53,828 - ERROR - Erro linha 289: column "id_processo_tributario" does not exist
LINE 1: SELECT id_processo_tributario FROM processo_tributario WHERE...
               ^

2025-12-18 13:20:53,865 - ERROR - Erro linha 935: column "id_processo_tributario" does not exist
LINE 1: SELECT id_processo_tributario FROM processo_tributario WHERE...
               ^

2025-12-18 13:20:54,694 - ERROR - Erro linha 936: column "id_processo_tributario" does not exist
LINE 1: SELECT id_processo_tributario FROM processo_tributario WHERE...
               ^

2025-12-18 13:20:54,762 - ERROR - Erro linha 290: column "id_processo_tributario" does not exist
LINE 1: SELECT id_processo_tributario FROM processo_tributario WHERE...
               ^

2025-12-18 13:20:55,523 - ERROR - Erro linha 937: column "id_processo_tributario" does not exist
LINE 1: SELECT id_processo_tributario FROM processo_tributario WHERE...
               ^

2025-12-18 13:20:55,705 - ERROR - Erro linha 291: column "id_processo_tributario" does not exist
LINE 1: SELECT id_processo_tributario FROM processo_tributario WHERE...
               ^

2025-12-18 13:20:56,351 - ERROR - Erro linha 938: column "id_processo_tributario" does not exist
LINE 1: SELECT id_processo_tributario FROM processo_tributario WHERE...
               ^

2025-12-18 13:20:56,643 - ERROR - Erro linha 292: column "id_processo_tributario" does not exist
LINE 1: SELECT id_processo_tributario FROM processo_tributario WHERE...
               ^

2025-12-18 13:20:57,178 - ERROR - Erro linha 939: column "id_processo_tributario" does not exist
LINE 1: SELECT id_processo_tributario FROM processo_tributario WHERE...
               ^

2025-12-18 13:20:58,006 - ERROR - Erro linha 940: column "id_processo_tributario" does not exist
LINE 1: SELECT id_processo_tributario FROM processo_tributario WHERE...
               ^

2025-12-18 13:20:58,830 - ERROR - Erro linha 941: column "id_processo_tributario" does not exist
LINE 1: SELECT id_processo_tributario FROM processo_tributario WHERE...
               ^

2025-12-18 13:20:59,145 - ERROR - Erro linha 295: column "id_processo_tributario" does not exist
LINE 1: SELECT id_processo_tributario FROM processo_tributario WHERE...
               ^

2025-12-18 13:20:59,657 - ERROR - Erro linha 942: column "id_processo_tributario" does not exist
LINE 1: SELECT id_processo_tributario FROM processo_tributario WHERE...
               ^

2025-12-18 13:21:00,083 - ERROR - Erro linha 296: column "id_processo_tributario" does not exist
LINE 1: SELECT id_processo_tributario FROM processo_tributario WHERE...
               ^

2025-12-18 13:21:00,484 - ERROR - Erro linha 943: column "id_processo_tributario" does not exist
LINE 1: SELECT id_processo_tributario FROM processo_tributario WHERE...
               ^

2025-12-18 13:21:01,315 - ERROR - Erro linha 944: column "id_processo_tributario" does not exist
LINE 1: SELECT id_processo_tributario FROM processo_tributario WHERE...
               ^

2025-12-18 13:21:01,799 - ERROR - Erro linha 298: column "id_processo_tributario" does not exist
LINE 1: SELECT id_processo_tributario FROM processo_tributario WHERE...
               ^

2025-12-18 13:21:02,146 - ERROR - Erro linha 945: column "id_processo_tributario" does not exist
LINE 1: SELECT id_processo_tributario FROM processo_tributario WHERE...
               ^

2025-12-18 13:21:02,734 - ERROR - Erro linha 299: column "id_processo_tributario" does not exist
LINE 1: SELECT id_processo_tributario FROM processo_tributario WHERE...
               ^

2025-12-18 13:21:02,974 - ERROR - Erro linha 946: column "id_processo_tributario" does not exist
LINE 1: SELECT id_processo_tributario FROM processo_tributario WHERE...
               ^

2025-12-18 13:21:03,671 - ERROR - Erro linha 300: column "id_processo_tributario" does not exist
LINE 1: SELECT id_processo_tributario FROM processo_tributario WHERE...
               ^

2025-12-18 13:21:03,808 - ERROR - Erro linha 947: column "id_processo_tributario" does not exist
LINE 1: SELECT id_processo_tributario FROM processo_tributario WHERE...
               ^

2025-12-18 13:21:04,610 - ERROR - Erro linha 301: column "id_processo_tributario" does not exist
LINE 1: SELECT id_processo_tributario FROM processo_tributario WHERE...
               ^

2025-12-18 13:21:04,637 - ERROR - Erro linha 948: column "id_processo_tributario" does not exist
LINE 1: SELECT id_processo_tributario FROM processo_tributario WHERE...
               ^

2025-12-18 13:21:05,463 - ERROR - Erro linha 949: column "id_processo_tributario" does not exist
LINE 1: SELECT id_processo_tributario FROM processo_tributario WHERE...
               ^

2025-12-18 13:21:05,548 - ERROR - Erro linha 302: column "id_processo_tributario" does not exist
LINE 1: SELECT id_processo_tributario FROM processo_tributario WHERE...
               ^

2025-12-18 13:21:06,292 - ERROR - Erro linha 950: column "id_processo_tributario" does not exist
LINE 1: SELECT id_processo_tributario FROM processo_tributario WHERE...
               ^

2025-12-18 13:21:06,485 - ERROR - Erro linha 303: column "id_processo_tributario" does not exist
LINE 1: SELECT id_processo_tributario FROM processo_tributario WHERE...
               ^

2025-12-18 13:21:07,126 - ERROR - Erro linha 951: column "id_processo_tributario" does not exist
LINE 1: SELECT id_processo_tributario FROM processo_tributario WHERE...
               ^

2025-12-18 13:21:07,418 - ERROR - Erro linha 304: column "id_processo_tributario" does not exist
LINE 1: SELECT id_processo_tributario FROM processo_tributario WHERE...
               ^

2025-12-18 13:21:08,353 - ERROR - Erro linha 305: column "id_processo_tributario" does not exist
LINE 1: SELECT id_processo_tributario FROM processo_tributario WHERE...
               ^

2025-12-18 13:21:09,287 - ERROR - Erro linha 306: column "id_processo_tributario" does not exist
LINE 1: SELECT id_processo_tributario FROM processo_tributario WHERE...
               ^

2025-12-18 13:21:09,335 - ERROR - Erro linha 954: column "id_processo_tributario" does not exist
LINE 1: SELECT id_processo_tributario FROM processo_tributario WHERE...
               ^

2025-12-18 13:21:10,166 - ERROR - Erro linha 955: column "id_processo_tributario" does not exist
LINE 1: SELECT id_processo_tributario FROM processo_tributario WHERE...
               ^

2025-12-18 13:21:10,224 - ERROR - Erro linha 307: column "id_processo_tributario" does not exist
LINE 1: SELECT id_processo_tributario FROM processo_tributario WHERE...
               ^

2025-12-18 13:21:10,992 - ERROR - Erro linha 956: column "id_processo_tributario" does not exist
LINE 1: SELECT id_processo_tributario FROM processo_tributario WHERE...
               ^

2025-12-18 13:21:11,158 - ERROR - Erro linha 308: column "id_processo_tributario" does not exist
LINE 1: SELECT id_processo_tributario FROM processo_tributario WHERE...
               ^

2025-12-18 13:21:11,821 - ERROR - Erro linha 957: column "id_processo_tributario" does not exist
LINE 1: SELECT id_processo_tributario FROM processo_tributario WHERE...
               ^

2025-12-18 13:21:12,092 - ERROR - Erro linha 309: column "id_processo_tributario" does not exist
LINE 1: SELECT id_processo_tributario FROM processo_tributario WHERE...
               ^

2025-12-18 13:21:12,649 - ERROR - Erro linha 958: column "id_processo_tributario" does not exist
LINE 1: SELECT id_processo_tributario FROM processo_tributario WHERE...
               ^

2025-12-18 13:21:13,031 - ERROR - Erro linha 310: column "id_processo_tributario" does not exist
LINE 1: SELECT id_processo_tributario FROM processo_tributario WHERE...
               ^

2025-12-18 13:21:13,478 - ERROR - Erro linha 959: column "id_processo_tributario" does not exist
LINE 1: SELECT id_processo_tributario FROM processo_tributario WHERE...
               ^

2025-12-18 13:21:13,971 - ERROR - Erro linha 311: column "id_processo_tributario" does not exist
LINE 1: SELECT id_processo_tributario FROM processo_tributario WHERE...
               ^

2025-12-18 13:21:14,313 - ERROR - Erro linha 960: column "id_processo_tributario" does not exist
LINE 1: SELECT id_processo_tributario FROM processo_tributario WHERE...
               ^

2025-12-18 13:21:14,908 - ERROR - Erro linha 312: column "id_processo_tributario" does not exist
LINE 1: SELECT id_processo_tributario FROM processo_tributario WHERE...
               ^

2025-12-18 13:21:15,843 - ERROR - Erro linha 313: column "id_processo_tributario" does not exist
LINE 1: SELECT id_processo_tributario FROM processo_tributario WHERE...
               ^

2025-12-18 13:21:16,524 - ERROR - Erro linha 963: column "id_processo_tributario" does not exist
LINE 1: SELECT id_processo_tributario FROM processo_tributario WHERE...
               ^

2025-12-18 13:21:16,778 - ERROR - Erro linha 314: column "id_processo_tributario" does not exist
LINE 1: SELECT id_processo_tributario FROM processo_tributario WHERE...
               ^

2025-12-18 13:21:17,350 - ERROR - Erro linha 964: column "id_processo_tributario" does not exist
LINE 1: SELECT id_processo_tributario FROM processo_tributario WHERE...
               ^

2025-12-18 13:21:18,486 - ERROR - Erro linha 316: column "id_processo_tributario" does not exist
LINE 1: SELECT id_processo_tributario FROM processo_tributario WHERE...
               ^

2025-12-18 13:21:18,868 - ERROR - Erro linha 966: column "id_processo_tributario" does not exist
LINE 1: SELECT id_processo_tributario FROM processo_tributario WHERE...
               ^

2025-12-18 13:21:19,421 - ERROR - Erro linha 317: column "id_processo_tributario" does not exist
LINE 1: SELECT id_processo_tributario FROM processo_tributario WHERE...
               ^

2025-12-18 13:21:20,361 - ERROR - Erro linha 318: column "id_processo_tributario" does not exist
LINE 1: SELECT id_processo_tributario FROM processo_tributario WHERE...
               ^

2025-12-18 13:21:21,075 - ERROR - Erro linha 969: column "id_processo_tributario" does not exist
LINE 1: SELECT id_processo_tributario FROM processo_tributario WHERE...
               ^

2025-12-18 13:21:21,296 - ERROR - Erro linha 319: column "id_processo_tributario" does not exist
LINE 1: SELECT id_processo_tributario FROM processo_tributario WHERE...
               ^

2025-12-18 13:21:21,912 - ERROR - Erro linha 970: column "id_processo_tributario" does not exist
LINE 1: SELECT id_processo_tributario FROM processo_tributario WHERE...
               ^

2025-12-18 13:21:22,736 - ERROR - Erro linha 971: column "id_processo_tributario" does not exist
LINE 1: SELECT id_processo_tributario FROM processo_tributario WHERE...
               ^

2025-12-18 13:21:23,008 - ERROR - Erro linha 321: column "id_processo_tributario" does not exist
LINE 1: SELECT id_processo_tributario FROM processo_tributario WHERE...
               ^

2025-12-18 13:21:23,569 - ERROR - Erro linha 972: column "id_processo_tributario" does not exist
LINE 1: SELECT id_processo_tributario FROM processo_tributario WHERE...
               ^

2025-12-18 13:21:23,944 - ERROR - Erro linha 322: column "id_processo_tributario" does not exist
LINE 1: SELECT id_processo_tributario FROM processo_tributario WHERE...
               ^

2025-12-18 13:21:24,876 - ERROR - Erro linha 323: column "id_processo_tributario" does not exist
LINE 1: SELECT id_processo_tributario FROM processo_tributario WHERE...
               ^

2025-12-18 13:21:25,784 - ERROR - Erro linha 975: column "id_processo_tributario" does not exist
LINE 1: SELECT id_processo_tributario FROM processo_tributario WHERE...
               ^

2025-12-18 13:21:25,815 - ERROR - Erro linha 324: column "id_processo_tributario" does not exist
LINE 1: SELECT id_processo_tributario FROM processo_tributario WHERE...
               ^

2025-12-18 13:21:26,746 - ERROR - Erro linha 325: column "id_processo_tributario" does not exist
LINE 1: SELECT id_processo_tributario FROM processo_tributario WHERE...
               ^

2025-12-18 13:21:27,305 - ERROR - Erro linha 977: column "id_processo_tributario" does not exist
LINE 1: SELECT id_processo_tributario FROM processo_tributario WHERE...
               ^

2025-12-18 13:21:28,464 - ERROR - Erro linha 327: column "id_processo_tributario" does not exist
LINE 1: SELECT id_processo_tributario FROM processo_tributario WHERE...
               ^

2025-12-18 13:21:29,402 - ERROR - Erro linha 328: column "id_processo_tributario" does not exist
LINE 1: SELECT id_processo_tributario FROM processo_tributario WHERE...
               ^

2025-12-18 13:21:29,516 - ERROR - Erro linha 980: column "id_processo_tributario" does not exist
LINE 1: SELECT id_processo_tributario FROM processo_tributario WHERE...
               ^

2025-12-18 13:21:31,040 - ERROR - Erro linha 982: column "id_processo_tributario" does not exist
LINE 1: SELECT id_processo_tributario FROM processo_tributario WHERE...
               ^

2025-12-18 13:21:31,114 - ERROR - Erro linha 330: column "id_processo_tributario" does not exist
LINE 1: SELECT id_processo_tributario FROM processo_tributario WHERE...
               ^

2025-12-18 13:21:32,041 - ERROR - Erro linha 331: column "id_processo_tributario" does not exist
LINE 1: SELECT id_processo_tributario FROM processo_tributario WHERE...
               ^

2025-12-18 13:21:32,578 - ERROR - Erro linha 984: column "id_processo_tributario" does not exist
LINE 1: SELECT id_processo_tributario FROM processo_tributario WHERE...
               ^

2025-12-18 13:21:33,753 - ERROR - Erro linha 333: column "id_processo_tributario" does not exist
LINE 1: SELECT id_processo_tributario FROM processo_tributario WHERE...
               ^

2025-12-18 13:21:34,096 - ERROR - Erro linha 986: column "id_processo_tributario" does not exist
LINE 1: SELECT id_processo_tributario FROM processo_tributario WHERE...
               ^

2025-12-18 13:21:35,616 - ERROR - Erro linha 988: column "id_processo_tributario" does not exist
LINE 1: SELECT id_processo_tributario FROM processo_tributario WHERE...
               ^

2025-12-18 13:21:36,242 - ERROR - Erro linha 336: column "id_processo_tributario" does not exist
LINE 1: SELECT id_processo_tributario FROM processo_tributario WHERE...
               ^

2025-12-18 13:21:36,444 - ERROR - Erro linha 989: column "id_processo_tributario" does not exist
LINE 1: SELECT id_processo_tributario FROM processo_tributario WHERE...
               ^

2025-12-18 13:21:37,174 - ERROR - Erro linha 337: column "id_processo_tributario" does not exist
LINE 1: SELECT id_processo_tributario FROM processo_tributario WHERE...
               ^

2025-12-18 13:21:38,111 - ERROR - Erro linha 338: column "id_processo_tributario" does not exist
LINE 1: SELECT id_processo_tributario FROM processo_tributario WHERE...
               ^

2025-12-18 13:21:38,659 - ERROR - Erro linha 992: column "id_processo_tributario" does not exist
LINE 1: SELECT id_processo_tributario FROM processo_tributario WHERE...
               ^

2025-12-18 13:21:39,049 - ERROR - Erro linha 339: column "id_processo_tributario" does not exist
LINE 1: SELECT id_processo_tributario FROM processo_tributario WHERE...
               ^

2025-12-18 13:21:39,985 - ERROR - Erro linha 340: column "id_processo_tributario" does not exist
LINE 1: SELECT id_processo_tributario FROM processo_tributario WHERE...
               ^

2025-12-18 13:21:40,882 - ERROR - Erro linha 995: column "id_processo_tributario" does not exist
LINE 1: SELECT id_processo_tributario FROM processo_tributario WHERE...
               ^

2025-12-18 13:21:40,932 - ERROR - Erro linha 341: column "id_processo_tributario" does not exist
LINE 1: SELECT id_processo_tributario FROM processo_tributario WHERE...
               ^

2025-12-18 13:21:41,710 - ERROR - Erro linha 996: column "id_processo_tributario" does not exist
LINE 1: SELECT id_processo_tributario FROM processo_tributario WHERE...
               ^

2025-12-18 13:21:41,876 - ERROR - Erro linha 342: column "id_processo_tributario" does not exist
LINE 1: SELECT id_processo_tributario FROM processo_tributario WHERE...
               ^

2025-12-18 13:21:42,541 - ERROR - Erro linha 997: column "id_processo_tributario" does not exist
LINE 1: SELECT id_processo_tributario FROM processo_tributario WHERE...
               ^

2025-12-18 13:21:42,826 - ERROR - Erro linha 343: column "id_processo_tributario" does not exist
LINE 1: SELECT id_processo_tributario FROM processo_tributario WHERE...
               ^

2025-12-18 13:21:43,759 - ERROR - Erro linha 344: column "id_processo_tributario" does not exist
LINE 1: SELECT id_processo_tributario FROM processo_tributario WHERE...
               ^

2025-12-18 13:21:44,692 - ERROR - Erro linha 345: column "id_processo_tributario" does not exist
LINE 1: SELECT id_processo_tributario FROM processo_tributario WHERE...
               ^

2025-12-18 13:21:44,750 - ERROR - Erro linha 1000: column "id_processo_tributario" does not exist
LINE 1: SELECT id_processo_tributario FROM processo_tributario WHERE...
               ^

2025-12-18 13:21:45,576 - ERROR - Erro linha 1001: column "id_processo_tributario" does not exist
LINE 1: SELECT id_processo_tributario FROM processo_tributario WHERE...
               ^

2025-12-18 13:21:45,624 - ERROR - Erro linha 346: column "id_processo_tributario" does not exist
LINE 1: SELECT id_processo_tributario FROM processo_tributario WHERE...
               ^

2025-12-18 13:21:46,406 - ERROR - Erro linha 1002: column "id_processo_tributario" does not exist
LINE 1: SELECT id_processo_tributario FROM processo_tributario WHERE...
               ^

2025-12-18 13:21:46,563 - ERROR - Erro linha 347: column "id_processo_tributario" does not exist
LINE 1: SELECT id_processo_tributario FROM processo_tributario WHERE...
               ^

2025-12-18 13:21:47,498 - ERROR - Erro linha 348: column "id_processo_tributario" does not exist
LINE 1: SELECT id_processo_tributario FROM processo_tributario WHERE...
               ^

2025-12-18 13:21:48,430 - ERROR - Erro linha 349: column "id_processo_tributario" does not exist
LINE 1: SELECT id_processo_tributario FROM processo_tributario WHERE...
               ^

2025-12-18 13:21:49,300 - ERROR - Erro linha 1006: column "id_processo_tributario" does not exist
LINE 1: SELECT id_processo_tributario FROM processo_tributario WHERE...
               ^

2025-12-18 13:21:49,371 - ERROR - Erro linha 350: column "id_processo_tributario" does not exist
LINE 1: SELECT id_processo_tributario FROM processo_tributario WHERE...
               ^

2025-12-18 13:21:50,124 - ERROR - Erro linha 1007: column "id_processo_tributario" does not exist
LINE 1: SELECT id_processo_tributario FROM processo_tributario WHERE...
               ^

2025-12-18 13:21:50,303 - ERROR - Erro linha 351: column "id_processo_tributario" does not exist
LINE 1: SELECT id_processo_tributario FROM processo_tributario WHERE...
               ^

2025-12-18 13:21:50,954 - ERROR - Erro linha 1008: column "id_processo_tributario" does not exist
LINE 1: SELECT id_processo_tributario FROM processo_tributario WHERE...
               ^

2025-12-18 13:21:51,246 - ERROR - Erro linha 352: column "id_processo_tributario" does not exist
LINE 1: SELECT id_processo_tributario FROM processo_tributario WHERE...
               ^

2025-12-18 13:21:52,181 - ERROR - Erro linha 353: column "id_processo_tributario" does not exist
LINE 1: SELECT id_processo_tributario FROM processo_tributario WHERE...
               ^

2025-12-18 13:21:53,112 - ERROR - Erro linha 354: column "id_processo_tributario" does not exist
LINE 1: SELECT id_processo_tributario FROM processo_tributario WHERE...
               ^

2025-12-18 13:21:53,168 - ERROR - Erro linha 1011: column "id_processo_tributario" does not exist
LINE 1: SELECT id_processo_tributario FROM processo_tributario WHERE...
               ^

2025-12-18 13:21:53,998 - ERROR - Erro linha 1012: column "id_processo_tributario" does not exist
LINE 1: SELECT id_processo_tributario FROM processo_tributario WHERE...
               ^

2025-12-18 13:21:54,045 - ERROR - Erro linha 355: column "id_processo_tributario" does not exist
LINE 1: SELECT id_processo_tributario FROM processo_tributario WHERE...
               ^

2025-12-18 13:21:54,824 - ERROR - Erro linha 1013: column "id_processo_tributario" does not exist
LINE 1: SELECT id_processo_tributario FROM processo_tributario WHERE...
               ^

2025-12-18 13:21:54,981 - ERROR - Erro linha 356: column "id_processo_tributario" does not exist
LINE 1: SELECT id_processo_tributario FROM processo_tributario WHERE...
               ^

2025-12-18 13:21:55,649 - ERROR - Erro linha 1014: column "id_processo_tributario" does not exist
LINE 1: SELECT id_processo_tributario FROM processo_tributario WHERE...
               ^

2025-12-18 13:21:55,911 - ERROR - Erro linha 357: column "id_processo_tributario" does not exist
LINE 1: SELECT id_processo_tributario FROM processo_tributario WHERE...
               ^

2025-12-18 13:21:56,845 - ERROR - Erro linha 358: column "id_processo_tributario" does not exist
LINE 1: SELECT id_processo_tributario FROM processo_tributario WHERE...
               ^

2025-12-18 13:21:57,776 - ERROR - Erro linha 359: column "id_processo_tributario" does not exist
LINE 1: SELECT id_processo_tributario FROM processo_tributario WHERE...
               ^

2025-12-18 13:21:58,561 - ERROR - Erro linha 1018: column "id_processo_tributario" does not exist
LINE 1: SELECT id_processo_tributario FROM processo_tributario WHERE...
               ^

2025-12-18 13:21:58,718 - ERROR - Erro linha 360: column "id_processo_tributario" does not exist
LINE 1: SELECT id_processo_tributario FROM processo_tributario WHERE...
               ^

2025-12-18 13:21:59,649 - ERROR - Erro linha 361: column "id_processo_tributario" does not exist
LINE 1: SELECT id_processo_tributario FROM processo_tributario WHERE...
               ^

2025-12-18 13:22:00,077 - ERROR - Erro linha 1020: column "id_processo_tributario" does not exist
LINE 1: SELECT id_processo_tributario FROM processo_tributario WHERE...
               ^

2025-12-18 13:22:00,581 - ERROR - Erro linha 362: column "id_processo_tributario" does not exist
LINE 1: SELECT id_processo_tributario FROM processo_tributario WHERE...
               ^

2025-12-18 13:22:00,903 - ERROR - Erro linha 1021: column "id_processo_tributario" does not exist
LINE 1: SELECT id_processo_tributario FROM processo_tributario WHERE...
               ^

2025-12-18 13:22:01,516 - ERROR - Erro linha 363: column "id_processo_tributario" does not exist
LINE 1: SELECT id_processo_tributario FROM processo_tributario WHERE...
               ^

2025-12-18 13:22:02,447 - ERROR - Erro linha 364: column "id_processo_tributario" does not exist
LINE 1: SELECT id_processo_tributario FROM processo_tributario WHERE...
               ^

2025-12-18 13:22:03,130 - ERROR - Erro linha 1024: column "id_processo_tributario" does not exist
LINE 1: SELECT id_processo_tributario FROM processo_tributario WHERE...
               ^

2025-12-18 13:22:03,386 - ERROR - Erro linha 365: column "id_processo_tributario" does not exist
LINE 1: SELECT id_processo_tributario FROM processo_tributario WHERE...
               ^

2025-12-18 13:22:04,325 - ERROR - Erro linha 366: column "id_processo_tributario" does not exist
LINE 1: SELECT id_processo_tributario FROM processo_tributario WHERE...
               ^

2025-12-18 13:22:04,647 - ERROR - Erro linha 1026: column "id_processo_tributario" does not exist
LINE 1: SELECT id_processo_tributario FROM processo_tributario WHERE...
               ^

2025-12-18 13:22:05,257 - ERROR - Erro linha 367: column "id_processo_tributario" does not exist
LINE 1: SELECT id_processo_tributario FROM processo_tributario WHERE...
               ^

2025-12-18 13:22:06,195 - ERROR - Erro linha 368: column "id_processo_tributario" does not exist
LINE 1: SELECT id_processo_tributario FROM processo_tributario WHERE...
               ^

2025-12-18 13:22:07,126 - ERROR - Erro linha 369: column "id_processo_tributario" does not exist
LINE 1: SELECT id_processo_tributario FROM processo_tributario WHERE...
               ^

2025-12-18 13:22:08,082 - ERROR - Erro linha 370: column "id_processo_tributario" does not exist
LINE 1: SELECT id_processo_tributario FROM processo_tributario WHERE...
               ^

2025-12-18 13:22:08,935 - ERROR - Erro linha 1032: column "id_processo_tributario" does not exist
LINE 1: SELECT id_processo_tributario FROM processo_tributario WHERE...
               ^

2025-12-18 13:22:09,764 - ERROR - Erro linha 1033: column "id_processo_tributario" does not exist
LINE 1: SELECT id_processo_tributario FROM processo_tributario WHERE...
               ^

2025-12-18 13:22:11,349 - ERROR - Erro linha 374: column "id_processo_tributario" does not exist
LINE 1: SELECT id_processo_tributario FROM processo_tributario WHERE...
               ^

2025-12-18 13:22:12,281 - ERROR - Erro linha 375: column "id_processo_tributario" does not exist
LINE 1: SELECT id_processo_tributario FROM processo_tributario WHERE...
               ^

2025-12-18 13:22:12,665 - ERROR - Erro linha 1037: column "id_processo_tributario" does not exist
LINE 1: SELECT id_processo_tributario FROM processo_tributario WHERE...
               ^

2025-12-18 13:22:14,001 - ERROR - Erro linha 377: column "id_processo_tributario" does not exist
LINE 1: SELECT id_processo_tributario FROM processo_tributario WHERE...
               ^

2025-12-18 13:22:14,190 - ERROR - Erro linha 1039: column "id_processo_tributario" does not exist
LINE 1: SELECT id_processo_tributario FROM processo_tributario WHERE...
               ^

2025-12-18 13:22:14,933 - ERROR - Erro linha 378: column "id_processo_tributario" does not exist
LINE 1: SELECT id_processo_tributario FROM processo_tributario WHERE...
               ^

2025-12-18 13:22:15,023 - ERROR - Erro linha 1040: column "id_processo_tributario" does not exist
LINE 1: SELECT id_processo_tributario FROM processo_tributario WHERE...
               ^

2025-12-18 13:22:15,850 - ERROR - Erro linha 1041: column "id_processo_tributario" does not exist
LINE 1: SELECT id_processo_tributario FROM processo_tributario WHERE...
               ^

2025-12-18 13:22:15,868 - ERROR - Erro linha 379: column "id_processo_tributario" does not exist
LINE 1: SELECT id_processo_tributario FROM processo_tributario WHERE...
               ^

2025-12-18 13:22:16,796 - ERROR - Erro linha 380: column "id_processo_tributario" does not exist
LINE 1: SELECT id_processo_tributario FROM processo_tributario WHERE...
               ^

2025-12-18 13:22:17,368 - ERROR - Erro linha 1043: column "id_processo_tributario" does not exist
LINE 1: SELECT id_processo_tributario FROM processo_tributario WHERE...
               ^

2025-12-18 13:22:17,731 - ERROR - Erro linha 381: column "id_processo_tributario" does not exist
LINE 1: SELECT id_processo_tributario FROM processo_tributario WHERE...
               ^

2025-12-18 13:22:18,199 - ERROR - Erro linha 1044: column "id_processo_tributario" does not exist
LINE 1: SELECT id_processo_tributario FROM processo_tributario WHERE...
               ^

2025-12-18 13:22:18,664 - ERROR - Erro linha 382: column "id_processo_tributario" does not exist
LINE 1: SELECT id_processo_tributario FROM processo_tributario WHERE...
               ^

2025-12-18 13:22:20,372 - ERROR - Erro linha 384: column "id_processo_tributario" does not exist
LINE 1: SELECT id_processo_tributario FROM processo_tributario WHERE...
               ^

2025-12-18 13:22:21,106 - ERROR - Erro linha 1048: column "id_processo_tributario" does not exist
LINE 1: SELECT id_processo_tributario FROM processo_tributario WHERE...
               ^

2025-12-18 13:22:21,303 - ERROR - Erro linha 385: column "id_processo_tributario" does not exist
LINE 1: SELECT id_processo_tributario FROM processo_tributario WHERE...
               ^

2025-12-18 13:22:21,931 - ERROR - Erro linha 1049: column "id_processo_tributario" does not exist
LINE 1: SELECT id_processo_tributario FROM processo_tributario WHERE...
               ^

2025-12-18 13:22:23,016 - ERROR - Erro linha 387: column "id_processo_tributario" does not exist
LINE 1: SELECT id_processo_tributario FROM processo_tributario WHERE...
               ^

2025-12-18 13:22:23,950 - ERROR - Erro linha 388: column "id_processo_tributario" does not exist
LINE 1: SELECT id_processo_tributario FROM processo_tributario WHERE...
               ^

2025-12-18 13:22:24,831 - ERROR - Erro linha 1053: column "id_processo_tributario" does not exist
LINE 1: SELECT id_processo_tributario FROM processo_tributario WHERE...
               ^

2025-12-18 13:22:24,885 - ERROR - Erro linha 389: column "id_processo_tributario" does not exist
LINE 1: SELECT id_processo_tributario FROM processo_tributario WHERE...
               ^

2025-12-18 13:22:26,355 - ERROR - Erro linha 1055: column "id_processo_tributario" does not exist
LINE 1: SELECT id_processo_tributario FROM processo_tributario WHERE...
               ^

2025-12-18 13:22:28,151 - ERROR - Erro linha 393: column "id_processo_tributario" does not exist
LINE 1: SELECT id_processo_tributario FROM processo_tributario WHERE...
               ^

2025-12-18 13:22:29,259 - ERROR - Erro linha 1059: column "id_processo_tributario" does not exist
LINE 1: SELECT id_processo_tributario FROM processo_tributario WHERE...
               ^

2025-12-18 13:22:30,084 - ERROR - Erro linha 1060: column "id_processo_tributario" does not exist
LINE 1: SELECT id_processo_tributario FROM processo_tributario WHERE...
               ^

2025-12-18 13:22:30,909 - ERROR - Erro linha 1061: column "id_processo_tributario" does not exist
LINE 1: SELECT id_processo_tributario FROM processo_tributario WHERE...
               ^

2025-12-18 13:22:31,420 - ERROR - Erro linha 397: column "id_processo_tributario" does not exist
LINE 1: SELECT id_processo_tributario FROM processo_tributario WHERE...
               ^

2025-12-18 13:22:31,735 - ERROR - Erro linha 1062: column "id_processo_tributario" does not exist
LINE 1: SELECT id_processo_tributario FROM processo_tributario WHERE...
               ^

2025-12-18 13:22:32,354 - ERROR - Erro linha 398: column "id_processo_tributario" does not exist
LINE 1: SELECT id_processo_tributario FROM processo_tributario WHERE...
               ^

2025-12-18 13:22:32,561 - ERROR - Erro linha 1063: column "id_processo_tributario" does not exist
LINE 1: SELECT id_processo_tributario FROM processo_tributario WHERE...
               ^

2025-12-18 13:22:33,284 - ERROR - Erro linha 399: column "id_processo_tributario" does not exist
LINE 1: SELECT id_processo_tributario FROM processo_tributario WHERE...
               ^

2025-12-18 13:22:33,389 - ERROR - Erro linha 1064: column "id_processo_tributario" does not exist
LINE 1: SELECT id_processo_tributario FROM processo_tributario WHERE...
               ^

2025-12-18 13:22:34,215 - ERROR - Erro linha 1065: column "id_processo_tributario" does not exist
LINE 1: SELECT id_processo_tributario FROM processo_tributario WHERE...
               ^

2025-12-18 13:22:34,220 - ERROR - Erro linha 400: column "id_processo_tributario" does not exist
LINE 1: SELECT id_processo_tributario FROM processo_tributario WHERE...
               ^

2025-12-18 13:22:35,043 - ERROR - Erro linha 1066: column "id_processo_tributario" does not exist
LINE 1: SELECT id_processo_tributario FROM processo_tributario WHERE...
               ^

2025-12-18 13:22:35,148 - ERROR - Erro linha 401: column "id_processo_tributario" does not exist
LINE 1: SELECT id_processo_tributario FROM processo_tributario WHERE...
               ^

2025-12-18 13:22:35,872 - ERROR - Erro linha 1067: column "id_processo_tributario" does not exist
LINE 1: SELECT id_processo_tributario FROM processo_tributario WHERE...
               ^

2025-12-18 13:22:36,864 - ERROR - Erro linha 403: column "id_processo_tributario" does not exist
LINE 1: SELECT id_processo_tributario FROM processo_tributario WHERE...
               ^

2025-12-18 13:22:37,384 - ERROR - Erro linha 1069: column "id_processo_tributario" does not exist
LINE 1: SELECT id_processo_tributario FROM processo_tributario WHERE...
               ^

2025-12-18 13:22:37,798 - ERROR - Erro linha 404: column "id_processo_tributario" does not exist
LINE 1: SELECT id_processo_tributario FROM processo_tributario WHERE...
               ^

2025-12-18 13:22:38,219 - ERROR - Erro linha 1070: column "id_processo_tributario" does not exist
LINE 1: SELECT id_processo_tributario FROM processo_tributario WHERE...
               ^

2025-12-18 13:22:39,046 - ERROR - Erro linha 1071: column "id_processo_tributario" does not exist
LINE 1: SELECT id_processo_tributario FROM processo_tributario WHERE...
               ^

2025-12-18 13:22:39,507 - ERROR - Erro linha 406: column "id_processo_tributario" does not exist
LINE 1: SELECT id_processo_tributario FROM processo_tributario WHERE...
               ^

2025-12-18 13:22:39,876 - ERROR - Erro linha 1072: column "id_processo_tributario" does not exist
LINE 1: SELECT id_processo_tributario FROM processo_tributario WHERE...
               ^

2025-12-18 13:22:40,437 - ERROR - Erro linha 407: column "id_processo_tributario" does not exist
LINE 1: SELECT id_processo_tributario FROM processo_tributario WHERE...
               ^

2025-12-18 13:22:40,703 - ERROR - Erro linha 1073: column "id_processo_tributario" does not exist
LINE 1: SELECT id_processo_tributario FROM processo_tributario WHERE...
               ^

2025-12-18 13:22:41,367 - ERROR - Erro linha 408: column "id_processo_tributario" does not exist
LINE 1: SELECT id_processo_tributario FROM processo_tributario WHERE...
               ^

2025-12-18 13:22:42,226 - ERROR - Erro linha 1075: column "id_processo_tributario" does not exist
LINE 1: SELECT id_processo_tributario FROM processo_tributario WHERE...
               ^

2025-12-18 13:22:43,054 - ERROR - Erro linha 1076: column "id_processo_tributario" does not exist
LINE 1: SELECT id_processo_tributario FROM processo_tributario WHERE...
               ^

2025-12-18 13:22:43,881 - ERROR - Erro linha 1077: column "id_processo_tributario" does not exist
LINE 1: SELECT id_processo_tributario FROM processo_tributario WHERE...
               ^

2025-12-18 13:22:44,710 - ERROR - Erro linha 1078: column "id_processo_tributario" does not exist
LINE 1: SELECT id_processo_tributario FROM processo_tributario WHERE...
               ^

2025-12-18 13:22:45,540 - ERROR - Erro linha 1079: column "id_processo_tributario" does not exist
LINE 1: SELECT id_processo_tributario FROM processo_tributario WHERE...
               ^

2025-12-18 13:22:46,201 - ERROR - Erro linha 414: column "id_processo_tributario" does not exist
LINE 1: SELECT id_processo_tributario FROM processo_tributario WHERE...
               ^

2025-12-18 13:22:46,365 - ERROR - Erro linha 1080: column "id_processo_tributario" does not exist
LINE 1: SELECT id_processo_tributario FROM processo_tributario WHERE...
               ^

2025-12-18 13:22:47,130 - ERROR - Erro linha 415: column "id_processo_tributario" does not exist
LINE 1: SELECT id_processo_tributario FROM processo_tributario WHERE...
               ^

2025-12-18 13:22:47,191 - ERROR - Erro linha 1081: column "id_processo_tributario" does not exist
LINE 1: SELECT id_processo_tributario FROM processo_tributario WHERE...
               ^

2025-12-18 13:22:50,077 - ERROR - Erro linha 1085: column "id_processo_tributario" does not exist
LINE 1: SELECT id_processo_tributario FROM processo_tributario WHERE...
               ^

2025-12-18 13:22:50,905 - ERROR - Erro linha 1086: column "id_processo_tributario" does not exist
LINE 1: SELECT id_processo_tributario FROM processo_tributario WHERE...
               ^

2025-12-18 13:22:51,941 - ERROR - Erro linha 421: column "id_processo_tributario" does not exist
LINE 1: SELECT id_processo_tributario FROM processo_tributario WHERE...
               ^

2025-12-18 13:22:52,429 - ERROR - Erro linha 1088: column "id_processo_tributario" does not exist
LINE 1: SELECT id_processo_tributario FROM processo_tributario WHERE...
               ^

2025-12-18 13:22:53,652 - ERROR - Erro linha 423: column "id_processo_tributario" does not exist
LINE 1: SELECT id_processo_tributario FROM processo_tributario WHERE...
               ^

2025-12-18 13:22:54,584 - ERROR - Erro linha 424: column "id_processo_tributario" does not exist
LINE 1: SELECT id_processo_tributario FROM processo_tributario WHERE...
               ^

2025-12-18 13:22:55,520 - ERROR - Erro linha 425: column "id_processo_tributario" does not exist
LINE 1: SELECT id_processo_tributario FROM processo_tributario WHERE...
               ^

2025-12-18 13:22:56,453 - ERROR - Erro linha 426: column "id_processo_tributario" does not exist
LINE 1: SELECT id_processo_tributario FROM processo_tributario WHERE...
               ^

2025-12-18 13:22:57,382 - ERROR - Erro linha 427: column "id_processo_tributario" does not exist
LINE 1: SELECT id_processo_tributario FROM processo_tributario WHERE...
               ^

2025-12-18 13:22:58,316 - ERROR - Erro linha 428: column "id_processo_tributario" does not exist
LINE 1: SELECT id_processo_tributario FROM processo_tributario WHERE...
               ^

2025-12-18 13:22:58,775 - ERROR - Erro linha 1097: column "id_processo_tributario" does not exist
LINE 1: SELECT id_processo_tributario FROM processo_tributario WHERE...
               ^

2025-12-18 13:23:00,978 - ERROR - Erro linha 1100: column "id_processo_tributario" does not exist
LINE 1: SELECT id_processo_tributario FROM processo_tributario WHERE...
               ^

2025-12-18 13:23:01,806 - ERROR - Erro linha 1101: column "id_processo_tributario" does not exist
LINE 1: SELECT id_processo_tributario FROM processo_tributario WHERE...
               ^

2025-12-18 13:23:02,361 - ERROR - Erro linha 433: column "id_processo_tributario" does not exist
LINE 1: SELECT id_processo_tributario FROM processo_tributario WHERE...
               ^

2025-12-18 13:23:02,631 - ERROR - Erro linha 1102: column "id_processo_tributario" does not exist
LINE 1: SELECT id_processo_tributario FROM processo_tributario WHERE...
               ^

2025-12-18 13:23:03,294 - ERROR - Erro linha 434: column "id_processo_tributario" does not exist
LINE 1: SELECT id_processo_tributario FROM processo_tributario WHERE...
               ^

2025-12-18 13:23:04,226 - ERROR - Erro linha 435: column "id_processo_tributario" does not exist
LINE 1: SELECT id_processo_tributario FROM processo_tributario WHERE...
               ^

2025-12-18 13:23:05,162 - ERROR - Erro linha 436: column "id_processo_tributario" does not exist
LINE 1: SELECT id_processo_tributario FROM processo_tributario WHERE...
               ^

2025-12-18 13:23:06,903 - ERROR - Erro linha 1108: column "id_processo_tributario" does not exist
LINE 1: SELECT id_processo_tributario FROM processo_tributario WHERE...
               ^

2025-12-18 13:23:07,642 - ERROR - Erro linha 439: column "id_processo_tributario" does not exist
LINE 1: SELECT id_processo_tributario FROM processo_tributario WHERE...
               ^

2025-12-18 13:23:07,729 - ERROR - Erro linha 1109: column "id_processo_tributario" does not exist
LINE 1: SELECT id_processo_tributario FROM processo_tributario WHERE...
               ^

2025-12-18 13:23:08,579 - ERROR - Erro linha 440: column "id_processo_tributario" does not exist
LINE 1: SELECT id_processo_tributario FROM processo_tributario WHERE...
               ^

2025-12-18 13:23:09,513 - ERROR - Erro linha 441: column "id_processo_tributario" does not exist
LINE 1: SELECT id_processo_tributario FROM processo_tributario WHERE...
               ^

2025-12-18 13:23:10,441 - ERROR - Erro linha 442: column "id_processo_tributario" does not exist
LINE 1: SELECT id_processo_tributario FROM processo_tributario WHERE...
               ^

2025-12-18 13:23:11,992 - ERROR - Erro linha 1115: column "id_processo_tributario" does not exist
LINE 1: SELECT id_processo_tributario FROM processo_tributario WHERE...
               ^

2025-12-18 13:23:12,820 - ERROR - Erro linha 1116: column "id_processo_tributario" does not exist
LINE 1: SELECT id_processo_tributario FROM processo_tributario WHERE...
               ^

2025-12-18 13:23:13,642 - ERROR - Erro linha 1117: column "id_processo_tributario" does not exist
LINE 1: SELECT id_processo_tributario FROM processo_tributario WHERE...
               ^

2025-12-18 13:23:14,468 - ERROR - Erro linha 1118: column "id_processo_tributario" does not exist
LINE 1: SELECT id_processo_tributario FROM processo_tributario WHERE...
               ^

2025-12-18 13:23:22,187 - ERROR - Erro linha 1129: column "id_processo_tributario" does not exist
LINE 1: SELECT id_processo_tributario FROM processo_tributario WHERE...
               ^

2025-12-18 13:23:23,011 - ERROR - Erro linha 1130: column "id_processo_tributario" does not exist
LINE 1: SELECT id_processo_tributario FROM processo_tributario WHERE...
               ^

2025-12-18 13:23:23,015 - ERROR - Erro linha 458: column "id_processo_tributario" does not exist
LINE 1: SELECT id_processo_tributario FROM processo_tributario WHERE...
               ^

2025-12-18 13:23:23,945 - ERROR - Erro linha 459: column "id_processo_tributario" does not exist
LINE 1: SELECT id_processo_tributario FROM processo_tributario WHERE...
               ^

2025-12-18 13:23:24,878 - ERROR - Erro linha 460: column "id_processo_tributario" does not exist
LINE 1: SELECT id_processo_tributario FROM processo_tributario WHERE...
               ^

2025-12-18 13:23:25,900 - ERROR - Erro linha 1134: column "id_processo_tributario" does not exist
LINE 1: SELECT id_processo_tributario FROM processo_tributario WHERE...
               ^

2025-12-18 13:23:26,581 - ERROR - Erro linha 462: column "id_processo_tributario" does not exist
LINE 1: SELECT id_processo_tributario FROM processo_tributario WHERE...
               ^

2025-12-18 13:23:27,510 - ERROR - Erro linha 463: column "id_processo_tributario" does not exist
LINE 1: SELECT id_processo_tributario FROM processo_tributario WHERE...
               ^

2025-12-18 13:23:28,441 - ERROR - Erro linha 464: column "id_processo_tributario" does not exist
LINE 1: SELECT id_processo_tributario FROM processo_tributario WHERE...
               ^

2025-12-18 13:23:29,472 - ERROR - Erro linha 1139: column "id_processo_tributario" does not exist
LINE 1: SELECT id_processo_tributario FROM processo_tributario WHERE...
               ^

2025-12-18 13:23:33,235 - ERROR - Erro linha 470: column "id_processo_tributario" does not exist
LINE 1: SELECT id_processo_tributario FROM processo_tributario WHERE...
               ^

2025-12-18 13:23:33,735 - ERROR - Erro linha 1145: column "id_processo_tributario" does not exist
LINE 1: SELECT id_processo_tributario FROM processo_tributario WHERE...
               ^

2025-12-18 13:23:34,942 - ERROR - Erro linha 472: column "id_processo_tributario" does not exist
LINE 1: SELECT id_processo_tributario FROM processo_tributario WHERE...
               ^

2025-12-18 13:23:35,250 - ERROR - Erro linha 1147: column "id_processo_tributario" does not exist
LINE 1: SELECT id_processo_tributario FROM processo_tributario WHERE...
               ^

2025-12-18 13:23:35,871 - ERROR - Erro linha 473: column "id_processo_tributario" does not exist
LINE 1: SELECT id_processo_tributario FROM processo_tributario WHERE...
               ^

2025-12-18 13:23:36,827 - ERROR - Erro linha 474: column "id_processo_tributario" does not exist
LINE 1: SELECT id_processo_tributario FROM processo_tributario WHERE...
               ^

2025-12-18 13:23:37,451 - ERROR - Erro linha 1150: column "id_processo_tributario" does not exist
LINE 1: SELECT id_processo_tributario FROM processo_tributario WHERE...
               ^

2025-12-18 13:23:38,276 - ERROR - Erro linha 1151: column "id_processo_tributario" does not exist
LINE 1: SELECT id_processo_tributario FROM processo_tributario WHERE...
               ^

2025-12-18 13:23:39,103 - ERROR - Erro linha 1152: column "id_processo_tributario" does not exist
LINE 1: SELECT id_processo_tributario FROM processo_tributario WHERE...
               ^

2025-12-18 13:23:39,307 - ERROR - Erro linha 477: column "id_processo_tributario" does not exist
LINE 1: SELECT id_processo_tributario FROM processo_tributario WHERE...
               ^

2025-12-18 13:23:39,932 - ERROR - Erro linha 1153: column "id_processo_tributario" does not exist
LINE 1: SELECT id_processo_tributario FROM processo_tributario WHERE...
               ^

2025-12-18 13:23:41,455 - ERROR - Erro linha 1155: column "id_processo_tributario" does not exist
LINE 1: SELECT id_processo_tributario FROM processo_tributario WHERE...
               ^

2025-12-18 13:23:42,575 - ERROR - Erro linha 481: column "id_processo_tributario" does not exist
LINE 1: SELECT id_processo_tributario FROM processo_tributario WHERE...
               ^

2025-12-18 13:23:43,507 - ERROR - Erro linha 482: column "id_processo_tributario" does not exist
LINE 1: SELECT id_processo_tributario FROM processo_tributario WHERE...
               ^

2025-12-18 13:23:44,356 - ERROR - Erro linha 1159: column "id_processo_tributario" does not exist
LINE 1: SELECT id_processo_tributario FROM processo_tributario WHERE...
               ^

2025-12-18 13:23:44,438 - ERROR - Erro linha 483: column "id_processo_tributario" does not exist
LINE 1: SELECT id_processo_tributario FROM processo_tributario WHERE...
               ^

2025-12-18 13:23:45,365 - ERROR - Erro linha 484: column "id_processo_tributario" does not exist
LINE 1: SELECT id_processo_tributario FROM processo_tributario WHERE...
               ^

2025-12-18 13:23:45,868 - ERROR - Erro linha 1161: column "id_processo_tributario" does not exist
LINE 1: SELECT id_processo_tributario FROM processo_tributario WHERE...
               ^

2025-12-18 13:23:47,383 - ERROR - Erro linha 1163: column "id_processo_tributario" does not exist
LINE 1: SELECT id_processo_tributario FROM processo_tributario WHERE...
               ^

2025-12-18 13:23:50,283 - ERROR - Erro linha 1167: column "id_processo_tributario" does not exist
LINE 1: SELECT id_processo_tributario FROM processo_tributario WHERE...
               ^

2025-12-18 13:23:53,859 - ERROR - Erro linha 1172: column "id_processo_tributario" does not exist
LINE 1: SELECT id_processo_tributario FROM processo_tributario WHERE...
               ^

2025-12-18 13:23:56,751 - ERROR - Erro linha 1176: column "id_processo_tributario" does not exist
LINE 1: SELECT id_processo_tributario FROM processo_tributario WHERE...
               ^

2025-12-18 13:23:57,138 - ERROR - Erro linha 499: column "id_processo_tributario" does not exist
LINE 1: SELECT id_processo_tributario FROM processo_tributario WHERE...
               ^

2025-12-18 13:23:57,576 - ERROR - Erro linha 1177: column "id_processo_tributario" does not exist
LINE 1: SELECT id_processo_tributario FROM processo_tributario WHERE...
               ^

2025-12-18 13:23:58,066 - ERROR - Erro linha 500: column "id_processo_tributario" does not exist
LINE 1: SELECT id_processo_tributario FROM processo_tributario WHERE...
               ^

2025-12-18 13:23:58,997 - ERROR - Erro linha 501: column "id_processo_tributario" does not exist
LINE 1: SELECT id_processo_tributario FROM processo_tributario WHERE...
               ^

2025-12-18 13:23:59,928 - ERROR - Erro linha 502: column "id_processo_tributario" does not exist
LINE 1: SELECT id_processo_tributario FROM processo_tributario WHERE...
               ^

2025-12-18 13:24:00,856 - ERROR - Erro linha 503: column "id_processo_tributario" does not exist
LINE 1: SELECT id_processo_tributario FROM processo_tributario WHERE...
               ^

2025-12-18 13:24:01,786 - ERROR - Erro linha 504: column "id_processo_tributario" does not exist
LINE 1: SELECT id_processo_tributario FROM processo_tributario WHERE...
               ^

2025-12-18 13:24:02,715 - ERROR - Erro linha 505: column "id_processo_tributario" does not exist
LINE 1: SELECT id_processo_tributario FROM processo_tributario WHERE...
               ^

2025-12-18 13:24:04,422 - ERROR - Erro linha 507: column "id_processo_tributario" does not exist
LINE 1: SELECT id_processo_tributario FROM processo_tributario WHERE...
               ^

2025-12-18 13:24:05,351 - ERROR - Erro linha 508: column "id_processo_tributario" does not exist
LINE 1: SELECT id_processo_tributario FROM processo_tributario WHERE...
               ^

2025-12-18 13:24:06,283 - ERROR - Erro linha 509: column "id_processo_tributario" does not exist
LINE 1: SELECT id_processo_tributario FROM processo_tributario WHERE...
               ^

2025-12-18 13:24:07,210 - ERROR - Erro linha 510: column "id_processo_tributario" does not exist
LINE 1: SELECT id_processo_tributario FROM processo_tributario WHERE...
               ^

2025-12-18 13:24:08,138 - ERROR - Erro linha 511: column "id_processo_tributario" does not exist
LINE 1: SELECT id_processo_tributario FROM processo_tributario WHERE...
               ^

2025-12-18 13:24:10,613 - ERROR - Erro linha 514: column "id_processo_tributario" does not exist
LINE 1: SELECT id_processo_tributario FROM processo_tributario WHERE...
               ^

2025-12-18 13:24:12,179 - ERROR - Erro linha 1198: column "id_processo_tributario" does not exist
LINE 1: SELECT id_processo_tributario FROM processo_tributario WHERE...
               ^

2025-12-18 13:24:12,316 - ERROR - Erro linha 516: column "id_processo_tributario" does not exist
LINE 1: SELECT id_processo_tributario FROM processo_tributario WHERE...
               ^

2025-12-18 13:24:13,250 - ERROR - Erro linha 517: column "id_processo_tributario" does not exist
LINE 1: SELECT id_processo_tributario FROM processo_tributario WHERE...
               ^

2025-12-18 13:24:14,194 - ERROR - Erro linha 518: column "id_processo_tributario" does not exist
LINE 1: SELECT id_processo_tributario FROM processo_tributario WHERE...
               ^

2025-12-18 13:24:15,125 - ERROR - Erro linha 519: column "id_processo_tributario" does not exist
LINE 1: SELECT id_processo_tributario FROM processo_tributario WHERE...
               ^

2025-12-18 13:24:15,763 - ERROR - Erro linha 1203: column "id_processo_tributario" does not exist
LINE 1: SELECT id_processo_tributario FROM processo_tributario WHERE...
               ^

2025-12-18 13:24:16,837 - ERROR - Erro linha 521: column "id_processo_tributario" does not exist
LINE 1: SELECT id_processo_tributario FROM processo_tributario WHERE...
               ^

2025-12-18 13:24:17,280 - ERROR - Erro linha 1205: column "id_processo_tributario" does not exist
LINE 1: SELECT id_processo_tributario FROM processo_tributario WHERE...
               ^

2025-12-18 13:24:18,545 - ERROR - Erro linha 523: column "id_processo_tributario" does not exist
LINE 1: SELECT id_processo_tributario FROM processo_tributario WHERE...
               ^

2025-12-18 13:24:19,472 - ERROR - Erro linha 524: column "id_processo_tributario" does not exist
LINE 1: SELECT id_processo_tributario FROM processo_tributario WHERE...
               ^

2025-12-18 13:24:20,169 - ERROR - Erro linha 1209: column "id_processo_tributario" does not exist
LINE 1: SELECT id_processo_tributario FROM processo_tributario WHERE...
               ^

2025-12-18 13:24:21,183 - ERROR - Erro linha 526: column "id_processo_tributario" does not exist
LINE 1: SELECT id_processo_tributario FROM processo_tributario WHERE...
               ^

2025-12-18 13:24:23,670 - ERROR - Erro linha 529: column "id_processo_tributario" does not exist
LINE 1: SELECT id_processo_tributario FROM processo_tributario WHERE...
               ^

2025-12-18 13:24:24,598 - ERROR - Erro linha 530: column "id_processo_tributario" does not exist
LINE 1: SELECT id_processo_tributario FROM processo_tributario WHERE...
               ^

2025-12-18 13:24:25,811 - ERROR - Erro linha 1217: column "id_processo_tributario" does not exist
LINE 1: SELECT id_processo_tributario FROM processo_tributario WHERE...
               ^

2025-12-18 13:24:26,305 - ERROR - Erro linha 532: column "id_processo_tributario" does not exist
LINE 1: SELECT id_processo_tributario FROM processo_tributario WHERE...
               ^

2025-12-18 13:24:27,322 - ERROR - Erro linha 1219: column "id_processo_tributario" does not exist
LINE 1: SELECT id_processo_tributario FROM processo_tributario WHERE...
               ^

2025-12-18 13:24:28,008 - ERROR - Erro linha 534: column "id_processo_tributario" does not exist
LINE 1: SELECT id_processo_tributario FROM processo_tributario WHERE...
               ^

2025-12-18 13:24:28,834 - ERROR - Erro linha 1221: column "id_processo_tributario" does not exist
LINE 1: SELECT id_processo_tributario FROM processo_tributario WHERE...
               ^

2025-12-18 13:24:28,936 - ERROR - Erro linha 535: column "id_processo_tributario" does not exist
LINE 1: SELECT id_processo_tributario FROM processo_tributario WHERE...
               ^

2025-12-18 13:24:30,350 - ERROR - Erro linha 1223: column "id_processo_tributario" does not exist
LINE 1: SELECT id_processo_tributario FROM processo_tributario WHERE...
               ^

2025-12-18 13:24:30,643 - ERROR - Erro linha 537: column "id_processo_tributario" does not exist
LINE 1: SELECT id_processo_tributario FROM processo_tributario WHERE...
               ^

2025-12-18 13:24:33,940 - ERROR - Erro linha 1228: column "id_processo_tributario" does not exist
LINE 1: SELECT id_processo_tributario FROM processo_tributario WHERE...
               ^

2025-12-18 13:24:34,682 - ERROR - Erro linha 542: column "id_processo_tributario" does not exist
LINE 1: SELECT id_processo_tributario FROM processo_tributario WHERE...
               ^

2025-12-18 13:24:36,841 - ERROR - Erro linha 1232: column "id_processo_tributario" does not exist
LINE 1: SELECT id_processo_tributario FROM processo_tributario WHERE...
               ^

2025-12-18 13:24:37,948 - ERROR - Erro linha 546: column "id_processo_tributario" does not exist
LINE 1: SELECT id_processo_tributario FROM processo_tributario WHERE...
               ^

2025-12-18 13:24:38,361 - ERROR - Erro linha 1234: column "id_processo_tributario" does not exist
LINE 1: SELECT id_processo_tributario FROM processo_tributario WHERE...
               ^

2025-12-18 13:24:38,883 - ERROR - Erro linha 547: column "id_processo_tributario" does not exist
LINE 1: SELECT id_processo_tributario FROM processo_tributario WHERE...
               ^

2025-12-18 13:24:39,880 - ERROR - Erro linha 1236: column "id_processo_tributario" does not exist
LINE 1: SELECT id_processo_tributario FROM processo_tributario WHERE...
               ^

2025-12-18 13:24:40,592 - ERROR - Erro linha 549: column "id_processo_tributario" does not exist
LINE 1: SELECT id_processo_tributario FROM processo_tributario WHERE...
               ^

2025-12-18 13:24:40,707 - ERROR - Erro linha 1237: column "id_processo_tributario" does not exist
LINE 1: SELECT id_processo_tributario FROM processo_tributario WHERE...
               ^

2025-12-18 13:24:41,522 - ERROR - Erro linha 550: column "id_processo_tributario" does not exist
LINE 1: SELECT id_processo_tributario FROM processo_tributario WHERE...
               ^

2025-12-18 13:24:42,452 - ERROR - Erro linha 551: column "id_processo_tributario" does not exist
LINE 1: SELECT id_processo_tributario FROM processo_tributario WHERE...
               ^

2025-12-18 13:24:44,163 - ERROR - Erro linha 553: column "id_processo_tributario" does not exist
LINE 1: SELECT id_processo_tributario FROM processo_tributario WHERE...
               ^

2025-12-18 13:24:45,097 - ERROR - Erro linha 554: column "id_processo_tributario" does not exist
LINE 1: SELECT id_processo_tributario FROM processo_tributario WHERE...
               ^

2025-12-18 13:24:45,663 - ERROR - Erro linha 1244: column "id_processo_tributario" does not exist
LINE 1: SELECT id_processo_tributario FROM processo_tributario WHERE...
               ^

2025-12-18 13:24:46,028 - ERROR - Erro linha 555: column "id_processo_tributario" does not exist
LINE 1: SELECT id_processo_tributario FROM processo_tributario WHERE...
               ^

2025-12-18 13:24:46,491 - ERROR - Erro linha 1245: column "id_processo_tributario" does not exist
LINE 1: SELECT id_processo_tributario FROM processo_tributario WHERE...
               ^

2025-12-18 13:24:48,513 - ERROR - Erro linha 558: column "id_processo_tributario" does not exist
LINE 1: SELECT id_processo_tributario FROM processo_tributario WHERE...
               ^

2025-12-18 13:24:49,451 - ERROR - Erro linha 559: column "id_processo_tributario" does not exist
LINE 1: SELECT id_processo_tributario FROM processo_tributario WHERE...
               ^

2025-12-18 13:24:50,379 - ERROR - Erro linha 560: column "id_processo_tributario" does not exist
LINE 1: SELECT id_processo_tributario FROM processo_tributario WHERE...
               ^

2025-12-18 13:24:51,308 - ERROR - Erro linha 561: column "id_processo_tributario" does not exist
LINE 1: SELECT id_processo_tributario FROM processo_tributario WHERE...
               ^

2025-12-18 13:24:52,241 - ERROR - Erro linha 562: column "id_processo_tributario" does not exist
LINE 1: SELECT id_processo_tributario FROM processo_tributario WHERE...
               ^

2025-12-18 13:24:53,178 - ERROR - Erro linha 563: column "id_processo_tributario" does not exist
LINE 1: SELECT id_processo_tributario FROM processo_tributario WHERE...
               ^

2025-12-18 13:24:54,104 - ERROR - Erro linha 564: column "id_processo_tributario" does not exist
LINE 1: SELECT id_processo_tributario FROM processo_tributario WHERE...
               ^

2025-12-18 13:24:54,211 - ERROR - Erro linha 1256: column "id_processo_tributario" does not exist
LINE 1: SELECT id_processo_tributario FROM processo_tributario WHERE...
               ^

2025-12-18 13:24:55,038 - ERROR - Erro linha 1257: column "id_processo_tributario" does not exist
LINE 1: SELECT id_processo_tributario FROM processo_tributario WHERE...
               ^

2025-12-18 13:24:55,816 - ERROR - Erro linha 566: column "id_processo_tributario" does not exist
LINE 1: SELECT id_processo_tributario FROM processo_tributario WHERE...
               ^

2025-12-18 13:24:55,865 - ERROR - Erro linha 1258: column "id_processo_tributario" does not exist
LINE 1: SELECT id_processo_tributario FROM processo_tributario WHERE...
               ^

2025-12-18 13:24:56,690 - ERROR - Erro linha 1259: column "id_processo_tributario" does not exist
LINE 1: SELECT id_processo_tributario FROM processo_tributario WHERE...
               ^

2025-12-18 13:24:56,747 - ERROR - Erro linha 567: column "id_processo_tributario" does not exist
LINE 1: SELECT id_processo_tributario FROM processo_tributario WHERE...
               ^

2025-12-18 13:24:57,518 - ERROR - Erro linha 1260: column "id_processo_tributario" does not exist
LINE 1: SELECT id_processo_tributario FROM processo_tributario WHERE...
               ^

2025-12-18 13:24:57,676 - ERROR - Erro linha 568: column "id_processo_tributario" does not exist
LINE 1: SELECT id_processo_tributario FROM processo_tributario WHERE...
               ^

2025-12-18 13:24:58,345 - ERROR - Erro linha 1261: column "id_processo_tributario" does not exist
LINE 1: SELECT id_processo_tributario FROM processo_tributario WHERE...
               ^

2025-12-18 13:24:58,609 - ERROR - Erro linha 569: column "id_processo_tributario" does not exist
LINE 1: SELECT id_processo_tributario FROM processo_tributario WHERE...
               ^

2025-12-18 13:24:59,536 - ERROR - Erro linha 570: column "id_processo_tributario" does not exist
LINE 1: SELECT id_processo_tributario FROM processo_tributario WHERE...
               ^

2025-12-18 13:25:00,477 - ERROR - Erro linha 571: column "id_processo_tributario" does not exist
LINE 1: SELECT id_processo_tributario FROM processo_tributario WHERE...
               ^

2025-12-18 13:25:00,546 - ERROR - Erro linha 1264: column "id_processo_tributario" does not exist
LINE 1: SELECT id_processo_tributario FROM processo_tributario WHERE...
               ^

2025-12-18 13:25:01,410 - ERROR - Erro linha 572: column "id_processo_tributario" does not exist
LINE 1: SELECT id_processo_tributario FROM processo_tributario WHERE...
               ^

2025-12-18 13:25:02,347 - ERROR - Erro linha 573: column "id_processo_tributario" does not exist
LINE 1: SELECT id_processo_tributario FROM processo_tributario WHERE...
               ^

2025-12-18 13:25:04,142 - ERROR - Erro linha 1269: column "id_processo_tributario" does not exist
LINE 1: SELECT id_processo_tributario FROM processo_tributario WHERE...
               ^

2025-12-18 13:25:04,970 - ERROR - Erro linha 1270: column "id_processo_tributario" does not exist
LINE 1: SELECT id_processo_tributario FROM processo_tributario WHERE...
               ^

2025-12-18 13:25:05,796 - ERROR - Erro linha 1271: column "id_processo_tributario" does not exist
LINE 1: SELECT id_processo_tributario FROM processo_tributario WHERE...
               ^

2025-12-18 13:25:06,429 - ERROR - Erro linha 578: column "id_processo_tributario" does not exist
LINE 1: SELECT id_processo_tributario FROM processo_tributario WHERE...
               ^

2025-12-18 13:25:06,625 - ERROR - Erro linha 1272: column "id_processo_tributario" does not exist
LINE 1: SELECT id_processo_tributario FROM processo_tributario WHERE...
               ^

2025-12-18 13:25:07,452 - ERROR - Erro linha 1273: column "id_processo_tributario" does not exist
LINE 1: SELECT id_processo_tributario FROM processo_tributario WHERE...
               ^

2025-12-18 13:25:08,158 - ERROR - Erro linha 580: column "id_processo_tributario" does not exist
LINE 1: SELECT id_processo_tributario FROM processo_tributario WHERE...
               ^

2025-12-18 13:25:08,284 - ERROR - Erro linha 1274: column "id_processo_tributario" does not exist
LINE 1: SELECT id_processo_tributario FROM processo_tributario WHERE...
               ^

2025-12-18 13:25:09,097 - ERROR - Erro linha 581: column "id_processo_tributario" does not exist
LINE 1: SELECT id_processo_tributario FROM processo_tributario WHERE...
               ^

2025-12-18 13:25:09,113 - ERROR - Erro linha 1275: column "id_processo_tributario" does not exist
LINE 1: SELECT id_processo_tributario FROM processo_tributario WHERE...
               ^

2025-12-18 13:25:10,811 - ERROR - Erro linha 583: column "id_processo_tributario" does not exist
LINE 1: SELECT id_processo_tributario FROM processo_tributario WHERE...
               ^

2025-12-18 13:25:11,743 - ERROR - Erro linha 584: column "id_processo_tributario" does not exist
LINE 1: SELECT id_processo_tributario FROM processo_tributario WHERE...
               ^

2025-12-18 13:25:12,672 - ERROR - Erro linha 585: column "id_processo_tributario" does not exist
LINE 1: SELECT id_processo_tributario FROM processo_tributario WHERE...
               ^

2025-12-18 13:25:13,603 - ERROR - Erro linha 586: column "id_processo_tributario" does not exist
LINE 1: SELECT id_processo_tributario FROM processo_tributario WHERE...
               ^

2025-12-18 13:25:14,539 - ERROR - Erro linha 587: column "id_processo_tributario" does not exist
LINE 1: SELECT id_processo_tributario FROM processo_tributario WHERE...
               ^

2025-12-18 13:25:15,472 - ERROR - Erro linha 1284: column "id_processo_tributario" does not exist
LINE 1: SELECT id_processo_tributario FROM processo_tributario WHERE...
               ^

2025-12-18 13:25:15,475 - ERROR - Erro linha 588: column "id_processo_tributario" does not exist
LINE 1: SELECT id_processo_tributario FROM processo_tributario WHERE...
               ^

2025-12-18 13:25:16,988 - ERROR - Erro linha 1286: column "id_processo_tributario" does not exist
LINE 1: SELECT id_processo_tributario FROM processo_tributario WHERE...
               ^

2025-12-18 13:25:18,743 - ERROR - Erro linha 592: column "id_processo_tributario" does not exist
LINE 1: SELECT id_processo_tributario FROM processo_tributario WHERE...
               ^

2025-12-18 13:25:19,883 - ERROR - Erro linha 1290: column "id_processo_tributario" does not exist
LINE 1: SELECT id_processo_tributario FROM processo_tributario WHERE...
               ^

2025-12-18 13:25:20,457 - ERROR - Erro linha 594: column "id_processo_tributario" does not exist
LINE 1: SELECT id_processo_tributario FROM processo_tributario WHERE...
               ^

2025-12-18 13:25:20,708 - ERROR - Erro linha 1291: column "id_processo_tributario" does not exist
LINE 1: SELECT id_processo_tributario FROM processo_tributario WHERE...
               ^

2025-12-18 13:25:21,534 - ERROR - Erro linha 1292: column "id_processo_tributario" does not exist
LINE 1: SELECT id_processo_tributario FROM processo_tributario WHERE...
               ^

2025-12-18 13:25:22,167 - ERROR - Erro linha 596: column "id_processo_tributario" does not exist
LINE 1: SELECT id_processo_tributario FROM processo_tributario WHERE...
               ^

2025-12-18 13:25:23,103 - ERROR - Erro linha 597: column "id_processo_tributario" does not exist
LINE 1: SELECT id_processo_tributario FROM processo_tributario WHERE...
               ^

2025-12-18 13:25:24,821 - ERROR - Erro linha 599: column "id_processo_tributario" does not exist
LINE 1: SELECT id_processo_tributario FROM processo_tributario WHERE...
               ^

2025-12-18 13:25:25,752 - ERROR - Erro linha 600: column "id_processo_tributario" does not exist
LINE 1: SELECT id_processo_tributario FROM processo_tributario WHERE...
               ^

2025-12-18 13:25:26,512 - ERROR - Erro linha 1299: column "id_processo_tributario" does not exist
LINE 1: SELECT id_processo_tributario FROM processo_tributario WHERE...
               ^

2025-12-18 13:25:28,245 - ERROR - Erro linha 603: column "id_processo_tributario" does not exist
LINE 1: SELECT id_processo_tributario FROM processo_tributario WHERE...
               ^

2025-12-18 13:25:28,722 - ERROR - Erro linha 1302: column "id_processo_tributario" does not exist
LINE 1: SELECT id_processo_tributario FROM processo_tributario WHERE...
               ^

2025-12-18 13:25:29,183 - ERROR - Erro linha 604: column "id_processo_tributario" does not exist
LINE 1: SELECT id_processo_tributario FROM processo_tributario WHERE...
               ^

2025-12-18 13:25:29,545 - ERROR - Erro linha 1303: column "id_processo_tributario" does not exist
LINE 1: SELECT id_processo_tributario FROM processo_tributario WHERE...
               ^

2025-12-18 13:25:30,370 - ERROR - Erro linha 1304: column "id_processo_tributario" does not exist
LINE 1: SELECT id_processo_tributario FROM processo_tributario WHERE...
               ^

2025-12-18 13:25:32,588 - ERROR - Erro linha 1307: column "id_processo_tributario" does not exist
LINE 1: SELECT id_processo_tributario FROM processo_tributario WHERE...
               ^

2025-12-18 13:25:34,003 - ERROR - Erro linha 610: column "id_processo_tributario" does not exist
LINE 1: SELECT id_processo_tributario FROM processo_tributario WHERE...
               ^

2025-12-18 13:25:34,940 - ERROR - Erro linha 611: column "id_processo_tributario" does not exist
LINE 1: SELECT id_processo_tributario FROM processo_tributario WHERE...
               ^

2025-12-18 13:25:35,486 - ERROR - Erro linha 1311: column "id_processo_tributario" does not exist
LINE 1: SELECT id_processo_tributario FROM processo_tributario WHERE...
               ^

2025-12-18 13:25:38,205 - ERROR - Erro linha 615: column "id_processo_tributario" does not exist
LINE 1: SELECT id_processo_tributario FROM processo_tributario WHERE...
               ^

2025-12-18 13:25:38,379 - ERROR - Erro linha 1315: column "id_processo_tributario" does not exist
LINE 1: SELECT id_processo_tributario FROM processo_tributario WHERE...
               ^

2025-12-18 13:25:40,701 - ERROR - Erro linha 618: column "id_processo_tributario" does not exist
LINE 1: SELECT id_processo_tributario FROM processo_tributario WHERE...
               ^

2025-12-18 13:25:41,633 - ERROR - Erro linha 619: column "id_processo_tributario" does not exist
LINE 1: SELECT id_processo_tributario FROM processo_tributario WHERE...
               ^

2025-12-18 13:25:42,572 - ERROR - Erro linha 620: column "id_processo_tributario" does not exist
LINE 1: SELECT id_processo_tributario FROM processo_tributario WHERE...
               ^

2025-12-18 13:25:43,501 - ERROR - Erro linha 621: column "id_processo_tributario" does not exist
LINE 1: SELECT id_processo_tributario FROM processo_tributario WHERE...
               ^

2025-12-18 13:25:44,445 - ERROR - Erro linha 622: column "id_processo_tributario" does not exist
LINE 1: SELECT id_processo_tributario FROM processo_tributario WHERE...
               ^

2025-12-18 13:25:44,738 - ERROR - Erro linha 1324: column "id_processo_tributario" does not exist
LINE 1: SELECT id_processo_tributario FROM processo_tributario WHERE...
               ^

2025-12-18 13:25:48,489 - ERROR - Erro linha 627: column "id_processo_tributario" does not exist
LINE 1: SELECT id_processo_tributario FROM processo_tributario WHERE...
               ^

2025-12-18 13:25:49,016 - ERROR - Erro linha 1330: column "id_processo_tributario" does not exist
LINE 1: SELECT id_processo_tributario FROM processo_tributario WHERE...
               ^

2025-12-18 13:25:49,426 - ERROR - Erro linha 628: column "id_processo_tributario" does not exist
LINE 1: SELECT id_processo_tributario FROM processo_tributario WHERE...
               ^

2025-12-18 13:25:50,356 - ERROR - Erro linha 629: column "id_processo_tributario" does not exist
LINE 1: SELECT id_processo_tributario FROM processo_tributario WHERE...
               ^

2025-12-18 13:25:51,292 - ERROR - Erro linha 630: column "id_processo_tributario" does not exist
LINE 1: SELECT id_processo_tributario FROM processo_tributario WHERE...
               ^

2025-12-18 13:25:51,922 - ERROR - Erro linha 1334: column "id_processo_tributario" does not exist
LINE 1: SELECT id_processo_tributario FROM processo_tributario WHERE...
               ^

2025-12-18 13:25:52,226 - ERROR - Erro linha 631: column "id_processo_tributario" does not exist
LINE 1: SELECT id_processo_tributario FROM processo_tributario WHERE...
               ^

2025-12-18 13:25:52,753 - ERROR - Erro linha 1335: column "id_processo_tributario" does not exist
LINE 1: SELECT id_processo_tributario FROM processo_tributario WHERE...
               ^

2025-12-18 13:25:53,164 - ERROR - Erro linha 632: column "id_processo_tributario" does not exist
LINE 1: SELECT id_processo_tributario FROM processo_tributario WHERE...
               ^

2025-12-18 13:25:54,101 - ERROR - Erro linha 633: column "id_processo_tributario" does not exist
LINE 1: SELECT id_processo_tributario FROM processo_tributario WHERE...
               ^

2025-12-18 13:25:55,033 - ERROR - Erro linha 634: column "id_processo_tributario" does not exist
LINE 1: SELECT id_processo_tributario FROM processo_tributario WHERE...
               ^

2025-12-18 13:25:57,523 - ERROR - Erro linha 637: column "id_processo_tributario" does not exist
LINE 1: SELECT id_processo_tributario FROM processo_tributario WHERE...
               ^

2025-12-18 13:25:59,246 - ERROR - Erro linha 639: column "id_processo_tributario" does not exist
LINE 1: SELECT id_processo_tributario FROM processo_tributario WHERE...
               ^

2025-12-18 13:25:59,806 - ERROR - Erro linha 1345: column "id_processo_tributario" does not exist
LINE 1: SELECT id_processo_tributario FROM processo_tributario WHERE...
               ^

2025-12-18 13:26:00,179 - ERROR - Erro linha 640: column "id_processo_tributario" does not exist
LINE 1: SELECT id_processo_tributario FROM processo_tributario WHERE...
               ^

2025-12-18 13:26:01,111 - ERROR - Erro linha 641: column "id_processo_tributario" does not exist
LINE 1: SELECT id_processo_tributario FROM processo_tributario WHERE...
               ^

2025-12-18 13:26:02,022 - ERROR - Erro linha 1348: column "id_processo_tributario" does not exist
LINE 1: SELECT id_processo_tributario FROM processo_tributario WHERE...
               ^

2025-12-18 13:26:03,612 - ERROR - Erro linha 644: column "id_processo_tributario" does not exist
LINE 1: SELECT id_processo_tributario FROM processo_tributario WHERE...
               ^

2025-12-18 13:26:04,548 - ERROR - Erro linha 645: column "id_processo_tributario" does not exist
LINE 1: SELECT id_processo_tributario FROM processo_tributario WHERE...
               ^

2025-12-18 13:26:05,480 - ERROR - Erro linha 646: column "id_processo_tributario" does not exist
LINE 1: SELECT id_processo_tributario FROM processo_tributario WHERE...
               ^

2025-12-18 13:26:06,409 - ERROR - Erro linha 647: column "id_processo_tributario" does not exist
LINE 1: SELECT id_processo_tributario FROM processo_tributario WHERE...
               ^

2025-12-18 13:26:07,342 - ERROR - Erro linha 648: column "id_processo_tributario" does not exist
LINE 1: SELECT id_processo_tributario FROM processo_tributario WHERE...
               ^

2025-12-18 13:26:07,671 - ERROR - Erro linha 1356: column "id_processo_tributario" does not exist
LINE 1: SELECT id_processo_tributario FROM processo_tributario WHERE...
               ^

2025-12-18 13:26:08,284 - ERROR - Erro linha 649: column "id_processo_tributario" does not exist
LINE 1: SELECT id_processo_tributario FROM processo_tributario WHERE...
               ^

2025-12-18 13:26:09,220 - ERROR - Erro linha 650: column "id_processo_tributario" does not exist
LINE 1: SELECT id_processo_tributario FROM processo_tributario WHERE...
               ^

2025-12-18 13:26:10,153 - ERROR - Erro linha 651: column "id_processo_tributario" does not exist
LINE 1: SELECT id_processo_tributario FROM processo_tributario WHERE...
               ^

2025-12-18 13:26:11,083 - ERROR - Erro linha 652: column "id_processo_tributario" does not exist
LINE 1: SELECT id_processo_tributario FROM processo_tributario WHERE...
               ^

2025-12-18 13:26:12,019 - ERROR - Erro linha 653: column "id_processo_tributario" does not exist
LINE 1: SELECT id_processo_tributario FROM processo_tributario WHERE...
               ^

2025-12-18 13:26:12,646 - ERROR - Erro linha 1363: column "id_processo_tributario" does not exist
LINE 1: SELECT id_processo_tributario FROM processo_tributario WHERE...
               ^

2025-12-18 13:26:12,957 - ERROR - Erro linha 654: column "id_processo_tributario" does not exist
LINE 1: SELECT id_processo_tributario FROM processo_tributario WHERE...
               ^

2025-12-18 13:26:13,893 - ERROR - Erro linha 655: column "id_processo_tributario" does not exist
LINE 1: SELECT id_processo_tributario FROM processo_tributario WHERE...
               ^

2025-12-18 13:26:14,170 - ERROR - Erro linha 1365: column "id_processo_tributario" does not exist
LINE 1: SELECT id_processo_tributario FROM processo_tributario WHERE...
               ^

2025-12-18 13:26:14,831 - ERROR - Erro linha 656: column "id_processo_tributario" does not exist
LINE 1: SELECT id_processo_tributario FROM processo_tributario WHERE...
               ^

2025-12-18 13:26:15,003 - ERROR - Erro linha 1366: column "id_processo_tributario" does not exist
LINE 1: SELECT id_processo_tributario FROM processo_tributario WHERE...
               ^

2025-12-18 13:26:15,762 - ERROR - Erro linha 657: column "id_processo_tributario" does not exist
LINE 1: SELECT id_processo_tributario FROM processo_tributario WHERE...
               ^

2025-12-18 13:26:15,830 - ERROR - Erro linha 1367: column "id_processo_tributario" does not exist
LINE 1: SELECT id_processo_tributario FROM processo_tributario WHERE...
               ^

2025-12-18 13:26:16,690 - ERROR - Erro linha 658: column "id_processo_tributario" does not exist
LINE 1: SELECT id_processo_tributario FROM processo_tributario WHERE...
               ^

2025-12-18 13:26:17,620 - ERROR - Erro linha 659: column "id_processo_tributario" does not exist
LINE 1: SELECT id_processo_tributario FROM processo_tributario WHERE...
               ^

2025-12-18 13:26:18,553 - ERROR - Erro linha 660: column "id_processo_tributario" does not exist
LINE 1: SELECT id_processo_tributario FROM processo_tributario WHERE...
               ^

2025-12-18 13:26:18,723 - ERROR - Erro linha 1371: column "id_processo_tributario" does not exist
LINE 1: SELECT id_processo_tributario FROM processo_tributario WHERE...
               ^

2025-12-18 13:26:20,930 - ERROR - Erro linha 1374: column "id_processo_tributario" does not exist
LINE 1: SELECT id_processo_tributario FROM processo_tributario WHERE...
               ^

2025-12-18 13:26:21,762 - ERROR - Erro linha 1375: column "id_processo_tributario" does not exist
LINE 1: SELECT id_processo_tributario FROM processo_tributario WHERE...
               ^

2025-12-18 13:26:21,833 - ERROR - Erro linha 664: column "id_processo_tributario" does not exist
LINE 1: SELECT id_processo_tributario FROM processo_tributario WHERE...
               ^

2025-12-18 13:26:23,552 - ERROR - Erro linha 666: column "id_processo_tributario" does not exist
LINE 1: SELECT id_processo_tributario FROM processo_tributario WHERE...
               ^

2025-12-18 13:26:25,268 - ERROR - Erro linha 668: column "id_processo_tributario" does not exist
LINE 1: SELECT id_processo_tributario FROM processo_tributario WHERE...
               ^

2025-12-18 13:26:26,199 - ERROR - Erro linha 669: column "id_processo_tributario" does not exist
LINE 1: SELECT id_processo_tributario FROM processo_tributario WHERE...
               ^

2025-12-18 13:26:26,772 - ERROR - Erro linha 1382: column "id_processo_tributario" does not exist
LINE 1: SELECT id_processo_tributario FROM processo_tributario WHERE...
               ^

2025-12-18 13:26:28,303 - ERROR - Erro linha 1384: column "id_processo_tributario" does not exist
LINE 1: SELECT id_processo_tributario FROM processo_tributario WHERE...
               ^

2025-12-18 13:26:29,474 - ERROR - Erro linha 673: column "id_processo_tributario" does not exist
LINE 1: SELECT id_processo_tributario FROM processo_tributario WHERE...
               ^

2025-12-18 13:26:30,412 - ERROR - Erro linha 674: column "id_processo_tributario" does not exist
LINE 1: SELECT id_processo_tributario FROM processo_tributario WHERE...
               ^

2025-12-18 13:26:31,342 - ERROR - Erro linha 675: column "id_processo_tributario" does not exist
LINE 1: SELECT id_processo_tributario FROM processo_tributario WHERE...
               ^

2025-12-18 13:26:32,271 - ERROR - Erro linha 676: column "id_processo_tributario" does not exist
LINE 1: SELECT id_processo_tributario FROM processo_tributario WHERE...
               ^

2025-12-18 13:26:33,205 - ERROR - Erro linha 677: column "id_processo_tributario" does not exist
LINE 1: SELECT id_processo_tributario FROM processo_tributario WHERE...
               ^

2025-12-18 13:26:34,135 - ERROR - Erro linha 678: column "id_processo_tributario" does not exist
LINE 1: SELECT id_processo_tributario FROM processo_tributario WHERE...
               ^

2025-12-18 13:26:35,067 - ERROR - Erro linha 679: column "id_processo_tributario" does not exist
LINE 1: SELECT id_processo_tributario FROM processo_tributario WHERE...
               ^

2025-12-18 13:26:35,997 - ERROR - Erro linha 680: column "id_processo_tributario" does not exist
LINE 1: SELECT id_processo_tributario FROM processo_tributario WHERE...
               ^

2025-12-18 13:26:36,927 - ERROR - Erro linha 681: column "id_processo_tributario" does not exist
LINE 1: SELECT id_processo_tributario FROM processo_tributario WHERE...
               ^

2025-12-18 13:26:38,635 - ERROR - Erro linha 683: column "id_processo_tributario" does not exist
LINE 1: SELECT id_processo_tributario FROM processo_tributario WHERE...
               ^

2025-12-18 13:26:39,568 - ERROR - Erro linha 684: column "id_processo_tributario" does not exist
LINE 1: SELECT id_processo_tributario FROM processo_tributario WHERE...
               ^

2025-12-18 13:26:40,497 - ERROR - Erro linha 685: column "id_processo_tributario" does not exist
LINE 1: SELECT id_processo_tributario FROM processo_tributario WHERE...
               ^

2025-12-18 13:26:41,589 - ERROR - Erro linha 1403: column "id_processo_tributario" does not exist
LINE 1: SELECT id_processo_tributario FROM processo_tributario WHERE...
               ^

2025-12-18 13:26:42,213 - ERROR - Erro linha 687: column "id_processo_tributario" does not exist
LINE 1: SELECT id_processo_tributario FROM processo_tributario WHERE...
               ^

2025-12-18 13:26:42,417 - ERROR - Erro linha 1404: column "id_processo_tributario" does not exist
LINE 1: SELECT id_processo_tributario FROM processo_tributario WHERE...
               ^

2025-12-18 13:26:43,926 - ERROR - Erro linha 689: column "id_processo_tributario" does not exist
LINE 1: SELECT id_processo_tributario FROM processo_tributario WHERE...
               ^

2025-12-18 13:26:43,939 - ERROR - Erro linha 1406: column "id_processo_tributario" does not exist
LINE 1: SELECT id_processo_tributario FROM processo_tributario WHERE...
               ^

2025-12-18 13:26:44,769 - ERROR - Erro linha 1407: column "id_processo_tributario" does not exist
LINE 1: SELECT id_processo_tributario FROM processo_tributario WHERE...
               ^

2025-12-18 13:26:45,597 - ERROR - Erro linha 1408: column "id_processo_tributario" does not exist
LINE 1: SELECT id_processo_tributario FROM processo_tributario WHERE...
               ^

2025-12-18 13:26:45,632 - ERROR - Erro linha 691: column "id_processo_tributario" does not exist
LINE 1: SELECT id_processo_tributario FROM processo_tributario WHERE...
               ^

2025-12-18 13:26:46,425 - ERROR - Erro linha 1409: column "id_processo_tributario" does not exist
LINE 1: SELECT id_processo_tributario FROM processo_tributario WHERE...
               ^

2025-12-18 13:26:46,562 - ERROR - Erro linha 692: column "id_processo_tributario" does not exist
LINE 1: SELECT id_processo_tributario FROM processo_tributario WHERE...
               ^

2025-12-18 13:26:47,255 - ERROR - Erro linha 1410: column "id_processo_tributario" does not exist
LINE 1: SELECT id_processo_tributario FROM processo_tributario WHERE...
               ^

2025-12-18 13:26:49,828 - ERROR - Erro linha 696: column "id_processo_tributario" does not exist
LINE 1: SELECT id_processo_tributario FROM processo_tributario WHERE...
               ^

2025-12-18 13:26:50,759 - ERROR - Erro linha 697: column "id_processo_tributario" does not exist
LINE 1: SELECT id_processo_tributario FROM processo_tributario WHERE...
               ^

2025-12-18 13:26:51,696 - ERROR - Erro linha 698: column "id_processo_tributario" does not exist
LINE 1: SELECT id_processo_tributario FROM processo_tributario WHERE...
               ^

2025-12-18 13:26:56,507 - ERROR - Erro linha 704: column "id_processo_tributario" does not exist
LINE 1: SELECT id_processo_tributario FROM processo_tributario WHERE...
               ^

2025-12-18 13:26:57,445 - ERROR - Erro linha 705: column "id_processo_tributario" does not exist
LINE 1: SELECT id_processo_tributario FROM processo_tributario WHERE...
               ^

2025-12-18 13:26:58,377 - ERROR - Erro linha 706: column "id_processo_tributario" does not exist
LINE 1: SELECT id_processo_tributario FROM processo_tributario WHERE...
               ^

2025-12-18 13:26:59,836 - ERROR - Erro linha 1428: column "id_processo_tributario" does not exist
LINE 1: SELECT id_processo_tributario FROM processo_tributario WHERE...
               ^

2025-12-18 13:27:01,631 - ERROR - Erro linha 710: column "id_processo_tributario" does not exist
LINE 1: SELECT id_processo_tributario FROM processo_tributario WHERE...
               ^

2025-12-18 13:27:02,042 - ERROR - Erro linha 1431: column "id_processo_tributario" does not exist
LINE 1: SELECT id_processo_tributario FROM processo_tributario WHERE...
               ^

2025-12-18 13:27:02,558 - ERROR - Erro linha 711: column "id_processo_tributario" does not exist
LINE 1: SELECT id_processo_tributario FROM processo_tributario WHERE...
               ^

2025-12-18 13:27:02,868 - ERROR - Erro linha 1432: column "id_processo_tributario" does not exist
LINE 1: SELECT id_processo_tributario FROM processo_tributario WHERE...
               ^

2025-12-18 13:27:03,489 - ERROR - Erro linha 712: column "id_processo_tributario" does not exist
LINE 1: SELECT id_processo_tributario FROM processo_tributario WHERE...
               ^

2025-12-18 13:27:03,699 - ERROR - Erro linha 1433: column "id_processo_tributario" does not exist
LINE 1: SELECT id_processo_tributario FROM processo_tributario WHERE...
               ^

2025-12-18 13:27:10,040 - ERROR - Erro linha 1442: column "id_processo_tributario" does not exist
LINE 1: SELECT id_processo_tributario FROM processo_tributario WHERE...
               ^

2025-12-18 13:27:10,622 - ERROR - Erro linha 721: column "id_processo_tributario" does not exist
LINE 1: SELECT id_processo_tributario FROM processo_tributario WHERE...
               ^

2025-12-18 13:27:11,558 - ERROR - Erro linha 722: column "id_processo_tributario" does not exist
LINE 1: SELECT id_processo_tributario FROM processo_tributario WHERE...
               ^

2025-12-18 13:27:12,492 - ERROR - Erro linha 723: column "id_processo_tributario" does not exist
LINE 1: SELECT id_processo_tributario FROM processo_tributario WHERE...
               ^

2025-12-18 13:27:13,426 - ERROR - Erro linha 724: column "id_processo_tributario" does not exist
LINE 1: SELECT id_processo_tributario FROM processo_tributario WHERE...
               ^

2025-12-18 13:27:14,355 - ERROR - Erro linha 725: column "id_processo_tributario" does not exist
LINE 1: SELECT id_processo_tributario FROM processo_tributario WHERE...
               ^

2025-12-18 13:27:15,293 - ERROR - Erro linha 726: column "id_processo_tributario" does not exist
LINE 1: SELECT id_processo_tributario FROM processo_tributario WHERE...
               ^

2025-12-18 13:27:17,779 - ERROR - Erro linha 729: column "id_processo_tributario" does not exist
LINE 1: SELECT id_processo_tributario FROM processo_tributario WHERE...
               ^

2025-12-18 13:27:19,483 - ERROR - Erro linha 731: column "id_processo_tributario" does not exist
LINE 1: SELECT id_processo_tributario FROM processo_tributario WHERE...
               ^

2025-12-18 13:27:20,412 - ERROR - Erro linha 732: column "id_processo_tributario" does not exist
LINE 1: SELECT id_processo_tributario FROM processo_tributario WHERE...
               ^

2025-12-18 13:27:21,349 - ERROR - Erro linha 733: column "id_processo_tributario" does not exist
LINE 1: SELECT id_processo_tributario FROM processo_tributario WHERE...
               ^

2025-12-18 13:27:23,268 - ERROR - Erro linha 1461: column "id_processo_tributario" does not exist
LINE 1: SELECT id_processo_tributario FROM processo_tributario WHERE...
               ^

2025-12-18 13:27:25,379 - ERROR - Erro linha 738: column "id_processo_tributario" does not exist
LINE 1: SELECT id_processo_tributario FROM processo_tributario WHERE...
               ^

2025-12-18 13:27:27,560 - ERROR - Erro linha 1467: column "id_processo_tributario" does not exist
LINE 1: SELECT id_processo_tributario FROM processo_tributario WHERE...
               ^

2025-12-18 13:27:27,878 - ERROR - Erro linha 741: column "id_processo_tributario" does not exist
LINE 1: SELECT id_processo_tributario FROM processo_tributario WHERE...
               ^

2025-12-18 13:27:31,145 - ERROR - Erro linha 745: column "id_processo_tributario" does not exist
LINE 1: SELECT id_processo_tributario FROM processo_tributario WHERE...
               ^

2025-12-18 13:27:31,835 - ERROR - Erro linha 1473: column "id_processo_tributario" does not exist
LINE 1: SELECT id_processo_tributario FROM processo_tributario WHERE...
               ^

2025-12-18 13:27:37,499 - ERROR - Erro linha 753: column "id_processo_tributario" does not exist
LINE 1: SELECT id_processo_tributario FROM processo_tributario WHERE...
               ^

2025-12-18 13:27:39,976 - ERROR - Erro linha 756: column "id_processo_tributario" does not exist
LINE 1: SELECT id_processo_tributario FROM processo_tributario WHERE...
               ^

2025-12-18 13:27:42,989 - ERROR - Erro linha 1489: column "id_processo_tributario" does not exist
LINE 1: SELECT id_processo_tributario FROM processo_tributario WHERE...
               ^

2025-12-18 13:27:43,236 - ERROR - Erro linha 760: column "id_processo_tributario" does not exist
LINE 1: SELECT id_processo_tributario FROM processo_tributario WHERE...
               ^

2025-12-18 13:27:43,816 - ERROR - Erro linha 1490: column "id_processo_tributario" does not exist
LINE 1: SELECT id_processo_tributario FROM processo_tributario WHERE...
               ^

2025-12-18 13:27:44,172 - ERROR - Erro linha 761: column "id_processo_tributario" does not exist
LINE 1: SELECT id_processo_tributario FROM processo_tributario WHERE...
               ^

2025-12-18 13:27:45,099 - ERROR - Erro linha 762: column "id_processo_tributario" does not exist
LINE 1: SELECT id_processo_tributario FROM processo_tributario WHERE...
               ^

2025-12-18 13:27:45,329 - ERROR - Erro linha 1492: column "id_processo_tributario" does not exist
LINE 1: SELECT id_processo_tributario FROM processo_tributario WHERE...
               ^

2025-12-18 13:27:46,030 - ERROR - Erro linha 763: column "id_processo_tributario" does not exist
LINE 1: SELECT id_processo_tributario FROM processo_tributario WHERE...
               ^

2025-12-18 13:27:48,515 - ERROR - Erro linha 766: column "id_processo_tributario" does not exist
LINE 1: SELECT id_processo_tributario FROM processo_tributario WHERE...
               ^

2025-12-18 13:27:50,292 - ERROR - Erro linha 1499: column "id_processo_tributario" does not exist
LINE 1: SELECT id_processo_tributario FROM processo_tributario WHERE...
               ^

2025-12-18 13:27:52,546 - ERROR - Erro linha 771: column "id_processo_tributario" does not exist
LINE 1: SELECT id_processo_tributario FROM processo_tributario WHERE...
               ^

2025-12-18 13:27:53,186 - ERROR - Erro linha 1503: column "id_processo_tributario" does not exist
LINE 1: SELECT id_processo_tributario FROM processo_tributario WHERE...
               ^

2025-12-18 13:27:54,010 - ERROR - Erro linha 1504: column "id_processo_tributario" does not exist
LINE 1: SELECT id_processo_tributario FROM processo_tributario WHERE...
               ^

2025-12-18 13:27:55,026 - ERROR - Erro linha 774: column "id_processo_tributario" does not exist
LINE 1: SELECT id_processo_tributario FROM processo_tributario WHERE...
               ^

2025-12-18 13:27:55,523 - ERROR - Erro linha 1506: column "id_processo_tributario" does not exist
LINE 1: SELECT id_processo_tributario FROM processo_tributario WHERE...
               ^

2025-12-18 13:27:55,955 - ERROR - Erro linha 775: column "id_processo_tributario" does not exist
LINE 1: SELECT id_processo_tributario FROM processo_tributario WHERE...
               ^

2025-12-18 13:27:56,349 - ERROR - Erro linha 1507: column "id_processo_tributario" does not exist
LINE 1: SELECT id_processo_tributario FROM processo_tributario WHERE...
               ^

2025-12-18 13:27:56,888 - ERROR - Erro linha 776: column "id_processo_tributario" does not exist
LINE 1: SELECT id_processo_tributario FROM processo_tributario WHERE...
               ^

2025-12-18 13:27:57,176 - ERROR - Erro linha 1508: column "id_processo_tributario" does not exist
LINE 1: SELECT id_processo_tributario FROM processo_tributario WHERE...
               ^

2025-12-18 13:28:00,138 - ERROR - Erro linha 780: column "id_processo_tributario" does not exist
LINE 1: SELECT id_processo_tributario FROM processo_tributario WHERE...
               ^

2025-12-18 13:28:00,753 - ERROR - Erro linha 1513: column "id_processo_tributario" does not exist
LINE 1: SELECT id_processo_tributario FROM processo_tributario WHERE...
               ^

2025-12-18 13:28:01,068 - ERROR - Erro linha 781: column "id_processo_tributario" does not exist
LINE 1: SELECT id_processo_tributario FROM processo_tributario WHERE...
               ^

2025-12-18 13:28:01,578 - ERROR - Erro linha 1514: column "id_processo_tributario" does not exist
LINE 1: SELECT id_processo_tributario FROM processo_tributario WHERE...
               ^

2025-12-18 13:28:02,005 - ERROR - Erro linha 782: column "id_processo_tributario" does not exist
LINE 1: SELECT id_processo_tributario FROM processo_tributario WHERE...
               ^

2025-12-18 13:28:03,789 - ERROR - Erro linha 1517: column "id_processo_tributario" does not exist
LINE 1: SELECT id_processo_tributario FROM processo_tributario WHERE...
               ^

2025-12-18 13:28:05,993 - ERROR - Erro linha 1520: column "id_processo_tributario" does not exist
LINE 1: SELECT id_processo_tributario FROM processo_tributario WHERE...
               ^

2025-12-18 13:28:06,821 - ERROR - Erro linha 1521: column "id_processo_tributario" does not exist
LINE 1: SELECT id_processo_tributario FROM processo_tributario WHERE...
               ^

2025-12-18 13:28:07,585 - ERROR - Erro linha 789: column "id_processo_tributario" does not exist
LINE 1: SELECT id_processo_tributario FROM processo_tributario WHERE...
               ^

2025-12-18 13:28:07,646 - ERROR - Erro linha 1522: column "id_processo_tributario" does not exist
LINE 1: SELECT id_processo_tributario FROM processo_tributario WHERE...
               ^

2025-12-18 13:28:10,062 - ERROR - Erro linha 792: column "id_processo_tributario" does not exist
LINE 1: SELECT id_processo_tributario FROM processo_tributario WHERE...
               ^

2025-12-18 13:28:10,993 - ERROR - Erro linha 793: column "id_processo_tributario" does not exist
LINE 1: SELECT id_processo_tributario FROM processo_tributario WHERE...
               ^

2025-12-18 13:28:11,923 - ERROR - Erro linha 794: column "id_processo_tributario" does not exist
LINE 1: SELECT id_processo_tributario FROM processo_tributario WHERE...
               ^

2025-12-18 13:28:12,855 - ERROR - Erro linha 795: column "id_processo_tributario" does not exist
LINE 1: SELECT id_processo_tributario FROM processo_tributario WHERE...
               ^

2025-12-18 13:28:13,783 - ERROR - Erro linha 796: column "id_processo_tributario" does not exist
LINE 1: SELECT id_processo_tributario FROM processo_tributario WHERE...
               ^

2025-12-18 13:28:16,060 - ERROR - Erro linha 1534: column "id_processo_tributario" does not exist
LINE 1: SELECT id_processo_tributario FROM processo_tributario WHERE...
               ^

2025-12-18 13:28:18,951 - ERROR - Erro linha 1538: column "id_processo_tributario" does not exist
LINE 1: SELECT id_processo_tributario FROM processo_tributario WHERE...
               ^

2025-12-18 13:28:21,153 - ERROR - Erro linha 1541: column "id_processo_tributario" does not exist
LINE 1: SELECT id_processo_tributario FROM processo_tributario WHERE...
               ^

2025-12-18 13:28:21,978 - ERROR - Erro linha 1542: column "id_processo_tributario" does not exist
LINE 1: SELECT id_processo_tributario FROM processo_tributario WHERE...
               ^

2025-12-18 13:28:22,803 - ERROR - Erro linha 1543: column "id_processo_tributario" does not exist
LINE 1: SELECT id_processo_tributario FROM processo_tributario WHERE...
               ^

2025-12-18 13:28:27,075 - ERROR - Erro linha 1549: column "id_processo_tributario" does not exist
LINE 1: SELECT id_processo_tributario FROM processo_tributario WHERE...
               ^

2025-12-18 13:28:28,684 - ERROR - Erro linha 815: column "id_processo_tributario" does not exist
LINE 1: SELECT id_processo_tributario FROM processo_tributario WHERE...
               ^

2025-12-18 13:28:29,617 - ERROR - Erro linha 816: column "id_processo_tributario" does not exist
LINE 1: SELECT id_processo_tributario FROM processo_tributario WHERE...
               ^

2025-12-18 13:28:30,547 - ERROR - Erro linha 817: column "id_processo_tributario" does not exist
LINE 1: SELECT id_processo_tributario FROM processo_tributario WHERE...
               ^

2025-12-18 13:28:31,348 - ERROR - Erro linha 1555: column "id_processo_tributario" does not exist
LINE 1: SELECT id_processo_tributario FROM processo_tributario WHERE...
               ^

2025-12-18 13:28:33,032 - ERROR - Erro linha 820: column "id_processo_tributario" does not exist
LINE 1: SELECT id_processo_tributario FROM processo_tributario WHERE...
               ^

2025-12-18 13:28:33,964 - ERROR - Erro linha 821: column "id_processo_tributario" does not exist
LINE 1: SELECT id_processo_tributario FROM processo_tributario WHERE...
               ^

2025-12-18 13:28:34,235 - ERROR - Erro linha 1559: column "id_processo_tributario" does not exist
LINE 1: SELECT id_processo_tributario FROM processo_tributario WHERE...
               ^

2025-12-18 13:28:34,899 - ERROR - Erro linha 822: column "id_processo_tributario" does not exist
LINE 1: SELECT id_processo_tributario FROM processo_tributario WHERE...
               ^

2025-12-18 13:28:35,063 - ERROR - Erro linha 1560: column "id_processo_tributario" does not exist
LINE 1: SELECT id_processo_tributario FROM processo_tributario WHERE...
               ^

2025-12-18 13:28:36,575 - ERROR - Erro linha 1562: column "id_processo_tributario" does not exist
LINE 1: SELECT id_processo_tributario FROM processo_tributario WHERE...
               ^

2025-12-18 13:28:37,402 - ERROR - Erro linha 1563: column "id_processo_tributario" does not exist
LINE 1: SELECT id_processo_tributario FROM processo_tributario WHERE...
               ^

2025-12-18 13:28:38,166 - ERROR - Erro linha 826: column "id_processo_tributario" does not exist
LINE 1: SELECT id_processo_tributario FROM processo_tributario WHERE...
               ^

2025-12-18 13:28:38,232 - ERROR - Erro linha 1564: column "id_processo_tributario" does not exist
LINE 1: SELECT id_processo_tributario FROM processo_tributario WHERE...
               ^

2025-12-18 13:28:39,099 - ERROR - Erro linha 827: column "id_processo_tributario" does not exist
LINE 1: SELECT id_processo_tributario FROM processo_tributario WHERE...
               ^

2025-12-18 13:28:39,747 - ERROR - Erro linha 1566: column "id_processo_tributario" does not exist
LINE 1: SELECT id_processo_tributario FROM processo_tributario WHERE...
               ^

2025-12-18 13:28:40,807 - ERROR - Erro linha 829: column "id_processo_tributario" does not exist
LINE 1: SELECT id_processo_tributario FROM processo_tributario WHERE...
               ^

2025-12-18 13:28:41,956 - ERROR - Erro linha 1569: column "id_processo_tributario" does not exist
LINE 1: SELECT id_processo_tributario FROM processo_tributario WHERE...
               ^

2025-12-18 13:28:42,786 - ERROR - Erro linha 1570: column "id_processo_tributario" does not exist
LINE 1: SELECT id_processo_tributario FROM processo_tributario WHERE...
               ^

2025-12-18 13:28:43,294 - ERROR - Erro linha 832: column "id_processo_tributario" does not exist
LINE 1: SELECT id_processo_tributario FROM processo_tributario WHERE...
               ^

2025-12-18 13:28:44,998 - ERROR - Erro linha 834: column "id_processo_tributario" does not exist
LINE 1: SELECT id_processo_tributario FROM processo_tributario WHERE...
               ^

2025-12-18 13:28:45,686 - ERROR - Erro linha 1574: column "id_processo_tributario" does not exist
LINE 1: SELECT id_processo_tributario FROM processo_tributario WHERE...
               ^

2025-12-18 13:28:45,929 - ERROR - Erro linha 835: column "id_processo_tributario" does not exist
LINE 1: SELECT id_processo_tributario FROM processo_tributario WHERE...
               ^

2025-12-18 13:28:46,511 - ERROR - Erro linha 1575: column "id_processo_tributario" does not exist
LINE 1: SELECT id_processo_tributario FROM processo_tributario WHERE...
               ^

2025-12-18 13:28:46,858 - ERROR - Erro linha 836: column "id_processo_tributario" does not exist
LINE 1: SELECT id_processo_tributario FROM processo_tributario WHERE...
               ^

2025-12-18 13:28:47,788 - ERROR - Erro linha 837: column "id_processo_tributario" does not exist
LINE 1: SELECT id_processo_tributario FROM processo_tributario WHERE...
               ^

2025-12-18 13:28:48,713 - ERROR - Erro linha 1578: column "id_processo_tributario" does not exist
LINE 1: SELECT id_processo_tributario FROM processo_tributario WHERE...
               ^

2025-12-18 13:28:48,716 - ERROR - Erro linha 838: column "id_processo_tributario" does not exist
LINE 1: SELECT id_processo_tributario FROM processo_tributario WHERE...
               ^

2025-12-18 13:28:49,644 - ERROR - Erro linha 839: column "id_processo_tributario" does not exist
LINE 1: SELECT id_processo_tributario FROM processo_tributario WHERE...
               ^

2025-12-18 13:28:50,574 - ERROR - Erro linha 840: column "id_processo_tributario" does not exist
LINE 1: SELECT id_processo_tributario FROM processo_tributario WHERE...
               ^

2025-12-18 13:28:51,508 - ERROR - Erro linha 841: column "id_processo_tributario" does not exist
LINE 1: SELECT id_processo_tributario FROM processo_tributario WHERE...
               ^

2025-12-18 13:28:52,443 - ERROR - Erro linha 842: column "id_processo_tributario" does not exist
LINE 1: SELECT id_processo_tributario FROM processo_tributario WHERE...
               ^

2025-12-18 13:28:53,369 - ERROR - Erro linha 843: column "id_processo_tributario" does not exist
LINE 1: SELECT id_processo_tributario FROM processo_tributario WHERE...
               ^

2025-12-18 13:28:55,077 - ERROR - Erro linha 845: column "id_processo_tributario" does not exist
LINE 1: SELECT id_processo_tributario FROM processo_tributario WHERE...
               ^

2025-12-18 13:28:56,008 - ERROR - Erro linha 846: column "id_processo_tributario" does not exist
LINE 1: SELECT id_processo_tributario FROM processo_tributario WHERE...
               ^

2025-12-18 13:28:57,118 - ERROR - Erro linha 1590: column "id_processo_tributario" does not exist
LINE 1: SELECT id_processo_tributario FROM processo_tributario WHERE...
               ^

2025-12-18 13:28:57,713 - ERROR - Erro linha 848: column "id_processo_tributario" does not exist
LINE 1: SELECT id_processo_tributario FROM processo_tributario WHERE...
               ^

2025-12-18 13:28:57,943 - ERROR - Erro linha 1591: column "id_processo_tributario" does not exist
LINE 1: SELECT id_processo_tributario FROM processo_tributario WHERE...
               ^

2025-12-18 13:28:58,641 - ERROR - Erro linha 849: column "id_processo_tributario" does not exist
LINE 1: SELECT id_processo_tributario FROM processo_tributario WHERE...
               ^

2025-12-18 13:29:00,152 - ERROR - Erro linha 1594: column "id_processo_tributario" does not exist
LINE 1: SELECT id_processo_tributario FROM processo_tributario WHERE...
               ^

2025-12-18 13:29:00,353 - ERROR - Erro linha 851: column "id_processo_tributario" does not exist
LINE 1: SELECT id_processo_tributario FROM processo_tributario WHERE...
               ^

2025-12-18 13:29:00,985 - ERROR - Erro linha 1595: column "id_processo_tributario" does not exist
LINE 1: SELECT id_processo_tributario FROM processo_tributario WHERE...
               ^

2025-12-18 13:29:03,186 - ERROR - Erro linha 1598: column "id_processo_tributario" does not exist
LINE 1: SELECT id_processo_tributario FROM processo_tributario WHERE...
               ^

2025-12-18 13:29:04,386 - ERROR - Erro linha 856: column "id_processo_tributario" does not exist
LINE 1: SELECT id_processo_tributario FROM processo_tributario WHERE...
               ^

2025-12-18 13:29:05,314 - ERROR - Erro linha 857: column "id_processo_tributario" does not exist
LINE 1: SELECT id_processo_tributario FROM processo_tributario WHERE...
               ^

2025-12-18 13:29:07,016 - ERROR - Erro linha 859: column "id_processo_tributario" does not exist
LINE 1: SELECT id_processo_tributario FROM processo_tributario WHERE...
               ^

2025-12-18 13:29:07,946 - ERROR - Erro linha 860: column "id_processo_tributario" does not exist
LINE 1: SELECT id_processo_tributario FROM processo_tributario WHERE...
               ^

2025-12-18 13:29:08,878 - ERROR - Erro linha 861: column "id_processo_tributario" does not exist
LINE 1: SELECT id_processo_tributario FROM processo_tributario WHERE...
               ^

2025-12-18 13:29:09,805 - ERROR - Erro linha 862: column "id_processo_tributario" does not exist
LINE 1: SELECT id_processo_tributario FROM processo_tributario WHERE...
               ^

2025-12-18 13:29:10,896 - ERROR - Erro linha 1609: column "id_processo_tributario" does not exist
LINE 1: SELECT id_processo_tributario FROM processo_tributario WHERE...
               ^

2025-12-18 13:29:12,411 - ERROR - Erro linha 1611: column "id_processo_tributario" does not exist
LINE 1: SELECT id_processo_tributario FROM processo_tributario WHERE...
               ^

2025-12-18 13:29:13,235 - ERROR - Erro linha 1612: column "id_processo_tributario" does not exist
LINE 1: SELECT id_processo_tributario FROM processo_tributario WHERE...
               ^

2025-12-18 13:29:17,717 - ERROR - Erro linha 872: column "id_processo_tributario" does not exist
LINE 1: SELECT id_processo_tributario FROM processo_tributario WHERE...
               ^

2025-12-18 13:29:18,200 - ERROR - Erro linha 1619: column "id_processo_tributario" does not exist
LINE 1: SELECT id_processo_tributario FROM processo_tributario WHERE...
               ^

2025-12-18 13:29:18,645 - ERROR - Erro linha 873: column "id_processo_tributario" does not exist
LINE 1: SELECT id_processo_tributario FROM processo_tributario WHERE...
               ^

2025-12-18 13:29:20,348 - ERROR - Erro linha 875: column "id_processo_tributario" does not exist
LINE 1: SELECT id_processo_tributario FROM processo_tributario WHERE...
               ^

2025-12-18 13:29:21,089 - ERROR - Erro linha 1623: column "id_processo_tributario" does not exist
LINE 1: SELECT id_processo_tributario FROM processo_tributario WHERE...
               ^

2025-12-18 13:29:23,604 - ERROR - Erro linha 879: column "id_processo_tributario" does not exist
LINE 1: SELECT id_processo_tributario FROM processo_tributario WHERE...
               ^

2025-12-18 13:29:25,309 - ERROR - Erro linha 881: column "id_processo_tributario" does not exist
LINE 1: SELECT id_processo_tributario FROM processo_tributario WHERE...
               ^

2025-12-18 13:29:26,045 - ERROR - Erro linha 1630: column "id_processo_tributario" does not exist
LINE 1: SELECT id_processo_tributario FROM processo_tributario WHERE...
               ^

2025-12-18 13:29:26,239 - ERROR - Erro linha 882: column "id_processo_tributario" does not exist
LINE 1: SELECT id_processo_tributario FROM processo_tributario WHERE...
               ^

2025-12-18 13:29:27,169 - ERROR - Erro linha 883: column "id_processo_tributario" does not exist
LINE 1: SELECT id_processo_tributario FROM processo_tributario WHERE...
               ^

2025-12-18 13:29:28,882 - ERROR - Erro linha 885: column "id_processo_tributario" does not exist
LINE 1: SELECT id_processo_tributario FROM processo_tributario WHERE...
               ^

2025-12-18 13:29:29,622 - ERROR - Erro linha 1635: column "id_processo_tributario" does not exist
LINE 1: SELECT id_processo_tributario FROM processo_tributario WHERE...
               ^

2025-12-18 13:29:29,812 - ERROR - Erro linha 886: column "id_processo_tributario" does not exist
LINE 1: SELECT id_processo_tributario FROM processo_tributario WHERE...
               ^

2025-12-18 13:29:30,739 - ERROR - Erro linha 887: column "id_processo_tributario" does not exist
LINE 1: SELECT id_processo_tributario FROM processo_tributario WHERE...
               ^

2025-12-18 13:29:31,671 - ERROR - Erro linha 888: column "id_processo_tributario" does not exist
LINE 1: SELECT id_processo_tributario FROM processo_tributario WHERE...
               ^

2025-12-18 13:29:31,818 - ERROR - Erro linha 1638: column "id_processo_tributario" does not exist
LINE 1: SELECT id_processo_tributario FROM processo_tributario WHERE...
               ^

2025-12-18 13:29:32,599 - ERROR - Erro linha 889: column "id_processo_tributario" does not exist
LINE 1: SELECT id_processo_tributario FROM processo_tributario WHERE...
               ^

2025-12-18 13:29:33,530 - ERROR - Erro linha 890: column "id_processo_tributario" does not exist
LINE 1: SELECT id_processo_tributario FROM processo_tributario WHERE...
               ^

2025-12-18 13:29:34,456 - ERROR - Erro linha 891: column "id_processo_tributario" does not exist
LINE 1: SELECT id_processo_tributario FROM processo_tributario WHERE...
               ^

2025-12-18 13:29:35,390 - ERROR - Erro linha 892: column "id_processo_tributario" does not exist
LINE 1: SELECT id_processo_tributario FROM processo_tributario WHERE...
               ^

2025-12-18 13:29:37,099 - ERROR - Erro linha 894: column "id_processo_tributario" does not exist
LINE 1: SELECT id_processo_tributario FROM processo_tributario WHERE...
               ^

2025-12-18 13:29:38,835 - ERROR - Erro linha 1648: column "id_processo_tributario" does not exist
LINE 1: SELECT id_processo_tributario FROM processo_tributario WHERE...
               ^

2025-12-18 13:29:39,585 - ERROR - Erro linha 897: column "id_processo_tributario" does not exist
LINE 1: SELECT id_processo_tributario FROM processo_tributario WHERE...
               ^

2025-12-18 13:29:39,662 - ERROR - Erro linha 1649: column "id_processo_tributario" does not exist
LINE 1: SELECT id_processo_tributario FROM processo_tributario WHERE...
               ^

2025-12-18 13:29:40,486 - ERROR - Erro linha 1650: column "id_processo_tributario" does not exist
LINE 1: SELECT id_processo_tributario FROM processo_tributario WHERE...
               ^

2025-12-18 13:29:41,289 - ERROR - Erro linha 899: column "id_processo_tributario" does not exist
LINE 1: SELECT id_processo_tributario FROM processo_tributario WHERE...
               ^

2025-12-18 13:29:43,770 - ERROR - Erro linha 902: column "id_processo_tributario" does not exist
LINE 1: SELECT id_processo_tributario FROM processo_tributario WHERE...
               ^

2025-12-18 13:29:44,703 - ERROR - Erro linha 903: column "id_processo_tributario" does not exist
LINE 1: SELECT id_processo_tributario FROM processo_tributario WHERE...
               ^

2025-12-18 13:29:45,633 - ERROR - Erro linha 904: column "id_processo_tributario" does not exist
LINE 1: SELECT id_processo_tributario FROM processo_tributario WHERE...
               ^

2025-12-18 13:29:48,888 - ERROR - Erro linha 908: column "id_processo_tributario" does not exist
LINE 1: SELECT id_processo_tributario FROM processo_tributario WHERE...
               ^

2025-12-18 13:29:50,266 - ERROR - Erro linha 1664: column "id_processo_tributario" does not exist
LINE 1: SELECT id_processo_tributario FROM processo_tributario WHERE...
               ^

2025-12-18 13:29:52,928 - ERROR - Erro linha 913: column "id_processo_tributario" does not exist
LINE 1: SELECT id_processo_tributario FROM processo_tributario WHERE...
               ^

2025-12-18 13:29:53,858 - ERROR - Erro linha 914: column "id_processo_tributario" does not exist
LINE 1: SELECT id_processo_tributario FROM processo_tributario WHERE...
               ^

2025-12-18 13:29:55,225 - ERROR - Erro linha 1671: column "id_processo_tributario" does not exist
LINE 1: SELECT id_processo_tributario FROM processo_tributario WHERE...
               ^

2025-12-18 13:29:56,338 - ERROR - Erro linha 917: column "id_processo_tributario" does not exist
LINE 1: SELECT id_processo_tributario FROM processo_tributario WHERE...
               ^

2025-12-18 13:29:57,268 - ERROR - Erro linha 918: column "id_processo_tributario" does not exist
LINE 1: SELECT id_processo_tributario FROM processo_tributario WHERE...
               ^

2025-12-18 13:29:58,196 - ERROR - Erro linha 919: column "id_processo_tributario" does not exist
LINE 1: SELECT id_processo_tributario FROM processo_tributario WHERE...
               ^

2025-12-18 13:30:00,685 - ERROR - Erro linha 922: column "id_processo_tributario" does not exist
LINE 1: SELECT id_processo_tributario FROM processo_tributario WHERE...
               ^

2025-12-18 13:30:02,944 - ERROR - Erro linha 1682: column "id_processo_tributario" does not exist
LINE 1: SELECT id_processo_tributario FROM processo_tributario WHERE...
               ^

2025-12-18 13:30:03,172 - ERROR - Erro linha 925: column "id_processo_tributario" does not exist
LINE 1: SELECT id_processo_tributario FROM processo_tributario WHERE...
               ^

2025-12-18 13:30:03,770 - ERROR - Erro linha 1683: column "id_processo_tributario" does not exist
LINE 1: SELECT id_processo_tributario FROM processo_tributario WHERE...
               ^

2025-12-18 13:30:04,102 - ERROR - Erro linha 926: column "id_processo_tributario" does not exist
LINE 1: SELECT id_processo_tributario FROM processo_tributario WHERE...
               ^

2025-12-18 13:30:05,032 - ERROR - Erro linha 927: column "id_processo_tributario" does not exist
LINE 1: SELECT id_processo_tributario FROM processo_tributario WHERE...
               ^

2025-12-18 13:30:05,962 - ERROR - Erro linha 928: column "id_processo_tributario" does not exist
LINE 1: SELECT id_processo_tributario FROM processo_tributario WHERE...
               ^

2025-12-18 13:30:06,891 - ERROR - Erro linha 929: column "id_processo_tributario" does not exist
LINE 1: SELECT id_processo_tributario FROM processo_tributario WHERE...
               ^

2025-12-18 13:30:07,364 - ERROR - Erro linha 1688: column "id_processo_tributario" does not exist
LINE 1: SELECT id_processo_tributario FROM processo_tributario WHERE...
               ^

2025-12-18 13:30:07,820 - ERROR - Erro linha 930: column "id_processo_tributario" does not exist
LINE 1: SELECT id_processo_tributario FROM processo_tributario WHERE...
               ^

2025-12-18 13:30:09,569 - ERROR - Erro linha 1691: column "id_processo_tributario" does not exist
LINE 1: SELECT id_processo_tributario FROM processo_tributario WHERE...
               ^

2025-12-18 13:30:10,309 - ERROR - Erro linha 933: column "id_processo_tributario" does not exist
LINE 1: SELECT id_processo_tributario FROM processo_tributario WHERE...
               ^

2025-12-18 13:30:11,087 - ERROR - Erro linha 1693: column "id_processo_tributario" does not exist
LINE 1: SELECT id_processo_tributario FROM processo_tributario WHERE...
               ^

2025-12-18 13:30:11,238 - ERROR - Erro linha 934: column "id_processo_tributario" does not exist
LINE 1: SELECT id_processo_tributario FROM processo_tributario WHERE...
               ^

2025-12-18 13:30:11,915 - ERROR - Erro linha 1694: column "id_processo_tributario" does not exist
LINE 1: SELECT id_processo_tributario FROM processo_tributario WHERE...
               ^

2025-12-18 13:30:12,168 - ERROR - Erro linha 935: column "id_processo_tributario" does not exist
LINE 1: SELECT id_processo_tributario FROM processo_tributario WHERE...
               ^

2025-12-18 13:30:13,096 - ERROR - Erro linha 936: column "id_processo_tributario" does not exist
LINE 1: SELECT id_processo_tributario FROM processo_tributario WHERE...
               ^

2025-12-18 13:30:14,032 - ERROR - Erro linha 937: column "id_processo_tributario" does not exist
LINE 1: SELECT id_processo_tributario FROM processo_tributario WHERE...
               ^

2025-12-18 13:30:14,966 - ERROR - Erro linha 938: column "id_processo_tributario" does not exist
LINE 1: SELECT id_processo_tributario FROM processo_tributario WHERE...
               ^

2025-12-18 13:30:15,901 - ERROR - Erro linha 939: column "id_processo_tributario" does not exist
LINE 1: SELECT id_processo_tributario FROM processo_tributario WHERE...
               ^

2025-12-18 13:30:16,830 - ERROR - Erro linha 940: column "id_processo_tributario" does not exist
LINE 1: SELECT id_processo_tributario FROM processo_tributario WHERE...
               ^

2025-12-18 13:30:17,759 - ERROR - Erro linha 941: column "id_processo_tributario" does not exist
LINE 1: SELECT id_processo_tributario FROM processo_tributario WHERE...
               ^

2025-12-18 13:30:18,690 - ERROR - Erro linha 942: column "id_processo_tributario" does not exist
LINE 1: SELECT id_processo_tributario FROM processo_tributario WHERE...
               ^

2025-12-18 13:30:19,622 - ERROR - Erro linha 943: column "id_processo_tributario" does not exist
LINE 1: SELECT id_processo_tributario FROM processo_tributario WHERE...
               ^

2025-12-18 13:30:20,562 - ERROR - Erro linha 944: column "id_processo_tributario" does not exist
LINE 1: SELECT id_processo_tributario FROM processo_tributario WHERE...
               ^

2025-12-18 13:30:21,491 - ERROR - Erro linha 945: column "id_processo_tributario" does not exist
LINE 1: SELECT id_processo_tributario FROM processo_tributario WHERE...
               ^

2025-12-18 13:30:22,421 - ERROR - Erro linha 946: column "id_processo_tributario" does not exist
LINE 1: SELECT id_processo_tributario FROM processo_tributario WHERE...
               ^

2025-12-18 13:30:23,349 - ERROR - Erro linha 947: column "id_processo_tributario" does not exist
LINE 1: SELECT id_processo_tributario FROM processo_tributario WHERE...
               ^

2025-12-18 13:30:24,285 - ERROR - Erro linha 948: column "id_processo_tributario" does not exist
LINE 1: SELECT id_processo_tributario FROM processo_tributario WHERE...
               ^

2025-12-18 13:30:25,215 - ERROR - Erro linha 949: column "id_processo_tributario" does not exist
LINE 1: SELECT id_processo_tributario FROM processo_tributario WHERE...
               ^

2025-12-18 13:30:26,146 - ERROR - Erro linha 950: column "id_processo_tributario" does not exist
LINE 1: SELECT id_processo_tributario FROM processo_tributario WHERE...
               ^

2025-12-18 13:30:27,074 - ERROR - Erro linha 951: column "id_processo_tributario" does not exist
LINE 1: SELECT id_processo_tributario FROM processo_tributario WHERE...
               ^

2025-12-18 13:30:29,557 - ERROR - Erro linha 954: column "id_processo_tributario" does not exist
LINE 1: SELECT id_processo_tributario FROM processo_tributario WHERE...
               ^

2025-12-18 13:30:30,481 - INFO - Fim. Criados: 1160, Atualizados: 5, Erros: 1006
2025-12-18 13:30:30,487 - ERROR - Erro linha 955: column "id_processo_tributario" does not exist
LINE 1: SELECT id_processo_tributario FROM processo_tributario WHERE...
               ^

2025-12-18 13:30:31,415 - ERROR - Erro linha 956: column "id_processo_tributario" does not exist
LINE 1: SELECT id_processo_tributario FROM processo_tributario WHERE...
               ^

2025-12-18 13:30:32,345 - ERROR - Erro linha 957: column "id_processo_tributario" does not exist
LINE 1: SELECT id_processo_tributario FROM processo_tributario WHERE...
               ^

2025-12-18 13:30:33,273 - ERROR - Erro linha 958: column "id_processo_tributario" does not exist
LINE 1: SELECT id_processo_tributario FROM processo_tributario WHERE...
               ^

2025-12-18 13:30:34,203 - ERROR - Erro linha 959: column "id_processo_tributario" does not exist
LINE 1: SELECT id_processo_tributario FROM processo_tributario WHERE...
               ^

2025-12-18 13:30:35,138 - ERROR - Erro linha 960: column "id_processo_tributario" does not exist
LINE 1: SELECT id_processo_tributario FROM processo_tributario WHERE...
               ^

2025-12-18 13:30:37,626 - ERROR - Erro linha 963: column "id_processo_tributario" does not exist
LINE 1: SELECT id_processo_tributario FROM processo_tributario WHERE...
               ^

2025-12-18 13:30:38,560 - ERROR - Erro linha 964: column "id_processo_tributario" does not exist
LINE 1: SELECT id_processo_tributario FROM processo_tributario WHERE...
               ^

2025-12-18 13:30:40,265 - ERROR - Erro linha 966: column "id_processo_tributario" does not exist
LINE 1: SELECT id_processo_tributario FROM processo_tributario WHERE...
               ^

2025-12-18 13:30:42,742 - ERROR - Erro linha 969: column "id_processo_tributario" does not exist
LINE 1: SELECT id_processo_tributario FROM processo_tributario WHERE...
               ^

2025-12-18 13:30:43,674 - ERROR - Erro linha 970: column "id_processo_tributario" does not exist
LINE 1: SELECT id_processo_tributario FROM processo_tributario WHERE...
               ^

2025-12-18 13:30:44,602 - ERROR - Erro linha 971: column "id_processo_tributario" does not exist
LINE 1: SELECT id_processo_tributario FROM processo_tributario WHERE...
               ^

2025-12-18 13:30:45,540 - ERROR - Erro linha 972: column "id_processo_tributario" does not exist
LINE 1: SELECT id_processo_tributario FROM processo_tributario WHERE...
               ^

2025-12-18 13:30:48,027 - ERROR - Erro linha 975: column "id_processo_tributario" does not exist
LINE 1: SELECT id_processo_tributario FROM processo_tributario WHERE...
               ^

2025-12-18 13:30:49,744 - ERROR - Erro linha 977: column "id_processo_tributario" does not exist
LINE 1: SELECT id_processo_tributario FROM processo_tributario WHERE...
               ^

2025-12-18 13:30:52,229 - ERROR - Erro linha 980: column "id_processo_tributario" does not exist
LINE 1: SELECT id_processo_tributario FROM processo_tributario WHERE...
               ^

2025-12-18 13:30:53,943 - ERROR - Erro linha 982: column "id_processo_tributario" does not exist
LINE 1: SELECT id_processo_tributario FROM processo_tributario WHERE...
               ^

2025-12-18 13:30:55,649 - ERROR - Erro linha 984: column "id_processo_tributario" does not exist
LINE 1: SELECT id_processo_tributario FROM processo_tributario WHERE...
               ^

2025-12-18 13:30:57,354 - ERROR - Erro linha 986: column "id_processo_tributario" does not exist
LINE 1: SELECT id_processo_tributario FROM processo_tributario WHERE...
               ^

2025-12-18 13:30:59,061 - ERROR - Erro linha 988: column "id_processo_tributario" does not exist
LINE 1: SELECT id_processo_tributario FROM processo_tributario WHERE...
               ^

2025-12-18 13:30:59,991 - ERROR - Erro linha 989: column "id_processo_tributario" does not exist
LINE 1: SELECT id_processo_tributario FROM processo_tributario WHERE...
               ^

2025-12-18 13:31:02,471 - ERROR - Erro linha 992: column "id_processo_tributario" does not exist
LINE 1: SELECT id_processo_tributario FROM processo_tributario WHERE...
               ^

2025-12-18 13:31:04,948 - ERROR - Erro linha 995: column "id_processo_tributario" does not exist
LINE 1: SELECT id_processo_tributario FROM processo_tributario WHERE...
               ^

2025-12-18 13:31:05,876 - ERROR - Erro linha 996: column "id_processo_tributario" does not exist
LINE 1: SELECT id_processo_tributario FROM processo_tributario WHERE...
               ^

2025-12-18 13:31:06,805 - ERROR - Erro linha 997: column "id_processo_tributario" does not exist
LINE 1: SELECT id_processo_tributario FROM processo_tributario WHERE...
               ^

2025-12-18 13:31:09,283 - ERROR - Erro linha 1000: column "id_processo_tributario" does not exist
LINE 1: SELECT id_processo_tributario FROM processo_tributario WHERE...
               ^

2025-12-18 13:31:10,213 - ERROR - Erro linha 1001: column "id_processo_tributario" does not exist
LINE 1: SELECT id_processo_tributario FROM processo_tributario WHERE...
               ^

2025-12-18 13:31:11,141 - ERROR - Erro linha 1002: column "id_processo_tributario" does not exist
LINE 1: SELECT id_processo_tributario FROM processo_tributario WHERE...
               ^

2025-12-18 13:31:14,401 - ERROR - Erro linha 1006: column "id_processo_tributario" does not exist
LINE 1: SELECT id_processo_tributario FROM processo_tributario WHERE...
               ^

2025-12-18 13:31:15,331 - ERROR - Erro linha 1007: column "id_processo_tributario" does not exist
LINE 1: SELECT id_processo_tributario FROM processo_tributario WHERE...
               ^

2025-12-18 13:31:16,258 - ERROR - Erro linha 1008: column "id_processo_tributario" does not exist
LINE 1: SELECT id_processo_tributario FROM processo_tributario WHERE...
               ^

2025-12-18 13:31:18,735 - ERROR - Erro linha 1011: column "id_processo_tributario" does not exist
LINE 1: SELECT id_processo_tributario FROM processo_tributario WHERE...
               ^

2025-12-18 13:31:19,662 - ERROR - Erro linha 1012: column "id_processo_tributario" does not exist
LINE 1: SELECT id_processo_tributario FROM processo_tributario WHERE...
               ^

2025-12-18 13:31:20,589 - ERROR - Erro linha 1013: column "id_processo_tributario" does not exist
LINE 1: SELECT id_processo_tributario FROM processo_tributario WHERE...
               ^

2025-12-18 13:31:21,516 - ERROR - Erro linha 1014: column "id_processo_tributario" does not exist
LINE 1: SELECT id_processo_tributario FROM processo_tributario WHERE...
               ^

2025-12-18 13:31:24,776 - ERROR - Erro linha 1018: column "id_processo_tributario" does not exist
LINE 1: SELECT id_processo_tributario FROM processo_tributario WHERE...
               ^

2025-12-18 13:31:26,482 - ERROR - Erro linha 1020: column "id_processo_tributario" does not exist
LINE 1: SELECT id_processo_tributario FROM processo_tributario WHERE...
               ^

2025-12-18 13:31:27,409 - ERROR - Erro linha 1021: column "id_processo_tributario" does not exist
LINE 1: SELECT id_processo_tributario FROM processo_tributario WHERE...
               ^

2025-12-18 13:31:29,892 - ERROR - Erro linha 1024: column "id_processo_tributario" does not exist
LINE 1: SELECT id_processo_tributario FROM processo_tributario WHERE...
               ^

2025-12-18 13:31:31,593 - ERROR - Erro linha 1026: column "id_processo_tributario" does not exist
LINE 1: SELECT id_processo_tributario FROM processo_tributario WHERE...
               ^

2025-12-18 13:31:36,385 - ERROR - Erro linha 1032: column "id_processo_tributario" does not exist
LINE 1: SELECT id_processo_tributario FROM processo_tributario WHERE...
               ^

2025-12-18 13:31:37,317 - ERROR - Erro linha 1033: column "id_processo_tributario" does not exist
LINE 1: SELECT id_processo_tributario FROM processo_tributario WHERE...
               ^

2025-12-18 13:31:40,563 - ERROR - Erro linha 1037: column "id_processo_tributario" does not exist
LINE 1: SELECT id_processo_tributario FROM processo_tributario WHERE...
               ^

2025-12-18 13:31:42,266 - ERROR - Erro linha 1039: column "id_processo_tributario" does not exist
LINE 1: SELECT id_processo_tributario FROM processo_tributario WHERE...
               ^

2025-12-18 13:31:43,192 - ERROR - Erro linha 1040: column "id_processo_tributario" does not exist
LINE 1: SELECT id_processo_tributario FROM processo_tributario WHERE...
               ^

2025-12-18 13:31:44,121 - ERROR - Erro linha 1041: column "id_processo_tributario" does not exist
LINE 1: SELECT id_processo_tributario FROM processo_tributario WHERE...
               ^

2025-12-18 13:31:45,822 - ERROR - Erro linha 1043: column "id_processo_tributario" does not exist
LINE 1: SELECT id_processo_tributario FROM processo_tributario WHERE...
               ^

2025-12-18 13:31:46,753 - ERROR - Erro linha 1044: column "id_processo_tributario" does not exist
LINE 1: SELECT id_processo_tributario FROM processo_tributario WHERE...
               ^

2025-12-18 13:31:50,009 - ERROR - Erro linha 1048: column "id_processo_tributario" does not exist
LINE 1: SELECT id_processo_tributario FROM processo_tributario WHERE...
               ^

2025-12-18 13:31:50,942 - ERROR - Erro linha 1049: column "id_processo_tributario" does not exist
LINE 1: SELECT id_processo_tributario FROM processo_tributario WHERE...
               ^

2025-12-18 13:31:54,192 - ERROR - Erro linha 1053: column "id_processo_tributario" does not exist
LINE 1: SELECT id_processo_tributario FROM processo_tributario WHERE...
               ^

2025-12-18 13:31:55,893 - ERROR - Erro linha 1055: column "id_processo_tributario" does not exist
LINE 1: SELECT id_processo_tributario FROM processo_tributario WHERE...
               ^

2025-12-18 13:31:59,142 - ERROR - Erro linha 1059: column "id_processo_tributario" does not exist
LINE 1: SELECT id_processo_tributario FROM processo_tributario WHERE...
               ^

2025-12-18 13:32:00,074 - ERROR - Erro linha 1060: column "id_processo_tributario" does not exist
LINE 1: SELECT id_processo_tributario FROM processo_tributario WHERE...
               ^

2025-12-18 13:32:01,007 - ERROR - Erro linha 1061: column "id_processo_tributario" does not exist
LINE 1: SELECT id_processo_tributario FROM processo_tributario WHERE...
               ^

2025-12-18 13:32:01,936 - ERROR - Erro linha 1062: column "id_processo_tributario" does not exist
LINE 1: SELECT id_processo_tributario FROM processo_tributario WHERE...
               ^

2025-12-18 13:32:02,867 - ERROR - Erro linha 1063: column "id_processo_tributario" does not exist
LINE 1: SELECT id_processo_tributario FROM processo_tributario WHERE...
               ^

2025-12-18 13:32:03,793 - ERROR - Erro linha 1064: column "id_processo_tributario" does not exist
LINE 1: SELECT id_processo_tributario FROM processo_tributario WHERE...
               ^

2025-12-18 13:32:04,725 - ERROR - Erro linha 1065: column "id_processo_tributario" does not exist
LINE 1: SELECT id_processo_tributario FROM processo_tributario WHERE...
               ^

2025-12-18 13:32:05,657 - ERROR - Erro linha 1066: column "id_processo_tributario" does not exist
LINE 1: SELECT id_processo_tributario FROM processo_tributario WHERE...
               ^

2025-12-18 13:32:06,590 - ERROR - Erro linha 1067: column "id_processo_tributario" does not exist
LINE 1: SELECT id_processo_tributario FROM processo_tributario WHERE...
               ^

2025-12-18 13:32:08,289 - ERROR - Erro linha 1069: column "id_processo_tributario" does not exist
LINE 1: SELECT id_processo_tributario FROM processo_tributario WHERE...
               ^

2025-12-18 13:32:09,219 - ERROR - Erro linha 1070: column "id_processo_tributario" does not exist
LINE 1: SELECT id_processo_tributario FROM processo_tributario WHERE...
               ^

2025-12-18 13:32:10,147 - ERROR - Erro linha 1071: column "id_processo_tributario" does not exist
LINE 1: SELECT id_processo_tributario FROM processo_tributario WHERE...
               ^

2025-12-18 13:32:11,079 - ERROR - Erro linha 1072: column "id_processo_tributario" does not exist
LINE 1: SELECT id_processo_tributario FROM processo_tributario WHERE...
               ^

2025-12-18 13:32:12,010 - ERROR - Erro linha 1073: column "id_processo_tributario" does not exist
LINE 1: SELECT id_processo_tributario FROM processo_tributario WHERE...
               ^

2025-12-18 13:32:13,713 - ERROR - Erro linha 1075: column "id_processo_tributario" does not exist
LINE 1: SELECT id_processo_tributario FROM processo_tributario WHERE...
               ^

2025-12-18 13:32:14,640 - ERROR - Erro linha 1076: column "id_processo_tributario" does not exist
LINE 1: SELECT id_processo_tributario FROM processo_tributario WHERE...
               ^

2025-12-18 13:32:15,568 - ERROR - Erro linha 1077: column "id_processo_tributario" does not exist
LINE 1: SELECT id_processo_tributario FROM processo_tributario WHERE...
               ^

2025-12-18 13:32:16,495 - ERROR - Erro linha 1078: column "id_processo_tributario" does not exist
LINE 1: SELECT id_processo_tributario FROM processo_tributario WHERE...
               ^

2025-12-18 13:32:17,421 - ERROR - Erro linha 1079: column "id_processo_tributario" does not exist
LINE 1: SELECT id_processo_tributario FROM processo_tributario WHERE...
               ^

2025-12-18 13:32:18,348 - ERROR - Erro linha 1080: column "id_processo_tributario" does not exist
LINE 1: SELECT id_processo_tributario FROM processo_tributario WHERE...
               ^

2025-12-18 13:32:19,280 - ERROR - Erro linha 1081: column "id_processo_tributario" does not exist
LINE 1: SELECT id_processo_tributario FROM processo_tributario WHERE...
               ^

2025-12-18 13:32:22,529 - ERROR - Erro linha 1085: column "id_processo_tributario" does not exist
LINE 1: SELECT id_processo_tributario FROM processo_tributario WHERE...
               ^

2025-12-18 13:32:23,456 - ERROR - Erro linha 1086: column "id_processo_tributario" does not exist
LINE 1: SELECT id_processo_tributario FROM processo_tributario WHERE...
               ^

2025-12-18 13:32:25,159 - ERROR - Erro linha 1088: column "id_processo_tributario" does not exist
LINE 1: SELECT id_processo_tributario FROM processo_tributario WHERE...
               ^

2025-12-18 13:32:32,279 - ERROR - Erro linha 1097: column "id_processo_tributario" does not exist
LINE 1: SELECT id_processo_tributario FROM processo_tributario WHERE...
               ^

2025-12-18 13:32:34,753 - ERROR - Erro linha 1100: column "id_processo_tributario" does not exist
LINE 1: SELECT id_processo_tributario FROM processo_tributario WHERE...
               ^

2025-12-18 13:32:35,682 - ERROR - Erro linha 1101: column "id_processo_tributario" does not exist
LINE 1: SELECT id_processo_tributario FROM processo_tributario WHERE...
               ^

2025-12-18 13:32:36,610 - ERROR - Erro linha 1102: column "id_processo_tributario" does not exist
LINE 1: SELECT id_processo_tributario FROM processo_tributario WHERE...
               ^

2025-12-18 13:32:41,415 - ERROR - Erro linha 1108: column "id_processo_tributario" does not exist
LINE 1: SELECT id_processo_tributario FROM processo_tributario WHERE...
               ^

2025-12-18 13:32:42,344 - ERROR - Erro linha 1109: column "id_processo_tributario" does not exist
LINE 1: SELECT id_processo_tributario FROM processo_tributario WHERE...
               ^

2025-12-18 13:32:47,143 - ERROR - Erro linha 1115: column "id_processo_tributario" does not exist
LINE 1: SELECT id_processo_tributario FROM processo_tributario WHERE...
               ^

2025-12-18 13:32:48,071 - ERROR - Erro linha 1116: column "id_processo_tributario" does not exist
LINE 1: SELECT id_processo_tributario FROM processo_tributario WHERE...
               ^

2025-12-18 13:32:48,998 - ERROR - Erro linha 1117: column "id_processo_tributario" does not exist
LINE 1: SELECT id_processo_tributario FROM processo_tributario WHERE...
               ^

2025-12-18 13:32:49,929 - ERROR - Erro linha 1118: column "id_processo_tributario" does not exist
LINE 1: SELECT id_processo_tributario FROM processo_tributario WHERE...
               ^

2025-12-18 13:32:58,607 - ERROR - Erro linha 1129: column "id_processo_tributario" does not exist
LINE 1: SELECT id_processo_tributario FROM processo_tributario WHERE...
               ^

2025-12-18 13:32:59,542 - ERROR - Erro linha 1130: column "id_processo_tributario" does not exist
LINE 1: SELECT id_processo_tributario FROM processo_tributario WHERE...
               ^

2025-12-18 13:33:02,802 - ERROR - Erro linha 1134: column "id_processo_tributario" does not exist
LINE 1: SELECT id_processo_tributario FROM processo_tributario WHERE...
               ^

2025-12-18 13:33:06,834 - ERROR - Erro linha 1139: column "id_processo_tributario" does not exist
LINE 1: SELECT id_processo_tributario FROM processo_tributario WHERE...
               ^

2025-12-18 13:33:11,638 - ERROR - Erro linha 1145: column "id_processo_tributario" does not exist
LINE 1: SELECT id_processo_tributario FROM processo_tributario WHERE...
               ^

2025-12-18 13:33:13,348 - ERROR - Erro linha 1147: column "id_processo_tributario" does not exist
LINE 1: SELECT id_processo_tributario FROM processo_tributario WHERE...
               ^

2025-12-18 13:33:15,833 - ERROR - Erro linha 1150: column "id_processo_tributario" does not exist
LINE 1: SELECT id_processo_tributario FROM processo_tributario WHERE...
               ^

2025-12-18 13:33:16,760 - ERROR - Erro linha 1151: column "id_processo_tributario" does not exist
LINE 1: SELECT id_processo_tributario FROM processo_tributario WHERE...
               ^

2025-12-18 13:33:17,690 - ERROR - Erro linha 1152: column "id_processo_tributario" does not exist
LINE 1: SELECT id_processo_tributario FROM processo_tributario WHERE...
               ^

2025-12-18 13:33:18,620 - ERROR - Erro linha 1153: column "id_processo_tributario" does not exist
LINE 1: SELECT id_processo_tributario FROM processo_tributario WHERE...
               ^

2025-12-18 13:33:20,329 - ERROR - Erro linha 1155: column "id_processo_tributario" does not exist
LINE 1: SELECT id_processo_tributario FROM processo_tributario WHERE...
               ^

2025-12-18 13:33:23,589 - ERROR - Erro linha 1159: column "id_processo_tributario" does not exist
LINE 1: SELECT id_processo_tributario FROM processo_tributario WHERE...
               ^

2025-12-18 13:33:25,297 - ERROR - Erro linha 1161: column "id_processo_tributario" does not exist
LINE 1: SELECT id_processo_tributario FROM processo_tributario WHERE...
               ^

2025-12-18 13:33:26,998 - ERROR - Erro linha 1163: column "id_processo_tributario" does not exist
LINE 1: SELECT id_processo_tributario FROM processo_tributario WHERE...
               ^

2025-12-18 13:33:30,254 - ERROR - Erro linha 1167: column "id_processo_tributario" does not exist
LINE 1: SELECT id_processo_tributario FROM processo_tributario WHERE...
               ^

2025-12-18 13:33:34,285 - ERROR - Erro linha 1172: column "id_processo_tributario" does not exist
LINE 1: SELECT id_processo_tributario FROM processo_tributario WHERE...
               ^

2025-12-18 13:33:37,552 - ERROR - Erro linha 1176: column "id_processo_tributario" does not exist
LINE 1: SELECT id_processo_tributario FROM processo_tributario WHERE...
               ^

2025-12-18 13:33:38,481 - ERROR - Erro linha 1177: column "id_processo_tributario" does not exist
LINE 1: SELECT id_processo_tributario FROM processo_tributario WHERE...
               ^

2025-12-18 13:33:54,935 - ERROR - Erro linha 1198: column "id_processo_tributario" does not exist
LINE 1: SELECT id_processo_tributario FROM processo_tributario WHERE...
               ^

2025-12-18 13:33:58,968 - ERROR - Erro linha 1203: column "id_processo_tributario" does not exist
LINE 1: SELECT id_processo_tributario FROM processo_tributario WHERE...
               ^

2025-12-18 13:33:59,526 - INFO - Lendo Excel...
2025-12-18 13:34:00,668 - ERROR - Erro linha 1205: column "id_processo_tributario" does not exist
LINE 1: SELECT id_processo_tributario FROM processo_tributario WHERE...
               ^

2025-12-18 13:34:01,952 - ERROR - Erro linha 0: column "id_processo_tributario" does not exist
LINE 1: SELECT id_processo_tributario FROM processo_tributario WHERE...
               ^

2025-12-18 13:34:02,766 - ERROR - Erro linha 1: column "id_processo_tributario" does not exist
LINE 1: SELECT id_processo_tributario FROM processo_tributario WHERE...
               ^

2025-12-18 13:34:03,579 - ERROR - Erro linha 2: column "id_processo_tributario" does not exist
LINE 1: SELECT id_processo_tributario FROM processo_tributario WHERE...
               ^

2025-12-18 13:34:03,927 - ERROR - Erro linha 1209: column "id_processo_tributario" does not exist
LINE 1: SELECT id_processo_tributario FROM processo_tributario WHERE...
               ^

2025-12-18 13:34:04,393 - ERROR - Erro linha 3: column "id_processo_tributario" does not exist
LINE 1: SELECT id_processo_tributario FROM processo_tributario WHERE...
               ^

2025-12-18 13:34:05,205 - ERROR - Erro linha 4: column "id_processo_tributario" does not exist
LINE 1: SELECT id_processo_tributario FROM processo_tributario WHERE...
               ^

2025-12-18 13:34:06,018 - ERROR - Erro linha 5: column "id_processo_tributario" does not exist
LINE 1: SELECT id_processo_tributario FROM processo_tributario WHERE...
               ^

2025-12-18 13:34:06,830 - ERROR - Erro linha 6: column "id_processo_tributario" does not exist
LINE 1: SELECT id_processo_tributario FROM processo_tributario WHERE...
               ^

2025-12-18 13:34:07,643 - ERROR - Erro linha 7: column "id_processo_tributario" does not exist
LINE 1: SELECT id_processo_tributario FROM processo_tributario WHERE...
               ^

2025-12-18 13:34:08,460 - ERROR - Erro linha 8: column "id_processo_tributario" does not exist
LINE 1: SELECT id_processo_tributario FROM processo_tributario WHERE...
               ^

2025-12-18 13:34:09,273 - ERROR - Erro linha 9: column "id_processo_tributario" does not exist
LINE 1: SELECT id_processo_tributario FROM processo_tributario WHERE...
               ^

2025-12-18 13:34:10,084 - ERROR - Erro linha 10: column "id_processo_tributario" does not exist
LINE 1: SELECT id_processo_tributario FROM processo_tributario WHERE...
               ^

2025-12-18 13:34:10,275 - ERROR - Erro linha 1217: column "id_processo_tributario" does not exist
LINE 1: SELECT id_processo_tributario FROM processo_tributario WHERE...
               ^

2025-12-18 13:34:10,897 - ERROR - Erro linha 11: column "id_processo_tributario" does not exist
LINE 1: SELECT id_processo_tributario FROM processo_tributario WHERE...
               ^

2025-12-18 13:34:11,710 - ERROR - Erro linha 12: column "id_processo_tributario" does not exist
LINE 1: SELECT id_processo_tributario FROM processo_tributario WHERE...
               ^

2025-12-18 13:34:11,980 - ERROR - Erro linha 1219: column "id_processo_tributario" does not exist
LINE 1: SELECT id_processo_tributario FROM processo_tributario WHERE...
               ^

2025-12-18 13:34:12,522 - ERROR - Erro linha 13: column "id_processo_tributario" does not exist
LINE 1: SELECT id_processo_tributario FROM processo_tributario WHERE...
               ^

2025-12-18 13:34:13,333 - ERROR - Erro linha 14: column "id_processo_tributario" does not exist
LINE 1: SELECT id_processo_tributario FROM processo_tributario WHERE...
               ^

2025-12-18 13:34:13,680 - ERROR - Erro linha 1221: column "id_processo_tributario" does not exist
LINE 1: SELECT id_processo_tributario FROM processo_tributario WHERE...
               ^

2025-12-18 13:34:14,147 - ERROR - Erro linha 15: column "id_processo_tributario" does not exist
LINE 1: SELECT id_processo_tributario FROM processo_tributario WHERE...
               ^

2025-12-18 13:34:14,962 - ERROR - Erro linha 16: column "id_processo_tributario" does not exist
LINE 1: SELECT id_processo_tributario FROM processo_tributario WHERE...
               ^

2025-12-18 13:34:15,384 - ERROR - Erro linha 1223: column "id_processo_tributario" does not exist
LINE 1: SELECT id_processo_tributario FROM processo_tributario WHERE...
               ^

2025-12-18 13:34:15,779 - ERROR - Erro linha 17: column "id_processo_tributario" does not exist
LINE 1: SELECT id_processo_tributario FROM processo_tributario WHERE...
               ^

2025-12-18 13:34:16,595 - ERROR - Erro linha 18: column "id_processo_tributario" does not exist
LINE 1: SELECT id_processo_tributario FROM processo_tributario WHERE...
               ^

2025-12-18 13:34:17,408 - ERROR - Erro linha 19: column "id_processo_tributario" does not exist
LINE 1: SELECT id_processo_tributario FROM processo_tributario WHERE...
               ^

2025-12-18 13:34:18,223 - ERROR - Erro linha 20: column "id_processo_tributario" does not exist
LINE 1: SELECT id_processo_tributario FROM processo_tributario WHERE...
               ^

2025-12-18 13:34:19,036 - ERROR - Erro linha 21: column "id_processo_tributario" does not exist
LINE 1: SELECT id_processo_tributario FROM processo_tributario WHERE...
               ^

2025-12-18 13:34:19,413 - ERROR - Erro linha 1228: column "id_processo_tributario" does not exist
LINE 1: SELECT id_processo_tributario FROM processo_tributario WHERE...
               ^

2025-12-18 13:34:19,853 - ERROR - Erro linha 22: column "id_processo_tributario" does not exist
LINE 1: SELECT id_processo_tributario FROM processo_tributario WHERE...
               ^

2025-12-18 13:34:20,666 - ERROR - Erro linha 23: column "id_processo_tributario" does not exist
LINE 1: SELECT id_processo_tributario FROM processo_tributario WHERE...
               ^

2025-12-18 13:34:21,478 - ERROR - Erro linha 24: column "id_processo_tributario" does not exist
LINE 1: SELECT id_processo_tributario FROM processo_tributario WHERE...
               ^

2025-12-18 13:34:22,295 - ERROR - Erro linha 25: column "id_processo_tributario" does not exist
LINE 1: SELECT id_processo_tributario FROM processo_tributario WHERE...
               ^

2025-12-18 13:34:22,672 - ERROR - Erro linha 1232: column "id_processo_tributario" does not exist
LINE 1: SELECT id_processo_tributario FROM processo_tributario WHERE...
               ^

2025-12-18 13:34:23,107 - ERROR - Erro linha 26: column "id_processo_tributario" does not exist
LINE 1: SELECT id_processo_tributario FROM processo_tributario WHERE...
               ^

2025-12-18 13:34:23,918 - ERROR - Erro linha 27: column "id_processo_tributario" does not exist
LINE 1: SELECT id_processo_tributario FROM processo_tributario WHERE...
               ^

2025-12-18 13:34:24,371 - ERROR - Erro linha 1234: column "id_processo_tributario" does not exist
LINE 1: SELECT id_processo_tributario FROM processo_tributario WHERE...
               ^

2025-12-18 13:34:24,731 - ERROR - Erro linha 28: column "id_processo_tributario" does not exist
LINE 1: SELECT id_processo_tributario FROM processo_tributario WHERE...
               ^

2025-12-18 13:34:25,543 - ERROR - Erro linha 29: column "id_processo_tributario" does not exist
LINE 1: SELECT id_processo_tributario FROM processo_tributario WHERE...
               ^

2025-12-18 13:34:26,069 - ERROR - Erro linha 1236: column "id_processo_tributario" does not exist
LINE 1: SELECT id_processo_tributario FROM processo_tributario WHERE...
               ^

2025-12-18 13:34:26,355 - ERROR - Erro linha 30: column "id_processo_tributario" does not exist
LINE 1: SELECT id_processo_tributario FROM processo_tributario WHERE...
               ^

2025-12-18 13:34:26,999 - ERROR - Erro linha 1237: column "id_processo_tributario" does not exist
LINE 1: SELECT id_processo_tributario FROM processo_tributario WHERE...
               ^

2025-12-18 13:34:27,173 - ERROR - Erro linha 31: column "id_processo_tributario" does not exist
LINE 1: SELECT id_processo_tributario FROM processo_tributario WHERE...
               ^

2025-12-18 13:34:27,984 - ERROR - Erro linha 32: column "id_processo_tributario" does not exist
LINE 1: SELECT id_processo_tributario FROM processo_tributario WHERE...
               ^

2025-12-18 13:34:28,795 - ERROR - Erro linha 33: column "id_processo_tributario" does not exist
LINE 1: SELECT id_processo_tributario FROM processo_tributario WHERE...
               ^

2025-12-18 13:34:29,609 - ERROR - Erro linha 34: column "id_processo_tributario" does not exist
LINE 1: SELECT id_processo_tributario FROM processo_tributario WHERE...
               ^

2025-12-18 13:34:30,421 - ERROR - Erro linha 35: column "id_processo_tributario" does not exist
LINE 1: SELECT id_processo_tributario FROM processo_tributario WHERE...
               ^

2025-12-18 13:34:31,234 - ERROR - Erro linha 36: column "id_processo_tributario" does not exist
LINE 1: SELECT id_processo_tributario FROM processo_tributario WHERE...
               ^

2025-12-18 13:34:32,047 - ERROR - Erro linha 37: column "id_processo_tributario" does not exist
LINE 1: SELECT id_processo_tributario FROM processo_tributario WHERE...
               ^

2025-12-18 13:34:32,576 - ERROR - Erro linha 1244: column "id_processo_tributario" does not exist
LINE 1: SELECT id_processo_tributario FROM processo_tributario WHERE...
               ^

2025-12-18 13:34:32,858 - ERROR - Erro linha 38: column "id_processo_tributario" does not exist
LINE 1: SELECT id_processo_tributario FROM processo_tributario WHERE...
               ^

2025-12-18 13:34:33,514 - ERROR - Erro linha 1245: column "id_processo_tributario" does not exist
LINE 1: SELECT id_processo_tributario FROM processo_tributario WHERE...
               ^

2025-12-18 13:34:33,672 - ERROR - Erro linha 39: column "id_processo_tributario" does not exist
LINE 1: SELECT id_processo_tributario FROM processo_tributario WHERE...
               ^

2025-12-18 13:34:34,486 - ERROR - Erro linha 40: column "id_processo_tributario" does not exist
LINE 1: SELECT id_processo_tributario FROM processo_tributario WHERE...
               ^

2025-12-18 13:34:35,297 - ERROR - Erro linha 41: column "id_processo_tributario" does not exist
LINE 1: SELECT id_processo_tributario FROM processo_tributario WHERE...
               ^

2025-12-18 13:34:36,112 - ERROR - Erro linha 42: column "id_processo_tributario" does not exist
LINE 1: SELECT id_processo_tributario FROM processo_tributario WHERE...
               ^

2025-12-18 13:34:36,922 - ERROR - Erro linha 43: column "id_processo_tributario" does not exist
LINE 1: SELECT id_processo_tributario FROM processo_tributario WHERE...
               ^

2025-12-18 13:34:37,734 - ERROR - Erro linha 44: column "id_processo_tributario" does not exist
LINE 1: SELECT id_processo_tributario FROM processo_tributario WHERE...
               ^

2025-12-18 13:34:38,545 - ERROR - Erro linha 45: column "id_processo_tributario" does not exist
LINE 1: SELECT id_processo_tributario FROM processo_tributario WHERE...
               ^

2025-12-18 13:34:39,357 - ERROR - Erro linha 46: column "id_processo_tributario" does not exist
LINE 1: SELECT id_processo_tributario FROM processo_tributario WHERE...
               ^

2025-12-18 13:34:40,168 - ERROR - Erro linha 47: column "id_processo_tributario" does not exist
LINE 1: SELECT id_processo_tributario FROM processo_tributario WHERE...
               ^

2025-12-18 13:34:40,980 - ERROR - Erro linha 48: column "id_processo_tributario" does not exist
LINE 1: SELECT id_processo_tributario FROM processo_tributario WHERE...
               ^

2025-12-18 13:34:41,793 - ERROR - Erro linha 49: column "id_processo_tributario" does not exist
LINE 1: SELECT id_processo_tributario FROM processo_tributario WHERE...
               ^

2025-12-18 13:34:42,186 - ERROR - Erro linha 1256: column "id_processo_tributario" does not exist
LINE 1: SELECT id_processo_tributario FROM processo_tributario WHERE...
               ^

2025-12-18 13:34:42,605 - ERROR - Erro linha 50: column "id_processo_tributario" does not exist
LINE 1: SELECT id_processo_tributario FROM processo_tributario WHERE...
               ^

2025-12-18 13:34:43,113 - ERROR - Erro linha 1257: column "id_processo_tributario" does not exist
LINE 1: SELECT id_processo_tributario FROM processo_tributario WHERE...
               ^

2025-12-18 13:34:43,418 - ERROR - Erro linha 51: column "id_processo_tributario" does not exist
LINE 1: SELECT id_processo_tributario FROM processo_tributario WHERE...
               ^

2025-12-18 13:34:44,079 - ERROR - Erro linha 1258: column "id_processo_tributario" does not exist
LINE 1: SELECT id_processo_tributario FROM processo_tributario WHERE...
               ^

2025-12-18 13:34:44,229 - ERROR - Erro linha 52: column "id_processo_tributario" does not exist
LINE 1: SELECT id_processo_tributario FROM processo_tributario WHERE...
               ^

2025-12-18 13:34:45,006 - ERROR - Erro linha 1259: column "id_processo_tributario" does not exist
LINE 1: SELECT id_processo_tributario FROM processo_tributario WHERE...
               ^

2025-12-18 13:34:45,046 - ERROR - Erro linha 53: column "id_processo_tributario" does not exist
LINE 1: SELECT id_processo_tributario FROM processo_tributario WHERE...
               ^

2025-12-18 13:34:45,857 - ERROR - Erro linha 54: column "id_processo_tributario" does not exist
LINE 1: SELECT id_processo_tributario FROM processo_tributario WHERE...
               ^

2025-12-18 13:34:45,933 - ERROR - Erro linha 1260: column "id_processo_tributario" does not exist
LINE 1: SELECT id_processo_tributario FROM processo_tributario WHERE...
               ^

2025-12-18 13:34:46,668 - ERROR - Erro linha 55: column "id_processo_tributario" does not exist
LINE 1: SELECT id_processo_tributario FROM processo_tributario WHERE...
               ^

2025-12-18 13:34:46,870 - ERROR - Erro linha 1261: column "id_processo_tributario" does not exist
LINE 1: SELECT id_processo_tributario FROM processo_tributario WHERE...
               ^

2025-12-18 13:34:47,481 - ERROR - Erro linha 56: column "id_processo_tributario" does not exist
LINE 1: SELECT id_processo_tributario FROM processo_tributario WHERE...
               ^

2025-12-18 13:34:48,302 - ERROR - Erro linha 57: column "id_processo_tributario" does not exist
LINE 1: SELECT id_processo_tributario FROM processo_tributario WHERE...
               ^

2025-12-18 13:34:49,113 - ERROR - Erro linha 58: column "id_processo_tributario" does not exist
LINE 1: SELECT id_processo_tributario FROM processo_tributario WHERE...
               ^

2025-12-18 13:34:49,343 - ERROR - Erro linha 1264: column "id_processo_tributario" does not exist
LINE 1: SELECT id_processo_tributario FROM processo_tributario WHERE...
               ^

2025-12-18 13:34:49,928 - ERROR - Erro linha 59: column "id_processo_tributario" does not exist
LINE 1: SELECT id_processo_tributario FROM processo_tributario WHERE...
               ^

2025-12-18 13:34:50,742 - ERROR - Erro linha 60: column "id_processo_tributario" does not exist
LINE 1: SELECT id_processo_tributario FROM processo_tributario WHERE...
               ^

2025-12-18 13:34:51,559 - ERROR - Erro linha 61: column "id_processo_tributario" does not exist
LINE 1: SELECT id_processo_tributario FROM processo_tributario WHERE...
               ^

2025-12-18 13:34:52,376 - ERROR - Erro linha 62: column "id_processo_tributario" does not exist
LINE 1: SELECT id_processo_tributario FROM processo_tributario WHERE...
               ^

2025-12-18 13:34:53,196 - ERROR - Erro linha 63: column "id_processo_tributario" does not exist
LINE 1: SELECT id_processo_tributario FROM processo_tributario WHERE...
               ^

2025-12-18 13:34:53,369 - ERROR - Erro linha 1269: column "id_processo_tributario" does not exist
LINE 1: SELECT id_processo_tributario FROM processo_tributario WHERE...
               ^

2025-12-18 13:34:54,009 - ERROR - Erro linha 64: column "id_processo_tributario" does not exist
LINE 1: SELECT id_processo_tributario FROM processo_tributario WHERE...
               ^

2025-12-18 13:34:54,298 - ERROR - Erro linha 1270: column "id_processo_tributario" does not exist
LINE 1: SELECT id_processo_tributario FROM processo_tributario WHERE...
               ^

2025-12-18 13:34:54,829 - ERROR - Erro linha 65: column "id_processo_tributario" does not exist
LINE 1: SELECT id_processo_tributario FROM processo_tributario WHERE...
               ^

2025-12-18 13:34:55,233 - ERROR - Erro linha 1271: column "id_processo_tributario" does not exist
LINE 1: SELECT id_processo_tributario FROM processo_tributario WHERE...
               ^

2025-12-18 13:34:55,642 - ERROR - Erro linha 66: column "id_processo_tributario" does not exist
LINE 1: SELECT id_processo_tributario FROM processo_tributario WHERE...
               ^

2025-12-18 13:34:56,166 - ERROR - Erro linha 1272: column "id_processo_tributario" does not exist
LINE 1: SELECT id_processo_tributario FROM processo_tributario WHERE...
               ^

2025-12-18 13:34:56,457 - ERROR - Erro linha 67: column "id_processo_tributario" does not exist
LINE 1: SELECT id_processo_tributario FROM processo_tributario WHERE...
               ^

2025-12-18 13:34:57,099 - ERROR - Erro linha 1273: column "id_processo_tributario" does not exist
LINE 1: SELECT id_processo_tributario FROM processo_tributario WHERE...
               ^

2025-12-18 13:34:57,273 - ERROR - Erro linha 68: column "id_processo_tributario" does not exist
LINE 1: SELECT id_processo_tributario FROM processo_tributario WHERE...
               ^

2025-12-18 13:34:58,035 - ERROR - Erro linha 1274: column "id_processo_tributario" does not exist
LINE 1: SELECT id_processo_tributario FROM processo_tributario WHERE...
               ^

2025-12-18 13:34:58,088 - ERROR - Erro linha 69: column "id_processo_tributario" does not exist
LINE 1: SELECT id_processo_tributario FROM processo_tributario WHERE...
               ^

2025-12-18 13:34:58,907 - ERROR - Erro linha 70: column "id_processo_tributario" does not exist
LINE 1: SELECT id_processo_tributario FROM processo_tributario WHERE...
               ^

2025-12-18 13:34:58,975 - ERROR - Erro linha 1275: column "id_processo_tributario" does not exist
LINE 1: SELECT id_processo_tributario FROM processo_tributario WHERE...
               ^

2025-12-18 13:34:59,720 - ERROR - Erro linha 71: column "id_processo_tributario" does not exist
LINE 1: SELECT id_processo_tributario FROM processo_tributario WHERE...
               ^

2025-12-18 13:35:00,535 - ERROR - Erro linha 72: column "id_processo_tributario" does not exist
LINE 1: SELECT id_processo_tributario FROM processo_tributario WHERE...
               ^

2025-12-18 13:35:01,353 - ERROR - Erro linha 73: column "id_processo_tributario" does not exist
LINE 1: SELECT id_processo_tributario FROM processo_tributario WHERE...
               ^

2025-12-18 13:35:02,173 - ERROR - Erro linha 74: column "id_processo_tributario" does not exist
LINE 1: SELECT id_processo_tributario FROM processo_tributario WHERE...
               ^

2025-12-18 13:35:02,988 - ERROR - Erro linha 75: column "id_processo_tributario" does not exist
LINE 1: SELECT id_processo_tributario FROM processo_tributario WHERE...
               ^

2025-12-18 13:35:03,800 - ERROR - Erro linha 76: column "id_processo_tributario" does not exist
LINE 1: SELECT id_processo_tributario FROM processo_tributario WHERE...
               ^

2025-12-18 13:35:04,617 - ERROR - Erro linha 77: column "id_processo_tributario" does not exist
LINE 1: SELECT id_processo_tributario FROM processo_tributario WHERE...
               ^

2025-12-18 13:35:05,430 - ERROR - Erro linha 78: column "id_processo_tributario" does not exist
LINE 1: SELECT id_processo_tributario FROM processo_tributario WHERE...
               ^

2025-12-18 13:35:06,115 - ERROR - Erro linha 1284: column "id_processo_tributario" does not exist
LINE 1: SELECT id_processo_tributario FROM processo_tributario WHERE...
               ^

2025-12-18 13:35:06,241 - ERROR - Erro linha 79: column "id_processo_tributario" does not exist
LINE 1: SELECT id_processo_tributario FROM processo_tributario WHERE...
               ^

2025-12-18 13:35:07,055 - ERROR - Erro linha 80: column "id_processo_tributario" does not exist
LINE 1: SELECT id_processo_tributario FROM processo_tributario WHERE...
               ^

2025-12-18 13:35:07,830 - ERROR - Erro linha 1286: column "id_processo_tributario" does not exist
LINE 1: SELECT id_processo_tributario FROM processo_tributario WHERE...
               ^

2025-12-18 13:35:07,868 - ERROR - Erro linha 81: column "id_processo_tributario" does not exist
LINE 1: SELECT id_processo_tributario FROM processo_tributario WHERE...
               ^

2025-12-18 13:35:08,682 - ERROR - Erro linha 82: column "id_processo_tributario" does not exist
LINE 1: SELECT id_processo_tributario FROM processo_tributario WHERE...
               ^

2025-12-18 13:35:09,497 - ERROR - Erro linha 83: column "id_processo_tributario" does not exist
LINE 1: SELECT id_processo_tributario FROM processo_tributario WHERE...
               ^

2025-12-18 13:35:10,318 - ERROR - Erro linha 84: column "id_processo_tributario" does not exist
LINE 1: SELECT id_processo_tributario FROM processo_tributario WHERE...
               ^

2025-12-18 13:35:11,096 - ERROR - Erro linha 1290: column "id_processo_tributario" does not exist
LINE 1: SELECT id_processo_tributario FROM processo_tributario WHERE...
               ^

2025-12-18 13:35:11,132 - ERROR - Erro linha 85: column "id_processo_tributario" does not exist
LINE 1: SELECT id_processo_tributario FROM processo_tributario WHERE...
               ^

2025-12-18 13:35:11,946 - ERROR - Erro linha 86: column "id_processo_tributario" does not exist
LINE 1: SELECT id_processo_tributario FROM processo_tributario WHERE...
               ^

2025-12-18 13:35:12,032 - ERROR - Erro linha 1291: column "id_processo_tributario" does not exist
LINE 1: SELECT id_processo_tributario FROM processo_tributario WHERE...
               ^

2025-12-18 13:35:12,765 - ERROR - Erro linha 87: column "id_processo_tributario" does not exist
LINE 1: SELECT id_processo_tributario FROM processo_tributario WHERE...
               ^

2025-12-18 13:35:12,964 - ERROR - Erro linha 1292: column "id_processo_tributario" does not exist
LINE 1: SELECT id_processo_tributario FROM processo_tributario WHERE...
               ^

2025-12-18 13:35:13,580 - ERROR - Erro linha 88: column "id_processo_tributario" does not exist
LINE 1: SELECT id_processo_tributario FROM processo_tributario WHERE...
               ^

2025-12-18 13:35:14,397 - ERROR - Erro linha 89: column "id_processo_tributario" does not exist
LINE 1: SELECT id_processo_tributario FROM processo_tributario WHERE...
               ^

2025-12-18 13:35:15,214 - ERROR - Erro linha 90: column "id_processo_tributario" does not exist
LINE 1: SELECT id_processo_tributario FROM processo_tributario WHERE...
               ^

2025-12-18 13:35:16,032 - ERROR - Erro linha 91: column "id_processo_tributario" does not exist
LINE 1: SELECT id_processo_tributario FROM processo_tributario WHERE...
               ^

2025-12-18 13:35:16,846 - ERROR - Erro linha 92: column "id_processo_tributario" does not exist
LINE 1: SELECT id_processo_tributario FROM processo_tributario WHERE...
               ^

2025-12-18 13:35:17,661 - ERROR - Erro linha 93: column "id_processo_tributario" does not exist
LINE 1: SELECT id_processo_tributario FROM processo_tributario WHERE...
               ^

2025-12-18 13:35:18,476 - ERROR - Erro linha 94: column "id_processo_tributario" does not exist
LINE 1: SELECT id_processo_tributario FROM processo_tributario WHERE...
               ^

2025-12-18 13:35:18,561 - ERROR - Erro linha 1299: column "id_processo_tributario" does not exist
LINE 1: SELECT id_processo_tributario FROM processo_tributario WHERE...
               ^

2025-12-18 13:35:19,291 - ERROR - Erro linha 95: column "id_processo_tributario" does not exist
LINE 1: SELECT id_processo_tributario FROM processo_tributario WHERE...
               ^

2025-12-18 13:35:20,113 - ERROR - Erro linha 96: column "id_processo_tributario" does not exist
LINE 1: SELECT id_processo_tributario FROM processo_tributario WHERE...
               ^

2025-12-18 13:35:20,929 - ERROR - Erro linha 97: column "id_processo_tributario" does not exist
LINE 1: SELECT id_processo_tributario FROM processo_tributario WHERE...
               ^

2025-12-18 13:35:21,056 - ERROR - Erro linha 1302: column "id_processo_tributario" does not exist
LINE 1: SELECT id_processo_tributario FROM processo_tributario WHERE...
               ^

2025-12-18 13:35:21,746 - ERROR - Erro linha 98: column "id_processo_tributario" does not exist
LINE 1: SELECT id_processo_tributario FROM processo_tributario WHERE...
               ^

2025-12-18 13:35:21,992 - ERROR - Erro linha 1303: column "id_processo_tributario" does not exist
LINE 1: SELECT id_processo_tributario FROM processo_tributario WHERE...
               ^

2025-12-18 13:35:22,561 - ERROR - Erro linha 99: column "id_processo_tributario" does not exist
LINE 1: SELECT id_processo_tributario FROM processo_tributario WHERE...
               ^

2025-12-18 13:35:22,936 - ERROR - Erro linha 1304: column "id_processo_tributario" does not exist
LINE 1: SELECT id_processo_tributario FROM processo_tributario WHERE...
               ^

2025-12-18 13:35:23,377 - ERROR - Erro linha 100: column "id_processo_tributario" does not exist
LINE 1: SELECT id_processo_tributario FROM processo_tributario WHERE...
               ^

2025-12-18 13:35:24,191 - ERROR - Erro linha 101: column "id_processo_tributario" does not exist
LINE 1: SELECT id_processo_tributario FROM processo_tributario WHERE...
               ^

2025-12-18 13:35:25,001 - ERROR - Erro linha 102: column "id_processo_tributario" does not exist
LINE 1: SELECT id_processo_tributario FROM processo_tributario WHERE...
               ^

2025-12-18 13:35:25,417 - ERROR - Erro linha 1307: column "id_processo_tributario" does not exist
LINE 1: SELECT id_processo_tributario FROM processo_tributario WHERE...
               ^

2025-12-18 13:35:25,817 - ERROR - Erro linha 103: column "id_processo_tributario" does not exist
LINE 1: SELECT id_processo_tributario FROM processo_tributario WHERE...
               ^

2025-12-18 13:35:26,635 - ERROR - Erro linha 104: column "id_processo_tributario" does not exist
LINE 1: SELECT id_processo_tributario FROM processo_tributario WHERE...
               ^

2025-12-18 13:35:27,449 - ERROR - Erro linha 105: column "id_processo_tributario" does not exist
LINE 1: SELECT id_processo_tributario FROM processo_tributario WHERE...
               ^

2025-12-18 13:35:28,264 - ERROR - Erro linha 106: column "id_processo_tributario" does not exist
LINE 1: SELECT id_processo_tributario FROM processo_tributario WHERE...
               ^

2025-12-18 13:35:28,673 - ERROR - Erro linha 1311: column "id_processo_tributario" does not exist
LINE 1: SELECT id_processo_tributario FROM processo_tributario WHERE...
               ^

2025-12-18 13:35:29,085 - ERROR - Erro linha 107: column "id_processo_tributario" does not exist
LINE 1: SELECT id_processo_tributario FROM processo_tributario WHERE...
               ^

2025-12-18 13:35:29,899 - ERROR - Erro linha 108: column "id_processo_tributario" does not exist
LINE 1: SELECT id_processo_tributario FROM processo_tributario WHERE...
               ^

2025-12-18 13:35:30,710 - ERROR - Erro linha 109: column "id_processo_tributario" does not exist
LINE 1: SELECT id_processo_tributario FROM processo_tributario WHERE...
               ^

2025-12-18 13:35:31,524 - ERROR - Erro linha 110: column "id_processo_tributario" does not exist
LINE 1: SELECT id_processo_tributario FROM processo_tributario WHERE...
               ^

2025-12-18 13:35:31,924 - ERROR - Erro linha 1315: column "id_processo_tributario" does not exist
LINE 1: SELECT id_processo_tributario FROM processo_tributario WHERE...
               ^

2025-12-18 13:35:32,341 - ERROR - Erro linha 111: column "id_processo_tributario" does not exist
LINE 1: SELECT id_processo_tributario FROM processo_tributario WHERE...
               ^

2025-12-18 13:35:33,154 - ERROR - Erro linha 112: column "id_processo_tributario" does not exist
LINE 1: SELECT id_processo_tributario FROM processo_tributario WHERE...
               ^

2025-12-18 13:35:33,968 - ERROR - Erro linha 113: column "id_processo_tributario" does not exist
LINE 1: SELECT id_processo_tributario FROM processo_tributario WHERE...
               ^

2025-12-18 13:35:34,782 - ERROR - Erro linha 114: column "id_processo_tributario" does not exist
LINE 1: SELECT id_processo_tributario FROM processo_tributario WHERE...
               ^

2025-12-18 13:35:35,596 - ERROR - Erro linha 115: column "id_processo_tributario" does not exist
LINE 1: SELECT id_processo_tributario FROM processo_tributario WHERE...
               ^

2025-12-18 13:35:36,411 - ERROR - Erro linha 116: column "id_processo_tributario" does not exist
LINE 1: SELECT id_processo_tributario FROM processo_tributario WHERE...
               ^

2025-12-18 13:35:37,226 - ERROR - Erro linha 117: column "id_processo_tributario" does not exist
LINE 1: SELECT id_processo_tributario FROM processo_tributario WHERE...
               ^

2025-12-18 13:35:38,041 - ERROR - Erro linha 118: column "id_processo_tributario" does not exist
LINE 1: SELECT id_processo_tributario FROM processo_tributario WHERE...
               ^

2025-12-18 13:35:38,856 - ERROR - Erro linha 119: column "id_processo_tributario" does not exist
LINE 1: SELECT id_processo_tributario FROM processo_tributario WHERE...
               ^

2025-12-18 13:35:39,059 - ERROR - Erro linha 1324: column "id_processo_tributario" does not exist
LINE 1: SELECT id_processo_tributario FROM processo_tributario WHERE...
               ^

2025-12-18 13:35:39,670 - ERROR - Erro linha 120: column "id_processo_tributario" does not exist
LINE 1: SELECT id_processo_tributario FROM processo_tributario WHERE...
               ^

2025-12-18 13:35:40,482 - ERROR - Erro linha 121: column "id_processo_tributario" does not exist
LINE 1: SELECT id_processo_tributario FROM processo_tributario WHERE...
               ^

2025-12-18 13:35:41,294 - ERROR - Erro linha 122: column "id_processo_tributario" does not exist
LINE 1: SELECT id_processo_tributario FROM processo_tributario WHERE...
               ^

2025-12-18 13:35:42,110 - ERROR - Erro linha 123: column "id_processo_tributario" does not exist
LINE 1: SELECT id_processo_tributario FROM processo_tributario WHERE...
               ^

2025-12-18 13:35:42,925 - ERROR - Erro linha 124: column "id_processo_tributario" does not exist
LINE 1: SELECT id_processo_tributario FROM processo_tributario WHERE...
               ^

2025-12-18 13:35:43,744 - ERROR - Erro linha 125: column "id_processo_tributario" does not exist
LINE 1: SELECT id_processo_tributario FROM processo_tributario WHERE...
               ^

2025-12-18 13:35:43,873 - ERROR - Erro linha 1330: column "id_processo_tributario" does not exist
LINE 1: SELECT id_processo_tributario FROM processo_tributario WHERE...
               ^

2025-12-18 13:35:44,555 - ERROR - Erro linha 126: column "id_processo_tributario" does not exist
LINE 1: SELECT id_processo_tributario FROM processo_tributario WHERE...
               ^

2025-12-18 13:35:45,374 - ERROR - Erro linha 127: column "id_processo_tributario" does not exist
LINE 1: SELECT id_processo_tributario FROM processo_tributario WHERE...
               ^

2025-12-18 13:35:46,191 - ERROR - Erro linha 128: column "id_processo_tributario" does not exist
LINE 1: SELECT id_processo_tributario FROM processo_tributario WHERE...
               ^

2025-12-18 13:35:47,003 - ERROR - Erro linha 129: column "id_processo_tributario" does not exist
LINE 1: SELECT id_processo_tributario FROM processo_tributario WHERE...
               ^

2025-12-18 13:35:47,124 - ERROR - Erro linha 1334: column "id_processo_tributario" does not exist
LINE 1: SELECT id_processo_tributario FROM processo_tributario WHERE...
               ^

2025-12-18 13:35:47,818 - ERROR - Erro linha 130: column "id_processo_tributario" does not exist
LINE 1: SELECT id_processo_tributario FROM processo_tributario WHERE...
               ^

2025-12-18 13:35:48,051 - ERROR - Erro linha 1335: column "id_processo_tributario" does not exist
LINE 1: SELECT id_processo_tributario FROM processo_tributario WHERE...
               ^

2025-12-18 13:35:48,628 - ERROR - Erro linha 131: column "id_processo_tributario" does not exist
LINE 1: SELECT id_processo_tributario FROM processo_tributario WHERE...
               ^

2025-12-18 13:35:49,439 - ERROR - Erro linha 132: column "id_processo_tributario" does not exist
LINE 1: SELECT id_processo_tributario FROM processo_tributario WHERE...
               ^

2025-12-18 13:35:50,252 - ERROR - Erro linha 133: column "id_processo_tributario" does not exist
LINE 1: SELECT id_processo_tributario FROM processo_tributario WHERE...
               ^

2025-12-18 13:35:51,065 - ERROR - Erro linha 134: column "id_processo_tributario" does not exist
LINE 1: SELECT id_processo_tributario FROM processo_tributario WHERE...
               ^

2025-12-18 13:35:51,877 - ERROR - Erro linha 135: column "id_processo_tributario" does not exist
LINE 1: SELECT id_processo_tributario FROM processo_tributario WHERE...
               ^

2025-12-18 13:35:52,688 - ERROR - Erro linha 136: column "id_processo_tributario" does not exist
LINE 1: SELECT id_processo_tributario FROM processo_tributario WHERE...
               ^

2025-12-18 13:35:53,499 - ERROR - Erro linha 137: column "id_processo_tributario" does not exist
LINE 1: SELECT id_processo_tributario FROM processo_tributario WHERE...
               ^

2025-12-18 13:35:54,313 - ERROR - Erro linha 138: column "id_processo_tributario" does not exist
LINE 1: SELECT id_processo_tributario FROM processo_tributario WHERE...
               ^

2025-12-18 13:35:55,125 - ERROR - Erro linha 139: column "id_processo_tributario" does not exist
LINE 1: SELECT id_processo_tributario FROM processo_tributario WHERE...
               ^

2025-12-18 13:35:55,935 - ERROR - Erro linha 140: column "id_processo_tributario" does not exist
LINE 1: SELECT id_processo_tributario FROM processo_tributario WHERE...
               ^

2025-12-18 13:35:55,965 - ERROR - Erro linha 1345: column "id_processo_tributario" does not exist
LINE 1: SELECT id_processo_tributario FROM processo_tributario WHERE...
               ^

2025-12-18 13:35:56,750 - ERROR - Erro linha 141: column "id_processo_tributario" does not exist
LINE 1: SELECT id_processo_tributario FROM processo_tributario WHERE...
               ^

2025-12-18 13:35:57,571 - ERROR - Erro linha 142: column "id_processo_tributario" does not exist
LINE 1: SELECT id_processo_tributario FROM processo_tributario WHERE...
               ^

2025-12-18 13:35:58,383 - ERROR - Erro linha 143: column "id_processo_tributario" does not exist
LINE 1: SELECT id_processo_tributario FROM processo_tributario WHERE...
               ^

2025-12-18 13:35:58,440 - ERROR - Erro linha 1348: column "id_processo_tributario" does not exist
LINE 1: SELECT id_processo_tributario FROM processo_tributario WHERE...
               ^

2025-12-18 13:35:59,193 - ERROR - Erro linha 144: column "id_processo_tributario" does not exist
LINE 1: SELECT id_processo_tributario FROM processo_tributario WHERE...
               ^

2025-12-18 13:36:00,003 - ERROR - Erro linha 145: column "id_processo_tributario" does not exist
LINE 1: SELECT id_processo_tributario FROM processo_tributario WHERE...
               ^

2025-12-18 13:36:00,820 - ERROR - Erro linha 146: column "id_processo_tributario" does not exist
LINE 1: SELECT id_processo_tributario FROM processo_tributario WHERE...
               ^

2025-12-18 13:36:01,634 - ERROR - Erro linha 147: column "id_processo_tributario" does not exist
LINE 1: SELECT id_processo_tributario FROM processo_tributario WHERE...
               ^

2025-12-18 13:36:02,449 - ERROR - Erro linha 148: column "id_processo_tributario" does not exist
LINE 1: SELECT id_processo_tributario FROM processo_tributario WHERE...
               ^

2025-12-18 13:36:03,943 - ERROR - Erro linha 150: column "id_processo_tributario" does not exist
LINE 1: SELECT id_processo_tributario FROM processo_tributario WHERE...
               ^

2025-12-18 13:36:04,792 - ERROR - Erro linha 1356: column "id_processo_tributario" does not exist
LINE 1: SELECT id_processo_tributario FROM processo_tributario WHERE...
               ^

2025-12-18 13:36:05,431 - ERROR - Erro linha 152: column "id_processo_tributario" does not exist
LINE 1: SELECT id_processo_tributario FROM processo_tributario WHERE...
               ^

2025-12-18 13:36:06,242 - ERROR - Erro linha 153: column "id_processo_tributario" does not exist
LINE 1: SELECT id_processo_tributario FROM processo_tributario WHERE...
               ^

2025-12-18 13:36:08,411 - ERROR - Erro linha 156: column "id_processo_tributario" does not exist
LINE 1: SELECT id_processo_tributario FROM processo_tributario WHERE...
               ^

2025-12-18 13:36:09,227 - ERROR - Erro linha 157: column "id_processo_tributario" does not exist
LINE 1: SELECT id_processo_tributario FROM processo_tributario WHERE...
               ^

2025-12-18 13:36:10,039 - ERROR - Erro linha 158: column "id_processo_tributario" does not exist
LINE 1: SELECT id_processo_tributario FROM processo_tributario WHERE...
               ^

2025-12-18 13:36:10,371 - ERROR - Erro linha 1363: column "id_processo_tributario" does not exist
LINE 1: SELECT id_processo_tributario FROM processo_tributario WHERE...
               ^

2025-12-18 13:36:10,856 - ERROR - Erro linha 159: column "id_processo_tributario" does not exist
LINE 1: SELECT id_processo_tributario FROM processo_tributario WHERE...
               ^

2025-12-18 13:36:11,675 - ERROR - Erro linha 160: column "id_processo_tributario" does not exist
LINE 1: SELECT id_processo_tributario FROM processo_tributario WHERE...
               ^

2025-12-18 13:36:12,077 - ERROR - Erro linha 1365: column "id_processo_tributario" does not exist
LINE 1: SELECT id_processo_tributario FROM processo_tributario WHERE...
               ^

2025-12-18 13:36:12,487 - ERROR - Erro linha 161: column "id_processo_tributario" does not exist
LINE 1: SELECT id_processo_tributario FROM processo_tributario WHERE...
               ^

2025-12-18 13:36:13,008 - ERROR - Erro linha 1366: column "id_processo_tributario" does not exist
LINE 1: SELECT id_processo_tributario FROM processo_tributario WHERE...
               ^

2025-12-18 13:36:13,308 - ERROR - Erro linha 162: column "id_processo_tributario" does not exist
LINE 1: SELECT id_processo_tributario FROM processo_tributario WHERE...
               ^

2025-12-18 13:36:13,937 - ERROR - Erro linha 1367: column "id_processo_tributario" does not exist
LINE 1: SELECT id_processo_tributario FROM processo_tributario WHERE...
               ^

2025-12-18 13:36:14,121 - ERROR - Erro linha 163: column "id_processo_tributario" does not exist
LINE 1: SELECT id_processo_tributario FROM processo_tributario WHERE...
               ^

2025-12-18 13:36:14,934 - ERROR - Erro linha 164: column "id_processo_tributario" does not exist
LINE 1: SELECT id_processo_tributario FROM processo_tributario WHERE...
               ^

2025-12-18 13:36:15,753 - ERROR - Erro linha 165: column "id_processo_tributario" does not exist
LINE 1: SELECT id_processo_tributario FROM processo_tributario WHERE...
               ^

2025-12-18 13:36:16,507 - INFO - Lendo Excel...
2025-12-18 13:36:16,563 - ERROR - Erro linha 166: column "id_processo_tributario" does not exist
LINE 1: SELECT id_processo_tributario FROM processo_tributario WHERE...
               ^

2025-12-18 13:36:17,181 - ERROR - Erro linha 1371: column "id_processo_tributario" does not exist
LINE 1: SELECT id_processo_tributario FROM processo_tributario WHERE...
               ^

2025-12-18 13:36:17,381 - ERROR - Erro linha 167: column "id_processo_tributario" does not exist
LINE 1: SELECT id_processo_tributario FROM processo_tributario WHERE...
               ^

2025-12-18 13:36:18,196 - ERROR - Erro linha 168: column "id_processo_tributario" does not exist
LINE 1: SELECT id_processo_tributario FROM processo_tributario WHERE...
               ^

2025-12-18 13:36:19,009 - ERROR - Erro linha 169: column "id_processo_tributario" does not exist
LINE 1: SELECT id_processo_tributario FROM processo_tributario WHERE...
               ^

2025-12-18 13:36:19,335 - ERROR - Erro linha 0: column "data_criacao" of relation "processo_tributario" does not exist
LINE 4:                                 data_criacao, data_atualizac...
                                        ^

2025-12-18 13:36:19,657 - ERROR - Erro linha 1374: column "id_processo_tributario" does not exist
LINE 1: SELECT id_processo_tributario FROM processo_tributario WHERE...
               ^

2025-12-18 13:36:19,822 - ERROR - Erro linha 170: column "id_processo_tributario" does not exist
LINE 1: SELECT id_processo_tributario FROM processo_tributario WHERE...
               ^

2025-12-18 13:36:20,283 - ERROR - Erro linha 1: column "data_criacao" of relation "processo_tributario" does not exist
LINE 4:                                 data_criacao, data_atualizac...
                                        ^

2025-12-18 13:36:20,585 - ERROR - Erro linha 1375: column "id_processo_tributario" does not exist
LINE 1: SELECT id_processo_tributario FROM processo_tributario WHERE...
               ^

2025-12-18 13:36:20,634 - ERROR - Erro linha 171: column "id_processo_tributario" does not exist
LINE 1: SELECT id_processo_tributario FROM processo_tributario WHERE...
               ^

2025-12-18 13:36:21,230 - ERROR - Erro linha 2: column "data_criacao" of relation "processo_tributario" does not exist
LINE 4:                                 data_criacao, data_atualizac...
                                        ^

2025-12-18 13:36:21,446 - ERROR - Erro linha 172: column "id_processo_tributario" does not exist
LINE 1: SELECT id_processo_tributario FROM processo_tributario WHERE...
               ^

2025-12-18 13:36:22,178 - ERROR - Erro linha 3: column "data_criacao" of relation "processo_tributario" does not exist
LINE 4:                                 data_criacao, data_atualizac...
                                        ^

2025-12-18 13:36:22,256 - ERROR - Erro linha 173: column "id_processo_tributario" does not exist
LINE 1: SELECT id_processo_tributario FROM processo_tributario WHERE...
               ^

2025-12-18 13:36:23,068 - ERROR - Erro linha 174: column "id_processo_tributario" does not exist
LINE 1: SELECT id_processo_tributario FROM processo_tributario WHERE...
               ^

2025-12-18 13:36:23,128 - ERROR - Erro linha 4: column "data_criacao" of relation "processo_tributario" does not exist
LINE 4:                                 data_criacao, data_atualizac...
                                        ^

2025-12-18 13:36:23,879 - ERROR - Erro linha 175: column "id_processo_tributario" does not exist
LINE 1: SELECT id_processo_tributario FROM processo_tributario WHERE...
               ^

2025-12-18 13:36:24,077 - ERROR - Erro linha 5: column "data_criacao" of relation "processo_tributario" does not exist
LINE 4:                                 data_criacao, data_atualizac...
                                        ^

2025-12-18 13:36:24,693 - ERROR - Erro linha 176: column "id_processo_tributario" does not exist
LINE 1: SELECT id_processo_tributario FROM processo_tributario WHERE...
               ^

2025-12-18 13:36:25,033 - ERROR - Erro linha 6: column "data_criacao" of relation "processo_tributario" does not exist
LINE 4:                                 data_criacao, data_atualizac...
                                        ^

2025-12-18 13:36:25,505 - ERROR - Erro linha 177: column "id_processo_tributario" does not exist
LINE 1: SELECT id_processo_tributario FROM processo_tributario WHERE...
               ^

2025-12-18 13:36:25,984 - ERROR - Erro linha 7: column "data_criacao" of relation "processo_tributario" does not exist
LINE 4:                                 data_criacao, data_atualizac...
                                        ^

2025-12-18 13:36:26,156 - ERROR - Erro linha 1382: column "id_processo_tributario" does not exist
LINE 1: SELECT id_processo_tributario FROM processo_tributario WHERE...
               ^

2025-12-18 13:36:26,316 - ERROR - Erro linha 178: column "id_processo_tributario" does not exist
LINE 1: SELECT id_processo_tributario FROM processo_tributario WHERE...
               ^

2025-12-18 13:36:26,936 - ERROR - Erro linha 8: column "data_criacao" of relation "processo_tributario" does not exist
LINE 4:                                 data_criacao, data_atualizac...
                                        ^

2025-12-18 13:36:27,128 - ERROR - Erro linha 179: column "id_processo_tributario" does not exist
LINE 1: SELECT id_processo_tributario FROM processo_tributario WHERE...
               ^

2025-12-18 13:36:27,871 - ERROR - Erro linha 1384: column "id_processo_tributario" does not exist
LINE 1: SELECT id_processo_tributario FROM processo_tributario WHERE...
               ^

2025-12-18 13:36:27,884 - ERROR - Erro linha 9: column "data_criacao" of relation "processo_tributario" does not exist
LINE 4:                                 data_criacao, data_atualizac...
                                        ^

2025-12-18 13:36:27,948 - ERROR - Erro linha 180: column "id_processo_tributario" does not exist
LINE 1: SELECT id_processo_tributario FROM processo_tributario WHERE...
               ^

2025-12-18 13:36:28,759 - ERROR - Erro linha 181: column "id_processo_tributario" does not exist
LINE 1: SELECT id_processo_tributario FROM processo_tributario WHERE...
               ^

2025-12-18 13:36:28,838 - ERROR - Erro linha 10: column "data_criacao" of relation "processo_tributario" does not exist
LINE 4:                                 data_criacao, data_atualizac...
                                        ^

2025-12-18 13:36:29,571 - ERROR - Erro linha 182: column "id_processo_tributario" does not exist
LINE 1: SELECT id_processo_tributario FROM processo_tributario WHERE...
               ^

2025-12-18 13:36:29,785 - ERROR - Erro linha 11: column "data_criacao" of relation "processo_tributario" does not exist
LINE 4:                                 data_criacao, data_atualizac...
                                        ^

2025-12-18 13:36:30,382 - ERROR - Erro linha 183: column "id_processo_tributario" does not exist
LINE 1: SELECT id_processo_tributario FROM processo_tributario WHERE...
               ^

2025-12-18 13:36:30,740 - ERROR - Erro linha 12: column "data_criacao" of relation "processo_tributario" does not exist
LINE 4:                                 data_criacao, data_atualizac...
                                        ^

2025-12-18 13:36:31,193 - ERROR - Erro linha 184: column "id_processo_tributario" does not exist
LINE 1: SELECT id_processo_tributario FROM processo_tributario WHERE...
               ^

2025-12-18 13:36:31,688 - ERROR - Erro linha 13: column "data_criacao" of relation "processo_tributario" does not exist
LINE 4:                                 data_criacao, data_atualizac...
                                        ^

2025-12-18 13:36:32,004 - ERROR - Erro linha 185: column "id_processo_tributario" does not exist
LINE 1: SELECT id_processo_tributario FROM processo_tributario WHERE...
               ^

2025-12-18 13:36:32,634 - ERROR - Erro linha 14: column "data_criacao" of relation "processo_tributario" does not exist
LINE 4:                                 data_criacao, data_atualizac...
                                        ^

2025-12-18 13:36:32,817 - ERROR - Erro linha 186: column "id_processo_tributario" does not exist
LINE 1: SELECT id_processo_tributario FROM processo_tributario WHERE...
               ^

2025-12-18 13:36:33,578 - ERROR - Erro linha 15: column "data_criacao" of relation "processo_tributario" does not exist
LINE 4:                                 data_criacao, data_atualizac...
                                        ^

2025-12-18 13:36:33,628 - ERROR - Erro linha 187: column "id_processo_tributario" does not exist
LINE 1: SELECT id_processo_tributario FROM processo_tributario WHERE...
               ^

2025-12-18 13:36:34,440 - ERROR - Erro linha 188: column "id_processo_tributario" does not exist
LINE 1: SELECT id_processo_tributario FROM processo_tributario WHERE...
               ^

2025-12-18 13:36:34,524 - ERROR - Erro linha 16: column "data_criacao" of relation "processo_tributario" does not exist
LINE 4:                                 data_criacao, data_atualizac...
                                        ^

2025-12-18 13:36:35,253 - ERROR - Erro linha 189: column "id_processo_tributario" does not exist
LINE 1: SELECT id_processo_tributario FROM processo_tributario WHERE...
               ^

2025-12-18 13:36:35,468 - ERROR - Erro linha 17: column "data_criacao" of relation "processo_tributario" does not exist
LINE 4:                                 data_criacao, data_atualizac...
                                        ^

2025-12-18 13:36:36,067 - ERROR - Erro linha 190: column "id_processo_tributario" does not exist
LINE 1: SELECT id_processo_tributario FROM processo_tributario WHERE...
               ^

2025-12-18 13:36:36,427 - ERROR - Erro linha 18: column "data_criacao" of relation "processo_tributario" does not exist
LINE 4:                                 data_criacao, data_atualizac...
                                        ^

2025-12-18 13:36:36,882 - ERROR - Erro linha 191: column "id_processo_tributario" does not exist
LINE 1: SELECT id_processo_tributario FROM processo_tributario WHERE...
               ^

2025-12-18 13:36:37,423 - ERROR - Erro linha 19: column "data_criacao" of relation "processo_tributario" does not exist
LINE 4:                                 data_criacao, data_atualizac...
                                        ^

2025-12-18 13:36:37,693 - ERROR - Erro linha 192: column "id_processo_tributario" does not exist
LINE 1: SELECT id_processo_tributario FROM processo_tributario WHERE...
               ^

2025-12-18 13:36:38,367 - ERROR - Erro linha 20: column "data_criacao" of relation "processo_tributario" does not exist
LINE 4:                                 data_criacao, data_atualizac...
                                        ^

2025-12-18 13:36:38,505 - ERROR - Erro linha 193: column "id_processo_tributario" does not exist
LINE 1: SELECT id_processo_tributario FROM processo_tributario WHERE...
               ^

2025-12-18 13:36:39,316 - ERROR - Erro linha 194: column "id_processo_tributario" does not exist
LINE 1: SELECT id_processo_tributario FROM processo_tributario WHERE...
               ^

2025-12-18 13:36:39,334 - ERROR - Erro linha 21: column "data_criacao" of relation "processo_tributario" does not exist
LINE 4:                                 data_criacao, data_atualizac...
                                        ^

2025-12-18 13:36:40,159 - ERROR - Erro linha 195: column "id_processo_tributario" does not exist
LINE 1: SELECT id_processo_tributario FROM processo_tributario WHERE...
               ^

2025-12-18 13:36:40,296 - ERROR - Erro linha 22: column "data_criacao" of relation "processo_tributario" does not exist
LINE 4:                                 data_criacao, data_atualizac...
                                        ^

2025-12-18 13:36:40,973 - ERROR - Erro linha 196: column "id_processo_tributario" does not exist
LINE 1: SELECT id_processo_tributario FROM processo_tributario WHERE...
               ^

2025-12-18 13:36:41,248 - ERROR - Erro linha 23: column "data_criacao" of relation "processo_tributario" does not exist
LINE 4:                                 data_criacao, data_atualizac...
                                        ^

2025-12-18 13:36:41,787 - ERROR - Erro linha 197: column "id_processo_tributario" does not exist
LINE 1: SELECT id_processo_tributario FROM processo_tributario WHERE...
               ^

2025-12-18 13:36:42,205 - ERROR - Erro linha 24: column "data_criacao" of relation "processo_tributario" does not exist
LINE 4:                                 data_criacao, data_atualizac...
                                        ^

2025-12-18 13:36:42,601 - ERROR - Erro linha 198: column "id_processo_tributario" does not exist
LINE 1: SELECT id_processo_tributario FROM processo_tributario WHERE...
               ^

2025-12-18 13:36:42,726 - ERROR - Erro linha 1403: column "id_processo_tributario" does not exist
LINE 1: SELECT id_processo_tributario FROM processo_tributario WHERE...
               ^

2025-12-18 13:36:43,195 - ERROR - Erro linha 25: column "data_criacao" of relation "processo_tributario" does not exist
LINE 4:                                 data_criacao, data_atualizac...
                                        ^

2025-12-18 13:36:43,417 - ERROR - Erro linha 199: column "id_processo_tributario" does not exist
LINE 1: SELECT id_processo_tributario FROM processo_tributario WHERE...
               ^

2025-12-18 13:36:43,655 - ERROR - Erro linha 1404: column "id_processo_tributario" does not exist
LINE 1: SELECT id_processo_tributario FROM processo_tributario WHERE...
               ^

2025-12-18 13:36:44,152 - ERROR - Erro linha 26: column "data_criacao" of relation "processo_tributario" does not exist
LINE 4:                                 data_criacao, data_atualizac...
                                        ^

2025-12-18 13:36:44,228 - ERROR - Erro linha 200: column "id_processo_tributario" does not exist
LINE 1: SELECT id_processo_tributario FROM processo_tributario WHERE...
               ^

2025-12-18 13:36:45,040 - ERROR - Erro linha 201: column "id_processo_tributario" does not exist
LINE 1: SELECT id_processo_tributario FROM processo_tributario WHERE...
               ^

2025-12-18 13:36:45,100 - ERROR - Erro linha 27: column "data_criacao" of relation "processo_tributario" does not exist
LINE 4:                                 data_criacao, data_atualizac...
                                        ^

2025-12-18 13:36:45,356 - ERROR - Erro linha 1406: column "id_processo_tributario" does not exist
LINE 1: SELECT id_processo_tributario FROM processo_tributario WHERE...
               ^

2025-12-18 13:36:45,853 - ERROR - Erro linha 202: column "id_processo_tributario" does not exist
LINE 1: SELECT id_processo_tributario FROM processo_tributario WHERE...
               ^

2025-12-18 13:36:46,046 - ERROR - Erro linha 28: column "data_criacao" of relation "processo_tributario" does not exist
LINE 4:                                 data_criacao, data_atualizac...
                                        ^

2025-12-18 13:36:46,282 - ERROR - Erro linha 1407: column "id_processo_tributario" does not exist
LINE 1: SELECT id_processo_tributario FROM processo_tributario WHERE...
               ^

2025-12-18 13:36:46,667 - ERROR - Erro linha 203: column "id_processo_tributario" does not exist
LINE 1: SELECT id_processo_tributario FROM processo_tributario WHERE...
               ^

2025-12-18 13:36:46,991 - ERROR - Erro linha 29: column "data_criacao" of relation "processo_tributario" does not exist
LINE 4:                                 data_criacao, data_atualizac...
                                        ^

2025-12-18 13:36:47,210 - ERROR - Erro linha 1408: column "id_processo_tributario" does not exist
LINE 1: SELECT id_processo_tributario FROM processo_tributario WHERE...
               ^

2025-12-18 13:36:47,482 - ERROR - Erro linha 204: column "id_processo_tributario" does not exist
LINE 1: SELECT id_processo_tributario FROM processo_tributario WHERE...
               ^

2025-12-18 13:36:47,941 - ERROR - Erro linha 30: column "data_criacao" of relation "processo_tributario" does not exist
LINE 4:                                 data_criacao, data_atualizac...
                                        ^

2025-12-18 13:36:48,138 - ERROR - Erro linha 1409: column "id_processo_tributario" does not exist
LINE 1: SELECT id_processo_tributario FROM processo_tributario WHERE...
               ^

2025-12-18 13:36:48,295 - ERROR - Erro linha 205: column "id_processo_tributario" does not exist
LINE 1: SELECT id_processo_tributario FROM processo_tributario WHERE...
               ^

2025-12-18 13:36:48,886 - ERROR - Erro linha 31: column "data_criacao" of relation "processo_tributario" does not exist
LINE 4:                                 data_criacao, data_atualizac...
                                        ^

2025-12-18 13:36:49,068 - ERROR - Erro linha 1410: column "id_processo_tributario" does not exist
LINE 1: SELECT id_processo_tributario FROM processo_tributario WHERE...
               ^

2025-12-18 13:36:49,106 - ERROR - Erro linha 206: column "id_processo_tributario" does not exist
LINE 1: SELECT id_processo_tributario FROM processo_tributario WHERE...
               ^

2025-12-18 13:36:49,832 - ERROR - Erro linha 32: column "data_criacao" of relation "processo_tributario" does not exist
LINE 4:                                 data_criacao, data_atualizac...
                                        ^

2025-12-18 13:36:49,918 - ERROR - Erro linha 207: column "id_processo_tributario" does not exist
LINE 1: SELECT id_processo_tributario FROM processo_tributario WHERE...
               ^

2025-12-18 13:36:50,731 - ERROR - Erro linha 208: column "id_processo_tributario" does not exist
LINE 1: SELECT id_processo_tributario FROM processo_tributario WHERE...
               ^

2025-12-18 13:36:50,784 - ERROR - Erro linha 33: column "data_criacao" of relation "processo_tributario" does not exist
LINE 4:                                 data_criacao, data_atualizac...
                                        ^

2025-12-18 13:36:51,543 - ERROR - Erro linha 209: column "id_processo_tributario" does not exist
LINE 1: SELECT id_processo_tributario FROM processo_tributario WHERE...
               ^

2025-12-18 13:36:51,727 - ERROR - Erro linha 34: column "data_criacao" of relation "processo_tributario" does not exist
LINE 4:                                 data_criacao, data_atualizac...
                                        ^

2025-12-18 13:36:52,355 - ERROR - Erro linha 210: column "id_processo_tributario" does not exist
LINE 1: SELECT id_processo_tributario FROM processo_tributario WHERE...
               ^

2025-12-18 13:36:52,710 - ERROR - Erro linha 35: column "data_criacao" of relation "processo_tributario" does not exist
LINE 4:                                 data_criacao, data_atualizac...
                                        ^

2025-12-18 13:36:53,168 - ERROR - Erro linha 211: column "id_processo_tributario" does not exist
LINE 1: SELECT id_processo_tributario FROM processo_tributario WHERE...
               ^

2025-12-18 13:36:53,666 - ERROR - Erro linha 36: column "data_criacao" of relation "processo_tributario" does not exist
LINE 4:                                 data_criacao, data_atualizac...
                                        ^

2025-12-18 13:36:53,980 - ERROR - Erro linha 212: column "id_processo_tributario" does not exist
LINE 1: SELECT id_processo_tributario FROM processo_tributario WHERE...
               ^

2025-12-18 13:36:54,632 - ERROR - Erro linha 37: column "data_criacao" of relation "processo_tributario" does not exist
LINE 4:                                 data_criacao, data_atualizac...
                                        ^

2025-12-18 13:36:54,796 - ERROR - Erro linha 213: column "id_processo_tributario" does not exist
LINE 1: SELECT id_processo_tributario FROM processo_tributario WHERE...
               ^

2025-12-18 13:36:55,592 - ERROR - Erro linha 38: column "data_criacao" of relation "processo_tributario" does not exist
LINE 4:                                 data_criacao, data_atualizac...
                                        ^

2025-12-18 13:36:55,611 - ERROR - Erro linha 214: column "id_processo_tributario" does not exist
LINE 1: SELECT id_processo_tributario FROM processo_tributario WHERE...
               ^

2025-12-18 13:36:56,425 - ERROR - Erro linha 215: column "id_processo_tributario" does not exist
LINE 1: SELECT id_processo_tributario FROM processo_tributario WHERE...
               ^

2025-12-18 13:36:56,546 - ERROR - Erro linha 39: column "data_criacao" of relation "processo_tributario" does not exist
LINE 4:                                 data_criacao, data_atualizac...
                                        ^

2025-12-18 13:36:57,249 - ERROR - Erro linha 216: column "id_processo_tributario" does not exist
LINE 1: SELECT id_processo_tributario FROM processo_tributario WHERE...
               ^

2025-12-18 13:36:57,494 - ERROR - Erro linha 40: column "data_criacao" of relation "processo_tributario" does not exist
LINE 4:                                 data_criacao, data_atualizac...
                                        ^

2025-12-18 13:36:58,064 - ERROR - Erro linha 217: column "id_processo_tributario" does not exist
LINE 1: SELECT id_processo_tributario FROM processo_tributario WHERE...
               ^

2025-12-18 13:36:58,503 - ERROR - Erro linha 41: column "data_criacao" of relation "processo_tributario" does not exist
LINE 4:                                 data_criacao, data_atualizac...
                                        ^

2025-12-18 13:36:58,877 - ERROR - Erro linha 218: column "id_processo_tributario" does not exist
LINE 1: SELECT id_processo_tributario FROM processo_tributario WHERE...
               ^

2025-12-18 13:36:59,467 - ERROR - Erro linha 42: column "data_criacao" of relation "processo_tributario" does not exist
LINE 4:                                 data_criacao, data_atualizac...
                                        ^

2025-12-18 13:36:59,687 - ERROR - Erro linha 219: column "id_processo_tributario" does not exist
LINE 1: SELECT id_processo_tributario FROM processo_tributario WHERE...
               ^

2025-12-18 13:37:00,475 - ERROR - Erro linha 43: column "data_criacao" of relation "processo_tributario" does not exist
LINE 4:                                 data_criacao, data_atualizac...
                                        ^

2025-12-18 13:37:00,499 - ERROR - Erro linha 220: column "id_processo_tributario" does not exist
LINE 1: SELECT id_processo_tributario FROM processo_tributario WHERE...
               ^

2025-12-18 13:37:01,311 - ERROR - Erro linha 221: column "id_processo_tributario" does not exist
LINE 1: SELECT id_processo_tributario FROM processo_tributario WHERE...
               ^

2025-12-18 13:37:01,478 - ERROR - Erro linha 44: column "data_criacao" of relation "processo_tributario" does not exist
LINE 4:                                 data_criacao, data_atualizac...
                                        ^

2025-12-18 13:37:02,123 - ERROR - Erro linha 222: column "id_processo_tributario" does not exist
LINE 1: SELECT id_processo_tributario FROM processo_tributario WHERE...
               ^

2025-12-18 13:37:02,446 - ERROR - Erro linha 45: column "data_criacao" of relation "processo_tributario" does not exist
LINE 4:                                 data_criacao, data_atualizac...
                                        ^

2025-12-18 13:37:03,173 - ERROR - Erro linha 1428: column "id_processo_tributario" does not exist
LINE 1: SELECT id_processo_tributario FROM processo_tributario WHERE...
               ^

2025-12-18 13:37:03,425 - ERROR - Erro linha 46: column "data_criacao" of relation "processo_tributario" does not exist
LINE 4:                                 data_criacao, data_atualizac...
                                        ^

2025-12-18 13:37:04,290 - ERROR - Erro linha 225: column "id_processo_tributario" does not exist
LINE 1: SELECT id_processo_tributario FROM processo_tributario WHERE...
               ^

2025-12-18 13:37:04,395 - ERROR - Erro linha 47: column "data_criacao" of relation "processo_tributario" does not exist
LINE 4:                                 data_criacao, data_atualizac...
                                        ^

2025-12-18 13:37:05,339 - ERROR - Erro linha 48: column "data_criacao" of relation "processo_tributario" does not exist
LINE 4:                                 data_criacao, data_atualizac...
                                        ^

2025-12-18 13:37:05,652 - ERROR - Erro linha 1431: column "id_processo_tributario" does not exist
LINE 1: SELECT id_processo_tributario FROM processo_tributario WHERE...
               ^

2025-12-18 13:37:06,291 - ERROR - Erro linha 49: column "data_criacao" of relation "processo_tributario" does not exist
LINE 4:                                 data_criacao, data_atualizac...
                                        ^

2025-12-18 13:37:06,458 - ERROR - Erro linha 228: column "id_processo_tributario" does not exist
LINE 1: SELECT id_processo_tributario FROM processo_tributario WHERE...
               ^

2025-12-18 13:37:06,584 - ERROR - Erro linha 1432: column "id_processo_tributario" does not exist
LINE 1: SELECT id_processo_tributario FROM processo_tributario WHERE...
               ^

2025-12-18 13:37:07,260 - ERROR - Erro linha 50: column "data_criacao" of relation "processo_tributario" does not exist
LINE 4:                                 data_criacao, data_atualizac...
                                        ^

2025-12-18 13:37:07,270 - ERROR - Erro linha 229: column "id_processo_tributario" does not exist
LINE 1: SELECT id_processo_tributario FROM processo_tributario WHERE...
               ^

2025-12-18 13:37:07,516 - ERROR - Erro linha 1433: column "id_processo_tributario" does not exist
LINE 1: SELECT id_processo_tributario FROM processo_tributario WHERE...
               ^

2025-12-18 13:37:08,219 - ERROR - Erro linha 51: column "data_criacao" of relation "processo_tributario" does not exist
LINE 4:                                 data_criacao, data_atualizac...
                                        ^

2025-12-18 13:37:09,197 - ERROR - Erro linha 52: column "data_criacao" of relation "processo_tributario" does not exist
LINE 4:                                 data_criacao, data_atualizac...
                                        ^

2025-12-18 13:37:10,115 - ERROR - Erro linha 233: column "id_processo_tributario" does not exist
LINE 1: SELECT id_processo_tributario FROM processo_tributario WHERE...
               ^

2025-12-18 13:37:10,159 - ERROR - Erro linha 53: column "data_criacao" of relation "processo_tributario" does not exist
LINE 4:                                 data_criacao, data_atualizac...
                                        ^

2025-12-18 13:37:10,925 - ERROR - Erro linha 234: column "id_processo_tributario" does not exist
LINE 1: SELECT id_processo_tributario FROM processo_tributario WHERE...
               ^

2025-12-18 13:37:11,133 - ERROR - Erro linha 54: column "data_criacao" of relation "processo_tributario" does not exist
LINE 4:                                 data_criacao, data_atualizac...
                                        ^

2025-12-18 13:37:11,739 - ERROR - Erro linha 235: column "id_processo_tributario" does not exist
LINE 1: SELECT id_processo_tributario FROM processo_tributario WHERE...
               ^

2025-12-18 13:37:12,099 - ERROR - Erro linha 55: column "data_criacao" of relation "processo_tributario" does not exist
LINE 4:                                 data_criacao, data_atualizac...
                                        ^

2025-12-18 13:37:12,551 - ERROR - Erro linha 236: column "id_processo_tributario" does not exist
LINE 1: SELECT id_processo_tributario FROM processo_tributario WHERE...
               ^

2025-12-18 13:37:13,074 - ERROR - Erro linha 56: column "data_criacao" of relation "processo_tributario" does not exist
LINE 4:                                 data_criacao, data_atualizac...
                                        ^

2025-12-18 13:37:13,366 - ERROR - Erro linha 237: column "id_processo_tributario" does not exist
LINE 1: SELECT id_processo_tributario FROM processo_tributario WHERE...
               ^

2025-12-18 13:37:14,047 - ERROR - Erro linha 57: column "data_criacao" of relation "processo_tributario" does not exist
LINE 4:                                 data_criacao, data_atualizac...
                                        ^

2025-12-18 13:37:14,181 - ERROR - Erro linha 238: column "id_processo_tributario" does not exist
LINE 1: SELECT id_processo_tributario FROM processo_tributario WHERE...
               ^

2025-12-18 13:37:14,646 - ERROR - Erro linha 1442: column "id_processo_tributario" does not exist
LINE 1: SELECT id_processo_tributario FROM processo_tributario WHERE...
               ^

2025-12-18 13:37:14,998 - ERROR - Erro linha 239: column "id_processo_tributario" does not exist
LINE 1: SELECT id_processo_tributario FROM processo_tributario WHERE...
               ^

2025-12-18 13:37:15,035 - ERROR - Erro linha 58: column "data_criacao" of relation "processo_tributario" does not exist
LINE 4:                                 data_criacao, data_atualizac...
                                        ^

2025-12-18 13:37:15,813 - ERROR - Erro linha 240: column "id_processo_tributario" does not exist
LINE 1: SELECT id_processo_tributario FROM processo_tributario WHERE...
               ^

2025-12-18 13:37:15,987 - ERROR - Erro linha 59: column "data_criacao" of relation "processo_tributario" does not exist
LINE 4:                                 data_criacao, data_atualizac...
                                        ^

2025-12-18 13:37:16,625 - ERROR - Erro linha 241: column "id_processo_tributario" does not exist
LINE 1: SELECT id_processo_tributario FROM processo_tributario WHERE...
               ^

2025-12-18 13:37:16,942 - ERROR - Erro linha 60: column "data_criacao" of relation "processo_tributario" does not exist
LINE 4:                                 data_criacao, data_atualizac...
                                        ^

2025-12-18 13:37:17,905 - ERROR - Erro linha 61: column "data_criacao" of relation "processo_tributario" does not exist
LINE 4:                                 data_criacao, data_atualizac...
                                        ^

2025-12-18 13:37:18,122 - ERROR - Erro linha 243: column "id_processo_tributario" does not exist
LINE 1: SELECT id_processo_tributario FROM processo_tributario WHERE...
               ^

2025-12-18 13:37:18,848 - ERROR - Erro linha 62: column "data_criacao" of relation "processo_tributario" does not exist
LINE 4:                                 data_criacao, data_atualizac...
                                        ^

2025-12-18 13:37:19,793 - ERROR - Erro linha 63: column "data_criacao" of relation "processo_tributario" does not exist
LINE 4:                                 data_criacao, data_atualizac...
                                        ^

2025-12-18 13:37:20,299 - ERROR - Erro linha 246: column "id_processo_tributario" does not exist
LINE 1: SELECT id_processo_tributario FROM processo_tributario WHERE...
               ^

2025-12-18 13:37:20,755 - ERROR - Erro linha 64: column "data_criacao" of relation "processo_tributario" does not exist
LINE 4:                                 data_criacao, data_atualizac...
                                        ^

2025-12-18 13:37:21,112 - ERROR - Erro linha 247: column "id_processo_tributario" does not exist
LINE 1: SELECT id_processo_tributario FROM processo_tributario WHERE...
               ^

2025-12-18 13:37:21,713 - ERROR - Erro linha 65: column "data_criacao" of relation "processo_tributario" does not exist
LINE 4:                                 data_criacao, data_atualizac...
                                        ^

2025-12-18 13:37:22,661 - ERROR - Erro linha 66: column "data_criacao" of relation "processo_tributario" does not exist
LINE 4:                                 data_criacao, data_atualizac...
                                        ^

2025-12-18 13:37:23,316 - ERROR - Erro linha 250: column "id_processo_tributario" does not exist
LINE 1: SELECT id_processo_tributario FROM processo_tributario WHERE...
               ^

2025-12-18 13:37:23,639 - ERROR - Erro linha 67: column "data_criacao" of relation "processo_tributario" does not exist
LINE 4:                                 data_criacao, data_atualizac...
                                        ^

2025-12-18 13:37:24,129 - ERROR - Erro linha 251: column "id_processo_tributario" does not exist
LINE 1: SELECT id_processo_tributario FROM processo_tributario WHERE...
               ^

2025-12-18 13:37:24,593 - ERROR - Erro linha 68: column "data_criacao" of relation "processo_tributario" does not exist
LINE 4:                                 data_criacao, data_atualizac...
                                        ^

2025-12-18 13:37:25,544 - ERROR - Erro linha 69: column "data_criacao" of relation "processo_tributario" does not exist
LINE 4:                                 data_criacao, data_atualizac...
                                        ^

2025-12-18 13:37:26,499 - ERROR - Erro linha 70: column "data_criacao" of relation "processo_tributario" does not exist
LINE 4:                                 data_criacao, data_atualizac...
                                        ^

2025-12-18 13:37:27,474 - ERROR - Erro linha 71: column "data_criacao" of relation "processo_tributario" does not exist
LINE 4:                                 data_criacao, data_atualizac...
                                        ^

2025-12-18 13:37:28,433 - ERROR - Erro linha 72: column "data_criacao" of relation "processo_tributario" does not exist
LINE 4:                                 data_criacao, data_atualizac...
                                        ^

2025-12-18 13:37:29,380 - ERROR - Erro linha 73: column "data_criacao" of relation "processo_tributario" does not exist
LINE 4:                                 data_criacao, data_atualizac...
                                        ^

2025-12-18 13:37:29,558 - ERROR - Erro linha 1461: column "id_processo_tributario" does not exist
LINE 1: SELECT id_processo_tributario FROM processo_tributario WHERE...
               ^

2025-12-18 13:37:30,330 - ERROR - Erro linha 74: column "data_criacao" of relation "processo_tributario" does not exist
LINE 4:                                 data_criacao, data_atualizac...
                                        ^

2025-12-18 13:37:31,295 - ERROR - Erro linha 75: column "data_criacao" of relation "processo_tributario" does not exist
LINE 4:                                 data_criacao, data_atualizac...
                                        ^

2025-12-18 13:37:31,783 - ERROR - Erro linha 262: column "id_processo_tributario" does not exist
LINE 1: SELECT id_processo_tributario FROM processo_tributario WHERE...
               ^

2025-12-18 13:37:32,247 - ERROR - Erro linha 76: column "data_criacao" of relation "processo_tributario" does not exist
LINE 4:                                 data_criacao, data_atualizac...
                                        ^

2025-12-18 13:37:32,596 - ERROR - Erro linha 263: column "id_processo_tributario" does not exist
LINE 1: SELECT id_processo_tributario FROM processo_tributario WHERE...
               ^

2025-12-18 13:37:33,192 - ERROR - Erro linha 77: column "data_criacao" of relation "processo_tributario" does not exist
LINE 4:                                 data_criacao, data_atualizac...
                                        ^

2025-12-18 13:37:33,408 - ERROR - Erro linha 264: column "id_processo_tributario" does not exist
LINE 1: SELECT id_processo_tributario FROM processo_tributario WHERE...
               ^

2025-12-18 13:37:34,139 - ERROR - Erro linha 78: column "data_criacao" of relation "processo_tributario" does not exist
LINE 4:                                 data_criacao, data_atualizac...
                                        ^

2025-12-18 13:37:34,236 - ERROR - Erro linha 265: column "id_processo_tributario" does not exist
LINE 1: SELECT id_processo_tributario FROM processo_tributario WHERE...
               ^

2025-12-18 13:37:34,359 - ERROR - Erro linha 1467: column "id_processo_tributario" does not exist
LINE 1: SELECT id_processo_tributario FROM processo_tributario WHERE...
               ^

2025-12-18 13:37:35,051 - ERROR - Erro linha 266: column "id_processo_tributario" does not exist
LINE 1: SELECT id_processo_tributario FROM processo_tributario WHERE...
               ^

2025-12-18 13:37:35,103 - ERROR - Erro linha 79: column "data_criacao" of relation "processo_tributario" does not exist
LINE 4:                                 data_criacao, data_atualizac...
                                        ^

2025-12-18 13:37:35,863 - ERROR - Erro linha 267: column "id_processo_tributario" does not exist
LINE 1: SELECT id_processo_tributario FROM processo_tributario WHERE...
               ^

2025-12-18 13:37:36,049 - ERROR - Erro linha 80: column "data_criacao" of relation "processo_tributario" does not exist
LINE 4:                                 data_criacao, data_atualizac...
                                        ^

2025-12-18 13:37:36,673 - ERROR - Erro linha 268: column "id_processo_tributario" does not exist
LINE 1: SELECT id_processo_tributario FROM processo_tributario WHERE...
               ^

2025-12-18 13:37:36,995 - ERROR - Erro linha 81: column "data_criacao" of relation "processo_tributario" does not exist
LINE 4:                                 data_criacao, data_atualizac...
                                        ^

2025-12-18 13:37:37,495 - ERROR - Erro linha 269: column "id_processo_tributario" does not exist
LINE 1: SELECT id_processo_tributario FROM processo_tributario WHERE...
               ^

2025-12-18 13:37:37,936 - ERROR - Erro linha 82: column "data_criacao" of relation "processo_tributario" does not exist
LINE 4:                                 data_criacao, data_atualizac...
                                        ^

2025-12-18 13:37:38,311 - ERROR - Erro linha 270: column "id_processo_tributario" does not exist
LINE 1: SELECT id_processo_tributario FROM processo_tributario WHERE...
               ^

2025-12-18 13:37:38,883 - ERROR - Erro linha 83: column "data_criacao" of relation "processo_tributario" does not exist
LINE 4:                                 data_criacao, data_atualizac...
                                        ^

2025-12-18 13:37:39,121 - ERROR - Erro linha 271: column "id_processo_tributario" does not exist
LINE 1: SELECT id_processo_tributario FROM processo_tributario WHERE...
               ^

2025-12-18 13:37:39,161 - ERROR - Erro linha 1473: column "id_processo_tributario" does not exist
LINE 1: SELECT id_processo_tributario FROM processo_tributario WHERE...
               ^

2025-12-18 13:37:39,825 - ERROR - Erro linha 84: column "data_criacao" of relation "processo_tributario" does not exist
LINE 4:                                 data_criacao, data_atualizac...
                                        ^

2025-12-18 13:37:39,935 - ERROR - Erro linha 272: column "id_processo_tributario" does not exist
LINE 1: SELECT id_processo_tributario FROM processo_tributario WHERE...
               ^

2025-12-18 13:37:40,748 - ERROR - Erro linha 273: column "id_processo_tributario" does not exist
LINE 1: SELECT id_processo_tributario FROM processo_tributario WHERE...
               ^

2025-12-18 13:37:40,775 - ERROR - Erro linha 85: column "data_criacao" of relation "processo_tributario" does not exist
LINE 4:                                 data_criacao, data_atualizac...
                                        ^

2025-12-18 13:37:41,562 - ERROR - Erro linha 274: column "id_processo_tributario" does not exist
LINE 1: SELECT id_processo_tributario FROM processo_tributario WHERE...
               ^

2025-12-18 13:37:41,720 - ERROR - Erro linha 86: column "data_criacao" of relation "processo_tributario" does not exist
LINE 4:                                 data_criacao, data_atualizac...
                                        ^

2025-12-18 13:37:42,375 - ERROR - Erro linha 275: column "id_processo_tributario" does not exist
LINE 1: SELECT id_processo_tributario FROM processo_tributario WHERE...
               ^

2025-12-18 13:37:42,665 - ERROR - Erro linha 87: column "data_criacao" of relation "processo_tributario" does not exist
LINE 4:                                 data_criacao, data_atualizac...
                                        ^

2025-12-18 13:37:43,188 - ERROR - Erro linha 276: column "id_processo_tributario" does not exist
LINE 1: SELECT id_processo_tributario FROM processo_tributario WHERE...
               ^

2025-12-18 13:37:43,611 - ERROR - Erro linha 88: column "data_criacao" of relation "processo_tributario" does not exist
LINE 4:                                 data_criacao, data_atualizac...
                                        ^

2025-12-18 13:37:44,001 - ERROR - Erro linha 277: column "id_processo_tributario" does not exist
LINE 1: SELECT id_processo_tributario FROM processo_tributario WHERE...
               ^

2025-12-18 13:37:44,565 - ERROR - Erro linha 89: column "data_criacao" of relation "processo_tributario" does not exist
LINE 4:                                 data_criacao, data_atualizac...
                                        ^

2025-12-18 13:37:44,812 - ERROR - Erro linha 278: column "id_processo_tributario" does not exist
LINE 1: SELECT id_processo_tributario FROM processo_tributario WHERE...
               ^

2025-12-18 13:37:45,513 - ERROR - Erro linha 90: column "data_criacao" of relation "processo_tributario" does not exist
LINE 4:                                 data_criacao, data_atualizac...
                                        ^

2025-12-18 13:37:45,624 - ERROR - Erro linha 279: column "id_processo_tributario" does not exist
LINE 1: SELECT id_processo_tributario FROM processo_tributario WHERE...
               ^

2025-12-18 13:37:46,434 - ERROR - Erro linha 280: column "id_processo_tributario" does not exist
LINE 1: SELECT id_processo_tributario FROM processo_tributario WHERE...
               ^

2025-12-18 13:37:46,459 - ERROR - Erro linha 91: column "data_criacao" of relation "processo_tributario" does not exist
LINE 4:                                 data_criacao, data_atualizac...
                                        ^

2025-12-18 13:37:47,247 - ERROR - Erro linha 281: column "id_processo_tributario" does not exist
LINE 1: SELECT id_processo_tributario FROM processo_tributario WHERE...
               ^

2025-12-18 13:37:47,403 - ERROR - Erro linha 92: column "data_criacao" of relation "processo_tributario" does not exist
LINE 4:                                 data_criacao, data_atualizac...
                                        ^

2025-12-18 13:37:48,059 - ERROR - Erro linha 282: column "id_processo_tributario" does not exist
LINE 1: SELECT id_processo_tributario FROM processo_tributario WHERE...
               ^

2025-12-18 13:37:48,345 - ERROR - Erro linha 93: column "data_criacao" of relation "processo_tributario" does not exist
LINE 4:                                 data_criacao, data_atualizac...
                                        ^

2025-12-18 13:37:48,871 - ERROR - Erro linha 283: column "id_processo_tributario" does not exist
LINE 1: SELECT id_processo_tributario FROM processo_tributario WHERE...
               ^

2025-12-18 13:37:49,291 - ERROR - Erro linha 94: column "data_criacao" of relation "processo_tributario" does not exist
LINE 4:                                 data_criacao, data_atualizac...
                                        ^

2025-12-18 13:37:49,687 - ERROR - Erro linha 284: column "id_processo_tributario" does not exist
LINE 1: SELECT id_processo_tributario FROM processo_tributario WHERE...
               ^

2025-12-18 13:37:50,245 - ERROR - Erro linha 95: column "data_criacao" of relation "processo_tributario" does not exist
LINE 4:                                 data_criacao, data_atualizac...
                                        ^

2025-12-18 13:37:50,507 - ERROR - Erro linha 285: column "id_processo_tributario" does not exist
LINE 1: SELECT id_processo_tributario FROM processo_tributario WHERE...
               ^

2025-12-18 13:37:51,193 - ERROR - Erro linha 96: column "data_criacao" of relation "processo_tributario" does not exist
LINE 4:                                 data_criacao, data_atualizac...
                                        ^

2025-12-18 13:37:51,319 - ERROR - Erro linha 286: column "id_processo_tributario" does not exist
LINE 1: SELECT id_processo_tributario FROM processo_tributario WHERE...
               ^

2025-12-18 13:37:51,699 - ERROR - Erro linha 1489: column "id_processo_tributario" does not exist
LINE 1: SELECT id_processo_tributario FROM processo_tributario WHERE...
               ^

2025-12-18 13:37:52,136 - ERROR - Erro linha 97: column "data_criacao" of relation "processo_tributario" does not exist
LINE 4:                                 data_criacao, data_atualizac...
                                        ^

2025-12-18 13:37:52,627 - ERROR - Erro linha 1490: column "id_processo_tributario" does not exist
LINE 1: SELECT id_processo_tributario FROM processo_tributario WHERE...
               ^

2025-12-18 13:37:53,084 - ERROR - Erro linha 98: column "data_criacao" of relation "processo_tributario" does not exist
LINE 4:                                 data_criacao, data_atualizac...
                                        ^

2025-12-18 13:37:53,488 - ERROR - Erro linha 289: column "id_processo_tributario" does not exist
LINE 1: SELECT id_processo_tributario FROM processo_tributario WHERE...
               ^

2025-12-18 13:37:54,026 - ERROR - Erro linha 99: column "data_criacao" of relation "processo_tributario" does not exist
LINE 4:                                 data_criacao, data_atualizac...
                                        ^

2025-12-18 13:37:54,300 - ERROR - Erro linha 290: column "id_processo_tributario" does not exist
LINE 1: SELECT id_processo_tributario FROM processo_tributario WHERE...
               ^

2025-12-18 13:37:54,328 - ERROR - Erro linha 1492: column "id_processo_tributario" does not exist
LINE 1: SELECT id_processo_tributario FROM processo_tributario WHERE...
               ^

2025-12-18 13:37:54,970 - ERROR - Erro linha 100: column "data_criacao" of relation "processo_tributario" does not exist
LINE 4:                                 data_criacao, data_atualizac...
                                        ^

2025-12-18 13:37:55,114 - ERROR - Erro linha 291: column "id_processo_tributario" does not exist
LINE 1: SELECT id_processo_tributario FROM processo_tributario WHERE...
               ^

2025-12-18 13:37:55,918 - ERROR - Erro linha 101: column "data_criacao" of relation "processo_tributario" does not exist
LINE 4:                                 data_criacao, data_atualizac...
                                        ^

2025-12-18 13:37:55,926 - ERROR - Erro linha 292: column "id_processo_tributario" does not exist
LINE 1: SELECT id_processo_tributario FROM processo_tributario WHERE...
               ^

2025-12-18 13:37:56,859 - ERROR - Erro linha 102: column "data_criacao" of relation "processo_tributario" does not exist
LINE 4:                                 data_criacao, data_atualizac...
                                        ^

2025-12-18 13:37:57,803 - ERROR - Erro linha 103: column "data_criacao" of relation "processo_tributario" does not exist
LINE 4:                                 data_criacao, data_atualizac...
                                        ^

2025-12-18 13:37:58,096 - ERROR - Erro linha 295: column "id_processo_tributario" does not exist
LINE 1: SELECT id_processo_tributario FROM processo_tributario WHERE...
               ^

2025-12-18 13:37:58,747 - ERROR - Erro linha 104: column "data_criacao" of relation "processo_tributario" does not exist
LINE 4:                                 data_criacao, data_atualizac...
                                        ^

2025-12-18 13:37:58,909 - ERROR - Erro linha 296: column "id_processo_tributario" does not exist
LINE 1: SELECT id_processo_tributario FROM processo_tributario WHERE...
               ^

2025-12-18 13:37:59,695 - ERROR - Erro linha 105: column "data_criacao" of relation "processo_tributario" does not exist
LINE 4:                                 data_criacao, data_atualizac...
                                        ^

2025-12-18 13:37:59,895 - ERROR - Erro linha 1499: column "id_processo_tributario" does not exist
LINE 1: SELECT id_processo_tributario FROM processo_tributario WHERE...
               ^

2025-12-18 13:38:00,411 - ERROR - Erro linha 298: column "id_processo_tributario" does not exist
LINE 1: SELECT id_processo_tributario FROM processo_tributario WHERE...
               ^

2025-12-18 13:38:00,643 - ERROR - Erro linha 106: column "data_criacao" of relation "processo_tributario" does not exist
LINE 4:                                 data_criacao, data_atualizac...
                                        ^

2025-12-18 13:38:01,222 - ERROR - Erro linha 299: column "id_processo_tributario" does not exist
LINE 1: SELECT id_processo_tributario FROM processo_tributario WHERE...
               ^

2025-12-18 13:38:01,593 - ERROR - Erro linha 107: column "data_criacao" of relation "processo_tributario" does not exist
LINE 4:                                 data_criacao, data_atualizac...
                                        ^

2025-12-18 13:38:02,037 - ERROR - Erro linha 300: column "id_processo_tributario" does not exist
LINE 1: SELECT id_processo_tributario FROM processo_tributario WHERE...
               ^

2025-12-18 13:38:02,559 - ERROR - Erro linha 108: column "data_criacao" of relation "processo_tributario" does not exist
LINE 4:                                 data_criacao, data_atualizac...
                                        ^

2025-12-18 13:38:02,849 - ERROR - Erro linha 301: column "id_processo_tributario" does not exist
LINE 1: SELECT id_processo_tributario FROM processo_tributario WHERE...
               ^

2025-12-18 13:38:03,147 - ERROR - Erro linha 1503: column "id_processo_tributario" does not exist
LINE 1: SELECT id_processo_tributario FROM processo_tributario WHERE...
               ^

2025-12-18 13:38:03,501 - ERROR - Erro linha 109: column "data_criacao" of relation "processo_tributario" does not exist
LINE 4:                                 data_criacao, data_atualizac...
                                        ^

2025-12-18 13:38:03,667 - ERROR - Erro linha 302: column "id_processo_tributario" does not exist
LINE 1: SELECT id_processo_tributario FROM processo_tributario WHERE...
               ^

2025-12-18 13:38:04,072 - ERROR - Erro linha 1504: column "id_processo_tributario" does not exist
LINE 1: SELECT id_processo_tributario FROM processo_tributario WHERE...
               ^

2025-12-18 13:38:04,451 - ERROR - Erro linha 110: column "data_criacao" of relation "processo_tributario" does not exist
LINE 4:                                 data_criacao, data_atualizac...
                                        ^

2025-12-18 13:38:04,479 - ERROR - Erro linha 303: column "id_processo_tributario" does not exist
LINE 1: SELECT id_processo_tributario FROM processo_tributario WHERE...
               ^

2025-12-18 13:38:05,299 - ERROR - Erro linha 304: column "id_processo_tributario" does not exist
LINE 1: SELECT id_processo_tributario FROM processo_tributario WHERE...
               ^

2025-12-18 13:38:05,393 - ERROR - Erro linha 111: column "data_criacao" of relation "processo_tributario" does not exist
LINE 4:                                 data_criacao, data_atualizac...
                                        ^

2025-12-18 13:38:05,777 - ERROR - Erro linha 1506: column "id_processo_tributario" does not exist
LINE 1: SELECT id_processo_tributario FROM processo_tributario WHERE...
               ^

2025-12-18 13:38:06,113 - ERROR - Erro linha 305: column "id_processo_tributario" does not exist
LINE 1: SELECT id_processo_tributario FROM processo_tributario WHERE...
               ^

2025-12-18 13:38:06,337 - ERROR - Erro linha 112: column "data_criacao" of relation "processo_tributario" does not exist
LINE 4:                                 data_criacao, data_atualizac...
                                        ^

2025-12-18 13:38:06,706 - ERROR - Erro linha 1507: column "id_processo_tributario" does not exist
LINE 1: SELECT id_processo_tributario FROM processo_tributario WHERE...
               ^

2025-12-18 13:38:06,930 - ERROR - Erro linha 306: column "id_processo_tributario" does not exist
LINE 1: SELECT id_processo_tributario FROM processo_tributario WHERE...
               ^

2025-12-18 13:38:07,287 - ERROR - Erro linha 113: column "data_criacao" of relation "processo_tributario" does not exist
LINE 4:                                 data_criacao, data_atualizac...
                                        ^

2025-12-18 13:38:07,634 - ERROR - Erro linha 1508: column "id_processo_tributario" does not exist
LINE 1: SELECT id_processo_tributario FROM processo_tributario WHERE...
               ^

2025-12-18 13:38:07,744 - ERROR - Erro linha 307: column "id_processo_tributario" does not exist
LINE 1: SELECT id_processo_tributario FROM processo_tributario WHERE...
               ^

2025-12-18 13:38:08,238 - ERROR - Erro linha 114: column "data_criacao" of relation "processo_tributario" does not exist
LINE 4:                                 data_criacao, data_atualizac...
                                        ^

2025-12-18 13:38:08,557 - ERROR - Erro linha 308: column "id_processo_tributario" does not exist
LINE 1: SELECT id_processo_tributario FROM processo_tributario WHERE...
               ^

2025-12-18 13:38:09,184 - ERROR - Erro linha 115: column "data_criacao" of relation "processo_tributario" does not exist
LINE 4:                                 data_criacao, data_atualizac...
                                        ^

2025-12-18 13:38:09,367 - ERROR - Erro linha 309: column "id_processo_tributario" does not exist
LINE 1: SELECT id_processo_tributario FROM processo_tributario WHERE...
               ^

2025-12-18 13:38:10,129 - ERROR - Erro linha 116: column "data_criacao" of relation "processo_tributario" does not exist
LINE 4:                                 data_criacao, data_atualizac...
                                        ^

2025-12-18 13:38:10,180 - ERROR - Erro linha 310: column "id_processo_tributario" does not exist
LINE 1: SELECT id_processo_tributario FROM processo_tributario WHERE...
               ^

2025-12-18 13:38:10,989 - ERROR - Erro linha 311: column "id_processo_tributario" does not exist
LINE 1: SELECT id_processo_tributario FROM processo_tributario WHERE...
               ^

2025-12-18 13:38:11,089 - ERROR - Erro linha 117: column "data_criacao" of relation "processo_tributario" does not exist
LINE 4:                                 data_criacao, data_atualizac...
                                        ^

2025-12-18 13:38:11,678 - ERROR - Erro linha 1513: column "id_processo_tributario" does not exist
LINE 1: SELECT id_processo_tributario FROM processo_tributario WHERE...
               ^

2025-12-18 13:38:11,803 - ERROR - Erro linha 312: column "id_processo_tributario" does not exist
LINE 1: SELECT id_processo_tributario FROM processo_tributario WHERE...
               ^

2025-12-18 13:38:12,045 - ERROR - Erro linha 118: column "data_criacao" of relation "processo_tributario" does not exist
LINE 4:                                 data_criacao, data_atualizac...
                                        ^

2025-12-18 13:38:12,606 - ERROR - Erro linha 1514: column "id_processo_tributario" does not exist
LINE 1: SELECT id_processo_tributario FROM processo_tributario WHERE...
               ^

2025-12-18 13:38:12,618 - ERROR - Erro linha 313: column "id_processo_tributario" does not exist
LINE 1: SELECT id_processo_tributario FROM processo_tributario WHERE...
               ^

2025-12-18 13:38:12,994 - ERROR - Erro linha 119: column "data_criacao" of relation "processo_tributario" does not exist
LINE 4:                                 data_criacao, data_atualizac...
                                        ^

2025-12-18 13:38:13,435 - ERROR - Erro linha 314: column "id_processo_tributario" does not exist
LINE 1: SELECT id_processo_tributario FROM processo_tributario WHERE...
               ^

2025-12-18 13:38:13,943 - ERROR - Erro linha 120: column "data_criacao" of relation "processo_tributario" does not exist
LINE 4:                                 data_criacao, data_atualizac...
                                        ^

2025-12-18 13:38:14,886 - ERROR - Erro linha 121: column "data_criacao" of relation "processo_tributario" does not exist
LINE 4:                                 data_criacao, data_atualizac...
                                        ^

2025-12-18 13:38:14,925 - ERROR - Erro linha 316: column "id_processo_tributario" does not exist
LINE 1: SELECT id_processo_tributario FROM processo_tributario WHERE...
               ^

2025-12-18 13:38:15,087 - ERROR - Erro linha 1517: column "id_processo_tributario" does not exist
LINE 1: SELECT id_processo_tributario FROM processo_tributario WHERE...
               ^

2025-12-18 13:38:15,737 - ERROR - Erro linha 317: column "id_processo_tributario" does not exist
LINE 1: SELECT id_processo_tributario FROM processo_tributario WHERE...
               ^

2025-12-18 13:38:15,828 - ERROR - Erro linha 122: column "data_criacao" of relation "processo_tributario" does not exist
LINE 4:                                 data_criacao, data_atualizac...
                                        ^

2025-12-18 13:38:16,546 - ERROR - Erro linha 318: column "id_processo_tributario" does not exist
LINE 1: SELECT id_processo_tributario FROM processo_tributario WHERE...
               ^

2025-12-18 13:38:16,779 - ERROR - Erro linha 123: column "data_criacao" of relation "processo_tributario" does not exist
LINE 4:                                 data_criacao, data_atualizac...
                                        ^

2025-12-18 13:38:17,358 - ERROR - Erro linha 319: column "id_processo_tributario" does not exist
LINE 1: SELECT id_processo_tributario FROM processo_tributario WHERE...
               ^

2025-12-18 13:38:17,724 - ERROR - Erro linha 124: column "data_criacao" of relation "processo_tributario" does not exist
LINE 4:                                 data_criacao, data_atualizac...
                                        ^

2025-12-18 13:38:18,102 - ERROR - Erro linha 1520: column "id_processo_tributario" does not exist
LINE 1: SELECT id_processo_tributario FROM processo_tributario WHERE...
               ^

2025-12-18 13:38:18,667 - ERROR - Erro linha 125: column "data_criacao" of relation "processo_tributario" does not exist
LINE 4:                                 data_criacao, data_atualizac...
                                        ^

2025-12-18 13:38:18,845 - ERROR - Erro linha 321: column "id_processo_tributario" does not exist
LINE 1: SELECT id_processo_tributario FROM processo_tributario WHERE...
               ^

2025-12-18 13:38:19,035 - ERROR - Erro linha 1521: column "id_processo_tributario" does not exist
LINE 1: SELECT id_processo_tributario FROM processo_tributario WHERE...
               ^

2025-12-18 13:38:19,611 - ERROR - Erro linha 126: column "data_criacao" of relation "processo_tributario" does not exist
LINE 4:                                 data_criacao, data_atualizac...
                                        ^

2025-12-18 13:38:19,656 - ERROR - Erro linha 322: column "id_processo_tributario" does not exist
LINE 1: SELECT id_processo_tributario FROM processo_tributario WHERE...
               ^

2025-12-18 13:38:19,998 - ERROR - Erro linha 1522: column "id_processo_tributario" does not exist
LINE 1: SELECT id_processo_tributario FROM processo_tributario WHERE...
               ^

2025-12-18 13:38:20,469 - ERROR - Erro linha 323: column "id_processo_tributario" does not exist
LINE 1: SELECT id_processo_tributario FROM processo_tributario WHERE...
               ^

2025-12-18 13:38:20,553 - ERROR - Erro linha 127: column "data_criacao" of relation "processo_tributario" does not exist
LINE 4:                                 data_criacao, data_atualizac...
                                        ^

2025-12-18 13:38:21,279 - ERROR - Erro linha 324: column "id_processo_tributario" does not exist
LINE 1: SELECT id_processo_tributario FROM processo_tributario WHERE...
               ^

2025-12-18 13:38:21,495 - ERROR - Erro linha 128: column "data_criacao" of relation "processo_tributario" does not exist
LINE 4:                                 data_criacao, data_atualizac...
                                        ^

2025-12-18 13:38:22,092 - ERROR - Erro linha 325: column "id_processo_tributario" does not exist
LINE 1: SELECT id_processo_tributario FROM processo_tributario WHERE...
               ^

2025-12-18 13:38:22,444 - ERROR - Erro linha 129: column "data_criacao" of relation "processo_tributario" does not exist
LINE 4:                                 data_criacao, data_atualizac...
                                        ^

2025-12-18 13:38:23,391 - ERROR - Erro linha 130: column "data_criacao" of relation "processo_tributario" does not exist
LINE 4:                                 data_criacao, data_atualizac...
                                        ^

2025-12-18 13:38:23,587 - ERROR - Erro linha 327: column "id_processo_tributario" does not exist
LINE 1: SELECT id_processo_tributario FROM processo_tributario WHERE...
               ^

2025-12-18 13:38:24,336 - ERROR - Erro linha 131: column "data_criacao" of relation "processo_tributario" does not exist
LINE 4:                                 data_criacao, data_atualizac...
                                        ^

2025-12-18 13:38:24,405 - ERROR - Erro linha 328: column "id_processo_tributario" does not exist
LINE 1: SELECT id_processo_tributario FROM processo_tributario WHERE...
               ^

2025-12-18 13:38:25,281 - ERROR - Erro linha 132: column "data_criacao" of relation "processo_tributario" does not exist
LINE 4:                                 data_criacao, data_atualizac...
                                        ^

2025-12-18 13:38:25,896 - ERROR - Erro linha 330: column "id_processo_tributario" does not exist
LINE 1: SELECT id_processo_tributario FROM processo_tributario WHERE...
               ^

2025-12-18 13:38:26,227 - ERROR - Erro linha 133: column "data_criacao" of relation "processo_tributario" does not exist
LINE 4:                                 data_criacao, data_atualizac...
                                        ^

2025-12-18 13:38:26,708 - ERROR - Erro linha 331: column "id_processo_tributario" does not exist
LINE 1: SELECT id_processo_tributario FROM processo_tributario WHERE...
               ^

2025-12-18 13:38:27,170 - ERROR - Erro linha 134: column "data_criacao" of relation "processo_tributario" does not exist
LINE 4:                                 data_criacao, data_atualizac...
                                        ^

2025-12-18 13:38:28,116 - ERROR - Erro linha 135: column "data_criacao" of relation "processo_tributario" does not exist
LINE 4:                                 data_criacao, data_atualizac...
                                        ^

2025-12-18 13:38:28,199 - ERROR - Erro linha 333: column "id_processo_tributario" does not exist
LINE 1: SELECT id_processo_tributario FROM processo_tributario WHERE...
               ^

2025-12-18 13:38:29,064 - ERROR - Erro linha 136: column "data_criacao" of relation "processo_tributario" does not exist
LINE 4:                                 data_criacao, data_atualizac...
                                        ^

2025-12-18 13:38:30,021 - ERROR - Erro linha 137: column "data_criacao" of relation "processo_tributario" does not exist
LINE 4:                                 data_criacao, data_atualizac...
                                        ^

2025-12-18 13:38:30,109 - ERROR - Erro linha 1534: column "id_processo_tributario" does not exist
LINE 1: SELECT id_processo_tributario FROM processo_tributario WHERE...
               ^

2025-12-18 13:38:30,366 - ERROR - Erro linha 336: column "id_processo_tributario" does not exist
LINE 1: SELECT id_processo_tributario FROM processo_tributario WHERE...
               ^

2025-12-18 13:38:30,976 - ERROR - Erro linha 138: column "data_criacao" of relation "processo_tributario" does not exist
LINE 4:                                 data_criacao, data_atualizac...
                                        ^

2025-12-18 13:38:31,178 - ERROR - Erro linha 337: column "id_processo_tributario" does not exist
LINE 1: SELECT id_processo_tributario FROM processo_tributario WHERE...
               ^

2025-12-18 13:38:31,931 - ERROR - Erro linha 139: column "data_criacao" of relation "processo_tributario" does not exist
LINE 4:                                 data_criacao, data_atualizac...
                                        ^

2025-12-18 13:38:31,991 - ERROR - Erro linha 338: column "id_processo_tributario" does not exist
LINE 1: SELECT id_processo_tributario FROM processo_tributario WHERE...
               ^

2025-12-18 13:38:32,807 - ERROR - Erro linha 339: column "id_processo_tributario" does not exist
LINE 1: SELECT id_processo_tributario FROM processo_tributario WHERE...
               ^

2025-12-18 13:38:32,914 - ERROR - Erro linha 140: column "data_criacao" of relation "processo_tributario" does not exist
LINE 4:                                 data_criacao, data_atualizac...
                                        ^

2025-12-18 13:38:33,359 - ERROR - Erro linha 1538: column "id_processo_tributario" does not exist
LINE 1: SELECT id_processo_tributario FROM processo_tributario WHERE...
               ^

2025-12-18 13:38:33,618 - ERROR - Erro linha 340: column "id_processo_tributario" does not exist
LINE 1: SELECT id_processo_tributario FROM processo_tributario WHERE...
               ^

2025-12-18 13:38:33,899 - ERROR - Erro linha 141: column "data_criacao" of relation "processo_tributario" does not exist
LINE 4:                                 data_criacao, data_atualizac...
                                        ^

2025-12-18 13:38:34,437 - ERROR - Erro linha 341: column "id_processo_tributario" does not exist
LINE 1: SELECT id_processo_tributario FROM processo_tributario WHERE...
               ^

2025-12-18 13:38:34,899 - ERROR - Erro linha 142: column "data_criacao" of relation "processo_tributario" does not exist
LINE 4:                                 data_criacao, data_atualizac...
                                        ^

2025-12-18 13:38:35,255 - ERROR - Erro linha 342: column "id_processo_tributario" does not exist
LINE 1: SELECT id_processo_tributario FROM processo_tributario WHERE...
               ^

2025-12-18 13:38:35,833 - ERROR - Erro linha 1541: column "id_processo_tributario" does not exist
LINE 1: SELECT id_processo_tributario FROM processo_tributario WHERE...
               ^

2025-12-18 13:38:35,898 - ERROR - Erro linha 143: column "data_criacao" of relation "processo_tributario" does not exist
LINE 4:                                 data_criacao, data_atualizac...
                                        ^

2025-12-18 13:38:36,066 - ERROR - Erro linha 343: column "id_processo_tributario" does not exist
LINE 1: SELECT id_processo_tributario FROM processo_tributario WHERE...
               ^

2025-12-18 13:38:36,763 - ERROR - Erro linha 1542: column "id_processo_tributario" does not exist
LINE 1: SELECT id_processo_tributario FROM processo_tributario WHERE...
               ^

2025-12-18 13:38:36,880 - ERROR - Erro linha 344: column "id_processo_tributario" does not exist
LINE 1: SELECT id_processo_tributario FROM processo_tributario WHERE...
               ^

2025-12-18 13:38:36,885 - ERROR - Erro linha 144: column "data_criacao" of relation "processo_tributario" does not exist
LINE 4:                                 data_criacao, data_atualizac...
                                        ^

2025-12-18 13:38:37,692 - ERROR - Erro linha 345: column "id_processo_tributario" does not exist
LINE 1: SELECT id_processo_tributario FROM processo_tributario WHERE...
               ^

2025-12-18 13:38:37,698 - ERROR - Erro linha 1543: column "id_processo_tributario" does not exist
LINE 1: SELECT id_processo_tributario FROM processo_tributario WHERE...
               ^

2025-12-18 13:38:37,846 - ERROR - Erro linha 145: column "data_criacao" of relation "processo_tributario" does not exist
LINE 4:                                 data_criacao, data_atualizac...
                                        ^

2025-12-18 13:38:38,508 - ERROR - Erro linha 346: column "id_processo_tributario" does not exist
LINE 1: SELECT id_processo_tributario FROM processo_tributario WHERE...
               ^

2025-12-18 13:38:38,801 - ERROR - Erro linha 146: column "data_criacao" of relation "processo_tributario" does not exist
LINE 4:                                 data_criacao, data_atualizac...
                                        ^

2025-12-18 13:38:39,321 - ERROR - Erro linha 347: column "id_processo_tributario" does not exist
LINE 1: SELECT id_processo_tributario FROM processo_tributario WHERE...
               ^

2025-12-18 13:38:39,749 - ERROR - Erro linha 147: column "data_criacao" of relation "processo_tributario" does not exist
LINE 4:                                 data_criacao, data_atualizac...
                                        ^

2025-12-18 13:38:40,135 - ERROR - Erro linha 348: column "id_processo_tributario" does not exist
LINE 1: SELECT id_processo_tributario FROM processo_tributario WHERE...
               ^

2025-12-18 13:38:40,704 - ERROR - Erro linha 148: column "data_criacao" of relation "processo_tributario" does not exist
LINE 4:                                 data_criacao, data_atualizac...
                                        ^

2025-12-18 13:38:40,952 - ERROR - Erro linha 349: column "id_processo_tributario" does not exist
LINE 1: SELECT id_processo_tributario FROM processo_tributario WHERE...
               ^

2025-12-18 13:38:41,766 - ERROR - Erro linha 350: column "id_processo_tributario" does not exist
LINE 1: SELECT id_processo_tributario FROM processo_tributario WHERE...
               ^

2025-12-18 13:38:42,335 - ERROR - Erro linha 150: column "data_criacao" of relation "processo_tributario" does not exist
LINE 4:                                 data_criacao, data_atualizac...
                                        ^

2025-12-18 13:38:42,511 - ERROR - Erro linha 1549: column "id_processo_tributario" does not exist
LINE 1: SELECT id_processo_tributario FROM processo_tributario WHERE...
               ^

2025-12-18 13:38:42,579 - ERROR - Erro linha 351: column "id_processo_tributario" does not exist
LINE 1: SELECT id_processo_tributario FROM processo_tributario WHERE...
               ^

2025-12-18 13:38:43,392 - ERROR - Erro linha 352: column "id_processo_tributario" does not exist
LINE 1: SELECT id_processo_tributario FROM processo_tributario WHERE...
               ^

2025-12-18 13:38:43,969 - ERROR - Erro linha 152: column "data_criacao" of relation "processo_tributario" does not exist
LINE 4:                                 data_criacao, data_atualizac...
                                        ^

2025-12-18 13:38:44,203 - ERROR - Erro linha 353: column "id_processo_tributario" does not exist
LINE 1: SELECT id_processo_tributario FROM processo_tributario WHERE...
               ^

2025-12-18 13:38:44,929 - ERROR - Erro linha 153: column "data_criacao" of relation "processo_tributario" does not exist
LINE 4:                                 data_criacao, data_atualizac...
                                        ^

2025-12-18 13:38:45,016 - ERROR - Erro linha 354: column "id_processo_tributario" does not exist
LINE 1: SELECT id_processo_tributario FROM processo_tributario WHERE...
               ^

2025-12-18 13:38:45,829 - ERROR - Erro linha 355: column "id_processo_tributario" does not exist
LINE 1: SELECT id_processo_tributario FROM processo_tributario WHERE...
               ^

2025-12-18 13:38:46,642 - ERROR - Erro linha 356: column "id_processo_tributario" does not exist
LINE 1: SELECT id_processo_tributario FROM processo_tributario WHERE...
               ^

2025-12-18 13:38:47,238 - ERROR - Erro linha 156: column "data_criacao" of relation "processo_tributario" does not exist
LINE 4:                                 data_criacao, data_atualizac...
                                        ^

2025-12-18 13:38:47,315 - ERROR - Erro linha 1555: column "id_processo_tributario" does not exist
LINE 1: SELECT id_processo_tributario FROM processo_tributario WHERE...
               ^

2025-12-18 13:38:47,456 - ERROR - Erro linha 357: column "id_processo_tributario" does not exist
LINE 1: SELECT id_processo_tributario FROM processo_tributario WHERE...
               ^

2025-12-18 13:38:48,185 - ERROR - Erro linha 157: column "data_criacao" of relation "processo_tributario" does not exist
LINE 4:                                 data_criacao, data_atualizac...
                                        ^

2025-12-18 13:38:48,269 - ERROR - Erro linha 358: column "id_processo_tributario" does not exist
LINE 1: SELECT id_processo_tributario FROM processo_tributario WHERE...
               ^

2025-12-18 13:38:49,082 - ERROR - Erro linha 359: column "id_processo_tributario" does not exist
LINE 1: SELECT id_processo_tributario FROM processo_tributario WHERE...
               ^

2025-12-18 13:38:49,136 - ERROR - Erro linha 158: column "data_criacao" of relation "processo_tributario" does not exist
LINE 4:                                 data_criacao, data_atualizac...
                                        ^

2025-12-18 13:38:49,893 - ERROR - Erro linha 360: column "id_processo_tributario" does not exist
LINE 1: SELECT id_processo_tributario FROM processo_tributario WHERE...
               ^

2025-12-18 13:38:50,095 - ERROR - Erro linha 159: column "data_criacao" of relation "processo_tributario" does not exist
LINE 4:                                 data_criacao, data_atualizac...
                                        ^

2025-12-18 13:38:50,567 - ERROR - Erro linha 1559: column "id_processo_tributario" does not exist
LINE 1: SELECT id_processo_tributario FROM processo_tributario WHERE...
               ^

2025-12-18 13:38:50,706 - ERROR - Erro linha 361: column "id_processo_tributario" does not exist
LINE 1: SELECT id_processo_tributario FROM processo_tributario WHERE...
               ^

2025-12-18 13:38:51,064 - ERROR - Erro linha 160: column "data_criacao" of relation "processo_tributario" does not exist
LINE 4:                                 data_criacao, data_atualizac...
                                        ^

2025-12-18 13:38:51,496 - ERROR - Erro linha 1560: column "id_processo_tributario" does not exist
LINE 1: SELECT id_processo_tributario FROM processo_tributario WHERE...
               ^

2025-12-18 13:38:51,519 - ERROR - Erro linha 362: column "id_processo_tributario" does not exist
LINE 1: SELECT id_processo_tributario FROM processo_tributario WHERE...
               ^

2025-12-18 13:38:52,016 - ERROR - Erro linha 161: column "data_criacao" of relation "processo_tributario" does not exist
LINE 4:                                 data_criacao, data_atualizac...
                                        ^

2025-12-18 13:38:52,332 - ERROR - Erro linha 363: column "id_processo_tributario" does not exist
LINE 1: SELECT id_processo_tributario FROM processo_tributario WHERE...
               ^

2025-12-18 13:38:52,965 - ERROR - Erro linha 162: column "data_criacao" of relation "processo_tributario" does not exist
LINE 4:                                 data_criacao, data_atualizac...
                                        ^

2025-12-18 13:38:53,144 - ERROR - Erro linha 364: column "id_processo_tributario" does not exist
LINE 1: SELECT id_processo_tributario FROM processo_tributario WHERE...
               ^

2025-12-18 13:38:53,200 - ERROR - Erro linha 1562: column "id_processo_tributario" does not exist
LINE 1: SELECT id_processo_tributario FROM processo_tributario WHERE...
               ^

2025-12-18 13:38:53,917 - ERROR - Erro linha 163: column "data_criacao" of relation "processo_tributario" does not exist
LINE 4:                                 data_criacao, data_atualizac...
                                        ^

2025-12-18 13:38:53,957 - ERROR - Erro linha 365: column "id_processo_tributario" does not exist
LINE 1: SELECT id_processo_tributario FROM processo_tributario WHERE...
               ^

2025-12-18 13:38:54,142 - ERROR - Erro linha 1563: column "id_processo_tributario" does not exist
LINE 1: SELECT id_processo_tributario FROM processo_tributario WHERE...
               ^

2025-12-18 13:38:54,770 - ERROR - Erro linha 366: column "id_processo_tributario" does not exist
LINE 1: SELECT id_processo_tributario FROM processo_tributario WHERE...
               ^

2025-12-18 13:38:54,867 - ERROR - Erro linha 164: column "data_criacao" of relation "processo_tributario" does not exist
LINE 4:                                 data_criacao, data_atualizac...
                                        ^

2025-12-18 13:38:55,072 - ERROR - Erro linha 1564: column "id_processo_tributario" does not exist
LINE 1: SELECT id_processo_tributario FROM processo_tributario WHERE...
               ^

2025-12-18 13:38:55,580 - ERROR - Erro linha 367: column "id_processo_tributario" does not exist
LINE 1: SELECT id_processo_tributario FROM processo_tributario WHERE...
               ^

2025-12-18 13:38:55,813 - ERROR - Erro linha 165: column "data_criacao" of relation "processo_tributario" does not exist
LINE 4:                                 data_criacao, data_atualizac...
                                        ^

2025-12-18 13:38:56,395 - ERROR - Erro linha 368: column "id_processo_tributario" does not exist
LINE 1: SELECT id_processo_tributario FROM processo_tributario WHERE...
               ^

2025-12-18 13:38:56,758 - ERROR - Erro linha 166: column "data_criacao" of relation "processo_tributario" does not exist
LINE 4:                                 data_criacao, data_atualizac...
                                        ^

2025-12-18 13:38:56,774 - ERROR - Erro linha 1566: column "id_processo_tributario" does not exist
LINE 1: SELECT id_processo_tributario FROM processo_tributario WHERE...
               ^

2025-12-18 13:38:57,208 - ERROR - Erro linha 369: column "id_processo_tributario" does not exist
LINE 1: SELECT id_processo_tributario FROM processo_tributario WHERE...
               ^

2025-12-18 13:38:57,706 - ERROR - Erro linha 167: column "data_criacao" of relation "processo_tributario" does not exist
LINE 4:                                 data_criacao, data_atualizac...
                                        ^

2025-12-18 13:38:58,021 - ERROR - Erro linha 370: column "id_processo_tributario" does not exist
LINE 1: SELECT id_processo_tributario FROM processo_tributario WHERE...
               ^

2025-12-18 13:38:58,658 - ERROR - Erro linha 168: column "data_criacao" of relation "processo_tributario" does not exist
LINE 4:                                 data_criacao, data_atualizac...
                                        ^

2025-12-18 13:38:59,255 - ERROR - Erro linha 1569: column "id_processo_tributario" does not exist
LINE 1: SELECT id_processo_tributario FROM processo_tributario WHERE...
               ^

2025-12-18 13:38:59,622 - ERROR - Erro linha 169: column "data_criacao" of relation "processo_tributario" does not exist
LINE 4:                                 data_criacao, data_atualizac...
                                        ^

2025-12-18 13:39:00,183 - ERROR - Erro linha 1570: column "id_processo_tributario" does not exist
LINE 1: SELECT id_processo_tributario FROM processo_tributario WHERE...
               ^

2025-12-18 13:39:00,575 - ERROR - Erro linha 170: column "data_criacao" of relation "processo_tributario" does not exist
LINE 4:                                 data_criacao, data_atualizac...
                                        ^

2025-12-18 13:39:00,871 - ERROR - Erro linha 374: column "id_processo_tributario" does not exist
LINE 1: SELECT id_processo_tributario FROM processo_tributario WHERE...
               ^

2025-12-18 13:39:01,533 - ERROR - Erro linha 171: column "data_criacao" of relation "processo_tributario" does not exist
LINE 4:                                 data_criacao, data_atualizac...
                                        ^

2025-12-18 13:39:01,682 - ERROR - Erro linha 375: column "id_processo_tributario" does not exist
LINE 1: SELECT id_processo_tributario FROM processo_tributario WHERE...
               ^

2025-12-18 13:39:02,489 - ERROR - Erro linha 172: column "data_criacao" of relation "processo_tributario" does not exist
LINE 4:                                 data_criacao, data_atualizac...
                                        ^

2025-12-18 13:39:03,175 - ERROR - Erro linha 377: column "id_processo_tributario" does not exist
LINE 1: SELECT id_processo_tributario FROM processo_tributario WHERE...
               ^

2025-12-18 13:39:03,441 - ERROR - Erro linha 1574: column "id_processo_tributario" does not exist
LINE 1: SELECT id_processo_tributario FROM processo_tributario WHERE...
               ^

2025-12-18 13:39:03,460 - ERROR - Erro linha 173: column "data_criacao" of relation "processo_tributario" does not exist
LINE 4:                                 data_criacao, data_atualizac...
                                        ^

2025-12-18 13:39:03,986 - ERROR - Erro linha 378: column "id_processo_tributario" does not exist
LINE 1: SELECT id_processo_tributario FROM processo_tributario WHERE...
               ^

2025-12-18 13:39:04,368 - ERROR - Erro linha 1575: column "id_processo_tributario" does not exist
LINE 1: SELECT id_processo_tributario FROM processo_tributario WHERE...
               ^

2025-12-18 13:39:04,409 - ERROR - Erro linha 174: column "data_criacao" of relation "processo_tributario" does not exist
LINE 4:                                 data_criacao, data_atualizac...
                                        ^

2025-12-18 13:39:04,799 - ERROR - Erro linha 379: column "id_processo_tributario" does not exist
LINE 1: SELECT id_processo_tributario FROM processo_tributario WHERE...
               ^

2025-12-18 13:39:05,358 - ERROR - Erro linha 175: column "data_criacao" of relation "processo_tributario" does not exist
LINE 4:                                 data_criacao, data_atualizac...
                                        ^

2025-12-18 13:39:05,611 - ERROR - Erro linha 380: column "id_processo_tributario" does not exist
LINE 1: SELECT id_processo_tributario FROM processo_tributario WHERE...
               ^

2025-12-18 13:39:06,319 - ERROR - Erro linha 176: column "data_criacao" of relation "processo_tributario" does not exist
LINE 4:                                 data_criacao, data_atualizac...
                                        ^

2025-12-18 13:39:06,422 - ERROR - Erro linha 381: column "id_processo_tributario" does not exist
LINE 1: SELECT id_processo_tributario FROM processo_tributario WHERE...
               ^

2025-12-18 13:39:06,841 - ERROR - Erro linha 1578: column "id_processo_tributario" does not exist
LINE 1: SELECT id_processo_tributario FROM processo_tributario WHERE...
               ^

2025-12-18 13:39:07,237 - ERROR - Erro linha 382: column "id_processo_tributario" does not exist
LINE 1: SELECT id_processo_tributario FROM processo_tributario WHERE...
               ^

2025-12-18 13:39:07,265 - ERROR - Erro linha 177: column "data_criacao" of relation "processo_tributario" does not exist
LINE 4:                                 data_criacao, data_atualizac...
                                        ^

2025-12-18 13:39:08,211 - ERROR - Erro linha 178: column "data_criacao" of relation "processo_tributario" does not exist
LINE 4:                                 data_criacao, data_atualizac...
                                        ^

2025-12-18 13:39:08,726 - ERROR - Erro linha 384: column "id_processo_tributario" does not exist
LINE 1: SELECT id_processo_tributario FROM processo_tributario WHERE...
               ^

2025-12-18 13:39:09,172 - ERROR - Erro linha 179: column "data_criacao" of relation "processo_tributario" does not exist
LINE 4:                                 data_criacao, data_atualizac...
                                        ^

2025-12-18 13:39:09,540 - ERROR - Erro linha 385: column "id_processo_tributario" does not exist
LINE 1: SELECT id_processo_tributario FROM processo_tributario WHERE...
               ^

2025-12-18 13:39:10,131 - ERROR - Erro linha 180: column "data_criacao" of relation "processo_tributario" does not exist
LINE 4:                                 data_criacao, data_atualizac...
                                        ^

2025-12-18 13:39:11,032 - ERROR - Erro linha 387: column "id_processo_tributario" does not exist
LINE 1: SELECT id_processo_tributario FROM processo_tributario WHERE...
               ^

2025-12-18 13:39:11,077 - ERROR - Erro linha 181: column "data_criacao" of relation "processo_tributario" does not exist
LINE 4:                                 data_criacao, data_atualizac...
                                        ^

2025-12-18 13:39:11,845 - ERROR - Erro linha 388: column "id_processo_tributario" does not exist
LINE 1: SELECT id_processo_tributario FROM processo_tributario WHERE...
               ^

2025-12-18 13:39:12,028 - ERROR - Erro linha 182: column "data_criacao" of relation "processo_tributario" does not exist
LINE 4:                                 data_criacao, data_atualizac...
                                        ^

2025-12-18 13:39:12,656 - ERROR - Erro linha 389: column "id_processo_tributario" does not exist
LINE 1: SELECT id_processo_tributario FROM processo_tributario WHERE...
               ^

2025-12-18 13:39:12,976 - ERROR - Erro linha 183: column "data_criacao" of relation "processo_tributario" does not exist
LINE 4:                                 data_criacao, data_atualizac...
                                        ^

2025-12-18 13:39:13,938 - ERROR - Erro linha 184: column "data_criacao" of relation "processo_tributario" does not exist
LINE 4:                                 data_criacao, data_atualizac...
                                        ^

2025-12-18 13:39:14,894 - ERROR - Erro linha 185: column "data_criacao" of relation "processo_tributario" does not exist
LINE 4:                                 data_criacao, data_atualizac...
                                        ^

2025-12-18 13:39:15,496 - ERROR - Erro linha 393: column "id_processo_tributario" does not exist
LINE 1: SELECT id_processo_tributario FROM processo_tributario WHERE...
               ^

2025-12-18 13:39:15,850 - ERROR - Erro linha 186: column "data_criacao" of relation "processo_tributario" does not exist
LINE 4:                                 data_criacao, data_atualizac...
                                        ^

2025-12-18 13:39:16,276 - ERROR - Erro linha 1590: column "id_processo_tributario" does not exist
LINE 1: SELECT id_processo_tributario FROM processo_tributario WHERE...
               ^

2025-12-18 13:39:16,805 - ERROR - Erro linha 187: column "data_criacao" of relation "processo_tributario" does not exist
LINE 4:                                 data_criacao, data_atualizac...
                                        ^

2025-12-18 13:39:17,206 - ERROR - Erro linha 1591: column "id_processo_tributario" does not exist
LINE 1: SELECT id_processo_tributario FROM processo_tributario WHERE...
               ^

2025-12-18 13:39:17,753 - ERROR - Erro linha 188: column "data_criacao" of relation "processo_tributario" does not exist
LINE 4:                                 data_criacao, data_atualizac...
                                        ^

2025-12-18 13:39:18,338 - ERROR - Erro linha 397: column "id_processo_tributario" does not exist
LINE 1: SELECT id_processo_tributario FROM processo_tributario WHERE...
               ^

2025-12-18 13:39:18,706 - ERROR - Erro linha 189: column "data_criacao" of relation "processo_tributario" does not exist
LINE 4:                                 data_criacao, data_atualizac...
                                        ^

2025-12-18 13:39:19,151 - ERROR - Erro linha 398: column "id_processo_tributario" does not exist
LINE 1: SELECT id_processo_tributario FROM processo_tributario WHERE...
               ^

2025-12-18 13:39:19,652 - ERROR - Erro linha 190: column "data_criacao" of relation "processo_tributario" does not exist
LINE 4:                                 data_criacao, data_atualizac...
                                        ^

2025-12-18 13:39:19,685 - ERROR - Erro linha 1594: column "id_processo_tributario" does not exist
LINE 1: SELECT id_processo_tributario FROM processo_tributario WHERE...
               ^

2025-12-18 13:39:19,965 - ERROR - Erro linha 399: column "id_processo_tributario" does not exist
LINE 1: SELECT id_processo_tributario FROM processo_tributario WHERE...
               ^

2025-12-18 13:39:20,599 - ERROR - Erro linha 191: column "data_criacao" of relation "processo_tributario" does not exist
LINE 4:                                 data_criacao, data_atualizac...
                                        ^

2025-12-18 13:39:20,614 - ERROR - Erro linha 1595: column "id_processo_tributario" does not exist
LINE 1: SELECT id_processo_tributario FROM processo_tributario WHERE...
               ^

2025-12-18 13:39:20,776 - ERROR - Erro linha 400: column "id_processo_tributario" does not exist
LINE 1: SELECT id_processo_tributario FROM processo_tributario WHERE...
               ^

2025-12-18 13:39:21,555 - ERROR - Erro linha 192: column "data_criacao" of relation "processo_tributario" does not exist
LINE 4:                                 data_criacao, data_atualizac...
                                        ^

2025-12-18 13:39:21,589 - ERROR - Erro linha 401: column "id_processo_tributario" does not exist
LINE 1: SELECT id_processo_tributario FROM processo_tributario WHERE...
               ^

2025-12-18 13:39:22,497 - ERROR - Erro linha 193: column "data_criacao" of relation "processo_tributario" does not exist
LINE 4:                                 data_criacao, data_atualizac...
                                        ^

2025-12-18 13:39:23,081 - ERROR - Erro linha 403: column "id_processo_tributario" does not exist
LINE 1: SELECT id_processo_tributario FROM processo_tributario WHERE...
               ^

2025-12-18 13:39:23,095 - ERROR - Erro linha 1598: column "id_processo_tributario" does not exist
LINE 1: SELECT id_processo_tributario FROM processo_tributario WHERE...
               ^

2025-12-18 13:39:23,445 - ERROR - Erro linha 194: column "data_criacao" of relation "processo_tributario" does not exist
LINE 4:                                 data_criacao, data_atualizac...
                                        ^

2025-12-18 13:39:23,892 - ERROR - Erro linha 404: column "id_processo_tributario" does not exist
LINE 1: SELECT id_processo_tributario FROM processo_tributario WHERE...
               ^

2025-12-18 13:39:24,390 - ERROR - Erro linha 195: column "data_criacao" of relation "processo_tributario" does not exist
LINE 4:                                 data_criacao, data_atualizac...
                                        ^

2025-12-18 13:39:25,338 - ERROR - Erro linha 196: column "data_criacao" of relation "processo_tributario" does not exist
LINE 4:                                 data_criacao, data_atualizac...
                                        ^

2025-12-18 13:39:25,379 - ERROR - Erro linha 406: column "id_processo_tributario" does not exist
LINE 1: SELECT id_processo_tributario FROM processo_tributario WHERE...
               ^

2025-12-18 13:39:26,193 - ERROR - Erro linha 407: column "id_processo_tributario" does not exist
LINE 1: SELECT id_processo_tributario FROM processo_tributario WHERE...
               ^

2025-12-18 13:39:26,284 - ERROR - Erro linha 197: column "data_criacao" of relation "processo_tributario" does not exist
LINE 4:                                 data_criacao, data_atualizac...
                                        ^

2025-12-18 13:39:27,008 - ERROR - Erro linha 408: column "id_processo_tributario" does not exist
LINE 1: SELECT id_processo_tributario FROM processo_tributario WHERE...
               ^

2025-12-18 13:39:27,229 - ERROR - Erro linha 198: column "data_criacao" of relation "processo_tributario" does not exist
LINE 4:                                 data_criacao, data_atualizac...
                                        ^

2025-12-18 13:39:28,179 - ERROR - Erro linha 199: column "data_criacao" of relation "processo_tributario" does not exist
LINE 4:                                 data_criacao, data_atualizac...
                                        ^

2025-12-18 13:39:29,133 - ERROR - Erro linha 200: column "data_criacao" of relation "processo_tributario" does not exist
LINE 4:                                 data_criacao, data_atualizac...
                                        ^

2025-12-18 13:39:30,109 - ERROR - Erro linha 201: column "data_criacao" of relation "processo_tributario" does not exist
LINE 4:                                 data_criacao, data_atualizac...
                                        ^

2025-12-18 13:39:31,066 - ERROR - Erro linha 202: column "data_criacao" of relation "processo_tributario" does not exist
LINE 4:                                 data_criacao, data_atualizac...
                                        ^

2025-12-18 13:39:31,211 - ERROR - Erro linha 414: column "id_processo_tributario" does not exist
LINE 1: SELECT id_processo_tributario FROM processo_tributario WHERE...
               ^

2025-12-18 13:39:31,781 - ERROR - Erro linha 1609: column "id_processo_tributario" does not exist
LINE 1: SELECT id_processo_tributario FROM processo_tributario WHERE...
               ^

2025-12-18 13:39:32,013 - ERROR - Erro linha 203: column "data_criacao" of relation "processo_tributario" does not exist
LINE 4:                                 data_criacao, data_atualizac...
                                        ^

2025-12-18 13:39:32,021 - ERROR - Erro linha 415: column "id_processo_tributario" does not exist
LINE 1: SELECT id_processo_tributario FROM processo_tributario WHERE...
               ^

2025-12-18 13:39:32,962 - ERROR - Erro linha 204: column "data_criacao" of relation "processo_tributario" does not exist
LINE 4:                                 data_criacao, data_atualizac...
                                        ^

2025-12-18 13:39:33,483 - ERROR - Erro linha 1611: column "id_processo_tributario" does not exist
LINE 1: SELECT id_processo_tributario FROM processo_tributario WHERE...
               ^

2025-12-18 13:39:33,908 - ERROR - Erro linha 205: column "data_criacao" of relation "processo_tributario" does not exist
LINE 4:                                 data_criacao, data_atualizac...
                                        ^

2025-12-18 13:39:34,412 - ERROR - Erro linha 1612: column "id_processo_tributario" does not exist
LINE 1: SELECT id_processo_tributario FROM processo_tributario WHERE...
               ^

2025-12-18 13:39:34,857 - ERROR - Erro linha 206: column "data_criacao" of relation "processo_tributario" does not exist
LINE 4:                                 data_criacao, data_atualizac...
                                        ^

2025-12-18 13:39:35,809 - ERROR - Erro linha 207: column "data_criacao" of relation "processo_tributario" does not exist
LINE 4:                                 data_criacao, data_atualizac...
                                        ^

2025-12-18 13:39:36,222 - ERROR - Erro linha 421: column "id_processo_tributario" does not exist
LINE 1: SELECT id_processo_tributario FROM processo_tributario WHERE...
               ^

2025-12-18 13:39:36,755 - ERROR - Erro linha 208: column "data_criacao" of relation "processo_tributario" does not exist
LINE 4:                                 data_criacao, data_atualizac...
                                        ^

2025-12-18 13:39:37,703 - ERROR - Erro linha 209: column "data_criacao" of relation "processo_tributario" does not exist
LINE 4:                                 data_criacao, data_atualizac...
                                        ^

2025-12-18 13:39:37,709 - ERROR - Erro linha 423: column "id_processo_tributario" does not exist
LINE 1: SELECT id_processo_tributario FROM processo_tributario WHERE...
               ^

2025-12-18 13:39:38,520 - ERROR - Erro linha 424: column "id_processo_tributario" does not exist
LINE 1: SELECT id_processo_tributario FROM processo_tributario WHERE...
               ^

2025-12-18 13:39:38,675 - ERROR - Erro linha 210: column "data_criacao" of relation "processo_tributario" does not exist
LINE 4:                                 data_criacao, data_atualizac...
                                        ^

2025-12-18 13:39:39,332 - ERROR - Erro linha 425: column "id_processo_tributario" does not exist
LINE 1: SELECT id_processo_tributario FROM processo_tributario WHERE...
               ^

2025-12-18 13:39:39,617 - ERROR - Erro linha 211: column "data_criacao" of relation "processo_tributario" does not exist
LINE 4:                                 data_criacao, data_atualizac...
                                        ^

2025-12-18 13:39:39,979 - ERROR - Erro linha 1619: column "id_processo_tributario" does not exist
LINE 1: SELECT id_processo_tributario FROM processo_tributario WHERE...
               ^

2025-12-18 13:39:40,144 - ERROR - Erro linha 426: column "id_processo_tributario" does not exist
LINE 1: SELECT id_processo_tributario FROM processo_tributario WHERE...
               ^

2025-12-18 13:39:40,568 - ERROR - Erro linha 212: column "data_criacao" of relation "processo_tributario" does not exist
LINE 4:                                 data_criacao, data_atualizac...
                                        ^

2025-12-18 13:39:40,959 - ERROR - Erro linha 427: column "id_processo_tributario" does not exist
LINE 1: SELECT id_processo_tributario FROM processo_tributario WHERE...
               ^

2025-12-18 13:39:41,511 - ERROR - Erro linha 213: column "data_criacao" of relation "processo_tributario" does not exist
LINE 4:                                 data_criacao, data_atualizac...
                                        ^

2025-12-18 13:39:41,771 - ERROR - Erro linha 428: column "id_processo_tributario" does not exist
LINE 1: SELECT id_processo_tributario FROM processo_tributario WHERE...
               ^

2025-12-18 13:39:42,459 - ERROR - Erro linha 214: column "data_criacao" of relation "processo_tributario" does not exist
LINE 4:                                 data_criacao, data_atualizac...
                                        ^

2025-12-18 13:39:43,224 - ERROR - Erro linha 1623: column "id_processo_tributario" does not exist
LINE 1: SELECT id_processo_tributario FROM processo_tributario WHERE...
               ^

2025-12-18 13:39:43,425 - ERROR - Erro linha 215: column "data_criacao" of relation "processo_tributario" does not exist
LINE 4:                                 data_criacao, data_atualizac...
                                        ^

2025-12-18 13:39:44,378 - ERROR - Erro linha 216: column "data_criacao" of relation "processo_tributario" does not exist
LINE 4:                                 data_criacao, data_atualizac...
                                        ^

2025-12-18 13:39:45,291 - ERROR - Erro linha 433: column "id_processo_tributario" does not exist
LINE 1: SELECT id_processo_tributario FROM processo_tributario WHERE...
               ^

2025-12-18 13:39:45,334 - ERROR - Erro linha 217: column "data_criacao" of relation "processo_tributario" does not exist
LINE 4:                                 data_criacao, data_atualizac...
                                        ^

2025-12-18 13:39:46,104 - ERROR - Erro linha 434: column "id_processo_tributario" does not exist
LINE 1: SELECT id_processo_tributario FROM processo_tributario WHERE...
               ^

2025-12-18 13:39:46,287 - ERROR - Erro linha 218: column "data_criacao" of relation "processo_tributario" does not exist
LINE 4:                                 data_criacao, data_atualizac...
                                        ^

2025-12-18 13:39:46,918 - ERROR - Erro linha 435: column "id_processo_tributario" does not exist
LINE 1: SELECT id_processo_tributario FROM processo_tributario WHERE...
               ^

2025-12-18 13:39:47,235 - ERROR - Erro linha 219: column "data_criacao" of relation "processo_tributario" does not exist
LINE 4:                                 data_criacao, data_atualizac...
                                        ^

2025-12-18 13:39:47,731 - ERROR - Erro linha 436: column "id_processo_tributario" does not exist
LINE 1: SELECT id_processo_tributario FROM processo_tributario WHERE...
               ^

2025-12-18 13:39:48,183 - ERROR - Erro linha 220: column "data_criacao" of relation "processo_tributario" does not exist
LINE 4:                                 data_criacao, data_atualizac...
                                        ^

2025-12-18 13:39:48,792 - ERROR - Erro linha 1630: column "id_processo_tributario" does not exist
LINE 1: SELECT id_processo_tributario FROM processo_tributario WHERE...
               ^

2025-12-18 13:39:49,129 - ERROR - Erro linha 221: column "data_criacao" of relation "processo_tributario" does not exist
LINE 4:                                 data_criacao, data_atualizac...
                                        ^

2025-12-18 13:39:49,906 - ERROR - Erro linha 439: column "id_processo_tributario" does not exist
LINE 1: SELECT id_processo_tributario FROM processo_tributario WHERE...
               ^

2025-12-18 13:39:50,095 - ERROR - Erro linha 222: column "data_criacao" of relation "processo_tributario" does not exist
LINE 4:                                 data_criacao, data_atualizac...
                                        ^

2025-12-18 13:39:50,718 - ERROR - Erro linha 440: column "id_processo_tributario" does not exist
LINE 1: SELECT id_processo_tributario FROM processo_tributario WHERE...
               ^

2025-12-18 13:39:51,531 - ERROR - Erro linha 441: column "id_processo_tributario" does not exist
LINE 1: SELECT id_processo_tributario FROM processo_tributario WHERE...
               ^

2025-12-18 13:39:52,345 - ERROR - Erro linha 442: column "id_processo_tributario" does not exist
LINE 1: SELECT id_processo_tributario FROM processo_tributario WHERE...
               ^

2025-12-18 13:39:52,389 - ERROR - Erro linha 225: column "data_criacao" of relation "processo_tributario" does not exist
LINE 4:                                 data_criacao, data_atualizac...
                                        ^

2025-12-18 13:39:52,811 - ERROR - Erro linha 1635: column "id_processo_tributario" does not exist
LINE 1: SELECT id_processo_tributario FROM processo_tributario WHERE...
               ^

2025-12-18 13:39:54,684 - ERROR - Erro linha 228: column "data_criacao" of relation "processo_tributario" does not exist
LINE 4:                                 data_criacao, data_atualizac...
                                        ^

2025-12-18 13:39:55,282 - ERROR - Erro linha 1638: column "id_processo_tributario" does not exist
LINE 1: SELECT id_processo_tributario FROM processo_tributario WHERE...
               ^

2025-12-18 13:39:55,633 - ERROR - Erro linha 229: column "data_criacao" of relation "processo_tributario" does not exist
LINE 4:                                 data_criacao, data_atualizac...
                                        ^

2025-12-18 13:39:58,618 - ERROR - Erro linha 233: column "data_criacao" of relation "processo_tributario" does not exist
LINE 4:                                 data_criacao, data_atualizac...
                                        ^

2025-12-18 13:39:59,567 - ERROR - Erro linha 234: column "data_criacao" of relation "processo_tributario" does not exist
LINE 4:                                 data_criacao, data_atualizac...
                                        ^

2025-12-18 13:40:00,514 - ERROR - Erro linha 235: column "data_criacao" of relation "processo_tributario" does not exist
LINE 4:                                 data_criacao, data_atualizac...
                                        ^

2025-12-18 13:40:01,472 - ERROR - Erro linha 236: column "data_criacao" of relation "processo_tributario" does not exist
LINE 4:                                 data_criacao, data_atualizac...
                                        ^

2025-12-18 13:40:02,434 - ERROR - Erro linha 237: column "data_criacao" of relation "processo_tributario" does not exist
LINE 4:                                 data_criacao, data_atualizac...
                                        ^

2025-12-18 13:40:03,188 - ERROR - Erro linha 1648: column "id_processo_tributario" does not exist
LINE 1: SELECT id_processo_tributario FROM processo_tributario WHERE...
               ^

2025-12-18 13:40:03,323 - ERROR - Erro linha 458: column "id_processo_tributario" does not exist
LINE 1: SELECT id_processo_tributario FROM processo_tributario WHERE...
               ^

2025-12-18 13:40:03,399 - ERROR - Erro linha 238: column "data_criacao" of relation "processo_tributario" does not exist
LINE 4:                                 data_criacao, data_atualizac...
                                        ^

2025-12-18 13:40:04,115 - ERROR - Erro linha 1649: column "id_processo_tributario" does not exist
LINE 1: SELECT id_processo_tributario FROM processo_tributario WHERE...
               ^

2025-12-18 13:40:04,135 - ERROR - Erro linha 459: column "id_processo_tributario" does not exist
LINE 1: SELECT id_processo_tributario FROM processo_tributario WHERE...
               ^

2025-12-18 13:40:04,373 - ERROR - Erro linha 239: column "data_criacao" of relation "processo_tributario" does not exist
LINE 4:                                 data_criacao, data_atualizac...
                                        ^

2025-12-18 13:40:04,947 - ERROR - Erro linha 460: column "id_processo_tributario" does not exist
LINE 1: SELECT id_processo_tributario FROM processo_tributario WHERE...
               ^

2025-12-18 13:40:05,050 - ERROR - Erro linha 1650: column "id_processo_tributario" does not exist
LINE 1: SELECT id_processo_tributario FROM processo_tributario WHERE...
               ^

2025-12-18 13:40:05,351 - ERROR - Erro linha 240: column "data_criacao" of relation "processo_tributario" does not exist
LINE 4:                                 data_criacao, data_atualizac...
                                        ^

2025-12-18 13:40:06,301 - ERROR - Erro linha 241: column "data_criacao" of relation "processo_tributario" does not exist
LINE 4:                                 data_criacao, data_atualizac...
                                        ^

2025-12-18 13:40:06,439 - ERROR - Erro linha 462: column "id_processo_tributario" does not exist
LINE 1: SELECT id_processo_tributario FROM processo_tributario WHERE...
               ^

2025-12-18 13:40:07,252 - ERROR - Erro linha 463: column "id_processo_tributario" does not exist
LINE 1: SELECT id_processo_tributario FROM processo_tributario WHERE...
               ^

2025-12-18 13:40:07,933 - ERROR - Erro linha 243: column "data_criacao" of relation "processo_tributario" does not exist
LINE 4:                                 data_criacao, data_atualizac...
                                        ^

2025-12-18 13:40:08,068 - ERROR - Erro linha 464: column "id_processo_tributario" does not exist
LINE 1: SELECT id_processo_tributario FROM processo_tributario WHERE...
               ^

2025-12-18 13:40:10,242 - ERROR - Erro linha 246: column "data_criacao" of relation "processo_tributario" does not exist
LINE 4:                                 data_criacao, data_atualizac...
                                        ^

2025-12-18 13:40:11,189 - ERROR - Erro linha 247: column "data_criacao" of relation "processo_tributario" does not exist
LINE 4:                                 data_criacao, data_atualizac...
                                        ^

2025-12-18 13:40:12,262 - ERROR - Erro linha 470: column "id_processo_tributario" does not exist
LINE 1: SELECT id_processo_tributario FROM processo_tributario WHERE...
               ^

2025-12-18 13:40:13,492 - ERROR - Erro linha 250: column "data_criacao" of relation "processo_tributario" does not exist
LINE 4:                                 data_criacao, data_atualizac...
                                        ^

2025-12-18 13:40:13,753 - ERROR - Erro linha 472: column "id_processo_tributario" does not exist
LINE 1: SELECT id_processo_tributario FROM processo_tributario WHERE...
               ^

2025-12-18 13:40:14,438 - ERROR - Erro linha 251: column "data_criacao" of relation "processo_tributario" does not exist
LINE 4:                                 data_criacao, data_atualizac...
                                        ^

2025-12-18 13:40:14,566 - ERROR - Erro linha 473: column "id_processo_tributario" does not exist
LINE 1: SELECT id_processo_tributario FROM processo_tributario WHERE...
               ^

2025-12-18 13:40:15,379 - ERROR - Erro linha 474: column "id_processo_tributario" does not exist
LINE 1: SELECT id_processo_tributario FROM processo_tributario WHERE...
               ^

2025-12-18 13:40:16,043 - ERROR - Erro linha 1664: column "id_processo_tributario" does not exist
LINE 1: SELECT id_processo_tributario FROM processo_tributario WHERE...
               ^

2025-12-18 13:40:17,547 - ERROR - Erro linha 477: column "id_processo_tributario" does not exist
LINE 1: SELECT id_processo_tributario FROM processo_tributario WHERE...
               ^

2025-12-18 13:40:20,384 - ERROR - Erro linha 481: column "id_processo_tributario" does not exist
LINE 1: SELECT id_processo_tributario FROM processo_tributario WHERE...
               ^

2025-12-18 13:40:21,196 - ERROR - Erro linha 482: column "id_processo_tributario" does not exist
LINE 1: SELECT id_processo_tributario FROM processo_tributario WHERE...
               ^

2025-12-18 13:40:21,612 - ERROR - Erro linha 1671: column "id_processo_tributario" does not exist
LINE 1: SELECT id_processo_tributario FROM processo_tributario WHERE...
               ^

2025-12-18 13:40:22,012 - ERROR - Erro linha 483: column "id_processo_tributario" does not exist
LINE 1: SELECT id_processo_tributario FROM processo_tributario WHERE...
               ^

2025-12-18 13:40:22,168 - ERROR - Erro linha 262: column "data_criacao" of relation "processo_tributario" does not exist
LINE 4:                                 data_criacao, data_atualizac...
                                        ^

2025-12-18 13:40:22,825 - ERROR - Erro linha 484: column "id_processo_tributario" does not exist
LINE 1: SELECT id_processo_tributario FROM processo_tributario WHERE...
               ^

2025-12-18 13:40:23,117 - ERROR - Erro linha 263: column "data_criacao" of relation "processo_tributario" does not exist
LINE 4:                                 data_criacao, data_atualizac...
                                        ^

2025-12-18 13:40:24,062 - ERROR - Erro linha 264: column "data_criacao" of relation "processo_tributario" does not exist
LINE 4:                                 data_criacao, data_atualizac...
                                        ^

2025-12-18 13:40:25,009 - ERROR - Erro linha 265: column "data_criacao" of relation "processo_tributario" does not exist
LINE 4:                                 data_criacao, data_atualizac...
                                        ^

2025-12-18 13:40:25,956 - ERROR - Erro linha 266: column "data_criacao" of relation "processo_tributario" does not exist
LINE 4:                                 data_criacao, data_atualizac...
                                        ^

2025-12-18 13:40:26,920 - ERROR - Erro linha 267: column "data_criacao" of relation "processo_tributario" does not exist
LINE 4:                                 data_criacao, data_atualizac...
                                        ^

2025-12-18 13:40:27,868 - ERROR - Erro linha 268: column "data_criacao" of relation "processo_tributario" does not exist
LINE 4:                                 data_criacao, data_atualizac...
                                        ^

2025-12-18 13:40:28,812 - ERROR - Erro linha 269: column "data_criacao" of relation "processo_tributario" does not exist
LINE 4:                                 data_criacao, data_atualizac...
                                        ^

2025-12-18 13:40:29,756 - ERROR - Erro linha 270: column "data_criacao" of relation "processo_tributario" does not exist
LINE 4:                                 data_criacao, data_atualizac...
                                        ^

2025-12-18 13:40:30,273 - ERROR - Erro linha 1682: column "id_processo_tributario" does not exist
LINE 1: SELECT id_processo_tributario FROM processo_tributario WHERE...
               ^

2025-12-18 13:40:30,712 - ERROR - Erro linha 271: column "data_criacao" of relation "processo_tributario" does not exist
LINE 4:                                 data_criacao, data_atualizac...
                                        ^

2025-12-18 13:40:31,199 - ERROR - Erro linha 1683: column "id_processo_tributario" does not exist
LINE 1: SELECT id_processo_tributario FROM processo_tributario WHERE...
               ^

2025-12-18 13:40:31,656 - ERROR - Erro linha 272: column "data_criacao" of relation "processo_tributario" does not exist
LINE 4:                                 data_criacao, data_atualizac...
                                        ^

2025-12-18 13:40:32,610 - ERROR - Erro linha 273: column "data_criacao" of relation "processo_tributario" does not exist
LINE 4:                                 data_criacao, data_atualizac...
                                        ^

2025-12-18 13:40:33,127 - ERROR - Erro linha 499: column "id_processo_tributario" does not exist
LINE 1: SELECT id_processo_tributario FROM processo_tributario WHERE...
               ^

2025-12-18 13:40:33,563 - ERROR - Erro linha 274: column "data_criacao" of relation "processo_tributario" does not exist
LINE 4:                                 data_criacao, data_atualizac...
                                        ^

2025-12-18 13:40:33,936 - ERROR - Erro linha 500: column "id_processo_tributario" does not exist
LINE 1: SELECT id_processo_tributario FROM processo_tributario WHERE...
               ^

2025-12-18 13:40:34,529 - ERROR - Erro linha 275: column "data_criacao" of relation "processo_tributario" does not exist
LINE 4:                                 data_criacao, data_atualizac...
                                        ^

2025-12-18 13:40:34,749 - ERROR - Erro linha 501: column "id_processo_tributario" does not exist
LINE 1: SELECT id_processo_tributario FROM processo_tributario WHERE...
               ^

2025-12-18 13:40:35,221 - ERROR - Erro linha 1688: column "id_processo_tributario" does not exist
LINE 1: SELECT id_processo_tributario FROM processo_tributario WHERE...
               ^

2025-12-18 13:40:35,494 - ERROR - Erro linha 276: column "data_criacao" of relation "processo_tributario" does not exist
LINE 4:                                 data_criacao, data_atualizac...
                                        ^

2025-12-18 13:40:35,561 - ERROR - Erro linha 502: column "id_processo_tributario" does not exist
LINE 1: SELECT id_processo_tributario FROM processo_tributario WHERE...
               ^

2025-12-18 13:40:36,374 - ERROR - Erro linha 503: column "id_processo_tributario" does not exist
LINE 1: SELECT id_processo_tributario FROM processo_tributario WHERE...
               ^

2025-12-18 13:40:36,450 - ERROR - Erro linha 277: column "data_criacao" of relation "processo_tributario" does not exist
LINE 4:                                 data_criacao, data_atualizac...
                                        ^

2025-12-18 13:40:37,191 - ERROR - Erro linha 504: column "id_processo_tributario" does not exist
LINE 1: SELECT id_processo_tributario FROM processo_tributario WHERE...
               ^

2025-12-18 13:40:37,409 - ERROR - Erro linha 278: column "data_criacao" of relation "processo_tributario" does not exist
LINE 4:                                 data_criacao, data_atualizac...
                                        ^

2025-12-18 13:40:37,710 - ERROR - Erro linha 1691: column "id_processo_tributario" does not exist
LINE 1: SELECT id_processo_tributario FROM processo_tributario WHERE...
               ^

2025-12-18 13:40:38,003 - ERROR - Erro linha 505: column "id_processo_tributario" does not exist
LINE 1: SELECT id_processo_tributario FROM processo_tributario WHERE...
               ^

2025-12-18 13:40:38,353 - ERROR - Erro linha 279: column "data_criacao" of relation "processo_tributario" does not exist
LINE 4:                                 data_criacao, data_atualizac...
                                        ^

2025-12-18 13:40:39,295 - ERROR - Erro linha 280: column "data_criacao" of relation "processo_tributario" does not exist
LINE 4:                                 data_criacao, data_atualizac...
                                        ^

2025-12-18 13:40:39,420 - ERROR - Erro linha 1693: column "id_processo_tributario" does not exist
LINE 1: SELECT id_processo_tributario FROM processo_tributario WHERE...
               ^

2025-12-18 13:40:39,492 - ERROR - Erro linha 507: column "id_processo_tributario" does not exist
LINE 1: SELECT id_processo_tributario FROM processo_tributario WHERE...
               ^

2025-12-18 13:40:40,246 - ERROR - Erro linha 281: column "data_criacao" of relation "processo_tributario" does not exist
LINE 4:                                 data_criacao, data_atualizac...
                                        ^

2025-12-18 13:40:40,305 - ERROR - Erro linha 508: column "id_processo_tributario" does not exist
LINE 1: SELECT id_processo_tributario FROM processo_tributario WHERE...
               ^

2025-12-18 13:40:40,348 - ERROR - Erro linha 1694: column "id_processo_tributario" does not exist
LINE 1: SELECT id_processo_tributario FROM processo_tributario WHERE...
               ^

2025-12-18 13:40:41,120 - ERROR - Erro linha 509: column "id_processo_tributario" does not exist
LINE 1: SELECT id_processo_tributario FROM processo_tributario WHERE...
               ^

2025-12-18 13:40:41,199 - ERROR - Erro linha 282: column "data_criacao" of relation "processo_tributario" does not exist
LINE 4:                                 data_criacao, data_atualizac...
                                        ^

2025-12-18 13:40:41,932 - ERROR - Erro linha 510: column "id_processo_tributario" does not exist
LINE 1: SELECT id_processo_tributario FROM processo_tributario WHERE...
               ^

2025-12-18 13:40:42,150 - ERROR - Erro linha 283: column "data_criacao" of relation "processo_tributario" does not exist
LINE 4:                                 data_criacao, data_atualizac...
                                        ^

2025-12-18 13:40:42,745 - ERROR - Erro linha 511: column "id_processo_tributario" does not exist
LINE 1: SELECT id_processo_tributario FROM processo_tributario WHERE...
               ^

2025-12-18 13:40:43,095 - ERROR - Erro linha 284: column "data_criacao" of relation "processo_tributario" does not exist
LINE 4:                                 data_criacao, data_atualizac...
                                        ^

2025-12-18 13:40:44,059 - ERROR - Erro linha 285: column "data_criacao" of relation "processo_tributario" does not exist
LINE 4:                                 data_criacao, data_atualizac...
                                        ^

2025-12-18 13:40:44,912 - ERROR - Erro linha 514: column "id_processo_tributario" does not exist
LINE 1: SELECT id_processo_tributario FROM processo_tributario WHERE...
               ^

2025-12-18 13:40:45,014 - ERROR - Erro linha 286: column "data_criacao" of relation "processo_tributario" does not exist
LINE 4:                                 data_criacao, data_atualizac...
                                        ^

2025-12-18 13:40:46,405 - ERROR - Erro linha 516: column "id_processo_tributario" does not exist
LINE 1: SELECT id_processo_tributario FROM processo_tributario WHERE...
               ^

2025-12-18 13:40:47,219 - ERROR - Erro linha 517: column "id_processo_tributario" does not exist
LINE 1: SELECT id_processo_tributario FROM processo_tributario WHERE...
               ^

2025-12-18 13:40:47,322 - ERROR - Erro linha 289: column "data_criacao" of relation "processo_tributario" does not exist
LINE 4:                                 data_criacao, data_atualizac...
                                        ^

2025-12-18 13:40:48,032 - ERROR - Erro linha 518: column "id_processo_tributario" does not exist
LINE 1: SELECT id_processo_tributario FROM processo_tributario WHERE...
               ^

2025-12-18 13:40:48,268 - ERROR - Erro linha 290: column "data_criacao" of relation "processo_tributario" does not exist
LINE 4:                                 data_criacao, data_atualizac...
                                        ^

2025-12-18 13:40:48,846 - ERROR - Erro linha 519: column "id_processo_tributario" does not exist
LINE 1: SELECT id_processo_tributario FROM processo_tributario WHERE...
               ^

2025-12-18 13:40:49,213 - ERROR - Erro linha 291: column "data_criacao" of relation "processo_tributario" does not exist
LINE 4:                                 data_criacao, data_atualizac...
                                        ^

2025-12-18 13:40:50,166 - ERROR - Erro linha 292: column "data_criacao" of relation "processo_tributario" does not exist
LINE 4:                                 data_criacao, data_atualizac...
                                        ^

2025-12-18 13:40:50,338 - ERROR - Erro linha 521: column "id_processo_tributario" does not exist
LINE 1: SELECT id_processo_tributario FROM processo_tributario WHERE...
               ^

2025-12-18 13:40:51,827 - ERROR - Erro linha 523: column "id_processo_tributario" does not exist
LINE 1: SELECT id_processo_tributario FROM processo_tributario WHERE...
               ^

2025-12-18 13:40:52,460 - ERROR - Erro linha 295: column "data_criacao" of relation "processo_tributario" does not exist
LINE 4:                                 data_criacao, data_atualizac...
                                        ^

2025-12-18 13:40:52,638 - ERROR - Erro linha 524: column "id_processo_tributario" does not exist
LINE 1: SELECT id_processo_tributario FROM processo_tributario WHERE...
               ^

2025-12-18 13:40:53,412 - ERROR - Erro linha 296: column "data_criacao" of relation "processo_tributario" does not exist
LINE 4:                                 data_criacao, data_atualizac...
                                        ^

2025-12-18 13:40:54,126 - ERROR - Erro linha 526: column "id_processo_tributario" does not exist
LINE 1: SELECT id_processo_tributario FROM processo_tributario WHERE...
               ^

2025-12-18 13:40:55,028 - ERROR - Erro linha 298: column "data_criacao" of relation "processo_tributario" does not exist
LINE 4:                                 data_criacao, data_atualizac...
                                        ^

2025-12-18 13:40:55,974 - ERROR - Erro linha 299: column "data_criacao" of relation "processo_tributario" does not exist
LINE 4:                                 data_criacao, data_atualizac...
                                        ^

2025-12-18 13:40:56,295 - ERROR - Erro linha 529: column "id_processo_tributario" does not exist
LINE 1: SELECT id_processo_tributario FROM processo_tributario WHERE...
               ^

2025-12-18 13:40:56,927 - ERROR - Erro linha 300: column "data_criacao" of relation "processo_tributario" does not exist
LINE 4:                                 data_criacao, data_atualizac...
                                        ^

2025-12-18 13:40:57,106 - ERROR - Erro linha 530: column "id_processo_tributario" does not exist
LINE 1: SELECT id_processo_tributario FROM processo_tributario WHERE...
               ^

2025-12-18 13:40:57,872 - ERROR - Erro linha 301: column "data_criacao" of relation "processo_tributario" does not exist
LINE 4:                                 data_criacao, data_atualizac...
                                        ^

2025-12-18 13:40:58,605 - ERROR - Erro linha 532: column "id_processo_tributario" does not exist
LINE 1: SELECT id_processo_tributario FROM processo_tributario WHERE...
               ^

2025-12-18 13:40:58,820 - ERROR - Erro linha 302: column "data_criacao" of relation "processo_tributario" does not exist
LINE 4:                                 data_criacao, data_atualizac...
                                        ^

2025-12-18 13:40:59,778 - ERROR - Erro linha 303: column "data_criacao" of relation "processo_tributario" does not exist
LINE 4:                                 data_criacao, data_atualizac...
                                        ^

2025-12-18 13:41:00,091 - ERROR - Erro linha 534: column "id_processo_tributario" does not exist
LINE 1: SELECT id_processo_tributario FROM processo_tributario WHERE...
               ^

2025-12-18 13:41:00,741 - ERROR - Erro linha 304: column "data_criacao" of relation "processo_tributario" does not exist
LINE 4:                                 data_criacao, data_atualizac...
                                        ^

2025-12-18 13:41:00,907 - ERROR - Erro linha 535: column "id_processo_tributario" does not exist
LINE 1: SELECT id_processo_tributario FROM processo_tributario WHERE...
               ^

2025-12-18 13:41:01,251 - INFO - Fim. Criados: 1006, Atualizados: 716, Erros: 874
2025-12-18 13:41:01,688 - ERROR - Erro linha 305: column "data_criacao" of relation "processo_tributario" does not exist
LINE 4:                                 data_criacao, data_atualizac...
                                        ^

2025-12-18 13:41:02,396 - ERROR - Erro linha 537: column "id_processo_tributario" does not exist
LINE 1: SELECT id_processo_tributario FROM processo_tributario WHERE...
               ^

2025-12-18 13:41:02,656 - ERROR - Erro linha 306: column "data_criacao" of relation "processo_tributario" does not exist
LINE 4:                                 data_criacao, data_atualizac...
                                        ^

2025-12-18 13:41:03,602 - ERROR - Erro linha 307: column "data_criacao" of relation "processo_tributario" does not exist
LINE 4:                                 data_criacao, data_atualizac...
                                        ^

2025-12-18 13:41:04,557 - ERROR - Erro linha 308: column "data_criacao" of relation "processo_tributario" does not exist
LINE 4:                                 data_criacao, data_atualizac...
                                        ^

2025-12-18 13:41:05,503 - ERROR - Erro linha 309: column "data_criacao" of relation "processo_tributario" does not exist
LINE 4:                                 data_criacao, data_atualizac...
                                        ^

2025-12-18 13:41:05,922 - ERROR - Erro linha 542: column "id_processo_tributario" does not exist
LINE 1: SELECT id_processo_tributario FROM processo_tributario WHERE...
               ^

2025-12-18 13:41:06,463 - ERROR - Erro linha 310: column "data_criacao" of relation "processo_tributario" does not exist
LINE 4:                                 data_criacao, data_atualizac...
                                        ^

2025-12-18 13:41:07,424 - ERROR - Erro linha 311: column "data_criacao" of relation "processo_tributario" does not exist
LINE 4:                                 data_criacao, data_atualizac...
                                        ^

2025-12-18 13:41:08,384 - ERROR - Erro linha 312: column "data_criacao" of relation "processo_tributario" does not exist
LINE 4:                                 data_criacao, data_atualizac...
                                        ^

2025-12-18 13:41:08,765 - ERROR - Erro linha 546: column "id_processo_tributario" does not exist
LINE 1: SELECT id_processo_tributario FROM processo_tributario WHERE...
               ^

2025-12-18 13:41:09,329 - ERROR - Erro linha 313: column "data_criacao" of relation "processo_tributario" does not exist
LINE 4:                                 data_criacao, data_atualizac...
                                        ^

2025-12-18 13:41:09,580 - ERROR - Erro linha 547: column "id_processo_tributario" does not exist
LINE 1: SELECT id_processo_tributario FROM processo_tributario WHERE...
               ^

2025-12-18 13:41:10,278 - ERROR - Erro linha 314: column "data_criacao" of relation "processo_tributario" does not exist
LINE 4:                                 data_criacao, data_atualizac...
                                        ^

2025-12-18 13:41:11,070 - ERROR - Erro linha 549: column "id_processo_tributario" does not exist
LINE 1: SELECT id_processo_tributario FROM processo_tributario WHERE...
               ^

2025-12-18 13:41:11,883 - ERROR - Erro linha 550: column "id_processo_tributario" does not exist
LINE 1: SELECT id_processo_tributario FROM processo_tributario WHERE...
               ^

2025-12-18 13:41:11,902 - ERROR - Erro linha 316: column "data_criacao" of relation "processo_tributario" does not exist
LINE 4:                                 data_criacao, data_atualizac...
                                        ^

2025-12-18 13:41:12,694 - ERROR - Erro linha 551: column "id_processo_tributario" does not exist
LINE 1: SELECT id_processo_tributario FROM processo_tributario WHERE...
               ^

2025-12-18 13:41:12,844 - ERROR - Erro linha 317: column "data_criacao" of relation "processo_tributario" does not exist
LINE 4:                                 data_criacao, data_atualizac...
                                        ^

2025-12-18 13:41:13,799 - ERROR - Erro linha 318: column "data_criacao" of relation "processo_tributario" does not exist
LINE 4:                                 data_criacao, data_atualizac...
                                        ^

2025-12-18 13:41:14,192 - ERROR - Erro linha 553: column "id_processo_tributario" does not exist
LINE 1: SELECT id_processo_tributario FROM processo_tributario WHERE...
               ^

2025-12-18 13:41:14,751 - ERROR - Erro linha 319: column "data_criacao" of relation "processo_tributario" does not exist
LINE 4:                                 data_criacao, data_atualizac...
                                        ^

2025-12-18 13:41:15,006 - ERROR - Erro linha 554: column "id_processo_tributario" does not exist
LINE 1: SELECT id_processo_tributario FROM processo_tributario WHERE...
               ^

2025-12-18 13:41:15,819 - ERROR - Erro linha 555: column "id_processo_tributario" does not exist
LINE 1: SELECT id_processo_tributario FROM processo_tributario WHERE...
               ^

2025-12-18 13:41:16,380 - ERROR - Erro linha 321: column "data_criacao" of relation "processo_tributario" does not exist
LINE 4:                                 data_criacao, data_atualizac...
                                        ^

2025-12-18 13:41:17,334 - ERROR - Erro linha 322: column "data_criacao" of relation "processo_tributario" does not exist
LINE 4:                                 data_criacao, data_atualizac...
                                        ^

2025-12-18 13:41:17,985 - ERROR - Erro linha 558: column "id_processo_tributario" does not exist
LINE 1: SELECT id_processo_tributario FROM processo_tributario WHERE...
               ^

2025-12-18 13:41:18,280 - ERROR - Erro linha 323: column "data_criacao" of relation "processo_tributario" does not exist
LINE 4:                                 data_criacao, data_atualizac...
                                        ^

2025-12-18 13:41:18,799 - ERROR - Erro linha 559: column "id_processo_tributario" does not exist
LINE 1: SELECT id_processo_tributario FROM processo_tributario WHERE...
               ^

2025-12-18 13:41:19,230 - ERROR - Erro linha 324: column "data_criacao" of relation "processo_tributario" does not exist
LINE 4:                                 data_criacao, data_atualizac...
                                        ^

2025-12-18 13:41:19,617 - ERROR - Erro linha 560: column "id_processo_tributario" does not exist
LINE 1: SELECT id_processo_tributario FROM processo_tributario WHERE...
               ^

2025-12-18 13:41:20,190 - ERROR - Erro linha 325: column "data_criacao" of relation "processo_tributario" does not exist
LINE 4:                                 data_criacao, data_atualizac...
                                        ^

2025-12-18 13:41:20,433 - ERROR - Erro linha 561: column "id_processo_tributario" does not exist
LINE 1: SELECT id_processo_tributario FROM processo_tributario WHERE...
               ^

2025-12-18 13:41:21,247 - ERROR - Erro linha 562: column "id_processo_tributario" does not exist
LINE 1: SELECT id_processo_tributario FROM processo_tributario WHERE...
               ^

2025-12-18 13:41:21,833 - ERROR - Erro linha 327: column "data_criacao" of relation "processo_tributario" does not exist
LINE 4:                                 data_criacao, data_atualizac...
                                        ^

2025-12-18 13:41:22,067 - ERROR - Erro linha 563: column "id_processo_tributario" does not exist
LINE 1: SELECT id_processo_tributario FROM processo_tributario WHERE...
               ^

2025-12-18 13:41:22,779 - ERROR - Erro linha 328: column "data_criacao" of relation "processo_tributario" does not exist
LINE 4:                                 data_criacao, data_atualizac...
                                        ^

2025-12-18 13:41:22,893 - ERROR - Erro linha 564: column "id_processo_tributario" does not exist
LINE 1: SELECT id_processo_tributario FROM processo_tributario WHERE...
               ^

2025-12-18 13:41:24,391 - ERROR - Erro linha 566: column "id_processo_tributario" does not exist
LINE 1: SELECT id_processo_tributario FROM processo_tributario WHERE...
               ^

2025-12-18 13:41:24,409 - ERROR - Erro linha 330: column "data_criacao" of relation "processo_tributario" does not exist
LINE 4:                                 data_criacao, data_atualizac...
                                        ^

2025-12-18 13:41:25,208 - ERROR - Erro linha 567: column "id_processo_tributario" does not exist
LINE 1: SELECT id_processo_tributario FROM processo_tributario WHERE...
               ^

2025-12-18 13:41:25,362 - ERROR - Erro linha 331: column "data_criacao" of relation "processo_tributario" does not exist
LINE 4:                                 data_criacao, data_atualizac...
                                        ^

2025-12-18 13:41:26,024 - ERROR - Erro linha 568: column "id_processo_tributario" does not exist
LINE 1: SELECT id_processo_tributario FROM processo_tributario WHERE...
               ^

2025-12-18 13:41:26,838 - ERROR - Erro linha 569: column "id_processo_tributario" does not exist
LINE 1: SELECT id_processo_tributario FROM processo_tributario WHERE...
               ^

2025-12-18 13:41:26,989 - ERROR - Erro linha 333: column "data_criacao" of relation "processo_tributario" does not exist
LINE 4:                                 data_criacao, data_atualizac...
                                        ^

2025-12-18 13:41:27,652 - ERROR - Erro linha 570: column "id_processo_tributario" does not exist
LINE 1: SELECT id_processo_tributario FROM processo_tributario WHERE...
               ^

2025-12-18 13:41:28,466 - ERROR - Erro linha 571: column "id_processo_tributario" does not exist
LINE 1: SELECT id_processo_tributario FROM processo_tributario WHERE...
               ^

2025-12-18 13:41:29,280 - ERROR - Erro linha 572: column "id_processo_tributario" does not exist
LINE 1: SELECT id_processo_tributario FROM processo_tributario WHERE...
               ^

2025-12-18 13:41:29,328 - ERROR - Erro linha 336: column "data_criacao" of relation "processo_tributario" does not exist
LINE 4:                                 data_criacao, data_atualizac...
                                        ^

2025-12-18 13:41:30,093 - ERROR - Erro linha 573: column "id_processo_tributario" does not exist
LINE 1: SELECT id_processo_tributario FROM processo_tributario WHERE...
               ^

2025-12-18 13:41:30,276 - ERROR - Erro linha 337: column "data_criacao" of relation "processo_tributario" does not exist
LINE 4:                                 data_criacao, data_atualizac...
                                        ^

2025-12-18 13:41:31,235 - ERROR - Erro linha 338: column "data_criacao" of relation "processo_tributario" does not exist
LINE 4:                                 data_criacao, data_atualizac...
                                        ^

2025-12-18 13:41:32,181 - ERROR - Erro linha 339: column "data_criacao" of relation "processo_tributario" does not exist
LINE 4:                                 data_criacao, data_atualizac...
                                        ^

2025-12-18 13:41:33,132 - ERROR - Erro linha 340: column "data_criacao" of relation "processo_tributario" does not exist
LINE 4:                                 data_criacao, data_atualizac...
                                        ^

2025-12-18 13:41:33,618 - ERROR - Erro linha 578: column "id_processo_tributario" does not exist
LINE 1: SELECT id_processo_tributario FROM processo_tributario WHERE...
               ^

2025-12-18 13:41:34,082 - ERROR - Erro linha 341: column "data_criacao" of relation "processo_tributario" does not exist
LINE 4:                                 data_criacao, data_atualizac...
                                        ^

2025-12-18 13:41:35,040 - ERROR - Erro linha 342: column "data_criacao" of relation "processo_tributario" does not exist
LINE 4:                                 data_criacao, data_atualizac...
                                        ^

2025-12-18 13:41:35,106 - ERROR - Erro linha 580: column "id_processo_tributario" does not exist
LINE 1: SELECT id_processo_tributario FROM processo_tributario WHERE...
               ^

2025-12-18 13:41:35,920 - ERROR - Erro linha 581: column "id_processo_tributario" does not exist
LINE 1: SELECT id_processo_tributario FROM processo_tributario WHERE...
               ^

2025-12-18 13:41:35,989 - ERROR - Erro linha 343: column "data_criacao" of relation "processo_tributario" does not exist
LINE 4:                                 data_criacao, data_atualizac...
                                        ^

2025-12-18 13:41:36,948 - ERROR - Erro linha 344: column "data_criacao" of relation "processo_tributario" does not exist
LINE 4:                                 data_criacao, data_atualizac...
                                        ^

2025-12-18 13:41:37,412 - ERROR - Erro linha 583: column "id_processo_tributario" does not exist
LINE 1: SELECT id_processo_tributario FROM processo_tributario WHERE...
               ^

2025-12-18 13:41:37,892 - ERROR - Erro linha 345: column "data_criacao" of relation "processo_tributario" does not exist
LINE 4:                                 data_criacao, data_atualizac...
                                        ^

2025-12-18 13:41:38,227 - ERROR - Erro linha 584: column "id_processo_tributario" does not exist
LINE 1: SELECT id_processo_tributario FROM processo_tributario WHERE...
               ^

2025-12-18 13:41:38,841 - ERROR - Erro linha 346: column "data_criacao" of relation "processo_tributario" does not exist
LINE 4:                                 data_criacao, data_atualizac...
                                        ^

2025-12-18 13:41:39,067 - ERROR - Erro linha 585: column "id_processo_tributario" does not exist
LINE 1: SELECT id_processo_tributario FROM processo_tributario WHERE...
               ^

2025-12-18 13:41:39,814 - ERROR - Erro linha 347: column "data_criacao" of relation "processo_tributario" does not exist
LINE 4:                                 data_criacao, data_atualizac...
                                        ^

2025-12-18 13:41:39,882 - ERROR - Erro linha 586: column "id_processo_tributario" does not exist
LINE 1: SELECT id_processo_tributario FROM processo_tributario WHERE...
               ^

2025-12-18 13:41:40,695 - ERROR - Erro linha 587: column "id_processo_tributario" does not exist
LINE 1: SELECT id_processo_tributario FROM processo_tributario WHERE...
               ^

2025-12-18 13:41:40,762 - ERROR - Erro linha 348: column "data_criacao" of relation "processo_tributario" does not exist
LINE 4:                                 data_criacao, data_atualizac...
                                        ^

2025-12-18 13:41:41,509 - ERROR - Erro linha 588: column "id_processo_tributario" does not exist
LINE 1: SELECT id_processo_tributario FROM processo_tributario WHERE...
               ^

2025-12-18 13:41:41,717 - ERROR - Erro linha 349: column "data_criacao" of relation "processo_tributario" does not exist
LINE 4:                                 data_criacao, data_atualizac...
                                        ^

2025-12-18 13:41:42,670 - ERROR - Erro linha 350: column "data_criacao" of relation "processo_tributario" does not exist
LINE 4:                                 data_criacao, data_atualizac...
                                        ^

2025-12-18 13:41:43,649 - ERROR - Erro linha 351: column "data_criacao" of relation "processo_tributario" does not exist
LINE 4:                                 data_criacao, data_atualizac...
                                        ^

2025-12-18 13:41:44,367 - ERROR - Erro linha 592: column "id_processo_tributario" does not exist
LINE 1: SELECT id_processo_tributario FROM processo_tributario WHERE...
               ^

2025-12-18 13:41:44,605 - ERROR - Erro linha 352: column "data_criacao" of relation "processo_tributario" does not exist
LINE 4:                                 data_criacao, data_atualizac...
                                        ^

2025-12-18 13:41:45,571 - ERROR - Erro linha 353: column "data_criacao" of relation "processo_tributario" does not exist
LINE 4:                                 data_criacao, data_atualizac...
                                        ^

2025-12-18 13:41:45,855 - ERROR - Erro linha 594: column "id_processo_tributario" does not exist
LINE 1: SELECT id_processo_tributario FROM processo_tributario WHERE...
               ^

2025-12-18 13:41:46,534 - ERROR - Erro linha 354: column "data_criacao" of relation "processo_tributario" does not exist
LINE 4:                                 data_criacao, data_atualizac...
                                        ^

2025-12-18 13:41:47,347 - ERROR - Erro linha 596: column "id_processo_tributario" does not exist
LINE 1: SELECT id_processo_tributario FROM processo_tributario WHERE...
               ^

2025-12-18 13:41:47,501 - ERROR - Erro linha 355: column "data_criacao" of relation "processo_tributario" does not exist
LINE 4:                                 data_criacao, data_atualizac...
                                        ^

2025-12-18 13:41:48,162 - ERROR - Erro linha 597: column "id_processo_tributario" does not exist
LINE 1: SELECT id_processo_tributario FROM processo_tributario WHERE...
               ^

2025-12-18 13:41:48,447 - ERROR - Erro linha 356: column "data_criacao" of relation "processo_tributario" does not exist
LINE 4:                                 data_criacao, data_atualizac...
                                        ^

2025-12-18 13:41:49,398 - ERROR - Erro linha 357: column "data_criacao" of relation "processo_tributario" does not exist
LINE 4:                                 data_criacao, data_atualizac...
                                        ^

2025-12-18 13:41:49,652 - ERROR - Erro linha 599: column "id_processo_tributario" does not exist
LINE 1: SELECT id_processo_tributario FROM processo_tributario WHERE...
               ^

2025-12-18 13:41:50,359 - ERROR - Erro linha 358: column "data_criacao" of relation "processo_tributario" does not exist
LINE 4:                                 data_criacao, data_atualizac...
                                        ^

2025-12-18 13:41:50,471 - ERROR - Erro linha 600: column "id_processo_tributario" does not exist
LINE 1: SELECT id_processo_tributario FROM processo_tributario WHERE...
               ^

2025-12-18 13:41:51,309 - ERROR - Erro linha 359: column "data_criacao" of relation "processo_tributario" does not exist
LINE 4:                                 data_criacao, data_atualizac...
                                        ^

2025-12-18 13:41:52,260 - ERROR - Erro linha 360: column "data_criacao" of relation "processo_tributario" does not exist
LINE 4:                                 data_criacao, data_atualizac...
                                        ^

2025-12-18 13:41:52,635 - ERROR - Erro linha 603: column "id_processo_tributario" does not exist
LINE 1: SELECT id_processo_tributario FROM processo_tributario WHERE...
               ^

2025-12-18 13:41:53,210 - ERROR - Erro linha 361: column "data_criacao" of relation "processo_tributario" does not exist
LINE 4:                                 data_criacao, data_atualizac...
                                        ^

2025-12-18 13:41:53,450 - ERROR - Erro linha 604: column "id_processo_tributario" does not exist
LINE 1: SELECT id_processo_tributario FROM processo_tributario WHERE...
               ^

2025-12-18 13:41:54,155 - ERROR - Erro linha 362: column "data_criacao" of relation "processo_tributario" does not exist
LINE 4:                                 data_criacao, data_atualizac...
                                        ^

2025-12-18 13:41:55,114 - ERROR - Erro linha 363: column "data_criacao" of relation "processo_tributario" does not exist
LINE 4:                                 data_criacao, data_atualizac...
                                        ^

2025-12-18 13:41:56,067 - ERROR - Erro linha 364: column "data_criacao" of relation "processo_tributario" does not exist
LINE 4:                                 data_criacao, data_atualizac...
                                        ^

2025-12-18 13:41:57,024 - ERROR - Erro linha 365: column "data_criacao" of relation "processo_tributario" does not exist
LINE 4:                                 data_criacao, data_atualizac...
                                        ^

2025-12-18 13:41:57,661 - ERROR - Erro linha 610: column "id_processo_tributario" does not exist
LINE 1: SELECT id_processo_tributario FROM processo_tributario WHERE...
               ^

2025-12-18 13:41:57,986 - ERROR - Erro linha 366: column "data_criacao" of relation "processo_tributario" does not exist
LINE 4:                                 data_criacao, data_atualizac...
                                        ^

2025-12-18 13:41:58,472 - ERROR - Erro linha 611: column "id_processo_tributario" does not exist
LINE 1: SELECT id_processo_tributario FROM processo_tributario WHERE...
               ^

2025-12-18 13:41:58,941 - ERROR - Erro linha 367: column "data_criacao" of relation "processo_tributario" does not exist
LINE 4:                                 data_criacao, data_atualizac...
                                        ^

2025-12-18 13:41:59,893 - ERROR - Erro linha 368: column "data_criacao" of relation "processo_tributario" does not exist
LINE 4:                                 data_criacao, data_atualizac...
                                        ^

2025-12-18 13:42:00,859 - ERROR - Erro linha 369: column "data_criacao" of relation "processo_tributario" does not exist
LINE 4:                                 data_criacao, data_atualizac...
                                        ^

2025-12-18 13:42:01,322 - ERROR - Erro linha 615: column "id_processo_tributario" does not exist
LINE 1: SELECT id_processo_tributario FROM processo_tributario WHERE...
               ^

2025-12-18 13:42:01,843 - ERROR - Erro linha 370: column "data_criacao" of relation "processo_tributario" does not exist
LINE 4:                                 data_criacao, data_atualizac...
                                        ^

2025-12-18 13:42:03,489 - ERROR - Erro linha 618: column "id_processo_tributario" does not exist
LINE 1: SELECT id_processo_tributario FROM processo_tributario WHERE...
               ^

2025-12-18 13:42:04,302 - ERROR - Erro linha 619: column "id_processo_tributario" does not exist
LINE 1: SELECT id_processo_tributario FROM processo_tributario WHERE...
               ^

2025-12-18 13:42:04,875 - ERROR - Erro linha 374: column "data_criacao" of relation "processo_tributario" does not exist
LINE 4:                                 data_criacao, data_atualizac...
                                        ^

2025-12-18 13:42:05,113 - ERROR - Erro linha 620: column "id_processo_tributario" does not exist
LINE 1: SELECT id_processo_tributario FROM processo_tributario WHERE...
               ^

2025-12-18 13:42:05,832 - ERROR - Erro linha 375: column "data_criacao" of relation "processo_tributario" does not exist
LINE 4:                                 data_criacao, data_atualizac...
                                        ^

2025-12-18 13:42:05,935 - ERROR - Erro linha 621: column "id_processo_tributario" does not exist
LINE 1: SELECT id_processo_tributario FROM processo_tributario WHERE...
               ^

2025-12-18 13:42:06,749 - ERROR - Erro linha 622: column "id_processo_tributario" does not exist
LINE 1: SELECT id_processo_tributario FROM processo_tributario WHERE...
               ^

2025-12-18 13:42:07,488 - ERROR - Erro linha 377: column "data_criacao" of relation "processo_tributario" does not exist
LINE 4:                                 data_criacao, data_atualizac...
                                        ^

2025-12-18 13:42:08,438 - ERROR - Erro linha 378: column "data_criacao" of relation "processo_tributario" does not exist
LINE 4:                                 data_criacao, data_atualizac...
                                        ^

2025-12-18 13:42:09,404 - ERROR - Erro linha 379: column "data_criacao" of relation "processo_tributario" does not exist
LINE 4:                                 data_criacao, data_atualizac...
                                        ^

2025-12-18 13:42:10,272 - ERROR - Erro linha 627: column "id_processo_tributario" does not exist
LINE 1: SELECT id_processo_tributario FROM processo_tributario WHERE...
               ^

2025-12-18 13:42:10,360 - ERROR - Erro linha 380: column "data_criacao" of relation "processo_tributario" does not exist
LINE 4:                                 data_criacao, data_atualizac...
                                        ^

2025-12-18 13:42:11,082 - ERROR - Erro linha 628: column "id_processo_tributario" does not exist
LINE 1: SELECT id_processo_tributario FROM processo_tributario WHERE...
               ^

2025-12-18 13:42:11,330 - ERROR - Erro linha 381: column "data_criacao" of relation "processo_tributario" does not exist
LINE 4:                                 data_criacao, data_atualizac...
                                        ^

2025-12-18 13:42:11,894 - ERROR - Erro linha 629: column "id_processo_tributario" does not exist
LINE 1: SELECT id_processo_tributario FROM processo_tributario WHERE...
               ^

2025-12-18 13:42:12,279 - ERROR - Erro linha 382: column "data_criacao" of relation "processo_tributario" does not exist
LINE 4:                                 data_criacao, data_atualizac...
                                        ^

2025-12-18 13:42:12,706 - ERROR - Erro linha 630: column "id_processo_tributario" does not exist
LINE 1: SELECT id_processo_tributario FROM processo_tributario WHERE...
               ^

2025-12-18 13:42:13,518 - ERROR - Erro linha 631: column "id_processo_tributario" does not exist
LINE 1: SELECT id_processo_tributario FROM processo_tributario WHERE...
               ^

2025-12-18 13:42:13,904 - ERROR - Erro linha 384: column "data_criacao" of relation "processo_tributario" does not exist
LINE 4:                                 data_criacao, data_atualizac...
                                        ^

2025-12-18 13:42:14,330 - ERROR - Erro linha 632: column "id_processo_tributario" does not exist
LINE 1: SELECT id_processo_tributario FROM processo_tributario WHERE...
               ^

2025-12-18 13:42:14,859 - ERROR - Erro linha 385: column "data_criacao" of relation "processo_tributario" does not exist
LINE 4:                                 data_criacao, data_atualizac...
                                        ^

2025-12-18 13:42:15,145 - ERROR - Erro linha 633: column "id_processo_tributario" does not exist
LINE 1: SELECT id_processo_tributario FROM processo_tributario WHERE...
               ^

2025-12-18 13:42:15,961 - ERROR - Erro linha 634: column "id_processo_tributario" does not exist
LINE 1: SELECT id_processo_tributario FROM processo_tributario WHERE...
               ^

2025-12-18 13:42:16,486 - ERROR - Erro linha 387: column "data_criacao" of relation "processo_tributario" does not exist
LINE 4:                                 data_criacao, data_atualizac...
                                        ^

2025-12-18 13:42:17,436 - ERROR - Erro linha 388: column "data_criacao" of relation "processo_tributario" does not exist
LINE 4:                                 data_criacao, data_atualizac...
                                        ^

2025-12-18 13:42:18,136 - ERROR - Erro linha 637: column "id_processo_tributario" does not exist
LINE 1: SELECT id_processo_tributario FROM processo_tributario WHERE...
               ^

2025-12-18 13:42:18,380 - ERROR - Erro linha 389: column "data_criacao" of relation "processo_tributario" does not exist
LINE 4:                                 data_criacao, data_atualizac...
                                        ^

2025-12-18 13:42:19,627 - ERROR - Erro linha 639: column "id_processo_tributario" does not exist
LINE 1: SELECT id_processo_tributario FROM processo_tributario WHERE...
               ^

2025-12-18 13:42:20,439 - ERROR - Erro linha 640: column "id_processo_tributario" does not exist
LINE 1: SELECT id_processo_tributario FROM processo_tributario WHERE...
               ^

2025-12-18 13:42:21,252 - ERROR - Erro linha 641: column "id_processo_tributario" does not exist
LINE 1: SELECT id_processo_tributario FROM processo_tributario WHERE...
               ^

2025-12-18 13:42:21,406 - ERROR - Erro linha 393: column "data_criacao" of relation "processo_tributario" does not exist
LINE 4:                                 data_criacao, data_atualizac...
                                        ^

2025-12-18 13:42:23,425 - ERROR - Erro linha 644: column "id_processo_tributario" does not exist
LINE 1: SELECT id_processo_tributario FROM processo_tributario WHERE...
               ^

2025-12-18 13:42:24,242 - ERROR - Erro linha 645: column "id_processo_tributario" does not exist
LINE 1: SELECT id_processo_tributario FROM processo_tributario WHERE...
               ^

2025-12-18 13:42:24,413 - ERROR - Erro linha 397: column "data_criacao" of relation "processo_tributario" does not exist
LINE 4:                                 data_criacao, data_atualizac...
                                        ^

2025-12-18 13:42:25,053 - ERROR - Erro linha 646: column "id_processo_tributario" does not exist
LINE 1: SELECT id_processo_tributario FROM processo_tributario WHERE...
               ^

2025-12-18 13:42:25,365 - ERROR - Erro linha 398: column "data_criacao" of relation "processo_tributario" does not exist
LINE 4:                                 data_criacao, data_atualizac...
                                        ^

2025-12-18 13:42:25,864 - ERROR - Erro linha 647: column "id_processo_tributario" does not exist
LINE 1: SELECT id_processo_tributario FROM processo_tributario WHERE...
               ^

2025-12-18 13:42:26,305 - ERROR - Erro linha 399: column "data_criacao" of relation "processo_tributario" does not exist
LINE 4:                                 data_criacao, data_atualizac...
                                        ^

2025-12-18 13:42:26,679 - ERROR - Erro linha 648: column "id_processo_tributario" does not exist
LINE 1: SELECT id_processo_tributario FROM processo_tributario WHERE...
               ^

2025-12-18 13:42:27,252 - ERROR - Erro linha 400: column "data_criacao" of relation "processo_tributario" does not exist
LINE 4:                                 data_criacao, data_atualizac...
                                        ^

2025-12-18 13:42:27,492 - ERROR - Erro linha 649: column "id_processo_tributario" does not exist
LINE 1: SELECT id_processo_tributario FROM processo_tributario WHERE...
               ^

2025-12-18 13:42:28,217 - ERROR - Erro linha 401: column "data_criacao" of relation "processo_tributario" does not exist
LINE 4:                                 data_criacao, data_atualizac...
                                        ^

2025-12-18 13:42:28,306 - ERROR - Erro linha 650: column "id_processo_tributario" does not exist
LINE 1: SELECT id_processo_tributario FROM processo_tributario WHERE...
               ^

2025-12-18 13:42:29,123 - ERROR - Erro linha 651: column "id_processo_tributario" does not exist
LINE 1: SELECT id_processo_tributario FROM processo_tributario WHERE...
               ^

2025-12-18 13:42:29,858 - ERROR - Erro linha 403: column "data_criacao" of relation "processo_tributario" does not exist
LINE 4:                                 data_criacao, data_atualizac...
                                        ^

2025-12-18 13:42:29,938 - ERROR - Erro linha 652: column "id_processo_tributario" does not exist
LINE 1: SELECT id_processo_tributario FROM processo_tributario WHERE...
               ^

2025-12-18 13:42:30,751 - ERROR - Erro linha 653: column "id_processo_tributario" does not exist
LINE 1: SELECT id_processo_tributario FROM processo_tributario WHERE...
               ^

2025-12-18 13:42:30,817 - ERROR - Erro linha 404: column "data_criacao" of relation "processo_tributario" does not exist
LINE 4:                                 data_criacao, data_atualizac...
                                        ^

2025-12-18 13:42:31,562 - ERROR - Erro linha 654: column "id_processo_tributario" does not exist
LINE 1: SELECT id_processo_tributario FROM processo_tributario WHERE...
               ^

2025-12-18 13:42:32,375 - ERROR - Erro linha 655: column "id_processo_tributario" does not exist
LINE 1: SELECT id_processo_tributario FROM processo_tributario WHERE...
               ^

2025-12-18 13:42:32,451 - ERROR - Erro linha 406: column "data_criacao" of relation "processo_tributario" does not exist
LINE 4:                                 data_criacao, data_atualizac...
                                        ^

2025-12-18 13:42:33,188 - ERROR - Erro linha 656: column "id_processo_tributario" does not exist
LINE 1: SELECT id_processo_tributario FROM processo_tributario WHERE...
               ^

2025-12-18 13:42:33,398 - ERROR - Erro linha 407: column "data_criacao" of relation "processo_tributario" does not exist
LINE 4:                                 data_criacao, data_atualizac...
                                        ^

2025-12-18 13:42:34,001 - ERROR - Erro linha 657: column "id_processo_tributario" does not exist
LINE 1: SELECT id_processo_tributario FROM processo_tributario WHERE...
               ^

2025-12-18 13:42:34,356 - ERROR - Erro linha 408: column "data_criacao" of relation "processo_tributario" does not exist
LINE 4:                                 data_criacao, data_atualizac...
                                        ^

2025-12-18 13:42:34,814 - ERROR - Erro linha 658: column "id_processo_tributario" does not exist
LINE 1: SELECT id_processo_tributario FROM processo_tributario WHERE...
               ^

2025-12-18 13:42:35,629 - ERROR - Erro linha 659: column "id_processo_tributario" does not exist
LINE 1: SELECT id_processo_tributario FROM processo_tributario WHERE...
               ^

2025-12-18 13:42:36,443 - ERROR - Erro linha 660: column "id_processo_tributario" does not exist
LINE 1: SELECT id_processo_tributario FROM processo_tributario WHERE...
               ^

2025-12-18 13:42:38,708 - ERROR - Erro linha 414: column "data_criacao" of relation "processo_tributario" does not exist
LINE 4:                                 data_criacao, data_atualizac...
                                        ^

2025-12-18 13:42:39,292 - ERROR - Erro linha 664: column "id_processo_tributario" does not exist
LINE 1: SELECT id_processo_tributario FROM processo_tributario WHERE...
               ^

2025-12-18 13:42:39,663 - ERROR - Erro linha 415: column "data_criacao" of relation "processo_tributario" does not exist
LINE 4:                                 data_criacao, data_atualizac...
                                        ^

2025-12-18 13:42:40,781 - ERROR - Erro linha 666: column "id_processo_tributario" does not exist
LINE 1: SELECT id_processo_tributario FROM processo_tributario WHERE...
               ^

2025-12-18 13:42:42,273 - ERROR - Erro linha 668: column "id_processo_tributario" does not exist
LINE 1: SELECT id_processo_tributario FROM processo_tributario WHERE...
               ^

2025-12-18 13:42:43,092 - ERROR - Erro linha 669: column "id_processo_tributario" does not exist
LINE 1: SELECT id_processo_tributario FROM processo_tributario WHERE...
               ^

2025-12-18 13:42:44,019 - ERROR - Erro linha 421: column "data_criacao" of relation "processo_tributario" does not exist
LINE 4:                                 data_criacao, data_atualizac...
                                        ^

2025-12-18 13:42:45,650 - ERROR - Erro linha 423: column "data_criacao" of relation "processo_tributario" does not exist
LINE 4:                                 data_criacao, data_atualizac...
                                        ^

2025-12-18 13:42:45,941 - ERROR - Erro linha 673: column "id_processo_tributario" does not exist
LINE 1: SELECT id_processo_tributario FROM processo_tributario WHERE...
               ^

2025-12-18 13:42:46,598 - ERROR - Erro linha 424: column "data_criacao" of relation "processo_tributario" does not exist
LINE 4:                                 data_criacao, data_atualizac...
                                        ^

2025-12-18 13:42:46,754 - ERROR - Erro linha 674: column "id_processo_tributario" does not exist
LINE 1: SELECT id_processo_tributario FROM processo_tributario WHERE...
               ^

2025-12-18 13:42:47,543 - ERROR - Erro linha 425: column "data_criacao" of relation "processo_tributario" does not exist
LINE 4:                                 data_criacao, data_atualizac...
                                        ^

2025-12-18 13:42:47,568 - ERROR - Erro linha 675: column "id_processo_tributario" does not exist
LINE 1: SELECT id_processo_tributario FROM processo_tributario WHERE...
               ^

2025-12-18 13:42:48,380 - ERROR - Erro linha 676: column "id_processo_tributario" does not exist
LINE 1: SELECT id_processo_tributario FROM processo_tributario WHERE...
               ^

2025-12-18 13:42:48,500 - ERROR - Erro linha 426: column "data_criacao" of relation "processo_tributario" does not exist
LINE 4:                                 data_criacao, data_atualizac...
                                        ^

2025-12-18 13:42:49,191 - ERROR - Erro linha 677: column "id_processo_tributario" does not exist
LINE 1: SELECT id_processo_tributario FROM processo_tributario WHERE...
               ^

2025-12-18 13:42:49,445 - ERROR - Erro linha 427: column "data_criacao" of relation "processo_tributario" does not exist
LINE 4:                                 data_criacao, data_atualizac...
                                        ^

2025-12-18 13:42:50,005 - ERROR - Erro linha 678: column "id_processo_tributario" does not exist
LINE 1: SELECT id_processo_tributario FROM processo_tributario WHERE...
               ^

2025-12-18 13:42:50,394 - ERROR - Erro linha 428: column "data_criacao" of relation "processo_tributario" does not exist
LINE 4:                                 data_criacao, data_atualizac...
                                        ^

2025-12-18 13:42:50,818 - ERROR - Erro linha 679: column "id_processo_tributario" does not exist
LINE 1: SELECT id_processo_tributario FROM processo_tributario WHERE...
               ^

2025-12-18 13:42:51,632 - ERROR - Erro linha 680: column "id_processo_tributario" does not exist
LINE 1: SELECT id_processo_tributario FROM processo_tributario WHERE...
               ^

2025-12-18 13:42:52,444 - ERROR - Erro linha 681: column "id_processo_tributario" does not exist
LINE 1: SELECT id_processo_tributario FROM processo_tributario WHERE...
               ^

2025-12-18 13:42:53,934 - ERROR - Erro linha 683: column "id_processo_tributario" does not exist
LINE 1: SELECT id_processo_tributario FROM processo_tributario WHERE...
               ^

2025-12-18 13:42:54,041 - ERROR - Erro linha 433: column "data_criacao" of relation "processo_tributario" does not exist
LINE 4:                                 data_criacao, data_atualizac...
                                        ^

2025-12-18 13:42:54,746 - ERROR - Erro linha 684: column "id_processo_tributario" does not exist
LINE 1: SELECT id_processo_tributario FROM processo_tributario WHERE...
               ^

2025-12-18 13:42:55,009 - ERROR - Erro linha 434: column "data_criacao" of relation "processo_tributario" does not exist
LINE 4:                                 data_criacao, data_atualizac...
                                        ^

2025-12-18 13:42:55,556 - ERROR - Erro linha 685: column "id_processo_tributario" does not exist
LINE 1: SELECT id_processo_tributario FROM processo_tributario WHERE...
               ^

2025-12-18 13:42:55,954 - ERROR - Erro linha 435: column "data_criacao" of relation "processo_tributario" does not exist
LINE 4:                                 data_criacao, data_atualizac...
                                        ^

2025-12-18 13:42:56,903 - ERROR - Erro linha 436: column "data_criacao" of relation "processo_tributario" does not exist
LINE 4:                                 data_criacao, data_atualizac...
                                        ^

2025-12-18 13:42:57,050 - ERROR - Erro linha 687: column "id_processo_tributario" does not exist
LINE 1: SELECT id_processo_tributario FROM processo_tributario WHERE...
               ^

2025-12-18 13:42:58,544 - ERROR - Erro linha 689: column "id_processo_tributario" does not exist
LINE 1: SELECT id_processo_tributario FROM processo_tributario WHERE...
               ^

2025-12-18 13:42:59,203 - ERROR - Erro linha 439: column "data_criacao" of relation "processo_tributario" does not exist
LINE 4:                                 data_criacao, data_atualizac...
                                        ^

2025-12-18 13:42:59,887 - INFO - Lendo Excel...
2025-12-18 13:43:00,035 - ERROR - Erro linha 691: column "id_processo_tributario" does not exist
LINE 1: SELECT id_processo_tributario FROM processo_tributario WHERE...
               ^

2025-12-18 13:43:00,153 - ERROR - Erro linha 440: column "data_criacao" of relation "processo_tributario" does not exist
LINE 4:                                 data_criacao, data_atualizac...
                                        ^

2025-12-18 13:43:00,851 - ERROR - Erro linha 692: column "id_processo_tributario" does not exist
LINE 1: SELECT id_processo_tributario FROM processo_tributario WHERE...
               ^

2025-12-18 13:43:01,111 - ERROR - Erro linha 441: column "data_criacao" of relation "processo_tributario" does not exist
LINE 4:                                 data_criacao, data_atualizac...
                                        ^

2025-12-18 13:43:02,063 - ERROR - Erro linha 442: column "data_criacao" of relation "processo_tributario" does not exist
LINE 4:                                 data_criacao, data_atualizac...
                                        ^

2025-12-18 13:43:03,695 - ERROR - Erro linha 696: column "id_processo_tributario" does not exist
LINE 1: SELECT id_processo_tributario FROM processo_tributario WHERE...
               ^

2025-12-18 13:43:04,508 - ERROR - Erro linha 697: column "id_processo_tributario" does not exist
LINE 1: SELECT id_processo_tributario FROM processo_tributario WHERE...
               ^

2025-12-18 13:43:05,322 - ERROR - Erro linha 698: column "id_processo_tributario" does not exist
LINE 1: SELECT id_processo_tributario FROM processo_tributario WHERE...
               ^

2025-12-18 13:43:09,531 - ERROR - Erro linha 704: column "id_processo_tributario" does not exist
LINE 1: SELECT id_processo_tributario FROM processo_tributario WHERE...
               ^

2025-12-18 13:43:10,346 - ERROR - Erro linha 705: column "id_processo_tributario" does not exist
LINE 1: SELECT id_processo_tributario FROM processo_tributario WHERE...
               ^

2025-12-18 13:43:11,159 - ERROR - Erro linha 706: column "id_processo_tributario" does not exist
LINE 1: SELECT id_processo_tributario FROM processo_tributario WHERE...
               ^

2025-12-18 13:43:13,232 - ERROR - Erro linha 458: column "data_criacao" of relation "processo_tributario" does not exist
LINE 4:                                 data_criacao, data_atualizac...
                                        ^

2025-12-18 13:43:14,011 - ERROR - Erro linha 710: column "id_processo_tributario" does not exist
LINE 1: SELECT id_processo_tributario FROM processo_tributario WHERE...
               ^

2025-12-18 13:43:14,178 - ERROR - Erro linha 459: column "data_criacao" of relation "processo_tributario" does not exist
LINE 4:                                 data_criacao, data_atualizac...
                                        ^

2025-12-18 13:43:14,825 - ERROR - Erro linha 711: column "id_processo_tributario" does not exist
LINE 1: SELECT id_processo_tributario FROM processo_tributario WHERE...
               ^

2025-12-18 13:43:15,142 - ERROR - Erro linha 460: column "data_criacao" of relation "processo_tributario" does not exist
LINE 4:                                 data_criacao, data_atualizac...
                                        ^

2025-12-18 13:43:15,636 - ERROR - Erro linha 712: column "id_processo_tributario" does not exist
LINE 1: SELECT id_processo_tributario FROM processo_tributario WHERE...
               ^

2025-12-18 13:43:16,788 - ERROR - Erro linha 462: column "data_criacao" of relation "processo_tributario" does not exist
LINE 4:                                 data_criacao, data_atualizac...
                                        ^

2025-12-18 13:43:17,736 - ERROR - Erro linha 463: column "data_criacao" of relation "processo_tributario" does not exist
LINE 4:                                 data_criacao, data_atualizac...
                                        ^

2025-12-18 13:43:18,680 - ERROR - Erro linha 464: column "data_criacao" of relation "processo_tributario" does not exist
LINE 4:                                 data_criacao, data_atualizac...
                                        ^

2025-12-18 13:43:21,873 - ERROR - Erro linha 721: column "id_processo_tributario" does not exist
LINE 1: SELECT id_processo_tributario FROM processo_tributario WHERE...
               ^

2025-12-18 13:43:22,685 - ERROR - Erro linha 722: column "id_processo_tributario" does not exist
LINE 1: SELECT id_processo_tributario FROM processo_tributario WHERE...
               ^

2025-12-18 13:43:23,013 - ERROR - Erro linha 470: column "data_criacao" of relation "processo_tributario" does not exist
LINE 4:                                 data_criacao, data_atualizac...
                                        ^

2025-12-18 13:43:23,503 - ERROR - Erro linha 723: column "id_processo_tributario" does not exist
LINE 1: SELECT id_processo_tributario FROM processo_tributario WHERE...
               ^

2025-12-18 13:43:24,320 - ERROR - Erro linha 724: column "id_processo_tributario" does not exist
LINE 1: SELECT id_processo_tributario FROM processo_tributario WHERE...
               ^

2025-12-18 13:43:24,633 - ERROR - Erro linha 472: column "data_criacao" of relation "processo_tributario" does not exist
LINE 4:                                 data_criacao, data_atualizac...
                                        ^

2025-12-18 13:43:25,133 - ERROR - Erro linha 725: column "id_processo_tributario" does not exist
LINE 1: SELECT id_processo_tributario FROM processo_tributario WHERE...
               ^

2025-12-18 13:43:25,588 - ERROR - Erro linha 473: column "data_criacao" of relation "processo_tributario" does not exist
LINE 4:                                 data_criacao, data_atualizac...
                                        ^

2025-12-18 13:43:25,951 - ERROR - Erro linha 726: column "id_processo_tributario" does not exist
LINE 1: SELECT id_processo_tributario FROM processo_tributario WHERE...
               ^

2025-12-18 13:43:26,533 - ERROR - Erro linha 474: column "data_criacao" of relation "processo_tributario" does not exist
LINE 4:                                 data_criacao, data_atualizac...
                                        ^

2025-12-18 13:43:28,122 - ERROR - Erro linha 729: column "id_processo_tributario" does not exist
LINE 1: SELECT id_processo_tributario FROM processo_tributario WHERE...
               ^

2025-12-18 13:43:28,838 - ERROR - Erro linha 477: column "data_criacao" of relation "processo_tributario" does not exist
LINE 4:                                 data_criacao, data_atualizac...
                                        ^

2025-12-18 13:43:29,612 - ERROR - Erro linha 731: column "id_processo_tributario" does not exist
LINE 1: SELECT id_processo_tributario FROM processo_tributario WHERE...
               ^

2025-12-18 13:43:30,425 - ERROR - Erro linha 732: column "id_processo_tributario" does not exist
LINE 1: SELECT id_processo_tributario FROM processo_tributario WHERE...
               ^

2025-12-18 13:43:31,240 - ERROR - Erro linha 733: column "id_processo_tributario" does not exist
LINE 1: SELECT id_processo_tributario FROM processo_tributario WHERE...
               ^

2025-12-18 13:43:31,838 - ERROR - Erro linha 481: column "data_criacao" of relation "processo_tributario" does not exist
LINE 4:                                 data_criacao, data_atualizac...
                                        ^

2025-12-18 13:43:32,798 - ERROR - Erro linha 482: column "data_criacao" of relation "processo_tributario" does not exist
LINE 4:                                 data_criacao, data_atualizac...
                                        ^

2025-12-18 13:43:33,746 - ERROR - Erro linha 483: column "data_criacao" of relation "processo_tributario" does not exist
LINE 4:                                 data_criacao, data_atualizac...
                                        ^

2025-12-18 13:43:34,706 - ERROR - Erro linha 484: column "data_criacao" of relation "processo_tributario" does not exist
LINE 4:                                 data_criacao, data_atualizac...
                                        ^

2025-12-18 13:43:34,779 - ERROR - Erro linha 738: column "id_processo_tributario" does not exist
LINE 1: SELECT id_processo_tributario FROM processo_tributario WHERE...
               ^

2025-12-18 13:43:36,949 - ERROR - Erro linha 741: column "id_processo_tributario" does not exist
LINE 1: SELECT id_processo_tributario FROM processo_tributario WHERE...
               ^

2025-12-18 13:43:39,800 - ERROR - Erro linha 745: column "id_processo_tributario" does not exist
LINE 1: SELECT id_processo_tributario FROM processo_tributario WHERE...
               ^

2025-12-18 13:43:45,170 - ERROR - Erro linha 499: column "data_criacao" of relation "processo_tributario" does not exist
LINE 4:                                 data_criacao, data_atualizac...
                                        ^

2025-12-18 13:43:45,348 - ERROR - Erro linha 753: column "id_processo_tributario" does not exist
LINE 1: SELECT id_processo_tributario FROM processo_tributario WHERE...
               ^

2025-12-18 13:43:46,124 - ERROR - Erro linha 500: column "data_criacao" of relation "processo_tributario" does not exist
LINE 4:                                 data_criacao, data_atualizac...
                                        ^

2025-12-18 13:43:47,093 - ERROR - Erro linha 501: column "data_criacao" of relation "processo_tributario" does not exist
LINE 4:                                 data_criacao, data_atualizac...
                                        ^

2025-12-18 13:43:47,518 - ERROR - Erro linha 756: column "id_processo_tributario" does not exist
LINE 1: SELECT id_processo_tributario FROM processo_tributario WHERE...
               ^

2025-12-18 13:43:48,040 - ERROR - Erro linha 502: column "data_criacao" of relation "processo_tributario" does not exist
LINE 4:                                 data_criacao, data_atualizac...
                                        ^

2025-12-18 13:43:48,995 - ERROR - Erro linha 503: column "data_criacao" of relation "processo_tributario" does not exist
LINE 4:                                 data_criacao, data_atualizac...
                                        ^

2025-12-18 13:43:49,948 - ERROR - Erro linha 504: column "data_criacao" of relation "processo_tributario" does not exist
LINE 4:                                 data_criacao, data_atualizac...
                                        ^

2025-12-18 13:43:50,359 - ERROR - Erro linha 760: column "id_processo_tributario" does not exist
LINE 1: SELECT id_processo_tributario FROM processo_tributario WHERE...
               ^

2025-12-18 13:43:50,912 - ERROR - Erro linha 505: column "data_criacao" of relation "processo_tributario" does not exist
LINE 4:                                 data_criacao, data_atualizac...
                                        ^

2025-12-18 13:43:51,183 - ERROR - Erro linha 761: column "id_processo_tributario" does not exist
LINE 1: SELECT id_processo_tributario FROM processo_tributario WHERE...
               ^

2025-12-18 13:43:51,993 - ERROR - Erro linha 762: column "id_processo_tributario" does not exist
LINE 1: SELECT id_processo_tributario FROM processo_tributario WHERE...
               ^

2025-12-18 13:43:52,535 - ERROR - Erro linha 507: column "data_criacao" of relation "processo_tributario" does not exist
LINE 4:                                 data_criacao, data_atualizac...
                                        ^

2025-12-18 13:43:52,822 - ERROR - Erro linha 763: column "id_processo_tributario" does not exist
LINE 1: SELECT id_processo_tributario FROM processo_tributario WHERE...
               ^

2025-12-18 13:43:53,501 - ERROR - Erro linha 508: column "data_criacao" of relation "processo_tributario" does not exist
LINE 4:                                 data_criacao, data_atualizac...
                                        ^

2025-12-18 13:43:54,449 - ERROR - Erro linha 509: column "data_criacao" of relation "processo_tributario" does not exist
LINE 4:                                 data_criacao, data_atualizac...
                                        ^

2025-12-18 13:43:55,010 - ERROR - Erro linha 766: column "id_processo_tributario" does not exist
LINE 1: SELECT id_processo_tributario FROM processo_tributario WHERE...
               ^

2025-12-18 13:43:55,419 - ERROR - Erro linha 510: column "data_criacao" of relation "processo_tributario" does not exist
LINE 4:                                 data_criacao, data_atualizac...
                                        ^

2025-12-18 13:43:56,360 - ERROR - Erro linha 511: column "data_criacao" of relation "processo_tributario" does not exist
LINE 4:                                 data_criacao, data_atualizac...
                                        ^

2025-12-18 13:43:58,545 - ERROR - Erro linha 771: column "id_processo_tributario" does not exist
LINE 1: SELECT id_processo_tributario FROM processo_tributario WHERE...
               ^

2025-12-18 13:43:58,777 - ERROR - Erro linha 514: column "data_criacao" of relation "processo_tributario" does not exist
LINE 4:                                 data_criacao, data_atualizac...
                                        ^

2025-12-18 13:44:00,452 - ERROR - Erro linha 516: column "data_criacao" of relation "processo_tributario" does not exist
LINE 4:                                 data_criacao, data_atualizac...
                                        ^

2025-12-18 13:44:00,728 - ERROR - Erro linha 774: column "id_processo_tributario" does not exist
LINE 1: SELECT id_processo_tributario FROM processo_tributario WHERE...
               ^

2025-12-18 13:44:01,473 - ERROR - Erro linha 517: column "data_criacao" of relation "processo_tributario" does not exist
LINE 4:                                 data_criacao, data_atualizac...
                                        ^

2025-12-18 13:44:01,555 - ERROR - Erro linha 775: column "id_processo_tributario" does not exist
LINE 1: SELECT id_processo_tributario FROM processo_tributario WHERE...
               ^

2025-12-18 13:44:02,365 - ERROR - Erro linha 776: column "id_processo_tributario" does not exist
LINE 1: SELECT id_processo_tributario FROM processo_tributario WHERE...
               ^

2025-12-18 13:44:02,443 - ERROR - Erro linha 518: column "data_criacao" of relation "processo_tributario" does not exist
LINE 4:                                 data_criacao, data_atualizac...
                                        ^

2025-12-18 13:44:03,425 - ERROR - Erro linha 519: column "data_criacao" of relation "processo_tributario" does not exist
LINE 4:                                 data_criacao, data_atualizac...
                                        ^

2025-12-18 13:44:05,053 - ERROR - Erro linha 521: column "data_criacao" of relation "processo_tributario" does not exist
LINE 4:                                 data_criacao, data_atualizac...
                                        ^

2025-12-18 13:44:05,206 - ERROR - Erro linha 780: column "id_processo_tributario" does not exist
LINE 1: SELECT id_processo_tributario FROM processo_tributario WHERE...
               ^

2025-12-18 13:44:06,024 - ERROR - Erro linha 781: column "id_processo_tributario" does not exist
LINE 1: SELECT id_processo_tributario FROM processo_tributario WHERE...
               ^

2025-12-18 13:44:06,686 - ERROR - Erro linha 523: column "data_criacao" of relation "processo_tributario" does not exist
LINE 4:                                 data_criacao, data_atualizac...
                                        ^

2025-12-18 13:44:06,840 - ERROR - Erro linha 782: column "id_processo_tributario" does not exist
LINE 1: SELECT id_processo_tributario FROM processo_tributario WHERE...
               ^

2025-12-18 13:44:07,645 - ERROR - Erro linha 524: column "data_criacao" of relation "processo_tributario" does not exist
LINE 4:                                 data_criacao, data_atualizac...
                                        ^

2025-12-18 13:44:09,367 - ERROR - Erro linha 526: column "data_criacao" of relation "processo_tributario" does not exist
LINE 4:                                 data_criacao, data_atualizac...
                                        ^

2025-12-18 13:44:11,714 - ERROR - Erro linha 529: column "data_criacao" of relation "processo_tributario" does not exist
LINE 4:                                 data_criacao, data_atualizac...
                                        ^

2025-12-18 13:44:11,731 - ERROR - Erro linha 789: column "id_processo_tributario" does not exist
LINE 1: SELECT id_processo_tributario FROM processo_tributario WHERE...
               ^

2025-12-18 13:44:12,664 - ERROR - Erro linha 530: column "data_criacao" of relation "processo_tributario" does not exist
LINE 4:                                 data_criacao, data_atualizac...
                                        ^

2025-12-18 13:44:13,899 - ERROR - Erro linha 792: column "id_processo_tributario" does not exist
LINE 1: SELECT id_processo_tributario FROM processo_tributario WHERE...
               ^

2025-12-18 13:44:14,315 - ERROR - Erro linha 532: column "data_criacao" of relation "processo_tributario" does not exist
LINE 4:                                 data_criacao, data_atualizac...
                                        ^

2025-12-18 13:44:14,712 - ERROR - Erro linha 793: column "id_processo_tributario" does not exist
LINE 1: SELECT id_processo_tributario FROM processo_tributario WHERE...
               ^

2025-12-18 13:44:15,523 - ERROR - Erro linha 794: column "id_processo_tributario" does not exist
LINE 1: SELECT id_processo_tributario FROM processo_tributario WHERE...
               ^

2025-12-18 13:44:15,974 - ERROR - Erro linha 534: column "data_criacao" of relation "processo_tributario" does not exist
LINE 4:                                 data_criacao, data_atualizac...
                                        ^

2025-12-18 13:44:16,339 - ERROR - Erro linha 795: column "id_processo_tributario" does not exist
LINE 1: SELECT id_processo_tributario FROM processo_tributario WHERE...
               ^

2025-12-18 13:44:16,930 - ERROR - Erro linha 535: column "data_criacao" of relation "processo_tributario" does not exist
LINE 4:                                 data_criacao, data_atualizac...
                                        ^

2025-12-18 13:44:17,149 - ERROR - Erro linha 796: column "id_processo_tributario" does not exist
LINE 1: SELECT id_processo_tributario FROM processo_tributario WHERE...
               ^

2025-12-18 13:44:18,586 - ERROR - Erro linha 537: column "data_criacao" of relation "processo_tributario" does not exist
LINE 4:                                 data_criacao, data_atualizac...
                                        ^

2025-12-18 13:44:22,327 - ERROR - Erro linha 542: column "data_criacao" of relation "processo_tributario" does not exist
LINE 4:                                 data_criacao, data_atualizac...
                                        ^

2025-12-18 13:44:25,315 - ERROR - Erro linha 546: column "data_criacao" of relation "processo_tributario" does not exist
LINE 4:                                 data_criacao, data_atualizac...
                                        ^

2025-12-18 13:44:26,265 - ERROR - Erro linha 547: column "data_criacao" of relation "processo_tributario" does not exist
LINE 4:                                 data_criacao, data_atualizac...
                                        ^

2025-12-18 13:44:27,894 - ERROR - Erro linha 549: column "data_criacao" of relation "processo_tributario" does not exist
LINE 4:                                 data_criacao, data_atualizac...
                                        ^

2025-12-18 13:44:28,855 - ERROR - Erro linha 550: column "data_criacao" of relation "processo_tributario" does not exist
LINE 4:                                 data_criacao, data_atualizac...
                                        ^

2025-12-18 13:44:29,808 - ERROR - Erro linha 551: column "data_criacao" of relation "processo_tributario" does not exist
LINE 4:                                 data_criacao, data_atualizac...
                                        ^

2025-12-18 13:44:30,165 - ERROR - Erro linha 815: column "id_processo_tributario" does not exist
LINE 1: SELECT id_processo_tributario FROM processo_tributario WHERE...
               ^

2025-12-18 13:44:30,978 - ERROR - Erro linha 816: column "id_processo_tributario" does not exist
LINE 1: SELECT id_processo_tributario FROM processo_tributario WHERE...
               ^

2025-12-18 13:44:31,446 - ERROR - Erro linha 553: column "data_criacao" of relation "processo_tributario" does not exist
LINE 4:                                 data_criacao, data_atualizac...
                                        ^

2025-12-18 13:44:31,789 - ERROR - Erro linha 817: column "id_processo_tributario" does not exist
LINE 1: SELECT id_processo_tributario FROM processo_tributario WHERE...
               ^

2025-12-18 13:44:32,395 - ERROR - Erro linha 554: column "data_criacao" of relation "processo_tributario" does not exist
LINE 4:                                 data_criacao, data_atualizac...
                                        ^

2025-12-18 13:44:33,351 - ERROR - Erro linha 555: column "data_criacao" of relation "processo_tributario" does not exist
LINE 4:                                 data_criacao, data_atualizac...
                                        ^

2025-12-18 13:44:33,956 - ERROR - Erro linha 820: column "id_processo_tributario" does not exist
LINE 1: SELECT id_processo_tributario FROM processo_tributario WHERE...
               ^

2025-12-18 13:44:34,770 - ERROR - Erro linha 821: column "id_processo_tributario" does not exist
LINE 1: SELECT id_processo_tributario FROM processo_tributario WHERE...
               ^

2025-12-18 13:44:35,582 - ERROR - Erro linha 822: column "id_processo_tributario" does not exist
LINE 1: SELECT id_processo_tributario FROM processo_tributario WHERE...
               ^

2025-12-18 13:44:35,653 - ERROR - Erro linha 558: column "data_criacao" of relation "processo_tributario" does not exist
LINE 4:                                 data_criacao, data_atualizac...
                                        ^

2025-12-18 13:44:36,598 - ERROR - Erro linha 559: column "data_criacao" of relation "processo_tributario" does not exist
LINE 4:                                 data_criacao, data_atualizac...
                                        ^

2025-12-18 13:44:37,550 - ERROR - Erro linha 560: column "data_criacao" of relation "processo_tributario" does not exist
LINE 4:                                 data_criacao, data_atualizac...
                                        ^

2025-12-18 13:44:38,432 - ERROR - Erro linha 826: column "id_processo_tributario" does not exist
LINE 1: SELECT id_processo_tributario FROM processo_tributario WHERE...
               ^

2025-12-18 13:44:38,494 - ERROR - Erro linha 561: column "data_criacao" of relation "processo_tributario" does not exist
LINE 4:                                 data_criacao, data_atualizac...
                                        ^

2025-12-18 13:44:39,245 - ERROR - Erro linha 827: column "id_processo_tributario" does not exist
LINE 1: SELECT id_processo_tributario FROM processo_tributario WHERE...
               ^

2025-12-18 13:44:39,443 - ERROR - Erro linha 562: column "data_criacao" of relation "processo_tributario" does not exist
LINE 4:                                 data_criacao, data_atualizac...
                                        ^

2025-12-18 13:44:40,391 - ERROR - Erro linha 563: column "data_criacao" of relation "processo_tributario" does not exist
LINE 4:                                 data_criacao, data_atualizac...
                                        ^

2025-12-18 13:44:40,738 - ERROR - Erro linha 829: column "id_processo_tributario" does not exist
LINE 1: SELECT id_processo_tributario FROM processo_tributario WHERE...
               ^

2025-12-18 13:44:41,341 - ERROR - Erro linha 564: column "data_criacao" of relation "processo_tributario" does not exist
LINE 4:                                 data_criacao, data_atualizac...
                                        ^

2025-12-18 13:44:42,912 - ERROR - Erro linha 832: column "id_processo_tributario" does not exist
LINE 1: SELECT id_processo_tributario FROM processo_tributario WHERE...
               ^

2025-12-18 13:44:42,968 - ERROR - Erro linha 566: column "data_criacao" of relation "processo_tributario" does not exist
LINE 4:                                 data_criacao, data_atualizac...
                                        ^

2025-12-18 13:44:43,945 - ERROR - Erro linha 567: column "data_criacao" of relation "processo_tributario" does not exist
LINE 4:                                 data_criacao, data_atualizac...
                                        ^

2025-12-18 13:44:44,404 - ERROR - Erro linha 834: column "id_processo_tributario" does not exist
LINE 1: SELECT id_processo_tributario FROM processo_tributario WHERE...
               ^

2025-12-18 13:44:44,906 - ERROR - Erro linha 568: column "data_criacao" of relation "processo_tributario" does not exist
LINE 4:                                 data_criacao, data_atualizac...
                                        ^

2025-12-18 13:44:45,218 - ERROR - Erro linha 835: column "id_processo_tributario" does not exist
LINE 1: SELECT id_processo_tributario FROM processo_tributario WHERE...
               ^

2025-12-18 13:44:45,854 - ERROR - Erro linha 569: column "data_criacao" of relation "processo_tributario" does not exist
LINE 4:                                 data_criacao, data_atualizac...
                                        ^

2025-12-18 13:44:46,033 - ERROR - Erro linha 836: column "id_processo_tributario" does not exist
LINE 1: SELECT id_processo_tributario FROM processo_tributario WHERE...
               ^

2025-12-18 13:44:46,810 - ERROR - Erro linha 570: column "data_criacao" of relation "processo_tributario" does not exist
LINE 4:                                 data_criacao, data_atualizac...
                                        ^

2025-12-18 13:44:46,849 - ERROR - Erro linha 837: column "id_processo_tributario" does not exist
LINE 1: SELECT id_processo_tributario FROM processo_tributario WHERE...
               ^

2025-12-18 13:44:47,662 - ERROR - Erro linha 838: column "id_processo_tributario" does not exist
LINE 1: SELECT id_processo_tributario FROM processo_tributario WHERE...
               ^

2025-12-18 13:44:47,783 - ERROR - Erro linha 571: column "data_criacao" of relation "processo_tributario" does not exist
LINE 4:                                 data_criacao, data_atualizac...
                                        ^

2025-12-18 13:44:48,474 - ERROR - Erro linha 839: column "id_processo_tributario" does not exist
LINE 1: SELECT id_processo_tributario FROM processo_tributario WHERE...
               ^

2025-12-18 13:44:48,730 - ERROR - Erro linha 572: column "data_criacao" of relation "processo_tributario" does not exist
LINE 4:                                 data_criacao, data_atualizac...
                                        ^

2025-12-18 13:44:49,290 - ERROR - Erro linha 840: column "id_processo_tributario" does not exist
LINE 1: SELECT id_processo_tributario FROM processo_tributario WHERE...
               ^

2025-12-18 13:44:49,695 - ERROR - Erro linha 573: column "data_criacao" of relation "processo_tributario" does not exist
LINE 4:                                 data_criacao, data_atualizac...
                                        ^

2025-12-18 13:44:50,100 - ERROR - Erro linha 841: column "id_processo_tributario" does not exist
LINE 1: SELECT id_processo_tributario FROM processo_tributario WHERE...
               ^

2025-12-18 13:44:50,914 - ERROR - Erro linha 842: column "id_processo_tributario" does not exist
LINE 1: SELECT id_processo_tributario FROM processo_tributario WHERE...
               ^

2025-12-18 13:44:51,728 - ERROR - Erro linha 843: column "id_processo_tributario" does not exist
LINE 1: SELECT id_processo_tributario FROM processo_tributario WHERE...
               ^

2025-12-18 13:44:53,215 - ERROR - Erro linha 845: column "id_processo_tributario" does not exist
LINE 1: SELECT id_processo_tributario FROM processo_tributario WHERE...
               ^

2025-12-18 13:44:53,376 - ERROR - Erro linha 578: column "data_criacao" of relation "processo_tributario" does not exist
LINE 4:                                 data_criacao, data_atualizac...
                                        ^

2025-12-18 13:44:54,028 - ERROR - Erro linha 846: column "id_processo_tributario" does not exist
LINE 1: SELECT id_processo_tributario FROM processo_tributario WHERE...
               ^

2025-12-18 13:44:55,003 - ERROR - Erro linha 580: column "data_criacao" of relation "processo_tributario" does not exist
LINE 4:                                 data_criacao, data_atualizac...
                                        ^

2025-12-18 13:44:55,523 - ERROR - Erro linha 848: column "id_processo_tributario" does not exist
LINE 1: SELECT id_processo_tributario FROM processo_tributario WHERE...
               ^

2025-12-18 13:44:55,948 - ERROR - Erro linha 581: column "data_criacao" of relation "processo_tributario" does not exist
LINE 4:                                 data_criacao, data_atualizac...
                                        ^

2025-12-18 13:44:56,338 - ERROR - Erro linha 849: column "id_processo_tributario" does not exist
LINE 1: SELECT id_processo_tributario FROM processo_tributario WHERE...
               ^

2025-12-18 13:44:57,594 - ERROR - Erro linha 583: column "data_criacao" of relation "processo_tributario" does not exist
LINE 4:                                 data_criacao, data_atualizac...
                                        ^

2025-12-18 13:44:57,830 - ERROR - Erro linha 851: column "id_processo_tributario" does not exist
LINE 1: SELECT id_processo_tributario FROM processo_tributario WHERE...
               ^

2025-12-18 13:44:58,552 - ERROR - Erro linha 584: column "data_criacao" of relation "processo_tributario" does not exist
LINE 4:                                 data_criacao, data_atualizac...
                                        ^

2025-12-18 13:44:59,502 - ERROR - Erro linha 585: column "data_criacao" of relation "processo_tributario" does not exist
LINE 4:                                 data_criacao, data_atualizac...
                                        ^

2025-12-18 13:45:00,488 - ERROR - Erro linha 586: column "data_criacao" of relation "processo_tributario" does not exist
LINE 4:                                 data_criacao, data_atualizac...
                                        ^

2025-12-18 13:45:01,352 - ERROR - Erro linha 856: column "id_processo_tributario" does not exist
LINE 1: SELECT id_processo_tributario FROM processo_tributario WHERE...
               ^

2025-12-18 13:45:01,446 - ERROR - Erro linha 587: column "data_criacao" of relation "processo_tributario" does not exist
LINE 4:                                 data_criacao, data_atualizac...
                                        ^

2025-12-18 13:45:02,164 - ERROR - Erro linha 857: column "id_processo_tributario" does not exist
LINE 1: SELECT id_processo_tributario FROM processo_tributario WHERE...
               ^

2025-12-18 13:45:02,417 - ERROR - Erro linha 588: column "data_criacao" of relation "processo_tributario" does not exist
LINE 4:                                 data_criacao, data_atualizac...
                                        ^

2025-12-18 13:45:03,675 - ERROR - Erro linha 859: column "id_processo_tributario" does not exist
LINE 1: SELECT id_processo_tributario FROM processo_tributario WHERE...
               ^

2025-12-18 13:45:04,492 - ERROR - Erro linha 860: column "id_processo_tributario" does not exist
LINE 1: SELECT id_processo_tributario FROM processo_tributario WHERE...
               ^

2025-12-18 13:45:05,303 - ERROR - Erro linha 861: column "id_processo_tributario" does not exist
LINE 1: SELECT id_processo_tributario FROM processo_tributario WHERE...
               ^

2025-12-18 13:45:05,448 - ERROR - Erro linha 592: column "data_criacao" of relation "processo_tributario" does not exist
LINE 4:                                 data_criacao, data_atualizac...
                                        ^

2025-12-18 13:45:06,116 - ERROR - Erro linha 862: column "id_processo_tributario" does not exist
LINE 1: SELECT id_processo_tributario FROM processo_tributario WHERE...
               ^

2025-12-18 13:45:07,083 - ERROR - Erro linha 594: column "data_criacao" of relation "processo_tributario" does not exist
LINE 4:                                 data_criacao, data_atualizac...
                                        ^

2025-12-18 13:45:08,706 - ERROR - Erro linha 596: column "data_criacao" of relation "processo_tributario" does not exist
LINE 4:                                 data_criacao, data_atualizac...
                                        ^

2025-12-18 13:45:09,665 - ERROR - Erro linha 597: column "data_criacao" of relation "processo_tributario" does not exist
LINE 4:                                 data_criacao, data_atualizac...
                                        ^

2025-12-18 13:45:11,293 - ERROR - Erro linha 599: column "data_criacao" of relation "processo_tributario" does not exist
LINE 4:                                 data_criacao, data_atualizac...
                                        ^

2025-12-18 13:45:12,247 - ERROR - Erro linha 600: column "data_criacao" of relation "processo_tributario" does not exist
LINE 4:                                 data_criacao, data_atualizac...
                                        ^

2025-12-18 13:45:13,038 - ERROR - Erro linha 872: column "id_processo_tributario" does not exist
LINE 1: SELECT id_processo_tributario FROM processo_tributario WHERE...
               ^

2025-12-18 13:45:13,849 - ERROR - Erro linha 873: column "id_processo_tributario" does not exist
LINE 1: SELECT id_processo_tributario FROM processo_tributario WHERE...
               ^

2025-12-18 13:45:14,565 - ERROR - Erro linha 603: column "data_criacao" of relation "processo_tributario" does not exist
LINE 4:                                 data_criacao, data_atualizac...
                                        ^

2025-12-18 13:45:15,341 - ERROR - Erro linha 875: column "id_processo_tributario" does not exist
LINE 1: SELECT id_processo_tributario FROM processo_tributario WHERE...
               ^

2025-12-18 13:45:15,549 - ERROR - Erro linha 604: column "data_criacao" of relation "processo_tributario" does not exist
LINE 4:                                 data_criacao, data_atualizac...
                                        ^

2025-12-18 13:45:18,184 - ERROR - Erro linha 879: column "id_processo_tributario" does not exist
LINE 1: SELECT id_processo_tributario FROM processo_tributario WHERE...
               ^

2025-12-18 13:45:19,676 - ERROR - Erro linha 881: column "id_processo_tributario" does not exist
LINE 1: SELECT id_processo_tributario FROM processo_tributario WHERE...
               ^

2025-12-18 13:45:19,913 - ERROR - Erro linha 610: column "data_criacao" of relation "processo_tributario" does not exist
LINE 4:                                 data_criacao, data_atualizac...
                                        ^

2025-12-18 13:45:20,491 - ERROR - Erro linha 882: column "id_processo_tributario" does not exist
LINE 1: SELECT id_processo_tributario FROM processo_tributario WHERE...
               ^

2025-12-18 13:45:20,869 - ERROR - Erro linha 611: column "data_criacao" of relation "processo_tributario" does not exist
LINE 4:                                 data_criacao, data_atualizac...
                                        ^

2025-12-18 13:45:21,308 - ERROR - Erro linha 883: column "id_processo_tributario" does not exist
LINE 1: SELECT id_processo_tributario FROM processo_tributario WHERE...
               ^

2025-12-18 13:45:22,797 - ERROR - Erro linha 885: column "id_processo_tributario" does not exist
LINE 1: SELECT id_processo_tributario FROM processo_tributario WHERE...
               ^

2025-12-18 13:45:23,614 - ERROR - Erro linha 886: column "id_processo_tributario" does not exist
LINE 1: SELECT id_processo_tributario FROM processo_tributario WHERE...
               ^

2025-12-18 13:45:23,847 - ERROR - Erro linha 615: column "data_criacao" of relation "processo_tributario" does not exist
LINE 4:                                 data_criacao, data_atualizac...
                                        ^

2025-12-18 13:45:24,426 - ERROR - Erro linha 887: column "id_processo_tributario" does not exist
LINE 1: SELECT id_processo_tributario FROM processo_tributario WHERE...
               ^

2025-12-18 13:45:25,239 - ERROR - Erro linha 888: column "id_processo_tributario" does not exist
LINE 1: SELECT id_processo_tributario FROM processo_tributario WHERE...
               ^

2025-12-18 13:45:26,054 - ERROR - Erro linha 889: column "id_processo_tributario" does not exist
LINE 1: SELECT id_processo_tributario FROM processo_tributario WHERE...
               ^

2025-12-18 13:45:26,149 - ERROR - Erro linha 618: column "data_criacao" of relation "processo_tributario" does not exist
LINE 4:                                 data_criacao, data_atualizac...
                                        ^

2025-12-18 13:45:26,866 - ERROR - Erro linha 890: column "id_processo_tributario" does not exist
LINE 1: SELECT id_processo_tributario FROM processo_tributario WHERE...
               ^

2025-12-18 13:45:27,094 - ERROR - Erro linha 619: column "data_criacao" of relation "processo_tributario" does not exist
LINE 4:                                 data_criacao, data_atualizac...
                                        ^

2025-12-18 13:45:27,684 - ERROR - Erro linha 891: column "id_processo_tributario" does not exist
LINE 1: SELECT id_processo_tributario FROM processo_tributario WHERE...
               ^

2025-12-18 13:45:28,050 - ERROR - Erro linha 620: column "data_criacao" of relation "processo_tributario" does not exist
LINE 4:                                 data_criacao, data_atualizac...
                                        ^

2025-12-18 13:45:28,498 - ERROR - Erro linha 892: column "id_processo_tributario" does not exist
LINE 1: SELECT id_processo_tributario FROM processo_tributario WHERE...
               ^

2025-12-18 13:45:29,023 - ERROR - Erro linha 621: column "data_criacao" of relation "processo_tributario" does not exist
LINE 4:                                 data_criacao, data_atualizac...
                                        ^

2025-12-18 13:45:29,976 - ERROR - Erro linha 622: column "data_criacao" of relation "processo_tributario" does not exist
LINE 4:                                 data_criacao, data_atualizac...
                                        ^

2025-12-18 13:45:29,991 - ERROR - Erro linha 894: column "id_processo_tributario" does not exist
LINE 1: SELECT id_processo_tributario FROM processo_tributario WHERE...
               ^

2025-12-18 13:45:32,157 - ERROR - Erro linha 897: column "id_processo_tributario" does not exist
LINE 1: SELECT id_processo_tributario FROM processo_tributario WHERE...
               ^

2025-12-18 13:45:33,646 - ERROR - Erro linha 627: column "data_criacao" of relation "processo_tributario" does not exist
LINE 4:                                 data_criacao, data_atualizac...
                                        ^

2025-12-18 13:45:33,647 - ERROR - Erro linha 899: column "id_processo_tributario" does not exist
LINE 1: SELECT id_processo_tributario FROM processo_tributario WHERE...
               ^

2025-12-18 13:45:34,596 - ERROR - Erro linha 628: column "data_criacao" of relation "processo_tributario" does not exist
LINE 4:                                 data_criacao, data_atualizac...
                                        ^

2025-12-18 13:45:35,569 - ERROR - Erro linha 629: column "data_criacao" of relation "processo_tributario" does not exist
LINE 4:                                 data_criacao, data_atualizac...
                                        ^

2025-12-18 13:45:35,822 - ERROR - Erro linha 902: column "id_processo_tributario" does not exist
LINE 1: SELECT id_processo_tributario FROM processo_tributario WHERE...
               ^

2025-12-18 13:45:36,538 - ERROR - Erro linha 630: column "data_criacao" of relation "processo_tributario" does not exist
LINE 4:                                 data_criacao, data_atualizac...
                                        ^

2025-12-18 13:45:36,635 - ERROR - Erro linha 903: column "id_processo_tributario" does not exist
LINE 1: SELECT id_processo_tributario FROM processo_tributario WHERE...
               ^

2025-12-18 13:45:37,449 - ERROR - Erro linha 904: column "id_processo_tributario" does not exist
LINE 1: SELECT id_processo_tributario FROM processo_tributario WHERE...
               ^

2025-12-18 13:45:37,526 - ERROR - Erro linha 631: column "data_criacao" of relation "processo_tributario" does not exist
LINE 4:                                 data_criacao, data_atualizac...
                                        ^

2025-12-18 13:45:38,484 - ERROR - Erro linha 632: column "data_criacao" of relation "processo_tributario" does not exist
LINE 4:                                 data_criacao, data_atualizac...
                                        ^

2025-12-18 13:45:39,441 - ERROR - Erro linha 633: column "data_criacao" of relation "processo_tributario" does not exist
LINE 4:                                 data_criacao, data_atualizac...
                                        ^

2025-12-18 13:45:40,296 - ERROR - Erro linha 908: column "id_processo_tributario" does not exist
LINE 1: SELECT id_processo_tributario FROM processo_tributario WHERE...
               ^

2025-12-18 13:45:40,397 - ERROR - Erro linha 634: column "data_criacao" of relation "processo_tributario" does not exist
LINE 4:                                 data_criacao, data_atualizac...
                                        ^

2025-12-18 13:45:42,715 - ERROR - Erro linha 637: column "data_criacao" of relation "processo_tributario" does not exist
LINE 4:                                 data_criacao, data_atualizac...
                                        ^

2025-12-18 13:45:43,821 - ERROR - Erro linha 913: column "id_processo_tributario" does not exist
LINE 1: SELECT id_processo_tributario FROM processo_tributario WHERE...
               ^

2025-12-18 13:45:44,376 - ERROR - Erro linha 639: column "data_criacao" of relation "processo_tributario" does not exist
LINE 4:                                 data_criacao, data_atualizac...
                                        ^

2025-12-18 13:45:44,640 - ERROR - Erro linha 914: column "id_processo_tributario" does not exist
LINE 1: SELECT id_processo_tributario FROM processo_tributario WHERE...
               ^

2025-12-18 13:45:45,348 - ERROR - Erro linha 640: column "data_criacao" of relation "processo_tributario" does not exist
LINE 4:                                 data_criacao, data_atualizac...
                                        ^

2025-12-18 13:45:46,323 - ERROR - Erro linha 641: column "data_criacao" of relation "processo_tributario" does not exist
LINE 4:                                 data_criacao, data_atualizac...
                                        ^

2025-12-18 13:45:46,807 - ERROR - Erro linha 917: column "id_processo_tributario" does not exist
LINE 1: SELECT id_processo_tributario FROM processo_tributario WHERE...
               ^

2025-12-18 13:45:47,622 - ERROR - Erro linha 918: column "id_processo_tributario" does not exist
LINE 1: SELECT id_processo_tributario FROM processo_tributario WHERE...
               ^

2025-12-18 13:45:48,438 - ERROR - Erro linha 919: column "id_processo_tributario" does not exist
LINE 1: SELECT id_processo_tributario FROM processo_tributario WHERE...
               ^

2025-12-18 13:45:48,677 - ERROR - Erro linha 644: column "data_criacao" of relation "processo_tributario" does not exist
LINE 4:                                 data_criacao, data_atualizac...
                                        ^

2025-12-18 13:45:49,674 - ERROR - Erro linha 645: column "data_criacao" of relation "processo_tributario" does not exist
LINE 4:                                 data_criacao, data_atualizac...
                                        ^

2025-12-18 13:45:50,604 - ERROR - Erro linha 922: column "id_processo_tributario" does not exist
LINE 1: SELECT id_processo_tributario FROM processo_tributario WHERE...
               ^

2025-12-18 13:45:50,634 - ERROR - Erro linha 646: column "data_criacao" of relation "processo_tributario" does not exist
LINE 4:                                 data_criacao, data_atualizac...
                                        ^

2025-12-18 13:45:51,588 - ERROR - Erro linha 647: column "data_criacao" of relation "processo_tributario" does not exist
LINE 4:                                 data_criacao, data_atualizac...
                                        ^

2025-12-18 13:45:52,533 - ERROR - Erro linha 648: column "data_criacao" of relation "processo_tributario" does not exist
LINE 4:                                 data_criacao, data_atualizac...
                                        ^

2025-12-18 13:45:52,774 - ERROR - Erro linha 925: column "id_processo_tributario" does not exist
LINE 1: SELECT id_processo_tributario FROM processo_tributario WHERE...
               ^

2025-12-18 13:45:53,483 - ERROR - Erro linha 649: column "data_criacao" of relation "processo_tributario" does not exist
LINE 4:                                 data_criacao, data_atualizac...
                                        ^

2025-12-18 13:45:53,589 - ERROR - Erro linha 926: column "id_processo_tributario" does not exist
LINE 1: SELECT id_processo_tributario FROM processo_tributario WHERE...
               ^

2025-12-18 13:45:54,406 - ERROR - Erro linha 927: column "id_processo_tributario" does not exist
LINE 1: SELECT id_processo_tributario FROM processo_tributario WHERE...
               ^

2025-12-18 13:45:54,428 - ERROR - Erro linha 650: column "data_criacao" of relation "processo_tributario" does not exist
LINE 4:                                 data_criacao, data_atualizac...
                                        ^

2025-12-18 13:45:55,218 - ERROR - Erro linha 928: column "id_processo_tributario" does not exist
LINE 1: SELECT id_processo_tributario FROM processo_tributario WHERE...
               ^

2025-12-18 13:45:55,386 - ERROR - Erro linha 651: column "data_criacao" of relation "processo_tributario" does not exist
LINE 4:                                 data_criacao, data_atualizac...
                                        ^

2025-12-18 13:45:56,030 - ERROR - Erro linha 929: column "id_processo_tributario" does not exist
LINE 1: SELECT id_processo_tributario FROM processo_tributario WHERE...
               ^

2025-12-18 13:45:56,339 - ERROR - Erro linha 652: column "data_criacao" of relation "processo_tributario" does not exist
LINE 4:                                 data_criacao, data_atualizac...
                                        ^

2025-12-18 13:45:56,842 - ERROR - Erro linha 930: column "id_processo_tributario" does not exist
LINE 1: SELECT id_processo_tributario FROM processo_tributario WHERE...
               ^

2025-12-18 13:45:57,288 - ERROR - Erro linha 653: column "data_criacao" of relation "processo_tributario" does not exist
LINE 4:                                 data_criacao, data_atualizac...
                                        ^

2025-12-18 13:45:58,233 - ERROR - Erro linha 654: column "data_criacao" of relation "processo_tributario" does not exist
LINE 4:                                 data_criacao, data_atualizac...
                                        ^

2025-12-18 13:45:59,016 - ERROR - Erro linha 933: column "id_processo_tributario" does not exist
LINE 1: SELECT id_processo_tributario FROM processo_tributario WHERE...
               ^

2025-12-18 13:45:59,217 - ERROR - Erro linha 655: column "data_criacao" of relation "processo_tributario" does not exist
LINE 4:                                 data_criacao, data_atualizac...
                                        ^

2025-12-18 13:45:59,829 - ERROR - Erro linha 934: column "id_processo_tributario" does not exist
LINE 1: SELECT id_processo_tributario FROM processo_tributario WHERE...
               ^

2025-12-18 13:46:00,164 - ERROR - Erro linha 656: column "data_criacao" of relation "processo_tributario" does not exist
LINE 4:                                 data_criacao, data_atualizac...
                                        ^

2025-12-18 13:46:00,642 - ERROR - Erro linha 935: column "id_processo_tributario" does not exist
LINE 1: SELECT id_processo_tributario FROM processo_tributario WHERE...
               ^

2025-12-18 13:46:01,126 - ERROR - Erro linha 657: column "data_criacao" of relation "processo_tributario" does not exist
LINE 4:                                 data_criacao, data_atualizac...
                                        ^

2025-12-18 13:46:01,454 - ERROR - Erro linha 936: column "id_processo_tributario" does not exist
LINE 1: SELECT id_processo_tributario FROM processo_tributario WHERE...
               ^

2025-12-18 13:46:02,092 - ERROR - Erro linha 658: column "data_criacao" of relation "processo_tributario" does not exist
LINE 4:                                 data_criacao, data_atualizac...
                                        ^

2025-12-18 13:46:02,268 - ERROR - Erro linha 937: column "id_processo_tributario" does not exist
LINE 1: SELECT id_processo_tributario FROM processo_tributario WHERE...
               ^

2025-12-18 13:46:03,066 - ERROR - Erro linha 659: column "data_criacao" of relation "processo_tributario" does not exist
LINE 4:                                 data_criacao, data_atualizac...
                                        ^

2025-12-18 13:46:03,080 - ERROR - Erro linha 938: column "id_processo_tributario" does not exist
LINE 1: SELECT id_processo_tributario FROM processo_tributario WHERE...
               ^

2025-12-18 13:46:03,893 - ERROR - Erro linha 939: column "id_processo_tributario" does not exist
LINE 1: SELECT id_processo_tributario FROM processo_tributario WHERE...
               ^

2025-12-18 13:46:04,020 - ERROR - Erro linha 660: column "data_criacao" of relation "processo_tributario" does not exist
LINE 4:                                 data_criacao, data_atualizac...
                                        ^

2025-12-18 13:46:04,709 - ERROR - Erro linha 940: column "id_processo_tributario" does not exist
LINE 1: SELECT id_processo_tributario FROM processo_tributario WHERE...
               ^

2025-12-18 13:46:05,523 - ERROR - Erro linha 941: column "id_processo_tributario" does not exist
LINE 1: SELECT id_processo_tributario FROM processo_tributario WHERE...
               ^

2025-12-18 13:46:06,337 - ERROR - Erro linha 942: column "id_processo_tributario" does not exist
LINE 1: SELECT id_processo_tributario FROM processo_tributario WHERE...
               ^

2025-12-18 13:46:07,020 - ERROR - Erro linha 664: column "data_criacao" of relation "processo_tributario" does not exist
LINE 4:                                 data_criacao, data_atualizac...
                                        ^

2025-12-18 13:46:07,150 - ERROR - Erro linha 943: column "id_processo_tributario" does not exist
LINE 1: SELECT id_processo_tributario FROM processo_tributario WHERE...
               ^

2025-12-18 13:46:07,963 - ERROR - Erro linha 944: column "id_processo_tributario" does not exist
LINE 1: SELECT id_processo_tributario FROM processo_tributario WHERE...
               ^

2025-12-18 13:46:08,661 - ERROR - Erro linha 666: column "data_criacao" of relation "processo_tributario" does not exist
LINE 4:                                 data_criacao, data_atualizac...
                                        ^

2025-12-18 13:46:08,778 - ERROR - Erro linha 945: column "id_processo_tributario" does not exist
LINE 1: SELECT id_processo_tributario FROM processo_tributario WHERE...
               ^

2025-12-18 13:46:09,591 - ERROR - Erro linha 946: column "id_processo_tributario" does not exist
LINE 1: SELECT id_processo_tributario FROM processo_tributario WHERE...
               ^

2025-12-18 13:46:10,336 - ERROR - Erro linha 668: column "data_criacao" of relation "processo_tributario" does not exist
LINE 4:                                 data_criacao, data_atualizac...
                                        ^

2025-12-18 13:46:10,403 - ERROR - Erro linha 947: column "id_processo_tributario" does not exist
LINE 1: SELECT id_processo_tributario FROM processo_tributario WHERE...
               ^

2025-12-18 13:46:11,214 - ERROR - Erro linha 948: column "id_processo_tributario" does not exist
LINE 1: SELECT id_processo_tributario FROM processo_tributario WHERE...
               ^

2025-12-18 13:46:11,313 - ERROR - Erro linha 669: column "data_criacao" of relation "processo_tributario" does not exist
LINE 4:                                 data_criacao, data_atualizac...
                                        ^

2025-12-18 13:46:12,026 - ERROR - Erro linha 949: column "id_processo_tributario" does not exist
LINE 1: SELECT id_processo_tributario FROM processo_tributario WHERE...
               ^

2025-12-18 13:46:12,842 - ERROR - Erro linha 950: column "id_processo_tributario" does not exist
LINE 1: SELECT id_processo_tributario FROM processo_tributario WHERE...
               ^

2025-12-18 13:46:13,653 - ERROR - Erro linha 951: column "id_processo_tributario" does not exist
LINE 1: SELECT id_processo_tributario FROM processo_tributario WHERE...
               ^

2025-12-18 13:46:14,678 - ERROR - Erro linha 673: column "data_criacao" of relation "processo_tributario" does not exist
LINE 4:                                 data_criacao, data_atualizac...
                                        ^

2025-12-18 13:46:15,647 - ERROR - Erro linha 674: column "data_criacao" of relation "processo_tributario" does not exist
LINE 4:                                 data_criacao, data_atualizac...
                                        ^

2025-12-18 13:46:15,825 - ERROR - Erro linha 954: column "id_processo_tributario" does not exist
LINE 1: SELECT id_processo_tributario FROM processo_tributario WHERE...
               ^

2025-12-18 13:46:16,598 - ERROR - Erro linha 675: column "data_criacao" of relation "processo_tributario" does not exist
LINE 4:                                 data_criacao, data_atualizac...
                                        ^

2025-12-18 13:46:16,638 - ERROR - Erro linha 955: column "id_processo_tributario" does not exist
LINE 1: SELECT id_processo_tributario FROM processo_tributario WHERE...
               ^

2025-12-18 13:46:17,454 - ERROR - Erro linha 956: column "id_processo_tributario" does not exist
LINE 1: SELECT id_processo_tributario FROM processo_tributario WHERE...
               ^

2025-12-18 13:46:17,565 - ERROR - Erro linha 676: column "data_criacao" of relation "processo_tributario" does not exist
LINE 4:                                 data_criacao, data_atualizac...
                                        ^

2025-12-18 13:46:18,270 - ERROR - Erro linha 957: column "id_processo_tributario" does not exist
LINE 1: SELECT id_processo_tributario FROM processo_tributario WHERE...
               ^

2025-12-18 13:46:18,518 - ERROR - Erro linha 677: column "data_criacao" of relation "processo_tributario" does not exist
LINE 4:                                 data_criacao, data_atualizac...
                                        ^

2025-12-18 13:46:19,088 - ERROR - Erro linha 958: column "id_processo_tributario" does not exist
LINE 1: SELECT id_processo_tributario FROM processo_tributario WHERE...
               ^

2025-12-18 13:46:19,465 - ERROR - Erro linha 678: column "data_criacao" of relation "processo_tributario" does not exist
LINE 4:                                 data_criacao, data_atualizac...
                                        ^

2025-12-18 13:46:19,900 - ERROR - Erro linha 959: column "id_processo_tributario" does not exist
LINE 1: SELECT id_processo_tributario FROM processo_tributario WHERE...
               ^

2025-12-18 13:46:20,415 - ERROR - Erro linha 679: column "data_criacao" of relation "processo_tributario" does not exist
LINE 4:                                 data_criacao, data_atualizac...
                                        ^

2025-12-18 13:46:20,714 - ERROR - Erro linha 960: column "id_processo_tributario" does not exist
LINE 1: SELECT id_processo_tributario FROM processo_tributario WHERE...
               ^

2025-12-18 13:46:21,380 - ERROR - Erro linha 680: column "data_criacao" of relation "processo_tributario" does not exist
LINE 4:                                 data_criacao, data_atualizac...
                                        ^

2025-12-18 13:46:22,344 - ERROR - Erro linha 681: column "data_criacao" of relation "processo_tributario" does not exist
LINE 4:                                 data_criacao, data_atualizac...
                                        ^

2025-12-18 13:46:22,878 - ERROR - Erro linha 963: column "id_processo_tributario" does not exist
LINE 1: SELECT id_processo_tributario FROM processo_tributario WHERE...
               ^

2025-12-18 13:46:23,692 - ERROR - Erro linha 964: column "id_processo_tributario" does not exist
LINE 1: SELECT id_processo_tributario FROM processo_tributario WHERE...
               ^

2025-12-18 13:46:23,996 - ERROR - Erro linha 683: column "data_criacao" of relation "processo_tributario" does not exist
LINE 4:                                 data_criacao, data_atualizac...
                                        ^

2025-12-18 13:46:24,941 - ERROR - Erro linha 684: column "data_criacao" of relation "processo_tributario" does not exist
LINE 4:                                 data_criacao, data_atualizac...
                                        ^

2025-12-18 13:46:25,189 - ERROR - Erro linha 966: column "id_processo_tributario" does not exist
LINE 1: SELECT id_processo_tributario FROM processo_tributario WHERE...
               ^

2025-12-18 13:46:25,911 - ERROR - Erro linha 685: column "data_criacao" of relation "processo_tributario" does not exist
LINE 4:                                 data_criacao, data_atualizac...
                                        ^

2025-12-18 13:46:27,359 - ERROR - Erro linha 969: column "id_processo_tributario" does not exist
LINE 1: SELECT id_processo_tributario FROM processo_tributario WHERE...
               ^

2025-12-18 13:46:27,566 - ERROR - Erro linha 687: column "data_criacao" of relation "processo_tributario" does not exist
LINE 4:                                 data_criacao, data_atualizac...
                                        ^

2025-12-18 13:46:28,171 - ERROR - Erro linha 970: column "id_processo_tributario" does not exist
LINE 1: SELECT id_processo_tributario FROM processo_tributario WHERE...
               ^

2025-12-18 13:46:28,989 - ERROR - Erro linha 971: column "id_processo_tributario" does not exist
LINE 1: SELECT id_processo_tributario FROM processo_tributario WHERE...
               ^

2025-12-18 13:46:29,212 - ERROR - Erro linha 689: column "data_criacao" of relation "processo_tributario" does not exist
LINE 4:                                 data_criacao, data_atualizac...
                                        ^

2025-12-18 13:46:29,803 - ERROR - Erro linha 972: column "id_processo_tributario" does not exist
LINE 1: SELECT id_processo_tributario FROM processo_tributario WHERE...
               ^

2025-12-18 13:46:30,861 - ERROR - Erro linha 691: column "data_criacao" of relation "processo_tributario" does not exist
LINE 4:                                 data_criacao, data_atualizac...
                                        ^

2025-12-18 13:46:31,808 - ERROR - Erro linha 692: column "data_criacao" of relation "processo_tributario" does not exist
LINE 4:                                 data_criacao, data_atualizac...
                                        ^

2025-12-18 13:46:31,971 - ERROR - Erro linha 975: column "id_processo_tributario" does not exist
LINE 1: SELECT id_processo_tributario FROM processo_tributario WHERE...
               ^

2025-12-18 13:46:33,468 - ERROR - Erro linha 977: column "id_processo_tributario" does not exist
LINE 1: SELECT id_processo_tributario FROM processo_tributario WHERE...
               ^

2025-12-18 13:46:34,802 - ERROR - Erro linha 696: column "data_criacao" of relation "processo_tributario" does not exist
LINE 4:                                 data_criacao, data_atualizac...
                                        ^

2025-12-18 13:46:35,639 - ERROR - Erro linha 980: column "id_processo_tributario" does not exist
LINE 1: SELECT id_processo_tributario FROM processo_tributario WHERE...
               ^

2025-12-18 13:46:35,757 - ERROR - Erro linha 697: column "data_criacao" of relation "processo_tributario" does not exist
LINE 4:                                 data_criacao, data_atualizac...
                                        ^

2025-12-18 13:46:36,705 - ERROR - Erro linha 698: column "data_criacao" of relation "processo_tributario" does not exist
LINE 4:                                 data_criacao, data_atualizac...
                                        ^

2025-12-18 13:46:37,131 - ERROR - Erro linha 982: column "id_processo_tributario" does not exist
LINE 1: SELECT id_processo_tributario FROM processo_tributario WHERE...
               ^

2025-12-18 13:46:38,624 - ERROR - Erro linha 984: column "id_processo_tributario" does not exist
LINE 1: SELECT id_processo_tributario FROM processo_tributario WHERE...
               ^

2025-12-18 13:46:40,116 - ERROR - Erro linha 986: column "id_processo_tributario" does not exist
LINE 1: SELECT id_processo_tributario FROM processo_tributario WHERE...
               ^

2025-12-18 13:46:41,045 - ERROR - Erro linha 704: column "data_criacao" of relation "processo_tributario" does not exist
LINE 4:                                 data_criacao, data_atualizac...
                                        ^

2025-12-18 13:46:41,605 - ERROR - Erro linha 988: column "id_processo_tributario" does not exist
LINE 1: SELECT id_processo_tributario FROM processo_tributario WHERE...
               ^

2025-12-18 13:46:42,005 - ERROR - Erro linha 705: column "data_criacao" of relation "processo_tributario" does not exist
LINE 4:                                 data_criacao, data_atualizac...
                                        ^

2025-12-18 13:46:42,421 - ERROR - Erro linha 989: column "id_processo_tributario" does not exist
LINE 1: SELECT id_processo_tributario FROM processo_tributario WHERE...
               ^

2025-12-18 13:46:42,955 - ERROR - Erro linha 706: column "data_criacao" of relation "processo_tributario" does not exist
LINE 4:                                 data_criacao, data_atualizac...
                                        ^

2025-12-18 13:46:44,591 - ERROR - Erro linha 992: column "id_processo_tributario" does not exist
LINE 1: SELECT id_processo_tributario FROM processo_tributario WHERE...
               ^

2025-12-18 13:46:45,982 - ERROR - Erro linha 710: column "data_criacao" of relation "processo_tributario" does not exist
LINE 4:                                 data_criacao, data_atualizac...
                                        ^

2025-12-18 13:46:46,765 - ERROR - Erro linha 995: column "id_processo_tributario" does not exist
LINE 1: SELECT id_processo_tributario FROM processo_tributario WHERE...
               ^

2025-12-18 13:46:46,927 - ERROR - Erro linha 711: column "data_criacao" of relation "processo_tributario" does not exist
LINE 4:                                 data_criacao, data_atualizac...
                                        ^

2025-12-18 13:46:47,579 - ERROR - Erro linha 996: column "id_processo_tributario" does not exist
LINE 1: SELECT id_processo_tributario FROM processo_tributario WHERE...
               ^

2025-12-18 13:46:47,884 - ERROR - Erro linha 712: column "data_criacao" of relation "processo_tributario" does not exist
LINE 4:                                 data_criacao, data_atualizac...
                                        ^

2025-12-18 13:46:48,392 - ERROR - Erro linha 997: column "id_processo_tributario" does not exist
LINE 1: SELECT id_processo_tributario FROM processo_tributario WHERE...
               ^

2025-12-18 13:46:50,566 - ERROR - Erro linha 1000: column "id_processo_tributario" does not exist
LINE 1: SELECT id_processo_tributario FROM processo_tributario WHERE...
               ^

2025-12-18 13:46:51,378 - ERROR - Erro linha 1001: column "id_processo_tributario" does not exist
LINE 1: SELECT id_processo_tributario FROM processo_tributario WHERE...
               ^

2025-12-18 13:46:52,191 - ERROR - Erro linha 1002: column "id_processo_tributario" does not exist
LINE 1: SELECT id_processo_tributario FROM processo_tributario WHERE...
               ^

2025-12-18 13:46:54,243 - ERROR - Erro linha 721: column "data_criacao" of relation "processo_tributario" does not exist
LINE 4:                                 data_criacao, data_atualizac...
                                        ^

2025-12-18 13:46:55,037 - ERROR - Erro linha 1006: column "id_processo_tributario" does not exist
LINE 1: SELECT id_processo_tributario FROM processo_tributario WHERE...
               ^

2025-12-18 13:46:55,191 - ERROR - Erro linha 722: column "data_criacao" of relation "processo_tributario" does not exist
LINE 4:                                 data_criacao, data_atualizac...
                                        ^

2025-12-18 13:46:55,856 - ERROR - Erro linha 1007: column "id_processo_tributario" does not exist
LINE 1: SELECT id_processo_tributario FROM processo_tributario WHERE...
               ^

2025-12-18 13:46:56,156 - ERROR - Erro linha 723: column "data_criacao" of relation "processo_tributario" does not exist
LINE 4:                                 data_criacao, data_atualizac...
                                        ^

2025-12-18 13:46:56,671 - ERROR - Erro linha 1008: column "id_processo_tributario" does not exist
LINE 1: SELECT id_processo_tributario FROM processo_tributario WHERE...
               ^

2025-12-18 13:46:57,109 - ERROR - Erro linha 724: column "data_criacao" of relation "processo_tributario" does not exist
LINE 4:                                 data_criacao, data_atualizac...
                                        ^

2025-12-18 13:46:58,076 - ERROR - Erro linha 725: column "data_criacao" of relation "processo_tributario" does not exist
LINE 4:                                 data_criacao, data_atualizac...
                                        ^

2025-12-18 13:46:58,839 - ERROR - Erro linha 1011: column "id_processo_tributario" does not exist
LINE 1: SELECT id_processo_tributario FROM processo_tributario WHERE...
               ^

2025-12-18 13:46:59,024 - ERROR - Erro linha 726: column "data_criacao" of relation "processo_tributario" does not exist
LINE 4:                                 data_criacao, data_atualizac...
                                        ^

2025-12-18 13:46:59,653 - ERROR - Erro linha 1012: column "id_processo_tributario" does not exist
LINE 1: SELECT id_processo_tributario FROM processo_tributario WHERE...
               ^

2025-12-18 13:47:00,464 - ERROR - Erro linha 1013: column "id_processo_tributario" does not exist
LINE 1: SELECT id_processo_tributario FROM processo_tributario WHERE...
               ^

2025-12-18 13:47:01,277 - ERROR - Erro linha 1014: column "id_processo_tributario" does not exist
LINE 1: SELECT id_processo_tributario FROM processo_tributario WHERE...
               ^

2025-12-18 13:47:01,355 - ERROR - Erro linha 729: column "data_criacao" of relation "processo_tributario" does not exist
LINE 4:                                 data_criacao, data_atualizac...
                                        ^

2025-12-18 13:47:02,983 - ERROR - Erro linha 731: column "data_criacao" of relation "processo_tributario" does not exist
LINE 4:                                 data_criacao, data_atualizac...
                                        ^

2025-12-18 13:47:03,926 - ERROR - Erro linha 732: column "data_criacao" of relation "processo_tributario" does not exist
LINE 4:                                 data_criacao, data_atualizac...
                                        ^

2025-12-18 13:47:04,123 - ERROR - Erro linha 1018: column "id_processo_tributario" does not exist
LINE 1: SELECT id_processo_tributario FROM processo_tributario WHERE...
               ^

2025-12-18 13:47:04,883 - ERROR - Erro linha 733: column "data_criacao" of relation "processo_tributario" does not exist
LINE 4:                                 data_criacao, data_atualizac...
                                        ^

2025-12-18 13:47:05,612 - ERROR - Erro linha 1020: column "id_processo_tributario" does not exist
LINE 1: SELECT id_processo_tributario FROM processo_tributario WHERE...
               ^

2025-12-18 13:47:06,424 - ERROR - Erro linha 1021: column "id_processo_tributario" does not exist
LINE 1: SELECT id_processo_tributario FROM processo_tributario WHERE...
               ^

2025-12-18 13:47:08,545 - ERROR - Erro linha 738: column "data_criacao" of relation "processo_tributario" does not exist
LINE 4:                                 data_criacao, data_atualizac...
                                        ^

2025-12-18 13:47:08,594 - ERROR - Erro linha 1024: column "id_processo_tributario" does not exist
LINE 1: SELECT id_processo_tributario FROM processo_tributario WHERE...
               ^

2025-12-18 13:47:10,089 - ERROR - Erro linha 1026: column "id_processo_tributario" does not exist
LINE 1: SELECT id_processo_tributario FROM processo_tributario WHERE...
               ^

2025-12-18 13:47:10,839 - ERROR - Erro linha 741: column "data_criacao" of relation "processo_tributario" does not exist
LINE 4:                                 data_criacao, data_atualizac...
                                        ^

2025-12-18 13:47:13,818 - ERROR - Erro linha 745: column "data_criacao" of relation "processo_tributario" does not exist
LINE 4:                                 data_criacao, data_atualizac...
                                        ^

2025-12-18 13:47:14,288 - ERROR - Erro linha 1032: column "id_processo_tributario" does not exist
LINE 1: SELECT id_processo_tributario FROM processo_tributario WHERE...
               ^

2025-12-18 13:47:15,099 - ERROR - Erro linha 1033: column "id_processo_tributario" does not exist
LINE 1: SELECT id_processo_tributario FROM processo_tributario WHERE...
               ^

2025-12-18 13:47:17,947 - ERROR - Erro linha 1037: column "id_processo_tributario" does not exist
LINE 1: SELECT id_processo_tributario FROM processo_tributario WHERE...
               ^

2025-12-18 13:47:19,438 - ERROR - Erro linha 1039: column "id_processo_tributario" does not exist
LINE 1: SELECT id_processo_tributario FROM processo_tributario WHERE...
               ^

2025-12-18 13:47:19,499 - ERROR - Erro linha 753: column "data_criacao" of relation "processo_tributario" does not exist
LINE 4:                                 data_criacao, data_atualizac...
                                        ^

2025-12-18 13:47:20,251 - ERROR - Erro linha 1040: column "id_processo_tributario" does not exist
LINE 1: SELECT id_processo_tributario FROM processo_tributario WHERE...
               ^

2025-12-18 13:47:21,068 - ERROR - Erro linha 1041: column "id_processo_tributario" does not exist
LINE 1: SELECT id_processo_tributario FROM processo_tributario WHERE...
               ^

2025-12-18 13:47:21,805 - ERROR - Erro linha 756: column "data_criacao" of relation "processo_tributario" does not exist
LINE 4:                                 data_criacao, data_atualizac...
                                        ^

2025-12-18 13:47:22,556 - ERROR - Erro linha 1043: column "id_processo_tributario" does not exist
LINE 1: SELECT id_processo_tributario FROM processo_tributario WHERE...
               ^

2025-12-18 13:47:23,368 - ERROR - Erro linha 1044: column "id_processo_tributario" does not exist
LINE 1: SELECT id_processo_tributario FROM processo_tributario WHERE...
               ^

2025-12-18 13:47:24,775 - ERROR - Erro linha 760: column "data_criacao" of relation "processo_tributario" does not exist
LINE 4:                                 data_criacao, data_atualizac...
                                        ^

2025-12-18 13:47:25,725 - ERROR - Erro linha 761: column "data_criacao" of relation "processo_tributario" does not exist
LINE 4:                                 data_criacao, data_atualizac...
                                        ^

2025-12-18 13:47:26,215 - ERROR - Erro linha 1048: column "id_processo_tributario" does not exist
LINE 1: SELECT id_processo_tributario FROM processo_tributario WHERE...
               ^

2025-12-18 13:47:26,669 - ERROR - Erro linha 762: column "data_criacao" of relation "processo_tributario" does not exist
LINE 4:                                 data_criacao, data_atualizac...
                                        ^

2025-12-18 13:47:27,029 - ERROR - Erro linha 1049: column "id_processo_tributario" does not exist
LINE 1: SELECT id_processo_tributario FROM processo_tributario WHERE...
               ^

2025-12-18 13:47:27,614 - ERROR - Erro linha 763: column "data_criacao" of relation "processo_tributario" does not exist
LINE 4:                                 data_criacao, data_atualizac...
                                        ^

2025-12-18 13:47:29,875 - ERROR - Erro linha 1053: column "id_processo_tributario" does not exist
LINE 1: SELECT id_processo_tributario FROM processo_tributario WHERE...
               ^

2025-12-18 13:47:29,911 - ERROR - Erro linha 766: column "data_criacao" of relation "processo_tributario" does not exist
LINE 4:                                 data_criacao, data_atualizac...
                                        ^

2025-12-18 13:47:31,367 - ERROR - Erro linha 1055: column "id_processo_tributario" does not exist
LINE 1: SELECT id_processo_tributario FROM processo_tributario WHERE...
               ^

2025-12-18 13:47:33,559 - ERROR - Erro linha 771: column "data_criacao" of relation "processo_tributario" does not exist
LINE 4:                                 data_criacao, data_atualizac...
                                        ^

2025-12-18 13:47:34,209 - ERROR - Erro linha 1059: column "id_processo_tributario" does not exist
LINE 1: SELECT id_processo_tributario FROM processo_tributario WHERE...
               ^

2025-12-18 13:47:35,019 - ERROR - Erro linha 1060: column "id_processo_tributario" does not exist
LINE 1: SELECT id_processo_tributario FROM processo_tributario WHERE...
               ^

2025-12-18 13:47:35,829 - ERROR - Erro linha 1061: column "id_processo_tributario" does not exist
LINE 1: SELECT id_processo_tributario FROM processo_tributario WHERE...
               ^

2025-12-18 13:47:35,851 - ERROR - Erro linha 774: column "data_criacao" of relation "processo_tributario" does not exist
LINE 4:                                 data_criacao, data_atualizac...
                                        ^

2025-12-18 13:47:36,643 - ERROR - Erro linha 1062: column "id_processo_tributario" does not exist
LINE 1: SELECT id_processo_tributario FROM processo_tributario WHERE...
               ^

2025-12-18 13:47:36,793 - ERROR - Erro linha 775: column "data_criacao" of relation "processo_tributario" does not exist
LINE 4:                                 data_criacao, data_atualizac...
                                        ^

2025-12-18 13:47:37,459 - ERROR - Erro linha 1063: column "id_processo_tributario" does not exist
LINE 1: SELECT id_processo_tributario FROM processo_tributario WHERE...
               ^

2025-12-18 13:47:37,742 - ERROR - Erro linha 776: column "data_criacao" of relation "processo_tributario" does not exist
LINE 4:                                 data_criacao, data_atualizac...
                                        ^

2025-12-18 13:47:38,277 - ERROR - Erro linha 1064: column "id_processo_tributario" does not exist
LINE 1: SELECT id_processo_tributario FROM processo_tributario WHERE...
               ^

2025-12-18 13:47:39,097 - ERROR - Erro linha 1065: column "id_processo_tributario" does not exist
LINE 1: SELECT id_processo_tributario FROM processo_tributario WHERE...
               ^

2025-12-18 13:47:39,911 - ERROR - Erro linha 1066: column "id_processo_tributario" does not exist
LINE 1: SELECT id_processo_tributario FROM processo_tributario WHERE...
               ^

2025-12-18 13:47:40,716 - ERROR - Erro linha 780: column "data_criacao" of relation "processo_tributario" does not exist
LINE 4:                                 data_criacao, data_atualizac...
                                        ^

2025-12-18 13:47:40,722 - ERROR - Erro linha 1067: column "id_processo_tributario" does not exist
LINE 1: SELECT id_processo_tributario FROM processo_tributario WHERE...
               ^

2025-12-18 13:47:41,667 - ERROR - Erro linha 781: column "data_criacao" of relation "processo_tributario" does not exist
LINE 4:                                 data_criacao, data_atualizac...
                                        ^

2025-12-18 13:47:42,212 - ERROR - Erro linha 1069: column "id_processo_tributario" does not exist
LINE 1: SELECT id_processo_tributario FROM processo_tributario WHERE...
               ^

2025-12-18 13:47:42,622 - ERROR - Erro linha 782: column "data_criacao" of relation "processo_tributario" does not exist
LINE 4:                                 data_criacao, data_atualizac...
                                        ^

2025-12-18 13:47:43,025 - ERROR - Erro linha 1070: column "id_processo_tributario" does not exist
LINE 1: SELECT id_processo_tributario FROM processo_tributario WHERE...
               ^

2025-12-18 13:47:43,838 - ERROR - Erro linha 1071: column "id_processo_tributario" does not exist
LINE 1: SELECT id_processo_tributario FROM processo_tributario WHERE...
               ^

2025-12-18 13:47:44,650 - ERROR - Erro linha 1072: column "id_processo_tributario" does not exist
LINE 1: SELECT id_processo_tributario FROM processo_tributario WHERE...
               ^

2025-12-18 13:47:45,465 - ERROR - Erro linha 1073: column "id_processo_tributario" does not exist
LINE 1: SELECT id_processo_tributario FROM processo_tributario WHERE...
               ^

2025-12-18 13:47:46,956 - ERROR - Erro linha 1075: column "id_processo_tributario" does not exist
LINE 1: SELECT id_processo_tributario FROM processo_tributario WHERE...
               ^

2025-12-18 13:47:47,650 - ERROR - Erro linha 789: column "data_criacao" of relation "processo_tributario" does not exist
LINE 4:                                 data_criacao, data_atualizac...
                                        ^

2025-12-18 13:47:47,768 - ERROR - Erro linha 1076: column "id_processo_tributario" does not exist
LINE 1: SELECT id_processo_tributario FROM processo_tributario WHERE...
               ^

2025-12-18 13:47:48,582 - ERROR - Erro linha 1077: column "id_processo_tributario" does not exist
LINE 1: SELECT id_processo_tributario FROM processo_tributario WHERE...
               ^

2025-12-18 13:47:49,396 - ERROR - Erro linha 1078: column "id_processo_tributario" does not exist
LINE 1: SELECT id_processo_tributario FROM processo_tributario WHERE...
               ^

2025-12-18 13:47:49,948 - ERROR - Erro linha 792: column "data_criacao" of relation "processo_tributario" does not exist
LINE 4:                                 data_criacao, data_atualizac...
                                        ^

2025-12-18 13:47:50,208 - ERROR - Erro linha 1079: column "id_processo_tributario" does not exist
LINE 1: SELECT id_processo_tributario FROM processo_tributario WHERE...
               ^

2025-12-18 13:47:50,899 - ERROR - Erro linha 793: column "data_criacao" of relation "processo_tributario" does not exist
LINE 4:                                 data_criacao, data_atualizac...
                                        ^

2025-12-18 13:47:51,022 - ERROR - Erro linha 1080: column "id_processo_tributario" does not exist
LINE 1: SELECT id_processo_tributario FROM processo_tributario WHERE...
               ^

2025-12-18 13:47:51,833 - ERROR - Erro linha 1081: column "id_processo_tributario" does not exist
LINE 1: SELECT id_processo_tributario FROM processo_tributario WHERE...
               ^

2025-12-18 13:47:51,872 - ERROR - Erro linha 794: column "data_criacao" of relation "processo_tributario" does not exist
LINE 4:                                 data_criacao, data_atualizac...
                                        ^

2025-12-18 13:47:52,820 - ERROR - Erro linha 795: column "data_criacao" of relation "processo_tributario" does not exist
LINE 4:                                 data_criacao, data_atualizac...
                                        ^

2025-12-18 13:47:53,767 - ERROR - Erro linha 796: column "data_criacao" of relation "processo_tributario" does not exist
LINE 4:                                 data_criacao, data_atualizac...
                                        ^

2025-12-18 13:47:54,687 - ERROR - Erro linha 1085: column "id_processo_tributario" does not exist
LINE 1: SELECT id_processo_tributario FROM processo_tributario WHERE...
               ^

2025-12-18 13:47:55,515 - ERROR - Erro linha 1086: column "id_processo_tributario" does not exist
LINE 1: SELECT id_processo_tributario FROM processo_tributario WHERE...
               ^

2025-12-18 13:47:57,015 - ERROR - Erro linha 1088: column "id_processo_tributario" does not exist
LINE 1: SELECT id_processo_tributario FROM processo_tributario WHERE...
               ^

2025-12-18 13:48:03,244 - ERROR - Erro linha 1097: column "id_processo_tributario" does not exist
LINE 1: SELECT id_processo_tributario FROM processo_tributario WHERE...
               ^

2025-12-18 13:48:05,418 - ERROR - Erro linha 1100: column "id_processo_tributario" does not exist
LINE 1: SELECT id_processo_tributario FROM processo_tributario WHERE...
               ^

2025-12-18 13:48:06,230 - ERROR - Erro linha 1101: column "id_processo_tributario" does not exist
LINE 1: SELECT id_processo_tributario FROM processo_tributario WHERE...
               ^

2025-12-18 13:48:06,905 - ERROR - Erro linha 815: column "data_criacao" of relation "processo_tributario" does not exist
LINE 4:                                 data_criacao, data_atualizac...
                                        ^

2025-12-18 13:48:07,041 - ERROR - Erro linha 1102: column "id_processo_tributario" does not exist
LINE 1: SELECT id_processo_tributario FROM processo_tributario WHERE...
               ^

2025-12-18 13:48:07,847 - ERROR - Erro linha 816: column "data_criacao" of relation "processo_tributario" does not exist
LINE 4:                                 data_criacao, data_atualizac...
                                        ^

2025-12-18 13:48:08,789 - ERROR - Erro linha 817: column "data_criacao" of relation "processo_tributario" does not exist
LINE 4:                                 data_criacao, data_atualizac...
                                        ^

2025-12-18 13:48:11,113 - ERROR - Erro linha 820: column "data_criacao" of relation "processo_tributario" does not exist
LINE 4:                                 data_criacao, data_atualizac...
                                        ^

2025-12-18 13:48:11,255 - ERROR - Erro linha 1108: column "id_processo_tributario" does not exist
LINE 1: SELECT id_processo_tributario FROM processo_tributario WHERE...
               ^

2025-12-18 13:48:12,056 - ERROR - Erro linha 821: column "data_criacao" of relation "processo_tributario" does not exist
LINE 4:                                 data_criacao, data_atualizac...
                                        ^

2025-12-18 13:48:12,064 - ERROR - Erro linha 1109: column "id_processo_tributario" does not exist
LINE 1: SELECT id_processo_tributario FROM processo_tributario WHERE...
               ^

2025-12-18 13:48:13,003 - ERROR - Erro linha 822: column "data_criacao" of relation "processo_tributario" does not exist
LINE 4:                                 data_criacao, data_atualizac...
                                        ^

2025-12-18 13:48:15,987 - ERROR - Erro linha 826: column "data_criacao" of relation "processo_tributario" does not exist
LINE 4:                                 data_criacao, data_atualizac...
                                        ^

2025-12-18 13:48:16,260 - ERROR - Erro linha 1115: column "id_processo_tributario" does not exist
LINE 1: SELECT id_processo_tributario FROM processo_tributario WHERE...
               ^

2025-12-18 13:48:16,940 - ERROR - Erro linha 827: column "data_criacao" of relation "processo_tributario" does not exist
LINE 4:                                 data_criacao, data_atualizac...
                                        ^

2025-12-18 13:48:17,073 - ERROR - Erro linha 1116: column "id_processo_tributario" does not exist
LINE 1: SELECT id_processo_tributario FROM processo_tributario WHERE...
               ^

2025-12-18 13:48:17,888 - ERROR - Erro linha 1117: column "id_processo_tributario" does not exist
LINE 1: SELECT id_processo_tributario FROM processo_tributario WHERE...
               ^

2025-12-18 13:48:18,560 - ERROR - Erro linha 829: column "data_criacao" of relation "processo_tributario" does not exist
LINE 4:                                 data_criacao, data_atualizac...
                                        ^

2025-12-18 13:48:18,707 - ERROR - Erro linha 1118: column "id_processo_tributario" does not exist
LINE 1: SELECT id_processo_tributario FROM processo_tributario WHERE...
               ^

2025-12-18 13:48:20,858 - ERROR - Erro linha 832: column "data_criacao" of relation "processo_tributario" does not exist
LINE 4:                                 data_criacao, data_atualizac...
                                        ^

2025-12-18 13:48:22,485 - ERROR - Erro linha 834: column "data_criacao" of relation "processo_tributario" does not exist
LINE 4:                                 data_criacao, data_atualizac...
                                        ^

2025-12-18 13:48:23,441 - ERROR - Erro linha 835: column "data_criacao" of relation "processo_tributario" does not exist
LINE 4:                                 data_criacao, data_atualizac...
                                        ^

2025-12-18 13:48:24,389 - ERROR - Erro linha 836: column "data_criacao" of relation "processo_tributario" does not exist
LINE 4:                                 data_criacao, data_atualizac...
                                        ^

2025-12-18 13:48:25,341 - ERROR - Erro linha 837: column "data_criacao" of relation "processo_tributario" does not exist
LINE 4:                                 data_criacao, data_atualizac...
                                        ^

2025-12-18 13:48:26,288 - ERROR - Erro linha 838: column "data_criacao" of relation "processo_tributario" does not exist
LINE 4:                                 data_criacao, data_atualizac...
                                        ^

2025-12-18 13:48:26,299 - ERROR - Erro linha 1129: column "id_processo_tributario" does not exist
LINE 1: SELECT id_processo_tributario FROM processo_tributario WHERE...
               ^

2025-12-18 13:48:27,109 - ERROR - Erro linha 1130: column "id_processo_tributario" does not exist
LINE 1: SELECT id_processo_tributario FROM processo_tributario WHERE...
               ^

2025-12-18 13:48:27,239 - ERROR - Erro linha 839: column "data_criacao" of relation "processo_tributario" does not exist
LINE 4:                                 data_criacao, data_atualizac...
                                        ^

2025-12-18 13:48:28,192 - ERROR - Erro linha 840: column "data_criacao" of relation "processo_tributario" does not exist
LINE 4:                                 data_criacao, data_atualizac...
                                        ^

2025-12-18 13:48:29,141 - ERROR - Erro linha 841: column "data_criacao" of relation "processo_tributario" does not exist
LINE 4:                                 data_criacao, data_atualizac...
                                        ^

2025-12-18 13:48:29,952 - ERROR - Erro linha 1134: column "id_processo_tributario" does not exist
LINE 1: SELECT id_processo_tributario FROM processo_tributario WHERE...
               ^

2025-12-18 13:48:30,090 - ERROR - Erro linha 842: column "data_criacao" of relation "processo_tributario" does not exist
LINE 4:                                 data_criacao, data_atualizac...
                                        ^

2025-12-18 13:48:31,039 - ERROR - Erro linha 843: column "data_criacao" of relation "processo_tributario" does not exist
LINE 4:                                 data_criacao, data_atualizac...
                                        ^

2025-12-18 13:48:32,662 - ERROR - Erro linha 845: column "data_criacao" of relation "processo_tributario" does not exist
LINE 4:                                 data_criacao, data_atualizac...
                                        ^

2025-12-18 13:48:33,481 - ERROR - Erro linha 1139: column "id_processo_tributario" does not exist
LINE 1: SELECT id_processo_tributario FROM processo_tributario WHERE...
               ^

2025-12-18 13:48:33,606 - ERROR - Erro linha 846: column "data_criacao" of relation "processo_tributario" does not exist
LINE 4:                                 data_criacao, data_atualizac...
                                        ^

2025-12-18 13:48:35,257 - ERROR - Erro linha 848: column "data_criacao" of relation "processo_tributario" does not exist
LINE 4:                                 data_criacao, data_atualizac...
                                        ^

2025-12-18 13:48:36,213 - ERROR - Erro linha 849: column "data_criacao" of relation "processo_tributario" does not exist
LINE 4:                                 data_criacao, data_atualizac...
                                        ^

2025-12-18 13:48:37,681 - ERROR - Erro linha 1145: column "id_processo_tributario" does not exist
LINE 1: SELECT id_processo_tributario FROM processo_tributario WHERE...
               ^

2025-12-18 13:48:37,861 - ERROR - Erro linha 851: column "data_criacao" of relation "processo_tributario" does not exist
LINE 4:                                 data_criacao, data_atualizac...
                                        ^

2025-12-18 13:48:39,171 - ERROR - Erro linha 1147: column "id_processo_tributario" does not exist
LINE 1: SELECT id_processo_tributario FROM processo_tributario WHERE...
               ^

2025-12-18 13:48:41,343 - ERROR - Erro linha 1150: column "id_processo_tributario" does not exist
LINE 1: SELECT id_processo_tributario FROM processo_tributario WHERE...
               ^

2025-12-18 13:48:41,542 - ERROR - Erro linha 856: column "data_criacao" of relation "processo_tributario" does not exist
LINE 4:                                 data_criacao, data_atualizac...
                                        ^

2025-12-18 13:48:42,158 - ERROR - Erro linha 1151: column "id_processo_tributario" does not exist
LINE 1: SELECT id_processo_tributario FROM processo_tributario WHERE...
               ^

2025-12-18 13:48:42,491 - ERROR - Erro linha 857: column "data_criacao" of relation "processo_tributario" does not exist
LINE 4:                                 data_criacao, data_atualizac...
                                        ^

2025-12-18 13:48:42,971 - ERROR - Erro linha 1152: column "id_processo_tributario" does not exist
LINE 1: SELECT id_processo_tributario FROM processo_tributario WHERE...
               ^

2025-12-18 13:48:43,785 - ERROR - Erro linha 1153: column "id_processo_tributario" does not exist
LINE 1: SELECT id_processo_tributario FROM processo_tributario WHERE...
               ^

2025-12-18 13:48:44,124 - ERROR - Erro linha 859: column "data_criacao" of relation "processo_tributario" does not exist
LINE 4:                                 data_criacao, data_atualizac...
                                        ^

2025-12-18 13:48:45,076 - ERROR - Erro linha 860: column "data_criacao" of relation "processo_tributario" does not exist
LINE 4:                                 data_criacao, data_atualizac...
                                        ^

2025-12-18 13:48:45,278 - ERROR - Erro linha 1155: column "id_processo_tributario" does not exist
LINE 1: SELECT id_processo_tributario FROM processo_tributario WHERE...
               ^

2025-12-18 13:48:46,032 - ERROR - Erro linha 861: column "data_criacao" of relation "processo_tributario" does not exist
LINE 4:                                 data_criacao, data_atualizac...
                                        ^

2025-12-18 13:48:46,979 - ERROR - Erro linha 862: column "data_criacao" of relation "processo_tributario" does not exist
LINE 4:                                 data_criacao, data_atualizac...
                                        ^

2025-12-18 13:48:48,132 - ERROR - Erro linha 1159: column "id_processo_tributario" does not exist
LINE 1: SELECT id_processo_tributario FROM processo_tributario WHERE...
               ^

2025-12-18 13:48:49,623 - ERROR - Erro linha 1161: column "id_processo_tributario" does not exist
LINE 1: SELECT id_processo_tributario FROM processo_tributario WHERE...
               ^

2025-12-18 13:48:51,117 - ERROR - Erro linha 1163: column "id_processo_tributario" does not exist
LINE 1: SELECT id_processo_tributario FROM processo_tributario WHERE...
               ^

2025-12-18 13:48:53,962 - ERROR - Erro linha 1167: column "id_processo_tributario" does not exist
LINE 1: SELECT id_processo_tributario FROM processo_tributario WHERE...
               ^

2025-12-18 13:48:54,039 - ERROR - Erro linha 872: column "data_criacao" of relation "processo_tributario" does not exist
LINE 4:                                 data_criacao, data_atualizac...
                                        ^

2025-12-18 13:48:54,988 - ERROR - Erro linha 873: column "data_criacao" of relation "processo_tributario" does not exist
LINE 4:                                 data_criacao, data_atualizac...
                                        ^

2025-12-18 13:48:56,609 - ERROR - Erro linha 875: column "data_criacao" of relation "processo_tributario" does not exist
LINE 4:                                 data_criacao, data_atualizac...
                                        ^

2025-12-18 13:48:57,488 - ERROR - Erro linha 1172: column "id_processo_tributario" does not exist
LINE 1: SELECT id_processo_tributario FROM processo_tributario WHERE...
               ^

2025-12-18 13:48:59,594 - ERROR - Erro linha 879: column "data_criacao" of relation "processo_tributario" does not exist
LINE 4:                                 data_criacao, data_atualizac...
                                        ^

2025-12-18 13:49:00,338 - ERROR - Erro linha 1176: column "id_processo_tributario" does not exist
LINE 1: SELECT id_processo_tributario FROM processo_tributario WHERE...
               ^

2025-12-18 13:49:01,151 - ERROR - Erro linha 1177: column "id_processo_tributario" does not exist
LINE 1: SELECT id_processo_tributario FROM processo_tributario WHERE...
               ^

2025-12-18 13:49:01,226 - ERROR - Erro linha 881: column "data_criacao" of relation "processo_tributario" does not exist
LINE 4:                                 data_criacao, data_atualizac...
                                        ^

2025-12-18 13:49:02,209 - ERROR - Erro linha 882: column "data_criacao" of relation "processo_tributario" does not exist
LINE 4:                                 data_criacao, data_atualizac...
                                        ^

2025-12-18 13:49:03,158 - ERROR - Erro linha 883: column "data_criacao" of relation "processo_tributario" does not exist
LINE 4:                                 data_criacao, data_atualizac...
                                        ^

2025-12-18 13:49:04,781 - ERROR - Erro linha 885: column "data_criacao" of relation "processo_tributario" does not exist
LINE 4:                                 data_criacao, data_atualizac...
                                        ^

2025-12-18 13:49:05,732 - ERROR - Erro linha 886: column "data_criacao" of relation "processo_tributario" does not exist
LINE 4:                                 data_criacao, data_atualizac...
                                        ^

2025-12-18 13:49:06,678 - ERROR - Erro linha 887: column "data_criacao" of relation "processo_tributario" does not exist
LINE 4:                                 data_criacao, data_atualizac...
                                        ^

2025-12-18 13:49:07,628 - ERROR - Erro linha 888: column "data_criacao" of relation "processo_tributario" does not exist
LINE 4:                                 data_criacao, data_atualizac...
                                        ^

2025-12-18 13:49:08,573 - ERROR - Erro linha 889: column "data_criacao" of relation "processo_tributario" does not exist
LINE 4:                                 data_criacao, data_atualizac...
                                        ^

2025-12-18 13:49:09,517 - ERROR - Erro linha 890: column "data_criacao" of relation "processo_tributario" does not exist
LINE 4:                                 data_criacao, data_atualizac...
                                        ^

2025-12-18 13:49:10,464 - ERROR - Erro linha 891: column "data_criacao" of relation "processo_tributario" does not exist
LINE 4:                                 data_criacao, data_atualizac...
                                        ^

2025-12-18 13:49:11,417 - ERROR - Erro linha 892: column "data_criacao" of relation "processo_tributario" does not exist
LINE 4:                                 data_criacao, data_atualizac...
                                        ^

2025-12-18 13:49:13,038 - ERROR - Erro linha 894: column "data_criacao" of relation "processo_tributario" does not exist
LINE 4:                                 data_criacao, data_atualizac...
                                        ^

2025-12-18 13:49:15,339 - ERROR - Erro linha 897: column "data_criacao" of relation "processo_tributario" does not exist
LINE 4:                                 data_criacao, data_atualizac...
                                        ^

2025-12-18 13:49:15,529 - ERROR - Erro linha 1198: column "id_processo_tributario" does not exist
LINE 1: SELECT id_processo_tributario FROM processo_tributario WHERE...
               ^

2025-12-18 13:49:16,964 - ERROR - Erro linha 899: column "data_criacao" of relation "processo_tributario" does not exist
LINE 4:                                 data_criacao, data_atualizac...
                                        ^

2025-12-18 13:49:19,056 - ERROR - Erro linha 1203: column "id_processo_tributario" does not exist
LINE 1: SELECT id_processo_tributario FROM processo_tributario WHERE...
               ^

2025-12-18 13:49:19,261 - ERROR - Erro linha 902: column "data_criacao" of relation "processo_tributario" does not exist
LINE 4:                                 data_criacao, data_atualizac...
                                        ^

2025-12-18 13:49:20,204 - ERROR - Erro linha 903: column "data_criacao" of relation "processo_tributario" does not exist
LINE 4:                                 data_criacao, data_atualizac...
                                        ^

2025-12-18 13:49:20,556 - ERROR - Erro linha 1205: column "id_processo_tributario" does not exist
LINE 1: SELECT id_processo_tributario FROM processo_tributario WHERE...
               ^

2025-12-18 13:49:21,153 - ERROR - Erro linha 904: column "data_criacao" of relation "processo_tributario" does not exist
LINE 4:                                 data_criacao, data_atualizac...
                                        ^

2025-12-18 13:49:23,411 - ERROR - Erro linha 1209: column "id_processo_tributario" does not exist
LINE 1: SELECT id_processo_tributario FROM processo_tributario WHERE...
               ^

2025-12-18 13:49:24,136 - ERROR - Erro linha 908: column "data_criacao" of relation "processo_tributario" does not exist
LINE 4:                                 data_criacao, data_atualizac...
                                        ^

2025-12-18 13:49:27,803 - ERROR - Erro linha 913: column "data_criacao" of relation "processo_tributario" does not exist
LINE 4:                                 data_criacao, data_atualizac...
                                        ^

2025-12-18 13:49:28,753 - ERROR - Erro linha 914: column "data_criacao" of relation "processo_tributario" does not exist
LINE 4:                                 data_criacao, data_atualizac...
                                        ^

2025-12-18 13:49:28,974 - ERROR - Erro linha 1217: column "id_processo_tributario" does not exist
LINE 1: SELECT id_processo_tributario FROM processo_tributario WHERE...
               ^

2025-12-18 13:49:30,467 - ERROR - Erro linha 1219: column "id_processo_tributario" does not exist
LINE 1: SELECT id_processo_tributario FROM processo_tributario WHERE...
               ^

2025-12-18 13:49:31,053 - ERROR - Erro linha 917: column "data_criacao" of relation "processo_tributario" does not exist
LINE 4:                                 data_criacao, data_atualizac...
                                        ^

2025-12-18 13:49:31,954 - ERROR - Erro linha 1221: column "id_processo_tributario" does not exist
LINE 1: SELECT id_processo_tributario FROM processo_tributario WHERE...
               ^

2025-12-18 13:49:32,004 - ERROR - Erro linha 918: column "data_criacao" of relation "processo_tributario" does not exist
LINE 4:                                 data_criacao, data_atualizac...
                                        ^

2025-12-18 13:49:32,955 - ERROR - Erro linha 919: column "data_criacao" of relation "processo_tributario" does not exist
LINE 4:                                 data_criacao, data_atualizac...
                                        ^

2025-12-18 13:49:33,448 - ERROR - Erro linha 1223: column "id_processo_tributario" does not exist
LINE 1: SELECT id_processo_tributario FROM processo_tributario WHERE...
               ^

2025-12-18 13:49:35,262 - ERROR - Erro linha 922: column "data_criacao" of relation "processo_tributario" does not exist
LINE 4:                                 data_criacao, data_atualizac...
                                        ^

2025-12-18 13:49:36,988 - ERROR - Erro linha 1228: column "id_processo_tributario" does not exist
LINE 1: SELECT id_processo_tributario FROM processo_tributario WHERE...
               ^

2025-12-18 13:49:37,571 - ERROR - Erro linha 925: column "data_criacao" of relation "processo_tributario" does not exist
LINE 4:                                 data_criacao, data_atualizac...
                                        ^

2025-12-18 13:49:38,520 - ERROR - Erro linha 926: column "data_criacao" of relation "processo_tributario" does not exist
LINE 4:                                 data_criacao, data_atualizac...
                                        ^

2025-12-18 13:49:39,466 - ERROR - Erro linha 927: column "data_criacao" of relation "processo_tributario" does not exist
LINE 4:                                 data_criacao, data_atualizac...
                                        ^

2025-12-18 13:49:39,853 - ERROR - Erro linha 1232: column "id_processo_tributario" does not exist
LINE 1: SELECT id_processo_tributario FROM processo_tributario WHERE...
               ^

2025-12-18 13:49:40,414 - ERROR - Erro linha 928: column "data_criacao" of relation "processo_tributario" does not exist
LINE 4:                                 data_criacao, data_atualizac...
                                        ^

2025-12-18 13:49:41,346 - ERROR - Erro linha 1234: column "id_processo_tributario" does not exist
LINE 1: SELECT id_processo_tributario FROM processo_tributario WHERE...
               ^

2025-12-18 13:49:41,367 - ERROR - Erro linha 929: column "data_criacao" of relation "processo_tributario" does not exist
LINE 4:                                 data_criacao, data_atualizac...
                                        ^

2025-12-18 13:49:42,317 - ERROR - Erro linha 930: column "data_criacao" of relation "processo_tributario" does not exist
LINE 4:                                 data_criacao, data_atualizac...
                                        ^

2025-12-18 13:49:42,838 - ERROR - Erro linha 1236: column "id_processo_tributario" does not exist
LINE 1: SELECT id_processo_tributario FROM processo_tributario WHERE...
               ^

2025-12-18 13:49:43,649 - ERROR - Erro linha 1237: column "id_processo_tributario" does not exist
LINE 1: SELECT id_processo_tributario FROM processo_tributario WHERE...
               ^

2025-12-18 13:49:44,642 - ERROR - Erro linha 933: column "data_criacao" of relation "processo_tributario" does not exist
LINE 4:                                 data_criacao, data_atualizac...
                                        ^

2025-12-18 13:49:45,595 - ERROR - Erro linha 934: column "data_criacao" of relation "processo_tributario" does not exist
LINE 4:                                 data_criacao, data_atualizac...
                                        ^

2025-12-18 13:49:46,549 - ERROR - Erro linha 935: column "data_criacao" of relation "processo_tributario" does not exist
LINE 4:                                 data_criacao, data_atualizac...
                                        ^

2025-12-18 13:49:47,498 - ERROR - Erro linha 936: column "data_criacao" of relation "processo_tributario" does not exist
LINE 4:                                 data_criacao, data_atualizac...
                                        ^

2025-12-18 13:49:48,442 - ERROR - Erro linha 937: column "data_criacao" of relation "processo_tributario" does not exist
LINE 4:                                 data_criacao, data_atualizac...
                                        ^

2025-12-18 13:49:48,539 - ERROR - Erro linha 1244: column "id_processo_tributario" does not exist
LINE 1: SELECT id_processo_tributario FROM processo_tributario WHERE...
               ^

2025-12-18 13:49:49,354 - ERROR - Erro linha 1245: column "id_processo_tributario" does not exist
LINE 1: SELECT id_processo_tributario FROM processo_tributario WHERE...
               ^

2025-12-18 13:49:49,394 - ERROR - Erro linha 938: column "data_criacao" of relation "processo_tributario" does not exist
LINE 4:                                 data_criacao, data_atualizac...
                                        ^

2025-12-18 13:49:50,335 - ERROR - Erro linha 939: column "data_criacao" of relation "processo_tributario" does not exist
LINE 4:                                 data_criacao, data_atualizac...
                                        ^

2025-12-18 13:49:51,299 - ERROR - Erro linha 940: column "data_criacao" of relation "processo_tributario" does not exist
LINE 4:                                 data_criacao, data_atualizac...
                                        ^

2025-12-18 13:49:52,246 - ERROR - Erro linha 941: column "data_criacao" of relation "processo_tributario" does not exist
LINE 4:                                 data_criacao, data_atualizac...
                                        ^

2025-12-18 13:49:53,197 - ERROR - Erro linha 942: column "data_criacao" of relation "processo_tributario" does not exist
LINE 4:                                 data_criacao, data_atualizac...
                                        ^

2025-12-18 13:49:54,141 - ERROR - Erro linha 943: column "data_criacao" of relation "processo_tributario" does not exist
LINE 4:                                 data_criacao, data_atualizac...
                                        ^

2025-12-18 13:49:55,089 - ERROR - Erro linha 944: column "data_criacao" of relation "processo_tributario" does not exist
LINE 4:                                 data_criacao, data_atualizac...
                                        ^

2025-12-18 13:49:56,037 - ERROR - Erro linha 945: column "data_criacao" of relation "processo_tributario" does not exist
LINE 4:                                 data_criacao, data_atualizac...
                                        ^

2025-12-18 13:49:56,935 - ERROR - Erro linha 1256: column "id_processo_tributario" does not exist
LINE 1: SELECT id_processo_tributario FROM processo_tributario WHERE...
               ^

2025-12-18 13:49:56,984 - ERROR - Erro linha 946: column "data_criacao" of relation "processo_tributario" does not exist
LINE 4:                                 data_criacao, data_atualizac...
                                        ^

2025-12-18 13:49:57,748 - ERROR - Erro linha 1257: column "id_processo_tributario" does not exist
LINE 1: SELECT id_processo_tributario FROM processo_tributario WHERE...
               ^

2025-12-18 13:49:57,934 - ERROR - Erro linha 947: column "data_criacao" of relation "processo_tributario" does not exist
LINE 4:                                 data_criacao, data_atualizac...
                                        ^

2025-12-18 13:49:58,560 - ERROR - Erro linha 1258: column "id_processo_tributario" does not exist
LINE 1: SELECT id_processo_tributario FROM processo_tributario WHERE...
               ^

2025-12-18 13:49:58,883 - ERROR - Erro linha 948: column "data_criacao" of relation "processo_tributario" does not exist
LINE 4:                                 data_criacao, data_atualizac...
                                        ^

2025-12-18 13:49:59,376 - ERROR - Erro linha 1259: column "id_processo_tributario" does not exist
LINE 1: SELECT id_processo_tributario FROM processo_tributario WHERE...
               ^

2025-12-18 13:49:59,835 - ERROR - Erro linha 949: column "data_criacao" of relation "processo_tributario" does not exist
LINE 4:                                 data_criacao, data_atualizac...
                                        ^

2025-12-18 13:50:00,190 - ERROR - Erro linha 1260: column "id_processo_tributario" does not exist
LINE 1: SELECT id_processo_tributario FROM processo_tributario WHERE...
               ^

2025-12-18 13:50:00,787 - ERROR - Erro linha 950: column "data_criacao" of relation "processo_tributario" does not exist
LINE 4:                                 data_criacao, data_atualizac...
                                        ^

2025-12-18 13:50:01,003 - ERROR - Erro linha 1261: column "id_processo_tributario" does not exist
LINE 1: SELECT id_processo_tributario FROM processo_tributario WHERE...
               ^

2025-12-18 13:50:01,733 - ERROR - Erro linha 951: column "data_criacao" of relation "processo_tributario" does not exist
LINE 4:                                 data_criacao, data_atualizac...
                                        ^

2025-12-18 13:50:03,172 - ERROR - Erro linha 1264: column "id_processo_tributario" does not exist
LINE 1: SELECT id_processo_tributario FROM processo_tributario WHERE...
               ^

2025-12-18 13:50:04,068 - ERROR - Erro linha 954: column "data_criacao" of relation "processo_tributario" does not exist
LINE 4:                                 data_criacao, data_atualizac...
                                        ^

2025-12-18 13:50:05,022 - ERROR - Erro linha 955: column "data_criacao" of relation "processo_tributario" does not exist
LINE 4:                                 data_criacao, data_atualizac...
                                        ^

2025-12-18 13:50:05,968 - ERROR - Erro linha 956: column "data_criacao" of relation "processo_tributario" does not exist
LINE 4:                                 data_criacao, data_atualizac...
                                        ^

2025-12-18 13:50:06,698 - ERROR - Erro linha 1269: column "id_processo_tributario" does not exist
LINE 1: SELECT id_processo_tributario FROM processo_tributario WHERE...
               ^

2025-12-18 13:50:06,934 - ERROR - Erro linha 957: column "data_criacao" of relation "processo_tributario" does not exist
LINE 4:                                 data_criacao, data_atualizac...
                                        ^

2025-12-18 13:50:07,509 - ERROR - Erro linha 1270: column "id_processo_tributario" does not exist
LINE 1: SELECT id_processo_tributario FROM processo_tributario WHERE...
               ^

2025-12-18 13:50:07,903 - ERROR - Erro linha 958: column "data_criacao" of relation "processo_tributario" does not exist
LINE 4:                                 data_criacao, data_atualizac...
                                        ^

2025-12-18 13:50:08,324 - ERROR - Erro linha 1271: column "id_processo_tributario" does not exist
LINE 1: SELECT id_processo_tributario FROM processo_tributario WHERE...
               ^

2025-12-18 13:50:08,867 - ERROR - Erro linha 959: column "data_criacao" of relation "processo_tributario" does not exist
LINE 4:                                 data_criacao, data_atualizac...
                                        ^

2025-12-18 13:50:09,135 - ERROR - Erro linha 1272: column "id_processo_tributario" does not exist
LINE 1: SELECT id_processo_tributario FROM processo_tributario WHERE...
               ^

2025-12-18 13:50:09,826 - ERROR - Erro linha 960: column "data_criacao" of relation "processo_tributario" does not exist
LINE 4:                                 data_criacao, data_atualizac...
                                        ^

2025-12-18 13:50:09,947 - ERROR - Erro linha 1273: column "id_processo_tributario" does not exist
LINE 1: SELECT id_processo_tributario FROM processo_tributario WHERE...
               ^

2025-12-18 13:50:10,758 - ERROR - Erro linha 1274: column "id_processo_tributario" does not exist
LINE 1: SELECT id_processo_tributario FROM processo_tributario WHERE...
               ^

2025-12-18 13:50:11,570 - ERROR - Erro linha 1275: column "id_processo_tributario" does not exist
LINE 1: SELECT id_processo_tributario FROM processo_tributario WHERE...
               ^

2025-12-18 13:50:12,144 - ERROR - Erro linha 963: column "data_criacao" of relation "processo_tributario" does not exist
LINE 4:                                 data_criacao, data_atualizac...
                                        ^

2025-12-18 13:50:13,099 - ERROR - Erro linha 964: column "data_criacao" of relation "processo_tributario" does not exist
LINE 4:                                 data_criacao, data_atualizac...
                                        ^

2025-12-18 13:50:14,732 - ERROR - Erro linha 966: column "data_criacao" of relation "processo_tributario" does not exist
LINE 4:                                 data_criacao, data_atualizac...
                                        ^

2025-12-18 13:50:17,056 - ERROR - Erro linha 969: column "data_criacao" of relation "processo_tributario" does not exist
LINE 4:                                 data_criacao, data_atualizac...
                                        ^

2025-12-18 13:50:17,814 - ERROR - Erro linha 1284: column "id_processo_tributario" does not exist
LINE 1: SELECT id_processo_tributario FROM processo_tributario WHERE...
               ^

2025-12-18 13:50:18,009 - ERROR - Erro linha 970: column "data_criacao" of relation "processo_tributario" does not exist
LINE 4:                                 data_criacao, data_atualizac...
                                        ^

2025-12-18 13:50:18,958 - ERROR - Erro linha 971: column "data_criacao" of relation "processo_tributario" does not exist
LINE 4:                                 data_criacao, data_atualizac...
                                        ^

2025-12-18 13:50:19,299 - ERROR - Erro linha 1286: column "id_processo_tributario" does not exist
LINE 1: SELECT id_processo_tributario FROM processo_tributario WHERE...
               ^

2025-12-18 13:50:19,902 - ERROR - Erro linha 972: column "data_criacao" of relation "processo_tributario" does not exist
LINE 4:                                 data_criacao, data_atualizac...
                                        ^

2025-12-18 13:50:22,146 - ERROR - Erro linha 1290: column "id_processo_tributario" does not exist
LINE 1: SELECT id_processo_tributario FROM processo_tributario WHERE...
               ^

2025-12-18 13:50:22,206 - ERROR - Erro linha 975: column "data_criacao" of relation "processo_tributario" does not exist
LINE 4:                                 data_criacao, data_atualizac...
                                        ^

2025-12-18 13:50:22,960 - ERROR - Erro linha 1291: column "id_processo_tributario" does not exist
LINE 1: SELECT id_processo_tributario FROM processo_tributario WHERE...
               ^

2025-12-18 13:50:23,795 - ERROR - Erro linha 1292: column "id_processo_tributario" does not exist
LINE 1: SELECT id_processo_tributario FROM processo_tributario WHERE...
               ^

2025-12-18 13:50:23,837 - ERROR - Erro linha 977: column "data_criacao" of relation "processo_tributario" does not exist
LINE 4:                                 data_criacao, data_atualizac...
                                        ^

2025-12-18 13:50:26,140 - ERROR - Erro linha 980: column "data_criacao" of relation "processo_tributario" does not exist
LINE 4:                                 data_criacao, data_atualizac...
                                        ^

2025-12-18 13:50:27,770 - ERROR - Erro linha 982: column "data_criacao" of relation "processo_tributario" does not exist
LINE 4:                                 data_criacao, data_atualizac...
                                        ^

2025-12-18 13:50:28,686 - ERROR - Erro linha 1299: column "id_processo_tributario" does not exist
LINE 1: SELECT id_processo_tributario FROM processo_tributario WHERE...
               ^

2025-12-18 13:50:29,404 - ERROR - Erro linha 984: column "data_criacao" of relation "processo_tributario" does not exist
LINE 4:                                 data_criacao, data_atualizac...
                                        ^

2025-12-18 13:50:30,851 - ERROR - Erro linha 1302: column "id_processo_tributario" does not exist
LINE 1: SELECT id_processo_tributario FROM processo_tributario WHERE...
               ^

2025-12-18 13:50:31,027 - ERROR - Erro linha 986: column "data_criacao" of relation "processo_tributario" does not exist
LINE 4:                                 data_criacao, data_atualizac...
                                        ^

2025-12-18 13:50:31,663 - ERROR - Erro linha 1303: column "id_processo_tributario" does not exist
LINE 1: SELECT id_processo_tributario FROM processo_tributario WHERE...
               ^

2025-12-18 13:50:32,475 - ERROR - Erro linha 1304: column "id_processo_tributario" does not exist
LINE 1: SELECT id_processo_tributario FROM processo_tributario WHERE...
               ^

2025-12-18 13:50:32,669 - ERROR - Erro linha 988: column "data_criacao" of relation "processo_tributario" does not exist
LINE 4:                                 data_criacao, data_atualizac...
                                        ^

2025-12-18 13:50:33,618 - ERROR - Erro linha 989: column "data_criacao" of relation "processo_tributario" does not exist
LINE 4:                                 data_criacao, data_atualizac...
                                        ^

2025-12-18 13:50:34,651 - ERROR - Erro linha 1307: column "id_processo_tributario" does not exist
LINE 1: SELECT id_processo_tributario FROM processo_tributario WHERE...
               ^

2025-12-18 13:50:35,953 - ERROR - Erro linha 992: column "data_criacao" of relation "processo_tributario" does not exist
LINE 4:                                 data_criacao, data_atualizac...
                                        ^

2025-12-18 13:50:37,500 - ERROR - Erro linha 1311: column "id_processo_tributario" does not exist
LINE 1: SELECT id_processo_tributario FROM processo_tributario WHERE...
               ^

2025-12-18 13:50:38,270 - ERROR - Erro linha 995: column "data_criacao" of relation "processo_tributario" does not exist
LINE 4:                                 data_criacao, data_atualizac...
                                        ^

2025-12-18 13:50:39,238 - ERROR - Erro linha 996: column "data_criacao" of relation "processo_tributario" does not exist
LINE 4:                                 data_criacao, data_atualizac...
                                        ^

2025-12-18 13:50:40,213 - ERROR - Erro linha 997: column "data_criacao" of relation "processo_tributario" does not exist
LINE 4:                                 data_criacao, data_atualizac...
                                        ^

2025-12-18 13:50:40,347 - ERROR - Erro linha 1315: column "id_processo_tributario" does not exist
LINE 1: SELECT id_processo_tributario FROM processo_tributario WHERE...
               ^

2025-12-18 13:50:42,525 - ERROR - Erro linha 1000: column "data_criacao" of relation "processo_tributario" does not exist
LINE 4:                                 data_criacao, data_atualizac...
                                        ^

2025-12-18 13:50:43,488 - ERROR - Erro linha 1001: column "data_criacao" of relation "processo_tributario" does not exist
LINE 4:                                 data_criacao, data_atualizac...
                                        ^

2025-12-18 13:50:44,438 - ERROR - Erro linha 1002: column "data_criacao" of relation "processo_tributario" does not exist
LINE 4:                                 data_criacao, data_atualizac...
                                        ^

2025-12-18 13:50:46,593 - ERROR - Erro linha 1324: column "id_processo_tributario" does not exist
LINE 1: SELECT id_processo_tributario FROM processo_tributario WHERE...
               ^

2025-12-18 13:50:47,459 - ERROR - Erro linha 1006: column "data_criacao" of relation "processo_tributario" does not exist
LINE 4:                                 data_criacao, data_atualizac...
                                        ^

2025-12-18 13:50:48,418 - ERROR - Erro linha 1007: column "data_criacao" of relation "processo_tributario" does not exist
LINE 4:                                 data_criacao, data_atualizac...
                                        ^

2025-12-18 13:50:49,370 - ERROR - Erro linha 1008: column "data_criacao" of relation "processo_tributario" does not exist
LINE 4:                                 data_criacao, data_atualizac...
                                        ^

2025-12-18 13:50:50,797 - ERROR - Erro linha 1330: column "id_processo_tributario" does not exist
LINE 1: SELECT id_processo_tributario FROM processo_tributario WHERE...
               ^

2025-12-18 13:50:51,686 - ERROR - Erro linha 1011: column "data_criacao" of relation "processo_tributario" does not exist
LINE 4:                                 data_criacao, data_atualizac...
                                        ^

2025-12-18 13:50:52,637 - ERROR - Erro linha 1012: column "data_criacao" of relation "processo_tributario" does not exist
LINE 4:                                 data_criacao, data_atualizac...
                                        ^

2025-12-18 13:50:53,587 - ERROR - Erro linha 1013: column "data_criacao" of relation "processo_tributario" does not exist
LINE 4:                                 data_criacao, data_atualizac...
                                        ^

2025-12-18 13:50:53,643 - ERROR - Erro linha 1334: column "id_processo_tributario" does not exist
LINE 1: SELECT id_processo_tributario FROM processo_tributario WHERE...
               ^

2025-12-18 13:50:54,455 - ERROR - Erro linha 1335: column "id_processo_tributario" does not exist
LINE 1: SELECT id_processo_tributario FROM processo_tributario WHERE...
               ^

2025-12-18 13:50:54,541 - ERROR - Erro linha 1014: column "data_criacao" of relation "processo_tributario" does not exist
LINE 4:                                 data_criacao, data_atualizac...
                                        ^

2025-12-18 13:50:57,534 - ERROR - Erro linha 1018: column "data_criacao" of relation "processo_tributario" does not exist
LINE 4:                                 data_criacao, data_atualizac...
                                        ^

2025-12-18 13:50:59,165 - ERROR - Erro linha 1020: column "data_criacao" of relation "processo_tributario" does not exist
LINE 4:                                 data_criacao, data_atualizac...
                                        ^

2025-12-18 13:51:00,122 - ERROR - Erro linha 1021: column "data_criacao" of relation "processo_tributario" does not exist
LINE 4:                                 data_criacao, data_atualizac...
                                        ^

2025-12-18 13:51:01,375 - ERROR - Erro linha 1345: column "id_processo_tributario" does not exist
LINE 1: SELECT id_processo_tributario FROM processo_tributario WHERE...
               ^

2025-12-18 13:51:02,465 - ERROR - Erro linha 1024: column "data_criacao" of relation "processo_tributario" does not exist
LINE 4:                                 data_criacao, data_atualizac...
                                        ^

2025-12-18 13:51:03,542 - ERROR - Erro linha 1348: column "id_processo_tributario" does not exist
LINE 1: SELECT id_processo_tributario FROM processo_tributario WHERE...
               ^

2025-12-18 13:51:04,100 - ERROR - Erro linha 1026: column "data_criacao" of relation "processo_tributario" does not exist
LINE 4:                                 data_criacao, data_atualizac...
                                        ^

2025-12-18 13:51:08,448 - ERROR - Erro linha 1032: column "data_criacao" of relation "processo_tributario" does not exist
LINE 4:                                 data_criacao, data_atualizac...
                                        ^

2025-12-18 13:51:09,108 - ERROR - Erro linha 1356: column "id_processo_tributario" does not exist
LINE 1: SELECT id_processo_tributario FROM processo_tributario WHERE...
               ^

2025-12-18 13:51:09,397 - ERROR - Erro linha 1033: column "data_criacao" of relation "processo_tributario" does not exist
LINE 4:                                 data_criacao, data_atualizac...
                                        ^

2025-12-18 13:51:12,433 - ERROR - Erro linha 1037: column "data_criacao" of relation "processo_tributario" does not exist
LINE 4:                                 data_criacao, data_atualizac...
                                        ^

2025-12-18 13:51:13,978 - ERROR - Erro linha 1363: column "id_processo_tributario" does not exist
LINE 1: SELECT id_processo_tributario FROM processo_tributario WHERE...
               ^

2025-12-18 13:51:14,067 - ERROR - Erro linha 1039: column "data_criacao" of relation "processo_tributario" does not exist
LINE 4:                                 data_criacao, data_atualizac...
                                        ^

2025-12-18 13:51:15,017 - ERROR - Erro linha 1040: column "data_criacao" of relation "processo_tributario" does not exist
LINE 4:                                 data_criacao, data_atualizac...
                                        ^

2025-12-18 13:51:15,468 - ERROR - Erro linha 1365: column "id_processo_tributario" does not exist
LINE 1: SELECT id_processo_tributario FROM processo_tributario WHERE...
               ^

2025-12-18 13:51:15,970 - ERROR - Erro linha 1041: column "data_criacao" of relation "processo_tributario" does not exist
LINE 4:                                 data_criacao, data_atualizac...
                                        ^

2025-12-18 13:51:16,281 - ERROR - Erro linha 1366: column "id_processo_tributario" does not exist
LINE 1: SELECT id_processo_tributario FROM processo_tributario WHERE...
               ^

2025-12-18 13:51:17,096 - ERROR - Erro linha 1367: column "id_processo_tributario" does not exist
LINE 1: SELECT id_processo_tributario FROM processo_tributario WHERE...
               ^

2025-12-18 13:51:17,608 - ERROR - Erro linha 1043: column "data_criacao" of relation "processo_tributario" does not exist
LINE 4:                                 data_criacao, data_atualizac...
                                        ^

2025-12-18 13:51:18,555 - ERROR - Erro linha 1044: column "data_criacao" of relation "processo_tributario" does not exist
LINE 4:                                 data_criacao, data_atualizac...
                                        ^

2025-12-18 13:51:19,946 - ERROR - Erro linha 1371: column "id_processo_tributario" does not exist
LINE 1: SELECT id_processo_tributario FROM processo_tributario WHERE...
               ^

2025-12-18 13:51:21,546 - ERROR - Erro linha 1048: column "data_criacao" of relation "processo_tributario" does not exist
LINE 4:                                 data_criacao, data_atualizac...
                                        ^

2025-12-18 13:51:22,114 - ERROR - Erro linha 1374: column "id_processo_tributario" does not exist
LINE 1: SELECT id_processo_tributario FROM processo_tributario WHERE...
               ^

2025-12-18 13:51:22,496 - ERROR - Erro linha 1049: column "data_criacao" of relation "processo_tributario" does not exist
LINE 4:                                 data_criacao, data_atualizac...
                                        ^

2025-12-18 13:51:22,926 - ERROR - Erro linha 1375: column "id_processo_tributario" does not exist
LINE 1: SELECT id_processo_tributario FROM processo_tributario WHERE...
               ^

2025-12-18 13:51:25,498 - ERROR - Erro linha 1053: column "data_criacao" of relation "processo_tributario" does not exist
LINE 4:                                 data_criacao, data_atualizac...
                                        ^

2025-12-18 13:51:27,126 - ERROR - Erro linha 1055: column "data_criacao" of relation "processo_tributario" does not exist
LINE 4:                                 data_criacao, data_atualizac...
                                        ^

2025-12-18 13:51:27,797 - ERROR - Erro linha 1382: column "id_processo_tributario" does not exist
LINE 1: SELECT id_processo_tributario FROM processo_tributario WHERE...
               ^

2025-12-18 13:51:29,289 - ERROR - Erro linha 1384: column "id_processo_tributario" does not exist
LINE 1: SELECT id_processo_tributario FROM processo_tributario WHERE...
               ^

2025-12-18 13:51:30,151 - ERROR - Erro linha 1059: column "data_criacao" of relation "processo_tributario" does not exist
LINE 4:                                 data_criacao, data_atualizac...
                                        ^

2025-12-18 13:51:31,106 - ERROR - Erro linha 1060: column "data_criacao" of relation "processo_tributario" does not exist
LINE 4:                                 data_criacao, data_atualizac...
                                        ^

2025-12-18 13:51:32,050 - ERROR - Erro linha 1061: column "data_criacao" of relation "processo_tributario" does not exist
LINE 4:                                 data_criacao, data_atualizac...
                                        ^

2025-12-18 13:51:33,001 - ERROR - Erro linha 1062: column "data_criacao" of relation "processo_tributario" does not exist
LINE 4:                                 data_criacao, data_atualizac...
                                        ^

2025-12-18 13:51:33,948 - ERROR - Erro linha 1063: column "data_criacao" of relation "processo_tributario" does not exist
LINE 4:                                 data_criacao, data_atualizac...
                                        ^

2025-12-18 13:51:34,897 - ERROR - Erro linha 1064: column "data_criacao" of relation "processo_tributario" does not exist
LINE 4:                                 data_criacao, data_atualizac...
                                        ^

2025-12-18 13:51:35,849 - ERROR - Erro linha 1065: column "data_criacao" of relation "processo_tributario" does not exist
LINE 4:                                 data_criacao, data_atualizac...
                                        ^

2025-12-18 13:51:36,805 - ERROR - Erro linha 1066: column "data_criacao" of relation "processo_tributario" does not exist
LINE 4:                                 data_criacao, data_atualizac...
                                        ^

2025-12-18 13:51:37,749 - ERROR - Erro linha 1067: column "data_criacao" of relation "processo_tributario" does not exist
LINE 4:                                 data_criacao, data_atualizac...
                                        ^

2025-12-18 13:51:39,380 - ERROR - Erro linha 1069: column "data_criacao" of relation "processo_tributario" does not exist
LINE 4:                                 data_criacao, data_atualizac...
                                        ^

2025-12-18 13:51:40,328 - ERROR - Erro linha 1070: column "data_criacao" of relation "processo_tributario" does not exist
LINE 4:                                 data_criacao, data_atualizac...
                                        ^

2025-12-18 13:51:41,274 - ERROR - Erro linha 1071: column "data_criacao" of relation "processo_tributario" does not exist
LINE 4:                                 data_criacao, data_atualizac...
                                        ^

2025-12-18 13:51:42,218 - ERROR - Erro linha 1072: column "data_criacao" of relation "processo_tributario" does not exist
LINE 4:                                 data_criacao, data_atualizac...
                                        ^

2025-12-18 13:51:42,309 - ERROR - Erro linha 1403: column "id_processo_tributario" does not exist
LINE 1: SELECT id_processo_tributario FROM processo_tributario WHERE...
               ^

2025-12-18 13:51:43,121 - ERROR - Erro linha 1404: column "id_processo_tributario" does not exist
LINE 1: SELECT id_processo_tributario FROM processo_tributario WHERE...
               ^

2025-12-18 13:51:43,174 - ERROR - Erro linha 1073: column "data_criacao" of relation "processo_tributario" does not exist
LINE 4:                                 data_criacao, data_atualizac...
                                        ^

2025-12-18 13:51:44,612 - ERROR - Erro linha 1406: column "id_processo_tributario" does not exist
LINE 1: SELECT id_processo_tributario FROM processo_tributario WHERE...
               ^

2025-12-18 13:51:44,811 - ERROR - Erro linha 1075: column "data_criacao" of relation "processo_tributario" does not exist
LINE 4:                                 data_criacao, data_atualizac...
                                        ^

2025-12-18 13:51:45,424 - ERROR - Erro linha 1407: column "id_processo_tributario" does not exist
LINE 1: SELECT id_processo_tributario FROM processo_tributario WHERE...
               ^

2025-12-18 13:51:45,765 - ERROR - Erro linha 1076: column "data_criacao" of relation "processo_tributario" does not exist
LINE 4:                                 data_criacao, data_atualizac...
                                        ^

2025-12-18 13:51:46,235 - ERROR - Erro linha 1408: column "id_processo_tributario" does not exist
LINE 1: SELECT id_processo_tributario FROM processo_tributario WHERE...
               ^

2025-12-18 13:51:46,727 - ERROR - Erro linha 1077: column "data_criacao" of relation "processo_tributario" does not exist
LINE 4:                                 data_criacao, data_atualizac...
                                        ^

2025-12-18 13:51:47,050 - ERROR - Erro linha 1409: column "id_processo_tributario" does not exist
LINE 1: SELECT id_processo_tributario FROM processo_tributario WHERE...
               ^

2025-12-18 13:51:47,673 - ERROR - Erro linha 1078: column "data_criacao" of relation "processo_tributario" does not exist
LINE 4:                                 data_criacao, data_atualizac...
                                        ^

2025-12-18 13:51:47,868 - ERROR - Erro linha 1410: column "id_processo_tributario" does not exist
LINE 1: SELECT id_processo_tributario FROM processo_tributario WHERE...
               ^

2025-12-18 13:51:48,621 - ERROR - Erro linha 1079: column "data_criacao" of relation "processo_tributario" does not exist
LINE 4:                                 data_criacao, data_atualizac...
                                        ^

2025-12-18 13:51:49,572 - ERROR - Erro linha 1080: column "data_criacao" of relation "processo_tributario" does not exist
LINE 4:                                 data_criacao, data_atualizac...
                                        ^

2025-12-18 13:51:50,517 - ERROR - Erro linha 1081: column "data_criacao" of relation "processo_tributario" does not exist
LINE 4:                                 data_criacao, data_atualizac...
                                        ^

2025-12-18 13:51:53,490 - ERROR - Erro linha 1085: column "data_criacao" of relation "processo_tributario" does not exist
LINE 4:                                 data_criacao, data_atualizac...
                                        ^

2025-12-18 13:51:54,431 - ERROR - Erro linha 1086: column "data_criacao" of relation "processo_tributario" does not exist
LINE 4:                                 data_criacao, data_atualizac...
                                        ^

2025-12-18 13:51:56,050 - ERROR - Erro linha 1088: column "data_criacao" of relation "processo_tributario" does not exist
LINE 4:                                 data_criacao, data_atualizac...
                                        ^

2025-12-18 13:52:00,199 - ERROR - Erro linha 1428: column "id_processo_tributario" does not exist
LINE 1: SELECT id_processo_tributario FROM processo_tributario WHERE...
               ^

2025-12-18 13:52:02,367 - ERROR - Erro linha 1431: column "id_processo_tributario" does not exist
LINE 1: SELECT id_processo_tributario FROM processo_tributario WHERE...
               ^

2025-12-18 13:52:02,464 - ERROR - Erro linha 1097: column "data_criacao" of relation "processo_tributario" does not exist
LINE 4:                                 data_criacao, data_atualizac...
                                        ^

2025-12-18 13:52:03,177 - ERROR - Erro linha 1432: column "id_processo_tributario" does not exist
LINE 1: SELECT id_processo_tributario FROM processo_tributario WHERE...
               ^

2025-12-18 13:52:03,989 - ERROR - Erro linha 1433: column "id_processo_tributario" does not exist
LINE 1: SELECT id_processo_tributario FROM processo_tributario WHERE...
               ^

2025-12-18 13:52:04,766 - ERROR - Erro linha 1100: column "data_criacao" of relation "processo_tributario" does not exist
LINE 4:                                 data_criacao, data_atualizac...
                                        ^

2025-12-18 13:52:05,712 - ERROR - Erro linha 1101: column "data_criacao" of relation "processo_tributario" does not exist
LINE 4:                                 data_criacao, data_atualizac...
                                        ^

2025-12-18 13:52:06,655 - ERROR - Erro linha 1102: column "data_criacao" of relation "processo_tributario" does not exist
LINE 4:                                 data_criacao, data_atualizac...
                                        ^

2025-12-18 13:52:10,211 - ERROR - Erro linha 1442: column "id_processo_tributario" does not exist
LINE 1: SELECT id_processo_tributario FROM processo_tributario WHERE...
               ^

2025-12-18 13:52:10,999 - ERROR - Erro linha 1108: column "data_criacao" of relation "processo_tributario" does not exist
LINE 4:                                 data_criacao, data_atualizac...
                                        ^

2025-12-18 13:52:11,948 - ERROR - Erro linha 1109: column "data_criacao" of relation "processo_tributario" does not exist
LINE 4:                                 data_criacao, data_atualizac...
                                        ^

2025-12-18 13:52:16,291 - ERROR - Erro linha 1115: column "data_criacao" of relation "processo_tributario" does not exist
LINE 4:                                 data_criacao, data_atualizac...
                                        ^

2025-12-18 13:52:17,238 - ERROR - Erro linha 1116: column "data_criacao" of relation "processo_tributario" does not exist
LINE 4:                                 data_criacao, data_atualizac...
                                        ^

2025-12-18 13:52:18,188 - ERROR - Erro linha 1117: column "data_criacao" of relation "processo_tributario" does not exist
LINE 4:                                 data_criacao, data_atualizac...
                                        ^

2025-12-18 13:52:19,165 - ERROR - Erro linha 1118: column "data_criacao" of relation "processo_tributario" does not exist
LINE 4:                                 data_criacao, data_atualizac...
                                        ^

2025-12-18 13:52:23,201 - ERROR - Erro linha 1461: column "id_processo_tributario" does not exist
LINE 1: SELECT id_processo_tributario FROM processo_tributario WHERE...
               ^

2025-12-18 13:52:26,906 - ERROR - Erro linha 1129: column "data_criacao" of relation "processo_tributario" does not exist
LINE 4:                                 data_criacao, data_atualizac...
                                        ^

2025-12-18 13:52:27,391 - ERROR - Erro linha 1467: column "id_processo_tributario" does not exist
LINE 1: SELECT id_processo_tributario FROM processo_tributario WHERE...
               ^

2025-12-18 13:52:27,855 - ERROR - Erro linha 1130: column "data_criacao" of relation "processo_tributario" does not exist
LINE 4:                                 data_criacao, data_atualizac...
                                        ^

2025-12-18 13:52:30,830 - ERROR - Erro linha 1134: column "data_criacao" of relation "processo_tributario" does not exist
LINE 4:                                 data_criacao, data_atualizac...
                                        ^

2025-12-18 13:52:31,591 - ERROR - Erro linha 1473: column "id_processo_tributario" does not exist
LINE 1: SELECT id_processo_tributario FROM processo_tributario WHERE...
               ^

2025-12-18 13:52:34,513 - ERROR - Erro linha 1139: column "data_criacao" of relation "processo_tributario" does not exist
LINE 4:                                 data_criacao, data_atualizac...
                                        ^

2025-12-18 13:52:38,830 - ERROR - Erro linha 1145: column "data_criacao" of relation "processo_tributario" does not exist
LINE 4:                                 data_criacao, data_atualizac...
                                        ^

2025-12-18 13:52:40,446 - ERROR - Erro linha 1147: column "data_criacao" of relation "processo_tributario" does not exist
LINE 4:                                 data_criacao, data_atualizac...
                                        ^

2025-12-18 13:52:42,567 - ERROR - Erro linha 1489: column "id_processo_tributario" does not exist
LINE 1: SELECT id_processo_tributario FROM processo_tributario WHERE...
               ^

2025-12-18 13:52:42,753 - ERROR - Erro linha 1150: column "data_criacao" of relation "processo_tributario" does not exist
LINE 4:                                 data_criacao, data_atualizac...
                                        ^

2025-12-18 13:52:43,380 - ERROR - Erro linha 1490: column "id_processo_tributario" does not exist
LINE 1: SELECT id_processo_tributario FROM processo_tributario WHERE...
               ^

2025-12-18 13:52:43,711 - ERROR - Erro linha 1151: column "data_criacao" of relation "processo_tributario" does not exist
LINE 4:                                 data_criacao, data_atualizac...
                                        ^

2025-12-18 13:52:44,654 - ERROR - Erro linha 1152: column "data_criacao" of relation "processo_tributario" does not exist
LINE 4:                                 data_criacao, data_atualizac...
                                        ^

2025-12-18 13:52:44,869 - ERROR - Erro linha 1492: column "id_processo_tributario" does not exist
LINE 1: SELECT id_processo_tributario FROM processo_tributario WHERE...
               ^

2025-12-18 13:52:45,607 - ERROR - Erro linha 1153: column "data_criacao" of relation "processo_tributario" does not exist
LINE 4:                                 data_criacao, data_atualizac...
                                        ^

2025-12-18 13:52:47,223 - ERROR - Erro linha 1155: column "data_criacao" of relation "processo_tributario" does not exist
LINE 4:                                 data_criacao, data_atualizac...
                                        ^

2025-12-18 13:52:49,748 - ERROR - Erro linha 1499: column "id_processo_tributario" does not exist
LINE 1: SELECT id_processo_tributario FROM processo_tributario WHERE...
               ^

2025-12-18 13:52:50,206 - ERROR - Erro linha 1159: column "data_criacao" of relation "processo_tributario" does not exist
LINE 4:                                 data_criacao, data_atualizac...
                                        ^

2025-12-18 13:52:51,830 - ERROR - Erro linha 1161: column "data_criacao" of relation "processo_tributario" does not exist
LINE 4:                                 data_criacao, data_atualizac...
                                        ^

2025-12-18 13:52:52,596 - ERROR - Erro linha 1503: column "id_processo_tributario" does not exist
LINE 1: SELECT id_processo_tributario FROM processo_tributario WHERE...
               ^

2025-12-18 13:52:53,412 - ERROR - Erro linha 1504: column "id_processo_tributario" does not exist
LINE 1: SELECT id_processo_tributario FROM processo_tributario WHERE...
               ^

2025-12-18 13:52:53,459 - ERROR - Erro linha 1163: column "data_criacao" of relation "processo_tributario" does not exist
LINE 4:                                 data_criacao, data_atualizac...
                                        ^

2025-12-18 13:52:54,900 - ERROR - Erro linha 1506: column "id_processo_tributario" does not exist
LINE 1: SELECT id_processo_tributario FROM processo_tributario WHERE...
               ^

2025-12-18 13:52:55,713 - ERROR - Erro linha 1507: column "id_processo_tributario" does not exist
LINE 1: SELECT id_processo_tributario FROM processo_tributario WHERE...
               ^

2025-12-18 13:52:56,444 - ERROR - Erro linha 1167: column "data_criacao" of relation "processo_tributario" does not exist
LINE 4:                                 data_criacao, data_atualizac...
                                        ^

2025-12-18 13:52:56,525 - ERROR - Erro linha 1508: column "id_processo_tributario" does not exist
LINE 1: SELECT id_processo_tributario FROM processo_tributario WHERE...
               ^

2025-12-18 13:53:00,045 - ERROR - Erro linha 1513: column "id_processo_tributario" does not exist
LINE 1: SELECT id_processo_tributario FROM processo_tributario WHERE...
               ^

2025-12-18 13:53:00,126 - ERROR - Erro linha 1172: column "data_criacao" of relation "processo_tributario" does not exist
LINE 4:                                 data_criacao, data_atualizac...
                                        ^

2025-12-18 13:53:00,857 - ERROR - Erro linha 1514: column "id_processo_tributario" does not exist
LINE 1: SELECT id_processo_tributario FROM processo_tributario WHERE...
               ^

2025-12-18 13:53:03,027 - ERROR - Erro linha 1517: column "id_processo_tributario" does not exist
LINE 1: SELECT id_processo_tributario FROM processo_tributario WHERE...
               ^

2025-12-18 13:53:03,125 - ERROR - Erro linha 1176: column "data_criacao" of relation "processo_tributario" does not exist
LINE 4:                                 data_criacao, data_atualizac...
                                        ^

2025-12-18 13:53:04,066 - ERROR - Erro linha 1177: column "data_criacao" of relation "processo_tributario" does not exist
LINE 4:                                 data_criacao, data_atualizac...
                                        ^

2025-12-18 13:53:05,192 - ERROR - Erro linha 1520: column "id_processo_tributario" does not exist
LINE 1: SELECT id_processo_tributario FROM processo_tributario WHERE...
               ^

2025-12-18 13:53:06,013 - ERROR - Erro linha 1521: column "id_processo_tributario" does not exist
LINE 1: SELECT id_processo_tributario FROM processo_tributario WHERE...
               ^

2025-12-18 13:53:06,829 - ERROR - Erro linha 1522: column "id_processo_tributario" does not exist
LINE 1: SELECT id_processo_tributario FROM processo_tributario WHERE...
               ^

2025-12-18 13:53:15,097 - ERROR - Erro linha 1534: column "id_processo_tributario" does not exist
LINE 1: SELECT id_processo_tributario FROM processo_tributario WHERE...
               ^

2025-12-18 13:53:17,936 - ERROR - Erro linha 1538: column "id_processo_tributario" does not exist
LINE 1: SELECT id_processo_tributario FROM processo_tributario WHERE...
               ^

2025-12-18 13:53:18,634 - ERROR - Erro linha 1198: column "data_criacao" of relation "processo_tributario" does not exist
LINE 4:                                 data_criacao, data_atualizac...
                                        ^

2025-12-18 13:53:20,103 - ERROR - Erro linha 1541: column "id_processo_tributario" does not exist
LINE 1: SELECT id_processo_tributario FROM processo_tributario WHERE...
               ^

2025-12-18 13:53:20,915 - ERROR - Erro linha 1542: column "id_processo_tributario" does not exist
LINE 1: SELECT id_processo_tributario FROM processo_tributario WHERE...
               ^

2025-12-18 13:53:21,728 - ERROR - Erro linha 1543: column "id_processo_tributario" does not exist
LINE 1: SELECT id_processo_tributario FROM processo_tributario WHERE...
               ^

2025-12-18 13:53:22,301 - ERROR - Erro linha 1203: column "data_criacao" of relation "processo_tributario" does not exist
LINE 4:                                 data_criacao, data_atualizac...
                                        ^

2025-12-18 13:53:23,924 - ERROR - Erro linha 1205: column "data_criacao" of relation "processo_tributario" does not exist
LINE 4:                                 data_criacao, data_atualizac...
                                        ^

2025-12-18 13:53:25,928 - ERROR - Erro linha 1549: column "id_processo_tributario" does not exist
LINE 1: SELECT id_processo_tributario FROM processo_tributario WHERE...
               ^

2025-12-18 13:53:26,896 - ERROR - Erro linha 1209: column "data_criacao" of relation "processo_tributario" does not exist
LINE 4:                                 data_criacao, data_atualizac...
                                        ^

2025-12-18 13:53:30,128 - ERROR - Erro linha 1555: column "id_processo_tributario" does not exist
LINE 1: SELECT id_processo_tributario FROM processo_tributario WHERE...
               ^

2025-12-18 13:53:32,597 - ERROR - Erro linha 1217: column "data_criacao" of relation "processo_tributario" does not exist
LINE 4:                                 data_criacao, data_atualizac...
                                        ^

2025-12-18 13:53:32,975 - ERROR - Erro linha 1559: column "id_processo_tributario" does not exist
LINE 1: SELECT id_processo_tributario FROM processo_tributario WHERE...
               ^

2025-12-18 13:53:33,788 - ERROR - Erro linha 1560: column "id_processo_tributario" does not exist
LINE 1: SELECT id_processo_tributario FROM processo_tributario WHERE...
               ^

2025-12-18 13:53:34,230 - ERROR - Erro linha 1219: column "data_criacao" of relation "processo_tributario" does not exist
LINE 4:                                 data_criacao, data_atualizac...
                                        ^

2025-12-18 13:53:35,278 - ERROR - Erro linha 1562: column "id_processo_tributario" does not exist
LINE 1: SELECT id_processo_tributario FROM processo_tributario WHERE...
               ^

2025-12-18 13:53:35,853 - ERROR - Erro linha 1221: column "data_criacao" of relation "processo_tributario" does not exist
LINE 4:                                 data_criacao, data_atualizac...
                                        ^

2025-12-18 13:53:36,090 - ERROR - Erro linha 1563: column "id_processo_tributario" does not exist
LINE 1: SELECT id_processo_tributario FROM processo_tributario WHERE...
               ^

2025-12-18 13:53:36,902 - ERROR - Erro linha 1564: column "id_processo_tributario" does not exist
LINE 1: SELECT id_processo_tributario FROM processo_tributario WHERE...
               ^

2025-12-18 13:53:37,472 - ERROR - Erro linha 1223: column "data_criacao" of relation "processo_tributario" does not exist
LINE 4:                                 data_criacao, data_atualizac...
                                        ^

2025-12-18 13:53:38,397 - ERROR - Erro linha 1566: column "id_processo_tributario" does not exist
LINE 1: SELECT id_processo_tributario FROM processo_tributario WHERE...
               ^

2025-12-18 13:53:40,562 - ERROR - Erro linha 1569: column "id_processo_tributario" does not exist
LINE 1: SELECT id_processo_tributario FROM processo_tributario WHERE...
               ^

2025-12-18 13:53:41,111 - ERROR - Erro linha 1228: column "data_criacao" of relation "processo_tributario" does not exist
LINE 4:                                 data_criacao, data_atualizac...
                                        ^

2025-12-18 13:53:41,372 - ERROR - Erro linha 1570: column "id_processo_tributario" does not exist
LINE 1: SELECT id_processo_tributario FROM processo_tributario WHERE...
               ^

2025-12-18 13:53:44,139 - ERROR - Erro linha 1232: column "data_criacao" of relation "processo_tributario" does not exist
LINE 4:                                 data_criacao, data_atualizac...
                                        ^

2025-12-18 13:53:44,216 - ERROR - Erro linha 1574: column "id_processo_tributario" does not exist
LINE 1: SELECT id_processo_tributario FROM processo_tributario WHERE...
               ^

2025-12-18 13:53:45,032 - ERROR - Erro linha 1575: column "id_processo_tributario" does not exist
LINE 1: SELECT id_processo_tributario FROM processo_tributario WHERE...
               ^

2025-12-18 13:53:45,795 - ERROR - Erro linha 1234: column "data_criacao" of relation "processo_tributario" does not exist
LINE 4:                                 data_criacao, data_atualizac...
                                        ^

2025-12-18 13:53:47,198 - ERROR - Erro linha 1578: column "id_processo_tributario" does not exist
LINE 1: SELECT id_processo_tributario FROM processo_tributario WHERE...
               ^

2025-12-18 13:53:47,423 - ERROR - Erro linha 1236: column "data_criacao" of relation "processo_tributario" does not exist
LINE 4:                                 data_criacao, data_atualizac...
                                        ^

2025-12-18 13:53:48,372 - ERROR - Erro linha 1237: column "data_criacao" of relation "processo_tributario" does not exist
LINE 4:                                 data_criacao, data_atualizac...
                                        ^

2025-12-18 13:53:53,391 - ERROR - Erro linha 1244: column "data_criacao" of relation "processo_tributario" does not exist
LINE 4:                                 data_criacao, data_atualizac...
                                        ^

2025-12-18 13:53:54,340 - ERROR - Erro linha 1245: column "data_criacao" of relation "processo_tributario" does not exist
LINE 4:                                 data_criacao, data_atualizac...
                                        ^

2025-12-18 13:53:55,459 - ERROR - Erro linha 1590: column "id_processo_tributario" does not exist
LINE 1: SELECT id_processo_tributario FROM processo_tributario WHERE...
               ^

2025-12-18 13:53:56,271 - ERROR - Erro linha 1591: column "id_processo_tributario" does not exist
LINE 1: SELECT id_processo_tributario FROM processo_tributario WHERE...
               ^

2025-12-18 13:53:58,452 - ERROR - Erro linha 1594: column "id_processo_tributario" does not exist
LINE 1: SELECT id_processo_tributario FROM processo_tributario WHERE...
               ^

2025-12-18 13:53:59,264 - ERROR - Erro linha 1595: column "id_processo_tributario" does not exist
LINE 1: SELECT id_processo_tributario FROM processo_tributario WHERE...
               ^

2025-12-18 13:54:01,435 - ERROR - Erro linha 1598: column "id_processo_tributario" does not exist
LINE 1: SELECT id_processo_tributario FROM processo_tributario WHERE...
               ^

2025-12-18 13:54:02,077 - ERROR - Erro linha 1256: column "data_criacao" of relation "processo_tributario" does not exist
LINE 4:                                 data_criacao, data_atualizac...
                                        ^

2025-12-18 13:54:03,028 - ERROR - Erro linha 1257: column "data_criacao" of relation "processo_tributario" does not exist
LINE 4:                                 data_criacao, data_atualizac...
                                        ^

2025-12-18 13:54:03,973 - ERROR - Erro linha 1258: column "data_criacao" of relation "processo_tributario" does not exist
LINE 4:                                 data_criacao, data_atualizac...
                                        ^

2025-12-18 13:54:04,937 - ERROR - Erro linha 1259: column "data_criacao" of relation "processo_tributario" does not exist
LINE 4:                                 data_criacao, data_atualizac...
                                        ^

2025-12-18 13:54:05,885 - ERROR - Erro linha 1260: column "data_criacao" of relation "processo_tributario" does not exist
LINE 4:                                 data_criacao, data_atualizac...
                                        ^

2025-12-18 13:54:06,837 - ERROR - Erro linha 1261: column "data_criacao" of relation "processo_tributario" does not exist
LINE 4:                                 data_criacao, data_atualizac...
                                        ^

2025-12-18 13:54:09,018 - ERROR - Erro linha 1609: column "id_processo_tributario" does not exist
LINE 1: SELECT id_processo_tributario FROM processo_tributario WHERE...
               ^

2025-12-18 13:54:09,146 - ERROR - Erro linha 1264: column "data_criacao" of relation "processo_tributario" does not exist
LINE 4:                                 data_criacao, data_atualizac...
                                        ^

2025-12-18 13:54:10,509 - ERROR - Erro linha 1611: column "id_processo_tributario" does not exist
LINE 1: SELECT id_processo_tributario FROM processo_tributario WHERE...
               ^

2025-12-18 13:54:11,321 - ERROR - Erro linha 1612: column "id_processo_tributario" does not exist
LINE 1: SELECT id_processo_tributario FROM processo_tributario WHERE...
               ^

2025-12-18 13:54:12,806 - ERROR - Erro linha 1269: column "data_criacao" of relation "processo_tributario" does not exist
LINE 4:                                 data_criacao, data_atualizac...
                                        ^

2025-12-18 13:54:13,748 - ERROR - Erro linha 1270: column "data_criacao" of relation "processo_tributario" does not exist
LINE 4:                                 data_criacao, data_atualizac...
                                        ^

2025-12-18 13:54:14,696 - ERROR - Erro linha 1271: column "data_criacao" of relation "processo_tributario" does not exist
LINE 4:                                 data_criacao, data_atualizac...
                                        ^

2025-12-18 13:54:15,640 - ERROR - Erro linha 1272: column "data_criacao" of relation "processo_tributario" does not exist
LINE 4:                                 data_criacao, data_atualizac...
                                        ^

2025-12-18 13:54:16,205 - ERROR - Erro linha 1619: column "id_processo_tributario" does not exist
LINE 1: SELECT id_processo_tributario FROM processo_tributario WHERE...
               ^

2025-12-18 13:54:16,599 - ERROR - Erro linha 1273: column "data_criacao" of relation "processo_tributario" does not exist
LINE 4:                                 data_criacao, data_atualizac...
                                        ^

2025-12-18 13:54:17,548 - ERROR - Erro linha 1274: column "data_criacao" of relation "processo_tributario" does not exist
LINE 4:                                 data_criacao, data_atualizac...
                                        ^

2025-12-18 13:54:18,503 - ERROR - Erro linha 1275: column "data_criacao" of relation "processo_tributario" does not exist
LINE 4:                                 data_criacao, data_atualizac...
                                        ^

2025-12-18 13:54:19,048 - ERROR - Erro linha 1623: column "id_processo_tributario" does not exist
LINE 1: SELECT id_processo_tributario FROM processo_tributario WHERE...
               ^

2025-12-18 13:54:23,924 - ERROR - Erro linha 1630: column "id_processo_tributario" does not exist
LINE 1: SELECT id_processo_tributario FROM processo_tributario WHERE...
               ^

2025-12-18 13:54:24,955 - ERROR - Erro linha 1284: column "data_criacao" of relation "processo_tributario" does not exist
LINE 4:                                 data_criacao, data_atualizac...
                                        ^

2025-12-18 13:54:26,599 - ERROR - Erro linha 1286: column "data_criacao" of relation "processo_tributario" does not exist
LINE 4:                                 data_criacao, data_atualizac...
                                        ^

2025-12-18 13:54:27,443 - ERROR - Erro linha 1635: column "id_processo_tributario" does not exist
LINE 1: SELECT id_processo_tributario FROM processo_tributario WHERE...
               ^

2025-12-18 13:54:29,597 - ERROR - Erro linha 1290: column "data_criacao" of relation "processo_tributario" does not exist
LINE 4:                                 data_criacao, data_atualizac...
                                        ^

2025-12-18 13:54:29,613 - ERROR - Erro linha 1638: column "id_processo_tributario" does not exist
LINE 1: SELECT id_processo_tributario FROM processo_tributario WHERE...
               ^

2025-12-18 13:54:30,568 - ERROR - Erro linha 1291: column "data_criacao" of relation "processo_tributario" does not exist
LINE 4:                                 data_criacao, data_atualizac...
                                        ^

2025-12-18 13:54:31,511 - ERROR - Erro linha 1292: column "data_criacao" of relation "processo_tributario" does not exist
LINE 4:                                 data_criacao, data_atualizac...
                                        ^

2025-12-18 13:54:36,529 - ERROR - Erro linha 1648: column "id_processo_tributario" does not exist
LINE 1: SELECT id_processo_tributario FROM processo_tributario WHERE...
               ^

2025-12-18 13:54:36,593 - ERROR - Erro linha 1299: column "data_criacao" of relation "processo_tributario" does not exist
LINE 4:                                 data_criacao, data_atualizac...
                                        ^

2025-12-18 13:54:37,340 - ERROR - Erro linha 1649: column "id_processo_tributario" does not exist
LINE 1: SELECT id_processo_tributario FROM processo_tributario WHERE...
               ^

2025-12-18 13:54:38,154 - ERROR - Erro linha 1650: column "id_processo_tributario" does not exist
LINE 1: SELECT id_processo_tributario FROM processo_tributario WHERE...
               ^

2025-12-18 13:54:38,891 - ERROR - Erro linha 1302: column "data_criacao" of relation "processo_tributario" does not exist
LINE 4:                                 data_criacao, data_atualizac...
                                        ^

2025-12-18 13:54:39,834 - ERROR - Erro linha 1303: column "data_criacao" of relation "processo_tributario" does not exist
LINE 4:                                 data_criacao, data_atualizac...
                                        ^

2025-12-18 13:54:40,788 - ERROR - Erro linha 1304: column "data_criacao" of relation "processo_tributario" does not exist
LINE 4:                                 data_criacao, data_atualizac...
                                        ^

2025-12-18 13:54:43,103 - ERROR - Erro linha 1307: column "data_criacao" of relation "processo_tributario" does not exist
LINE 4:                                 data_criacao, data_atualizac...
                                        ^

2025-12-18 13:54:46,100 - ERROR - Erro linha 1311: column "data_criacao" of relation "processo_tributario" does not exist
LINE 4:                                 data_criacao, data_atualizac...
                                        ^

2025-12-18 13:54:47,785 - ERROR - Erro linha 1664: column "id_processo_tributario" does not exist
LINE 1: SELECT id_processo_tributario FROM processo_tributario WHERE...
               ^

2025-12-18 13:54:49,095 - ERROR - Erro linha 1315: column "data_criacao" of relation "processo_tributario" does not exist
LINE 4:                                 data_criacao, data_atualizac...
                                        ^

2025-12-18 13:54:52,661 - ERROR - Erro linha 1671: column "id_processo_tributario" does not exist
LINE 1: SELECT id_processo_tributario FROM processo_tributario WHERE...
               ^

2025-12-18 13:54:55,445 - ERROR - Erro linha 1324: column "data_criacao" of relation "processo_tributario" does not exist
LINE 4:                                 data_criacao, data_atualizac...
                                        ^

2025-12-18 13:54:59,809 - ERROR - Erro linha 1330: column "data_criacao" of relation "processo_tributario" does not exist
LINE 4:                                 data_criacao, data_atualizac...
                                        ^

2025-12-18 13:55:00,256 - ERROR - Erro linha 1682: column "id_processo_tributario" does not exist
LINE 1: SELECT id_processo_tributario FROM processo_tributario WHERE...
               ^

2025-12-18 13:55:01,072 - ERROR - Erro linha 1683: column "id_processo_tributario" does not exist
LINE 1: SELECT id_processo_tributario FROM processo_tributario WHERE...
               ^

2025-12-18 13:55:02,808 - ERROR - Erro linha 1334: column "data_criacao" of relation "processo_tributario" does not exist
LINE 4:                                 data_criacao, data_atualizac...
                                        ^

2025-12-18 13:55:03,756 - ERROR - Erro linha 1335: column "data_criacao" of relation "processo_tributario" does not exist
LINE 4:                                 data_criacao, data_atualizac...
                                        ^

2025-12-18 13:55:04,593 - ERROR - Erro linha 1688: column "id_processo_tributario" does not exist
LINE 1: SELECT id_processo_tributario FROM processo_tributario WHERE...
               ^

2025-12-18 13:55:06,759 - ERROR - Erro linha 1691: column "id_processo_tributario" does not exist
LINE 1: SELECT id_processo_tributario FROM processo_tributario WHERE...
               ^

2025-12-18 13:55:08,246 - ERROR - Erro linha 1693: column "id_processo_tributario" does not exist
LINE 1: SELECT id_processo_tributario FROM processo_tributario WHERE...
               ^

2025-12-18 13:55:09,060 - ERROR - Erro linha 1694: column "id_processo_tributario" does not exist
LINE 1: SELECT id_processo_tributario FROM processo_tributario WHERE...
               ^

2025-12-18 13:55:10,810 - ERROR - Erro linha 1345: column "data_criacao" of relation "processo_tributario" does not exist
LINE 4:                                 data_criacao, data_atualizac...
                                        ^

2025-12-18 13:55:13,127 - ERROR - Erro linha 1348: column "data_criacao" of relation "processo_tributario" does not exist
LINE 4:                                 data_criacao, data_atualizac...
                                        ^

2025-12-18 13:55:18,825 - ERROR - Erro linha 1356: column "data_criacao" of relation "processo_tributario" does not exist
LINE 4:                                 data_criacao, data_atualizac...
                                        ^

2025-12-18 13:55:23,869 - ERROR - Erro linha 1363: column "data_criacao" of relation "processo_tributario" does not exist
LINE 4:                                 data_criacao, data_atualizac...
                                        ^

2025-12-18 13:55:25,492 - ERROR - Erro linha 1365: column "data_criacao" of relation "processo_tributario" does not exist
LINE 4:                                 data_criacao, data_atualizac...
                                        ^

2025-12-18 13:55:26,450 - ERROR - Erro linha 1366: column "data_criacao" of relation "processo_tributario" does not exist
LINE 4:                                 data_criacao, data_atualizac...
                                        ^

2025-12-18 13:55:27,380 - INFO - Fim. Criados: 874, Atualizados: 848, Erros: 874
2025-12-18 13:55:27,414 - ERROR - Erro linha 1367: column "data_criacao" of relation "processo_tributario" does not exist
LINE 4:                                 data_criacao, data_atualizac...
                                        ^

2025-12-18 13:55:30,406 - ERROR - Erro linha 1371: column "data_criacao" of relation "processo_tributario" does not exist
LINE 4:                                 data_criacao, data_atualizac...
                                        ^

2025-12-18 13:55:32,718 - ERROR - Erro linha 1374: column "data_criacao" of relation "processo_tributario" does not exist
LINE 4:                                 data_criacao, data_atualizac...
                                        ^

2025-12-18 13:55:33,683 - ERROR - Erro linha 1375: column "data_criacao" of relation "processo_tributario" does not exist
LINE 4:                                 data_criacao, data_atualizac...
                                        ^

2025-12-18 13:55:38,673 - ERROR - Erro linha 1382: column "data_criacao" of relation "processo_tributario" does not exist
LINE 4:                                 data_criacao, data_atualizac...
                                        ^

2025-12-18 13:55:40,305 - ERROR - Erro linha 1384: column "data_criacao" of relation "processo_tributario" does not exist
LINE 4:                                 data_criacao, data_atualizac...
                                        ^

2025-12-18 13:55:53,426 - ERROR - Erro linha 1403: column "data_criacao" of relation "processo_tributario" does not exist
LINE 4:                                 data_criacao, data_atualizac...
                                        ^

2025-12-18 13:55:54,375 - ERROR - Erro linha 1404: column "data_criacao" of relation "processo_tributario" does not exist
LINE 4:                                 data_criacao, data_atualizac...
                                        ^

2025-12-18 13:55:56,010 - ERROR - Erro linha 1406: column "data_criacao" of relation "processo_tributario" does not exist
LINE 4:                                 data_criacao, data_atualizac...
                                        ^

2025-12-18 13:55:56,956 - ERROR - Erro linha 1407: column "data_criacao" of relation "processo_tributario" does not exist
LINE 4:                                 data_criacao, data_atualizac...
                                        ^

2025-12-18 13:55:57,915 - ERROR - Erro linha 1408: column "data_criacao" of relation "processo_tributario" does not exist
LINE 4:                                 data_criacao, data_atualizac...
                                        ^

2025-12-18 13:55:58,871 - ERROR - Erro linha 1409: column "data_criacao" of relation "processo_tributario" does not exist
LINE 4:                                 data_criacao, data_atualizac...
                                        ^

2025-12-18 13:55:59,816 - ERROR - Erro linha 1410: column "data_criacao" of relation "processo_tributario" does not exist
LINE 4:                                 data_criacao, data_atualizac...
                                        ^

2025-12-18 13:56:12,317 - ERROR - Erro linha 1428: column "data_criacao" of relation "processo_tributario" does not exist
LINE 4:                                 data_criacao, data_atualizac...
                                        ^

2025-12-18 13:56:14,625 - ERROR - Erro linha 1431: column "data_criacao" of relation "processo_tributario" does not exist
LINE 4:                                 data_criacao, data_atualizac...
                                        ^

2025-12-18 13:56:15,567 - ERROR - Erro linha 1432: column "data_criacao" of relation "processo_tributario" does not exist
LINE 4:                                 data_criacao, data_atualizac...
                                        ^

2025-12-18 13:56:16,515 - ERROR - Erro linha 1433: column "data_criacao" of relation "processo_tributario" does not exist
LINE 4:                                 data_criacao, data_atualizac...
                                        ^

2025-12-18 13:56:22,873 - ERROR - Erro linha 1442: column "data_criacao" of relation "processo_tributario" does not exist
LINE 4:                                 data_criacao, data_atualizac...
                                        ^

2025-12-18 13:56:36,053 - ERROR - Erro linha 1461: column "data_criacao" of relation "processo_tributario" does not exist
LINE 4:                                 data_criacao, data_atualizac...
                                        ^

2025-12-18 13:56:40,378 - ERROR - Erro linha 1467: column "data_criacao" of relation "processo_tributario" does not exist
LINE 4:                                 data_criacao, data_atualizac...
                                        ^

2025-12-18 13:56:44,717 - ERROR - Erro linha 1473: column "data_criacao" of relation "processo_tributario" does not exist
LINE 4:                                 data_criacao, data_atualizac...
                                        ^

2025-12-18 13:56:55,880 - ERROR - Erro linha 1489: column "data_criacao" of relation "processo_tributario" does not exist
LINE 4:                                 data_criacao, data_atualizac...
                                        ^

2025-12-18 13:56:56,834 - ERROR - Erro linha 1490: column "data_criacao" of relation "processo_tributario" does not exist
LINE 4:                                 data_criacao, data_atualizac...
                                        ^

2025-12-18 13:56:58,472 - ERROR - Erro linha 1492: column "data_criacao" of relation "processo_tributario" does not exist
LINE 4:                                 data_criacao, data_atualizac...
                                        ^

2025-12-18 13:57:03,521 - ERROR - Erro linha 1499: column "data_criacao" of relation "processo_tributario" does not exist
LINE 4:                                 data_criacao, data_atualizac...
                                        ^

2025-12-18 13:57:06,501 - ERROR - Erro linha 1503: column "data_criacao" of relation "processo_tributario" does not exist
LINE 4:                                 data_criacao, data_atualizac...
                                        ^

2025-12-18 13:57:07,451 - ERROR - Erro linha 1504: column "data_criacao" of relation "processo_tributario" does not exist
LINE 4:                                 data_criacao, data_atualizac...
                                        ^

2025-12-18 13:57:09,089 - ERROR - Erro linha 1506: column "data_criacao" of relation "processo_tributario" does not exist
LINE 4:                                 data_criacao, data_atualizac...
                                        ^

2025-12-18 13:57:10,038 - ERROR - Erro linha 1507: column "data_criacao" of relation "processo_tributario" does not exist
LINE 4:                                 data_criacao, data_atualizac...
                                        ^

2025-12-18 13:57:10,990 - ERROR - Erro linha 1508: column "data_criacao" of relation "processo_tributario" does not exist
LINE 4:                                 data_criacao, data_atualizac...
                                        ^

2025-12-18 13:57:14,667 - ERROR - Erro linha 1513: column "data_criacao" of relation "processo_tributario" does not exist
LINE 4:                                 data_criacao, data_atualizac...
                                        ^

2025-12-18 13:57:15,635 - ERROR - Erro linha 1514: column "data_criacao" of relation "processo_tributario" does not exist
LINE 4:                                 data_criacao, data_atualizac...
                                        ^

2025-12-18 13:57:17,938 - ERROR - Erro linha 1517: column "data_criacao" of relation "processo_tributario" does not exist
LINE 4:                                 data_criacao, data_atualizac...
                                        ^

2025-12-18 13:57:20,245 - ERROR - Erro linha 1520: column "data_criacao" of relation "processo_tributario" does not exist
LINE 4:                                 data_criacao, data_atualizac...
                                        ^

2025-12-18 13:57:21,200 - ERROR - Erro linha 1521: column "data_criacao" of relation "processo_tributario" does not exist
LINE 4:                                 data_criacao, data_atualizac...
                                        ^

2025-12-18 13:57:22,152 - ERROR - Erro linha 1522: column "data_criacao" of relation "processo_tributario" does not exist
LINE 4:                                 data_criacao, data_atualizac...
                                        ^

2025-12-18 13:57:30,580 - ERROR - Erro linha 1534: column "data_criacao" of relation "processo_tributario" does not exist
LINE 4:                                 data_criacao, data_atualizac...
                                        ^

2025-12-18 13:57:33,568 - ERROR - Erro linha 1538: column "data_criacao" of relation "processo_tributario" does not exist
LINE 4:                                 data_criacao, data_atualizac...
                                        ^

2025-12-18 13:57:35,901 - ERROR - Erro linha 1541: column "data_criacao" of relation "processo_tributario" does not exist
LINE 4:                                 data_criacao, data_atualizac...
                                        ^

2025-12-18 13:57:36,855 - ERROR - Erro linha 1542: column "data_criacao" of relation "processo_tributario" does not exist
LINE 4:                                 data_criacao, data_atualizac...
                                        ^

2025-12-18 13:57:37,800 - ERROR - Erro linha 1543: column "data_criacao" of relation "processo_tributario" does not exist
LINE 4:                                 data_criacao, data_atualizac...
                                        ^

2025-12-18 13:57:42,148 - ERROR - Erro linha 1549: column "data_criacao" of relation "processo_tributario" does not exist
LINE 4:                                 data_criacao, data_atualizac...
                                        ^

2025-12-18 13:57:46,534 - ERROR - Erro linha 1555: column "data_criacao" of relation "processo_tributario" does not exist
LINE 4:                                 data_criacao, data_atualizac...
                                        ^

2025-12-18 13:57:50,633 - ERROR - Erro linha 1559: column "data_criacao" of relation "processo_tributario" does not exist
LINE 4:                                 data_criacao, data_atualizac...
                                        ^

2025-12-18 13:57:51,582 - ERROR - Erro linha 1560: column "data_criacao" of relation "processo_tributario" does not exist
LINE 4:                                 data_criacao, data_atualizac...
                                        ^

2025-12-18 13:57:53,211 - ERROR - Erro linha 1562: column "data_criacao" of relation "processo_tributario" does not exist
LINE 4:                                 data_criacao, data_atualizac...
                                        ^

2025-12-18 13:57:54,159 - ERROR - Erro linha 1563: column "data_criacao" of relation "processo_tributario" does not exist
LINE 4:                                 data_criacao, data_atualizac...
                                        ^

2025-12-18 13:57:55,125 - ERROR - Erro linha 1564: column "data_criacao" of relation "processo_tributario" does not exist
LINE 4:                                 data_criacao, data_atualizac...
                                        ^

2025-12-18 13:57:56,752 - ERROR - Erro linha 1566: column "data_criacao" of relation "processo_tributario" does not exist
LINE 4:                                 data_criacao, data_atualizac...
                                        ^

2025-12-18 13:57:59,074 - ERROR - Erro linha 1569: column "data_criacao" of relation "processo_tributario" does not exist
LINE 4:                                 data_criacao, data_atualizac...
                                        ^

2025-12-18 13:58:00,032 - ERROR - Erro linha 1570: column "data_criacao" of relation "processo_tributario" does not exist
LINE 4:                                 data_criacao, data_atualizac...
                                        ^

2025-12-18 13:58:03,048 - ERROR - Erro linha 1574: column "data_criacao" of relation "processo_tributario" does not exist
LINE 4:                                 data_criacao, data_atualizac...
                                        ^

2025-12-18 13:58:03,998 - ERROR - Erro linha 1575: column "data_criacao" of relation "processo_tributario" does not exist
LINE 4:                                 data_criacao, data_atualizac...
                                        ^

2025-12-18 13:58:06,318 - ERROR - Erro linha 1578: column "data_criacao" of relation "processo_tributario" does not exist
LINE 4:                                 data_criacao, data_atualizac...
                                        ^

2025-12-18 13:58:14,787 - ERROR - Erro linha 1590: column "data_criacao" of relation "processo_tributario" does not exist
LINE 4:                                 data_criacao, data_atualizac...
                                        ^

2025-12-18 13:58:15,735 - ERROR - Erro linha 1591: column "data_criacao" of relation "processo_tributario" does not exist
LINE 4:                                 data_criacao, data_atualizac...
                                        ^

2025-12-18 13:58:18,040 - ERROR - Erro linha 1594: column "data_criacao" of relation "processo_tributario" does not exist
LINE 4:                                 data_criacao, data_atualizac...
                                        ^

2025-12-18 13:58:18,986 - ERROR - Erro linha 1595: column "data_criacao" of relation "processo_tributario" does not exist
LINE 4:                                 data_criacao, data_atualizac...
                                        ^

2025-12-18 13:58:21,290 - ERROR - Erro linha 1598: column "data_criacao" of relation "processo_tributario" does not exist
LINE 4:                                 data_criacao, data_atualizac...
                                        ^

2025-12-18 13:58:29,003 - ERROR - Erro linha 1609: column "data_criacao" of relation "processo_tributario" does not exist
LINE 4:                                 data_criacao, data_atualizac...
                                        ^

2025-12-18 13:58:30,627 - ERROR - Erro linha 1611: column "data_criacao" of relation "processo_tributario" does not exist
LINE 4:                                 data_criacao, data_atualizac...
                                        ^

2025-12-18 13:58:31,581 - ERROR - Erro linha 1612: column "data_criacao" of relation "processo_tributario" does not exist
LINE 4:                                 data_criacao, data_atualizac...
                                        ^

2025-12-18 13:58:36,602 - ERROR - Erro linha 1619: column "data_criacao" of relation "processo_tributario" does not exist
LINE 4:                                 data_criacao, data_atualizac...
                                        ^

2025-12-18 13:58:39,573 - ERROR - Erro linha 1623: column "data_criacao" of relation "processo_tributario" does not exist
LINE 4:                                 data_criacao, data_atualizac...
                                        ^

2025-12-18 13:58:44,586 - ERROR - Erro linha 1630: column "data_criacao" of relation "processo_tributario" does not exist
LINE 4:                                 data_criacao, data_atualizac...
                                        ^

2025-12-18 13:58:48,234 - ERROR - Erro linha 1635: column "data_criacao" of relation "processo_tributario" does not exist
LINE 4:                                 data_criacao, data_atualizac...
                                        ^

2025-12-18 13:58:50,539 - ERROR - Erro linha 1638: column "data_criacao" of relation "processo_tributario" does not exist
LINE 4:                                 data_criacao, data_atualizac...
                                        ^

2025-12-18 13:58:57,564 - ERROR - Erro linha 1648: column "data_criacao" of relation "processo_tributario" does not exist
LINE 4:                                 data_criacao, data_atualizac...
                                        ^

2025-12-18 13:58:58,513 - ERROR - Erro linha 1649: column "data_criacao" of relation "processo_tributario" does not exist
LINE 4:                                 data_criacao, data_atualizac...
                                        ^

2025-12-18 13:58:59,459 - ERROR - Erro linha 1650: column "data_criacao" of relation "processo_tributario" does not exist
LINE 4:                                 data_criacao, data_atualizac...
                                        ^

2025-12-18 13:59:09,236 - ERROR - Erro linha 1664: column "data_criacao" of relation "processo_tributario" does not exist
LINE 4:                                 data_criacao, data_atualizac...
                                        ^

2025-12-18 13:59:14,258 - ERROR - Erro linha 1671: column "data_criacao" of relation "processo_tributario" does not exist
LINE 4:                                 data_criacao, data_atualizac...
                                        ^

2025-12-18 13:59:21,950 - ERROR - Erro linha 1682: column "data_criacao" of relation "processo_tributario" does not exist
LINE 4:                                 data_criacao, data_atualizac...
                                        ^

2025-12-18 13:59:22,898 - ERROR - Erro linha 1683: column "data_criacao" of relation "processo_tributario" does not exist
LINE 4:                                 data_criacao, data_atualizac...
                                        ^

2025-12-18 13:59:26,547 - ERROR - Erro linha 1688: column "data_criacao" of relation "processo_tributario" does not exist
LINE 4:                                 data_criacao, data_atualizac...
                                        ^

2025-12-18 13:59:28,841 - ERROR - Erro linha 1691: column "data_criacao" of relation "processo_tributario" does not exist
LINE 4:                                 data_criacao, data_atualizac...
                                        ^

2025-12-18 13:59:30,463 - ERROR - Erro linha 1693: column "data_criacao" of relation "processo_tributario" does not exist
LINE 4:                                 data_criacao, data_atualizac...
                                        ^

2025-12-18 13:59:31,412 - ERROR - Erro linha 1694: column "data_criacao" of relation "processo_tributario" does not exist
LINE 4:                                 data_criacao, data_atualizac...
                                        ^

2025-12-18 13:59:49,738 - INFO - Fim. Criados: 874, Atualizados: 848, Erros: 874
2025-12-18 14:09:14,832 - INFO - Fim. Criados: 873, Atualizados: 849, Erros: 0
