area,area_juridica,tipo_processo,foro,valor_causa,complexidade,duracao_esperada,descricao,probabilidade_sucesso,prescricao,nulidade_prova,ilegitimidade,impugnacao_pericia,acordo_proposto,decadencia,incompetencia,conexao
consumidor,Direito do Consumidor,Civil,BA,35945,Baixa,6,Propaganda enganosa com pedido de indenização,0.8,0,0,1,0,0,0,0,0
civil,Direito Civil,Civil,ES,394386,Alta,15,Ação de despejo por falta de pagamento,0.8,1,1,1,0,0,0,0,0
agrario,Direito Agrário,Agrário,BA,3240619,Alta,18,Ação de usucapião de imóvel rural,0.7,1,0,1,1,0,0,0,0
civil,Direito Civil,Civil,CE,232724,Média,12,Rescisão contratual com pedido de restituição de valores,0.8,1,1,1,0,0,0,0,0
civil,Direito Civil,Civil,BA,25597,Baixa,11,Ação de indenização por danos morais e materiais decorrente de acidente de trânsito,0.7,0,0,1,0,0,0,0,0
consumidor,Direito do Consumidor,Civil,MG,34578,Alta,13,Negativação indevida do nome do consumidor,0.9,0,1,1,0,1,0,0,0
penal,Direito Penal,Penal,MT,0,Alta,25,Investigação de crime tributário,0.6,0,1,1,0,0,0,1,0
penal,Direito Penal,Penal,PE,0,Alta,22,Investigação de crime tributário,0.6,0,1,1,0,0,0,1,0
consumidor,Direito do Consumidor,Civil,MS,36540,Média,10,Negativação indevida do nome do consumidor,0.8,0,1,0,0,0,0,0,0
consumidor,Direito do Consumidor,Civil,MG,21912,Média,10,Propaganda enganosa com pedido de indenização,0.8,0,1,0,0,0,0,0,0
trabalhista,Direito Trabalhista,Trabalhista,SP,29483,Alta,16,Ação de rescisão indireta por assédio moral,0.8,1,1,0,0,0,0,0,0
penal,Direito Penal,Penal,CE,0,Alta,21,Ação penal por crime contra o patrimônio,0.55,0,1,0,0,0,0,1,0
previdenciario,Direito Previdenciário,Previdenciário,MT,58937,Alta,19,Processo jurídico na área de previdenciario,0.82,1,0,0,0,1,0,0,0
constitucional,Direito Constitucional,Constitucional,CE,0,Alta,35,Processo jurídico na área de constitucional,0.63,0,1,0,0,0,0,1,1
consumidor,Direito do Consumidor,Civil,SC,38462,Baixa,6,Vício em produto com pedido de substituição,0.8,0,0,1,0,0,0,0,0
trabalhista,Direito Trabalhista,Trabalhista,GO,7987,Baixa,5,Ação de rescisão indireta por assédio moral,0.8,0,1,0,0,1,0,0,0
penal,Direito Penal,Penal,RJ,0,Alta,26,Ação penal por crime contra o patrimônio,0.5,0,0,0,0,0,0,1,0
agrario,Direito Agrário,Agrário,DF,4127619,Alta,23,Regularização fundiária de propriedade rural,0.7,1,0,1,1,0,0,0,0
civil,Direito Civil,Civil,ES,346911,Baixa,8,Rescisão contratual com pedido de restituição de valores,0.8,1,1,1,0,0,0,0,0
penal,Direito Penal,Penal,RS,0,Alta,22,Ação penal por crime contra o patrimônio,0.6,0,1,1,0,0,0,1,0
consumidor,Direito do Consumidor,Civil,ES,45853,Baixa,9,Cobrança indevida de tarifa bancária com pedido de repetição,0.9,0,1,1,0,1,0,0,0
consumidor,Direito do Consumidor,Civil,RS,35403,Baixa,6,Negativação indevida do nome do consumidor,0.9,0,1,1,0,1,0,0,0
civil,Direito Civil,Civil,MS,387192,Baixa,9,Cobrança de dívida com pedido de penhora de bens,0.7,0,0,1,0,0,0,0,0
civil,Direito Civil,Civil,MS,402598,Média,12,Ação de indenização por danos morais e materiais decorrente de acidente de trânsito,0.8,1,1,1,0,0,0,0,0
trabalhista,Direito Trabalhista,Trabalhista,ES,63058,Média,8,Reclamação trabalhista com pedido de horas extras,0.85,1,1,0,0,1,0,0,0
administrativo,Direito Administrativo,Administrativo,MT,894545,Baixa,17,Processo jurídico na área de administrativo,0.62,0,1,0,0,0,0,1,0
civil,Direito Civil,Civil,MG,337401,Alta,16,Ação de despejo por falta de pagamento,0.75,1,1,0,0,0,0,0,0
trabalhista,Direito Trabalhista,Trabalhista,SC,76672,Alta,15,Equiparação salarial entre empregados,0.75,1,0,0,0,0,0,0,0
penal,Direito Penal,Penal,DF,0,Média,18,Processo por lesão corporal dolosa,0.6,0,1,1,0,0,0,1,0
agrario,Direito Agrário,Agrário,SP,4830586,Baixa,12,Desapropriação para fins de reforma agrária,0.7,1,0,1,1,0,0,0,0
civil,Direito Civil,Civil,ES,37983,Média,12,Rescisão contratual com pedido de restituição de valores,0.7,1,0,0,0,0,0,0,0
consumidor,Direito do Consumidor,Civil,ES,17195,Baixa,9,Negativação indevida do nome do consumidor,0.85,0,1,0,0,1,0,0,0
previdenciario,Direito Previdenciário,Previdenciário,SP,184679,Alta,21,Processo jurídico na área de previdenciario,0.77,1,0,0,0,0,0,0,0
previdenciario,Direito Previdenciário,Previdenciário,GO,90238,Baixa,15,Processo jurídico na área de previdenciario,0.87,1,0,0,1,1,0,0,0
agrario,Direito Agrário,Agrário,SC,3781830,Média,15,Conflito de terras entre posseiros,0.7,1,0,1,1,0,0,0,0
agrario,Direito Agrário,Agrário,CE,378118,Alta,19,Conflito de terras entre posseiros,0.7,1,0,1,1,0,0,0,0
trabalhista,Direito Trabalhista,Trabalhista,MG,80501,Média,8,Cobrança de verbas rescisórias não pagas,0.85,1,1,0,0,1,0,0,0
previdenciario,Direito Previdenciário,Previdenciário,ES,155326,Alta,19,Processo jurídico na área de previdenciario,0.82,1,0,0,1,0,0,0,0
agrario,Direito Agrário,Agrário,MS,3452479,Alta,21,Ação de usucapião de imóvel rural,0.6,0,0,1,0,0,0,0,0
civil,Direito Civil,Civil,PE,39022,Alta,18,Cobrança de dívida com pedido de penhora de bens,0.8,1,1,1,0,0,0,0,0
civil,Direito Civil,Civil,RJ,455201,Média,12,Rescisão contratual com pedido de restituição de valores,0.7,0,1,0,0,0,0,0,0
empresarial,Direito Empresarial,Empresarial,CE,38625911,Média,14,Processo jurídico na área de empresarial,0.78,0,0,0,0,1,0,0,1
penal,Direito Penal,Penal,SP,0,Baixa,16,Ação penal por crime ambiental,0.5,0,0,0,0,0,0,1,0
consumidor,Direito do Consumidor,Civil,RJ,13446,Baixa,7,Cobrança indevida de tarifa bancária com pedido de repetição,0.85,0,1,0,0,1,0,0,0
ambiental,Direito Ambiental,Ambiental,RJ,33730636,Média,22,Processo jurídico na área de ambiental,0.63,0,0,0,0,0,0,1,0
consumidor,Direito do Consumidor,Civil,ES,32847,Média,10,Cobrança indevida de tarifa bancária com pedido de repetição,0.85,0,1,1,0,0,0,0,0
trabalhista,Direito Trabalhista,Trabalhista,ES,13785,Média,8,Reclamação trabalhista com pedido de horas extras,0.8,1,0,0,0,1,0,0,0
empresarial,Direito Empresarial,Empresarial,RS,34279988,Baixa,13,Processo jurídico na área de empresarial,0.83,0,1,0,0,1,0,0,1
trabalhista,Direito Trabalhista,Trabalhista,DF,45656,Baixa,5,Reclamação trabalhista com pedido de horas extras,0.85,1,1,0,0,1,0,0,0
civil,Direito Civil,Civil,SP,101478,Média,12,Ação de despejo por falta de pagamento,0.75,1,0,1,0,0,0,0,0
consumidor,Direito do Consumidor,Civil,PE,44606,Baixa,6,Negativação indevida do nome do consumidor,0.9,0,1,1,0,1,0,0,0
previdenciario,Direito Previdenciário,Previdenciário,SP,193009,Média,16,Processo jurídico na área de previdenciario,0.87,1,0,0,1,1,0,0,0
administrativo,Direito Administrativo,Administrativo,MS,334287,Média,20,Processo jurídico na área de administrativo,0.57,0,1,0,0,0,0,0,0
civil,Direito Civil,Civil,PR,283447,Média,12,Ação de despejo por falta de pagamento,0.75,1,0,1,0,0,0,0,0
administrativo,Direito Administrativo,Administrativo,ES,612331,Média,20,Processo jurídico na área de administrativo,0.57,0,0,0,0,0,0,1,0
tributario,Direito Tributário,Tributário,RJ,9289534,Alta,28,Mandado de segurança contra cobrança de ICMS,0.75,1,1,1,0,0,0,0,0
civil,Direito Civil,Civil,MT,450029,Alta,15,Rescisão contratual com pedido de restituição de valores,0.7,0,1,0,0,0,0,0,0
civil,Direito Civil,Civil,PR,153257,Média,12,Rescisão contratual com pedido de restituição de valores,0.75,1,0,1,0,0,0,0,0
previdenciario,Direito Previdenciário,Previdenciário,MT,29581,Baixa,15,Processo jurídico na área de previdenciario,0.82,1,0,0,0,1,0,0,0
trabalhista,Direito Trabalhista,Trabalhista,CE,53243,Média,8,Reclamação trabalhista com pedido de horas extras,0.75,1,0,0,0,0,0,0,0
civil,Direito Civil,Civil,PR,180087,Alta,16,Cobrança de dívida com pedido de penhora de bens,0.8,1,1,1,0,0,0,0,0
penal,Direito Penal,Penal,BA,0,Média,18,Processo por lesão corporal dolosa,0.6,0,1,1,0,0,0,1,0
agrario,Direito Agrário,Agrário,RJ,4583296,Alta,18,Desapropriação para fins de reforma agrária,0.65,0,0,1,1,0,0,0,0
consumidor,Direito do Consumidor,Civil,BA,9418,Baixa,9,Propaganda enganosa com pedido de indenização,0.85,0,1,1,0,0,0,0,0
civil,Direito Civil,Civil,MS,236236,Baixa,9,Ação de indenização por danos morais e materiais decorrente de acidente de trânsito,0.75,1,0,1,0,0,0,0,0
consumidor,Direito do Consumidor,Civil,RJ,1207,Baixa,7,Cobrança indevida de tarifa bancária com pedido de repetição,0.9,0,1,1,0,1,0,0,0
tributario,Direito Tributário,Tributário,CE,1835597,Média,24,Repetição de indébito tributário,0.65,0,0,1,0,0,0,0,0
penal,Direito Penal,Penal,SP,0,Alta,25,Ação penal por crime ambiental,0.6,0,1,1,0,0,0,1,0
civil,Direito Civil,Civil,MS,245629,Alta,18,Cobrança de dívida com pedido de penhora de bens,0.7,0,1,0,0,0,0,0,0
civil,Direito Civil,Civil,SC,396399,Média,12,Ação de indenização por danos morais e materiais decorrente de acidente de trânsito,0.7,0,0,1,0,0,0,0,0
empresarial,Direito Empresarial,Empresarial,RJ,30288948,Baixa,11,Processo jurídico na área de empresarial,0.78,0,1,0,0,1,0,0,0
trabalhista,Direito Trabalhista,Trabalhista,BA,62226,Média,8,Ação de rescisão indireta por assédio moral,0.85,1,1,0,0,1,0,0,0
agrario,Direito Agrário,Agrário,RS,1553730,Alta,20,Desapropriação para fins de reforma agrária,0.7,1,0,1,1,0,0,0,0
civil,Direito Civil,Civil,MT,334417,Alta,15,Rescisão contratual com pedido de restituição de valores,0.7,0,1,0,0,0,0,0,0
agrario,Direito Agrário,Agrário,MT,1422959,Baixa,11,Desapropriação para fins de reforma agrária,0.65,1,0,0,1,0,0,0,0
trabalhista,Direito Trabalhista,Trabalhista,PR,76349,Baixa,7,Equiparação salarial entre empregados,0.85,1,1,0,0,1,0,0,0
civil,Direito Civil,Civil,ES,381019,Média,12,Cobrança de dívida com pedido de penhora de bens,0.8,1,1,1,0,0,0,0,0
administrativo,Direito Administrativo,Administrativo,GO,391151,Média,20,Processo jurídico na área de administrativo,0.62,0,1,0,0,0,0,1,0
empresarial,Direito Empresarial,Empresarial,MG,26353491,Média,14,Processo jurídico na área de empresarial,0.83,0,1,0,0,1,0,0,1
consumidor,Direito do Consumidor,Civil,RJ,39897,Média,10,Cobrança indevida de tarifa bancária com pedido de repetição,0.9,0,1,1,0,1,0,0,0
administrativo,Direito Administrativo,Administrativo,PR,549150,Média,20,Processo jurídico na área de administrativo,0.67,0,1,1,0,0,0,1,0
trabalhista,Direito Trabalhista,Trabalhista,SP,66835,Média,8,Cobrança de verbas rescisórias não pagas,0.75,0,0,0,0,1,0,0,0
civil,Direito Civil,Civil,GO,456063,Alta,18,Rescisão contratual com pedido de restituição de valores,0.7,0,0,1,0,0,0,0,0
trabalhista,Direito Trabalhista,Trabalhista,MT,3427,Média,8,Ação de rescisão indireta por assédio moral,0.85,1,1,0,0,1,0,0,0
civil,Direito Civil,Civil,SC,406922,Média,12,Rescisão contratual com pedido de restituição de valores,0.8,1,1,1,0,0,0,0,0
agrario,Direito Agrário,Agrário,RJ,70905,Média,15,Regularização fundiária de propriedade rural,0.65,0,0,1,1,0,0,0,0
administrativo,Direito Administrativo,Administrativo,RS,311493,Baixa,18,Processo jurídico na área de administrativo,0.57,0,1,0,0,0,0,0,0
civil,Direito Civil,Civil,ES,141691,Média,12,Cobrança de dívida com pedido de penhora de bens,0.8,1,1,1,0,0,0,0,0
civil,Direito Civil,Civil,RS,270595,Média,12,Ação de despejo por falta de pagamento,0.8,1,1,1,0,0,0,0,0
civil,Direito Civil,Civil,PR,293890,Média,12,Rescisão contratual com pedido de restituição de valores,0.75,1,0,1,0,0,0,0,0
trabalhista,Direito Trabalhista,Trabalhista,SC,61482,Baixa,5,Reclamação trabalhista com pedido de horas extras,0.85,1,1,0,0,1,0,0,0
consumidor,Direito do Consumidor,Civil,DF,13253,Baixa,9,Negativação indevida do nome do consumidor,0.85,0,1,0,0,1,0,0,0
agrario,Direito Agrário,Agrário,SP,87764,Média,15,Ação de usucapião de imóvel rural,0.65,1,0,0,1,0,0,0,0
civil,Direito Civil,Civil,DF,262400,Baixa,11,Cobrança de dívida com pedido de penhora de bens,0.7,1,0,0,0,0,0,0,0
trabalhista,Direito Trabalhista,Trabalhista,DF,74666,Baixa,4,Cobrança de verbas rescisórias não pagas,0.85,1,1,0,0,1,0,0,0
agrario,Direito Agrário,Agrário,RJ,2498545,Média,15,Ação de usucapião de imóvel rural,0.65,1,0,1,0,0,0,0,0
consumidor,Direito do Consumidor,Civil,SC,31694,Alta,17,Vício em produto com pedido de substituição,0.8,0,0,0,0,1,0,0,0
consumidor,Direito do Consumidor,Civil,DF,20101,Baixa,8,Negativação indevida do nome do consumidor,0.8,0,0,0,0,1,0,0,0
trabalhista,Direito Trabalhista,Trabalhista,RJ,11508,Média,8,Ação de rescisão indireta por assédio moral,0.8,1,0,0,0,1,0,0,0
trabalhista,Direito Trabalhista,Trabalhista,SP,36179,Alta,13,Equiparação salarial entre empregados,0.75,1,0,0,0,0,0,0,0
consumidor,Direito do Consumidor,Civil,RS,2228,Média,10,Propaganda enganosa com pedido de indenização,0.85,0,1,0,0,1,0,0,0
civil,Direito Civil,Civil,CE,183374,Baixa,8,Rescisão contratual com pedido de restituição de valores,0.8,1,1,1,0,0,0,0,0
civil,Direito Civil,Civil,MT,350713,Média,12,Ação de despejo por falta de pagamento,0.7,1,0,0,0,0,0,0,0
trabalhista,Direito Trabalhista,Trabalhista,SP,6848,Baixa,6,Reclamação trabalhista com pedido de horas extras,0.8,1,0,0,0,1,0,0,0
consumidor,Direito do Consumidor,Civil,GO,1240,Baixa,7,Cobrança indevida de tarifa bancária com pedido de repetição,0.9,0,1,1,0,1,0,0,0
empresarial,Direito Empresarial,Empresarial,SC,23330448,Baixa,11,Processo jurídico na área de empresarial,0.78,0,1,0,0,1,0,0,0
consumidor,Direito do Consumidor,Civil,SC,1682,Média,10,Vício em produto com pedido de substituição,0.85,0,0,1,0,1,0,0,0
empresarial,Direito Empresarial,Empresarial,MT,35409927,Média,14,Processo jurídico na área de empresarial,0.73,0,0,0,0,1,0,0,0
tributario,Direito Tributário,Tributário,MT,7755971,Média,24,Execução fiscal de débito previdenciário,0.65,1,0,0,0,0,0,0,0
civil,Direito Civil,Civil,PR,467866,Média,12,Rescisão contratual com pedido de restituição de valores,0.8,1,1,1,0,0,0,0,0
tributario,Direito Tributário,Tributário,GO,461604,Alta,31,Repetição de indébito tributário,0.7,0,1,1,0,0,0,0,0
consumidor,Direito do Consumidor,Civil,GO,44916,Baixa,7,Vício em produto com pedido de substituição,0.85,0,0,1,0,1,0,0,0
penal,Direito Penal,Penal,SP,0,Média,18,Investigação de crime tributário,0.55,0,1,1,0,0,0,0,0
trabalhista,Direito Trabalhista,Trabalhista,CE,3830,Alta,15,Reclamação trabalhista com pedido de horas extras,0.8,0,1,0,0,1,0,0,0
trabalhista,Direito Trabalhista,Trabalhista,PR,50375,Baixa,7,Cobrança de verbas rescisórias não pagas,0.75,0,0,0,0,1,0,0,0
civil,Direito Civil,Civil,PR,255976,Média,12,Ação de indenização por danos morais e materiais decorrente de acidente de trânsito,0.75,1,1,0,0,0,0,0,0
civil,Direito Civil,Civil,DF,132419,Média,12,Cobrança de dívida com pedido de penhora de bens,0.7,1,0,0,0,0,0,0,0
agrario,Direito Agrário,Agrário,DF,3766507,Alta,22,Desapropriação para fins de reforma agrária,0.6,0,0,0,1,0,0,0,0
penal,Direito Penal,Penal,GO,0,Alta,22,Ação penal por crime contra o patrimônio,0.5,0,0,1,0,0,0,0,0
civil,Direito Civil,Civil,GO,400367,Média,12,Cobrança de dívida com pedido de penhora de bens,0.8,1,1,1,0,0,0,0,0
tributario,Direito Tributário,Tributário,DF,6278536,Alta,29,Repetição de indébito tributário,0.65,1,0,0,0,0,0,0,0
consumidor,Direito do Consumidor,Civil,MS,20346,Baixa,6,Negativação indevida do nome do consumidor,0.9,0,1,1,0,1,0,0,0
civil,Direito Civil,Civil,MS,87998,Alta,18,Ação de indenização por danos morais e materiais decorrente de acidente de trânsito,0.7,0,1,0,0,0,0,0,0
consumidor,Direito do Consumidor,Civil,GO,36831,Baixa,8,Cobrança indevida de tarifa bancária com pedido de repetição,0.9,0,1,1,0,1,0,0,0
civil,Direito Civil,Civil,DF,36462,Baixa,10,Ação de despejo por falta de pagamento,0.75,1,1,0,0,0,0,0,0
empresarial,Direito Empresarial,Empresarial,MS,31149897,Média,14,Processo jurídico na área de empresarial,0.83,0,1,0,0,1,0,0,1
consumidor,Direito do Consumidor,Civil,RS,12977,Baixa,7,Negativação indevida do nome do consumidor,0.85,0,1,1,0,0,0,0,0
previdenciario,Direito Previdenciário,Previdenciário,MS,18772,Média,16,Processo jurídico na área de previdenciario,0.77,0,0,0,1,0,0,0,0
trabalhista,Direito Trabalhista,Trabalhista,SP,81409,Baixa,4,Ação de rescisão indireta por assédio moral,0.8,1,0,0,0,1,0,0,0
penal,Direito Penal,Penal,MT,0,Alta,26,Processo por lesão corporal dolosa,0.55,0,0,1,0,0,0,1,0
trabalhista,Direito Trabalhista,Trabalhista,DF,26018,Baixa,5,Ação de rescisão indireta por assédio moral,0.75,0,0,0,0,1,0,0,0
administrativo,Direito Administrativo,Administrativo,MS,380708,Média,20,Processo jurídico na área de administrativo,0.57,0,0,0,0,0,0,1,0
trabalhista,Direito Trabalhista,Trabalhista,PE,34988,Média,8,Cobrança de verbas rescisórias não pagas,0.8,1,0,0,0,1,0,0,0
civil,Direito Civil,Civil,DF,28884,Média,12,Ação de indenização por danos morais e materiais decorrente de acidente de trânsito,0.75,1,1,0,0,0,0,0,0
civil,Direito Civil,Civil,MT,425547,Baixa,9,Rescisão contratual com pedido de restituição de valores,0.8,1,1,1,0,0,0,0,0
trabalhista,Direito Trabalhista,Trabalhista,PE,96029,Média,8,Equiparação salarial entre empregados,0.8,0,1,0,0,1,0,0,0
civil,Direito Civil,Civil,BA,303763,Média,12,Ação de indenização por danos morais e materiais decorrente de acidente de trânsito,0.8,1,1,1,0,0,0,0,0
penal,Direito Penal,Penal,BA,0,Alta,25,Processo por lesão corporal dolosa,0.55,0,1,0,0,0,0,1,0
agrario,Direito Agrário,Agrário,MS,356543,Baixa,11,Desapropriação para fins de reforma agrária,0.6,1,0,0,0,0,0,0,0
agrario,Direito Agrário,Agrário,SP,475362,Média,15,Regularização fundiária de propriedade rural,0.7,1,0,1,1,0,0,0,0
civil,Direito Civil,Civil,MG,36559,Baixa,11,Ação de despejo por falta de pagamento,0.7,0,0,1,0,0,0,0,0
trabalhista,Direito Trabalhista,Trabalhista,ES,63022,Média,8,Cobrança de verbas rescisórias não pagas,0.8,1,0,0,0,1,0,0,0
civil,Direito Civil,Civil,MT,244113,Baixa,11,Cobrança de dívida com pedido de penhora de bens,0.8,1,1,1,0,0,0,0,0
previdenciario,Direito Previdenciário,Previdenciário,SP,169575,Baixa,12,Processo jurídico na área de previdenciario,0.82,0,0,0,1,1,0,0,0
trabalhista,Direito Trabalhista,Trabalhista,GO,63438,Média,8,Reclamação trabalhista com pedido de horas extras,0.75,0,1,0,0,0,0,0,0
consumidor,Direito do Consumidor,Civil,PR,29028,Média,10,Cobrança indevida de tarifa bancária com pedido de repetição,0.85,0,1,0,0,1,0,0,0
trabalhista,Direito Trabalhista,Trabalhista,MG,89603,Alta,12,Reclamação trabalhista com pedido de horas extras,0.75,0,0,0,0,1,0,0,0
penal,Direito Penal,Penal,MT,0,Alta,22,Ação penal por crime ambiental,0.55,0,1,0,0,0,0,1,0
tributario,Direito Tributário,Tributário,PR,5518868,Baixa,23,Execução fiscal de débito previdenciário,0.65,1,0,0,0,0,0,0,0
civil,Direito Civil,Civil,DF,489545,Média,12,Cobrança de dívida com pedido de penhora de bens,0.8,1,1,1,0,0,0,0,0
consumidor,Direito do Consumidor,Civil,MG,33582,Média,10,Propaganda enganosa com pedido de indenização,0.9,0,1,1,0,1,0,0,0
civil,Direito Civil,Civil,MG,339742,Baixa,10,Rescisão contratual com pedido de restituição de valores,0.8,1,1,1,0,0,0,0,0
civil,Direito Civil,Civil,BA,152693,Média,12,Ação de despejo por falta de pagamento,0.7,0,0,1,0,0,0,0,0
administrativo,Direito Administrativo,Administrativo,SC,209032,Média,20,Processo jurídico na área de administrativo,0.57,0,1,0,0,0,0,0,0
consumidor,Direito do Consumidor,Civil,SP,22532,Baixa,7,Negativação indevida do nome do consumidor,0.9,0,1,1,0,1,0,0,0
consumidor,Direito do Consumidor,Civil,GO,26830,Baixa,7,Negativação indevida do nome do consumidor,0.9,0,1,1,0,1,0,0,0
trabalhista,Direito Trabalhista,Trabalhista,SP,40654,Média,8,Cobrança de verbas rescisórias não pagas,0.8,1,1,0,0,0,0,0,0
consumidor,Direito do Consumidor,Civil,BA,46070,Baixa,9,Negativação indevida do nome do consumidor,0.8,0,0,1,0,0,0,0,0
trabalhista,Direito Trabalhista,Trabalhista,SC,96575,Baixa,5,Ação de rescisão indireta por assédio moral,0.85,1,1,0,0,1,0,0,0
civil,Direito Civil,Civil,BA,469240,Baixa,8,Rescisão contratual com pedido de restituição de valores,0.7,0,1,0,0,0,0,0,0
trabalhista,Direito Trabalhista,Trabalhista,PR,9591,Baixa,7,Ação de rescisão indireta por assédio moral,0.85,1,1,0,0,1,0,0,0
agrario,Direito Agrário,Agrário,ES,3248155,Alta,18,Ação de usucapião de imóvel rural,0.6,0,0,1,0,0,0,0,0
agrario,Direito Agrário,Agrário,PE,494944,Média,15,Conflito de terras entre posseiros,0.7,1,0,1,1,0,0,0,0
consumidor,Direito do Consumidor,Civil,SC,38185,Alta,18,Vício em produto com pedido de substituição,0.9,0,1,1,0,1,0,0,0
previdenciario,Direito Previdenciário,Previdenciário,DF,145880,Média,16,Processo jurídico na área de previdenciario,0.82,1,0,0,1,0,0,0,0
civil,Direito Civil,Civil,MG,429866,Baixa,11,Cobrança de dívida com pedido de penhora de bens,0.75,1,1,0,0,0,0,0,0
consumidor,Direito do Consumidor,Civil,RJ,41089,Média,10,Negativação indevida do nome do consumidor,0.9,0,1,1,0,1,0,0,0
trabalhista,Direito Trabalhista,Trabalhista,SC,60259,Média,8,Cobrança de verbas rescisórias não pagas,0.8,0,1,0,0,1,0,0,0
administrativo,Direito Administrativo,Administrativo,SC,694504,Alta,27,Processo jurídico na área de administrativo,0.62,0,1,0,0,0,0,1,0
agrario,Direito Agrário,Agrário,ES,2163589,Alta,21,Regularização fundiária de propriedade rural,0.65,1,0,1,0,0,0,0,0
agrario,Direito Agrário,Agrário,RJ,3081492,Alta,22,Regularização fundiária de propriedade rural,0.65,0,0,1,1,0,0,0,0
empresarial,Direito Empresarial,Empresarial,ES,25644675,Alta,19,Processo jurídico na área de empresarial,0.83,0,1,0,0,1,0,0,1
tributario,Direito Tributário,Tributário,DF,6372555,Baixa,23,Ação anulatória de auto de infração,0.75,1,1,1,0,0,0,0,0
agrario,Direito Agrário,Agrário,PE,3213503,Alta,20,Regularização fundiária de propriedade rural,0.6,1,0,0,0,0,0,0,0
trabalhista,Direito Trabalhista,Trabalhista,CE,66772,Baixa,4,Cobrança de verbas rescisórias não pagas,0.85,1,1,0,0,1,0,0,0
trabalhista,Direito Trabalhista,Trabalhista,RJ,66419,Alta,14,Ação de rescisão indireta por assédio moral,0.8,1,1,0,0,0,0,0,0
civil,Direito Civil,Civil,BA,128111,Média,12,Ação de indenização por danos morais e materiais decorrente de acidente de trânsito,0.75,1,1,0,0,0,0,0,0
consumidor,Direito do Consumidor,Civil,MG,13200,Baixa,7,Vício em produto com pedido de substituição,0.85,0,1,0,0,1,0,0,0
civil,Direito Civil,Civil,MG,255129,Média,12,Cobrança de dívida com pedido de penhora de bens,0.75,1,0,1,0,0,0,0,0
civil,Direito Civil,Civil,BA,211449,Média,12,Cobrança de dívida com pedido de penhora de bens,0.8,1,1,1,0,0,0,0,0
constitucional,Direito Constitucional,Constitucional,RJ,0,Alta,34,Processo jurídico na área de constitucional,0.58,0,0,0,0,0,0,1,1
constitucional,Direito Constitucional,Constitucional,MS,0,Alta,38,Processo jurídico na área de constitucional,0.53,0,1,0,0,0,0,0,0
consumidor,Direito do Consumidor,Civil,RS,2387,Baixa,7,Negativação indevida do nome do consumidor,0.85,0,0,1,0,1,0,0,0
previdenciario,Direito Previdenciário,Previdenciário,ES,59418,Média,16,Processo jurídico na área de previdenciario,0.77,0,0,0,0,1,0,0,0
consumidor,Direito do Consumidor,Civil,PE,4185,Baixa,8,Vício em produto com pedido de substituição,0.9,0,1,1,0,1,0,0,0
militar,Direito Militar,Militar,CE,0,Baixa,8,Processo jurídico na área de militar,0.65,0,1,1,0,0,0,1,0
agrario,Direito Agrário,Agrário,SC,4854033,Alta,19,Regularização fundiária de propriedade rural,0.6,0,0,0,1,0,0,0,0
agrario,Direito Agrário,Agrário,GO,2027242,Alta,20,Regularização fundiária de propriedade rural,0.6,0,0,1,0,0,0,0,0
penal,Direito Penal,Penal,RJ,0,Baixa,14,Investigação de crime tributário,0.55,0,1,0,0,0,0,1,0
agrario,Direito Agrário,Agrário,PE,4552302,Média,15,Desapropriação para fins de reforma agrária,0.6,0,0,0,1,0,0,0,0
civil,Direito Civil,Civil,BA,475914,Média,12,Cobrança de dívida com pedido de penhora de bens,0.7,1,0,0,0,0,0,0,0
civil,Direito Civil,Civil,GO,452364,Baixa,9,Ação de indenização por danos morais e materiais decorrente de acidente de trânsito,0.75,0,1,1,0,0,0,0,0
empresarial,Direito Empresarial,Empresarial,MS,15616300,Média,14,Processo jurídico na área de empresarial,0.73,0,0,0,0,0,0,0,1
trabalhista,Direito Trabalhista,Trabalhista,PR,70616,Média,8,Cobrança de verbas rescisórias não pagas,0.85,1,1,0,0,1,0,0,0
civil,Direito Civil,Civil,SC,161955,Média,12,Rescisão contratual com pedido de restituição de valores,0.7,0,1,0,0,0,0,0,0
civil,Direito Civil,Civil,MS,100849,Média,12,Ação de despejo por falta de pagamento,0.75,1,1,0,0,0,0,0,0
civil,Direito Civil,Civil,RJ,441307,Baixa,8,Cobrança de dívida com pedido de penhora de bens,0.75,0,1,1,0,0,0,0,0
agrario,Direito Agrário,Agrário,ES,417269,Alta,18,Regularização fundiária de propriedade rural,0.7,1,0,1,1,0,0,0,0
civil,Direito Civil,Civil,CE,456314,Baixa,8,Ação de despejo por falta de pagamento,0.7,0,0,1,0,0,0,0,0
tributario,Direito Tributário,Tributário,PE,7749688,Média,24,Mandado de segurança contra cobrança de ICMS,0.65,0,1,0,0,0,0,0,0
agrario,Direito Agrário,Agrário,RS,212130,Alta,20,Regularização fundiária de propriedade rural,0.65,1,0,1,0,0,0,0,0
penal,Direito Penal,Penal,RS,0,Alta,23,Processo por lesão corporal dolosa,0.55,0,1,0,0,0,0,1,0
previdenciario,Direito Previdenciário,Previdenciário,SC,63124,Baixa,14,Processo jurídico na área de previdenciario,0.77,0,0,0,0,1,0,0,0
agrario,Direito Agrário,Agrário,RJ,4126561,Média,15,Ação de usucapião de imóvel rural,0.6,0,0,1,0,0,0,0,0
civil,Direito Civil,Civil,ES,213656,Média,12,Rescisão contratual com pedido de restituição de valores,0.7,0,1,0,0,0,0,0,0
trabalhista,Direito Trabalhista,Trabalhista,ES,34094,Média,8,Cobrança de verbas rescisórias não pagas,0.75,0,0,0,0,1,0,0,0
penal,Direito Penal,Penal,RJ,0,Alta,23,Ação penal por crime ambiental,0.55,0,0,1,0,0,0,1,0
civil,Direito Civil,Civil,CE,145975,Alta,18,Ação de despejo por falta de pagamento,0.7,0,1,0,0,0,0,0,0
penal,Direito Penal,Penal,PE,0,Alta,26,Processo por lesão corporal dolosa,0.6,0,1,1,0,0,0,1,0
agrario,Direito Agrário,Agrário,SC,2432608,Média,15,Regularização fundiária de propriedade rural,0.7,1,0,1,1,0,0,0,0
penal,Direito Penal,Penal,SP,0,Média,18,Ação penal por crime ambiental,0.5,0,0,0,0,0,0,1,0
consumidor,Direito do Consumidor,Civil,GO,36579,Baixa,6,Negativação indevida do nome do consumidor,0.9,0,1,1,0,1,0,0,0
trabalhista,Direito Trabalhista,Trabalhista,MT,62519,Baixa,4,Cobrança de verbas rescisórias não pagas,0.85,1,1,0,0,1,0,0,0
civil,Direito Civil,Civil,CE,488184,Média,12,Ação de indenização por danos morais e materiais decorrente de acidente de trânsito,0.75,1,0,1,0,0,0,0,0
civil,Direito Civil,Civil,DF,66193,Média,12,Rescisão contratual com pedido de restituição de valores,0.8,1,1,1,0,0,0,0,0
trabalhista,Direito Trabalhista,Trabalhista,DF,86079,Alta,14,Reclamação trabalhista com pedido de horas extras,0.75,1,0,0,0,0,0,0,0
trabalhista,Direito Trabalhista,Trabalhista,DF,44985,Alta,11,Equiparação salarial entre empregados,0.75,0,1,0,0,0,0,0,0
consumidor,Direito do Consumidor,Civil,ES,35303,Baixa,7,Cobrança indevida de tarifa bancária com pedido de repetição,0.9,0,1,1,0,1,0,0,0
civil,Direito Civil,Civil,SP,354674,Alta,18,Rescisão contratual com pedido de restituição de valores,0.7,0,0,1,0,0,0,0,0
agrario,Direito Agrário,Agrário,MS,1022759,Alta,20,Desapropriação para fins de reforma agrária,0.65,1,0,1,0,0,0,0,0
trabalhista,Direito Trabalhista,Trabalhista,MT,94012,Baixa,4,Equiparação salarial entre empregados,0.85,1,1,0,0,1,0,0,0
penal,Direito Penal,Penal,MG,0,Baixa,15,Ação penal por crime ambiental,0.5,0,0,0,0,0,0,1,0
penal,Direito Penal,Penal,MS,0,Alta,23,Ação penal por crime ambiental,0.5,0,0,1,0,0,0,0,0
trabalhista,Direito Trabalhista,Trabalhista,RJ,91497,Baixa,6,Equiparação salarial entre empregados,0.85,1,1,0,0,1,0,0,0
trabalhista,Direito Trabalhista,Trabalhista,PR,30073,Média,8,Ação de rescisão indireta por assédio moral,0.85,1,1,0,0,1,0,0,0
trabalhista,Direito Trabalhista,Trabalhista,MT,72774,Baixa,7,Reclamação trabalhista com pedido de horas extras,0.8,1,1,0,0,0,0,0,0
consumidor,Direito do Consumidor,Civil,RJ,17469,Média,10,Cobrança indevida de tarifa bancária com pedido de repetição,0.85,0,1,0,0,1,0,0,0
agrario,Direito Agrário,Agrário,SP,2970970,Média,15,Ação de usucapião de imóvel rural,0.7,1,0,1,1,0,0,0,0
ambiental,Direito Ambiental,Ambiental,ES,78707478,Média,22,Processo jurídico na área de ambiental,0.63,0,0,0,1,0,0,0,0
consumidor,Direito do Consumidor,Civil,MS,35525,Baixa,9,Cobrança indevida de tarifa bancária com pedido de repetição,0.9,0,1,1,0,1,0,0,0
administrativo,Direito Administrativo,Administrativo,MT,300609,Alta,25,Processo jurídico na área de administrativo,0.57,0,1,0,0,0,0,0,0
tributario,Direito Tributário,Tributário,MT,1784107,Alta,30,Execução fiscal de débito previdenciário,0.75,1,1,1,0,0,0,0,0
consumidor,Direito do Consumidor,Civil,CE,11711,Baixa,7,Vício em produto com pedido de substituição,0.85,0,0,1,0,1,0,0,0
consumidor,Direito do Consumidor,Civil,BA,18496,Baixa,9,Cobrança indevida de tarifa bancária com pedido de repetição,0.85,0,1,0,0,1,0,0,0
penal,Direito Penal,Penal,SP,0,Alta,24,Processo por lesão corporal dolosa,0.5,0,0,0,0,0,0,1,0
empresarial,Direito Empresarial,Empresarial,GO,41476886,Alta,17,Processo jurídico na área de empresarial,0.73,0,1,0,0,0,0,0,0
penal,Direito Penal,Penal,PR,0,Média,18,Processo por lesão corporal dolosa,0.55,0,1,0,0,0,0,1,0
agrario,Direito Agrário,Agrário,RJ,2208629,Média,15,Ação de usucapião de imóvel rural,0.7,1,0,1,1,0,0,0,0
trabalhista,Direito Trabalhista,Trabalhista,SP,72619,Alta,11,Reclamação trabalhista com pedido de horas extras,0.85,1,1,0,0,1,0,0,0
consumidor,Direito do Consumidor,Civil,MG,4771,Média,10,Propaganda enganosa com pedido de indenização,0.9,0,1,1,0,1,0,0,0
civil,Direito Civil,Civil,ES,368054,Baixa,11,Cobrança de dívida com pedido de penhora de bens,0.7,0,1,0,0,0,0,0,0
tributario,Direito Tributário,Tributário,MT,9509452,Média,24,Mandado de segurança contra cobrança de ICMS,0.75,1,1,1,0,0,0,0,0
civil,Direito Civil,Civil,SP,253448,Média,12,Ação de despejo por falta de pagamento,0.7,0,0,1,0,0,0,0,0
civil,Direito Civil,Civil,RS,86223,Média,12,Rescisão contratual com pedido de restituição de valores,0.75,1,0,1,0,0,0,0,0
consumidor,Direito do Consumidor,Civil,PE,30629,Média,10,Propaganda enganosa com pedido de indenização,0.8,0,1,0,0,0,0,0,0
consumidor,Direito do Consumidor,Civil,GO,47689,Média,10,Cobrança indevida de tarifa bancária com pedido de repetição,0.85,0,1,0,0,1,0,0,0
trabalhista,Direito Trabalhista,Trabalhista,MT,40683,Média,8,Reclamação trabalhista com pedido de horas extras,0.75,1,0,0,0,0,0,0,0
empresarial,Direito Empresarial,Empresarial,MG,30766024,Média,14,Processo jurídico na área de empresarial,0.78,0,1,0,0,0,0,0,1
previdenciario,Direito Previdenciário,Previdenciário,PE,76968,Média,16,Processo jurídico na área de previdenciario,0.82,1,0,0,0,1,0,0,0
consumidor,Direito do Consumidor,Civil,RS,47938,Média,10,Cobrança indevida de tarifa bancária com pedido de repetição,0.9,0,1,1,0,1,0,0,0
empresarial,Direito Empresarial,Empresarial,ES,16722219,Média,14,Processo jurídico na área de empresarial,0.73,0,1,0,0,0,0,0,0
trabalhista,Direito Trabalhista,Trabalhista,RJ,2685,Baixa,7,Cobrança de verbas rescisórias não pagas,0.8,0,1,0,0,1,0,0,0
penal,Direito Penal,Penal,PE,0,Alta,25,Ação penal por crime contra o patrimônio,0.5,0,0,1,0,0,0,0,0
civil,Direito Civil,Civil,CE,161372,Baixa,11,Rescisão contratual com pedido de restituição de valores,0.75,1,1,0,0,0,0,0,0
previdenciario,Direito Previdenciário,Previdenciário,BA,116061,Média,16,Processo jurídico na área de previdenciario,0.82,1,0,0,0,1,0,0,0
consumidor,Direito do Consumidor,Civil,SC,22972,Baixa,6,Vício em produto com pedido de substituição,0.8,0,0,0,0,1,0,0,0
previdenciario,Direito Previdenciário,Previdenciário,ES,13227,Média,16,Processo jurídico na área de previdenciario,0.77,0,0,0,0,1,0,0,0
previdenciario,Direito Previdenciário,Previdenciário,RJ,66824,Baixa,14,Processo jurídico na área de previdenciario,0.82,1,0,0,1,0,0,0,0
civil,Direito Civil,Civil,MG,265637,Média,12,Ação de despejo por falta de pagamento,0.8,1,1,1,0,0,0,0,0
civil,Direito Civil,Civil,SP,70189,Média,12,Ação de despejo por falta de pagamento,0.75,1,0,1,0,0,0,0,0
penal,Direito Penal,Penal,MT,0,Alta,26,Processo por lesão corporal dolosa,0.6,0,1,1,0,0,0,1,0
consumidor,Direito do Consumidor,Civil,SC,14401,Média,10,Cobrança indevida de tarifa bancária com pedido de repetição,0.8,0,0,0,0,1,0,0,0
civil,Direito Civil,Civil,MS,70367,Média,12,Ação de despejo por falta de pagamento,0.8,1,1,1,0,0,0,0,0
penal,Direito Penal,Penal,BA,0,Alta,25,Ação penal por crime ambiental,0.55,0,0,1,0,0,0,1,0
civil,Direito Civil,Civil,MT,469471,Baixa,10,Cobrança de dívida com pedido de penhora de bens,0.7,0,0,1,0,0,0,0,0
consumidor,Direito do Consumidor,Civil,DF,2068,Alta,16,Negativação indevida do nome do consumidor,0.8,0,1,0,0,0,0,0,0
civil,Direito Civil,Civil,RS,302528,Média,12,Ação de despejo por falta de pagamento,0.75,1,1,0,0,0,0,0,0
agrario,Direito Agrário,Agrário,MS,262644,Média,15,Regularização fundiária de propriedade rural,0.7,1,0,1,1,0,0,0,0
civil,Direito Civil,Civil,RS,70036,Média,12,Ação de despejo por falta de pagamento,0.75,1,0,1,0,0,0,0,0
agrario,Direito Agrário,Agrário,PE,2872039,Alta,19,Conflito de terras entre posseiros,0.65,0,0,1,1,0,0,0,0
trabalhista,Direito Trabalhista,Trabalhista,CE,6589,Média,8,Ação de rescisão indireta por assédio moral,0.75,0,0,0,0,1,0,0,0
tributario,Direito Tributário,Tributário,MG,7412676,Alta,32,Repetição de indébito tributário,0.65,1,0,0,0,0,0,0,0
trabalhista,Direito Trabalhista,Trabalhista,BA,83594,Média,8,Ação de rescisão indireta por assédio moral,0.85,1,1,0,0,1,0,0,0
previdenciario,Direito Previdenciário,Previdenciário,MS,48631,Baixa,14,Processo jurídico na área de previdenciario,0.77,0,0,0,1,0,0,0,0
agrario,Direito Agrário,Agrário,RS,1455935,Alta,23,Conflito de terras entre posseiros,0.65,1,0,1,0,0,0,0,0
penal,Direito Penal,Penal,PR,0,Alta,26,Ação penal por crime contra o patrimônio,0.55,0,1,0,0,0,0,1,0
penal,Direito Penal,Penal,SP,0,Média,18,Ação penal por crime contra o patrimônio,0.6,0,1,1,0,0,0,1,0
trabalhista,Direito Trabalhista,Trabalhista,PR,95617,Baixa,6,Reclamação trabalhista com pedido de horas extras,0.75,1,0,0,0,0,0,0,0
consumidor,Direito do Consumidor,Civil,RS,27841,Baixa,6,Negativação indevida do nome do consumidor,0.85,0,1,0,0,1,0,0,0
empresarial,Direito Empresarial,Empresarial,PR,42414534,Alta,17,Processo jurídico na área de empresarial,0.78,0,1,0,0,1,0,0,0
agrario,Direito Agrário,Agrário,GO,4315739,Alta,20,Regularização fundiária de propriedade rural,0.6,0,0,0,1,0,0,0,0
trabalhista,Direito Trabalhista,Trabalhista,MG,51962,Alta,12,Cobrança de verbas rescisórias não pagas,0.85,1,1,0,0,1,0,0,0
trabalhista,Direito Trabalhista,Trabalhista,MG,57320,Média,8,Ação de rescisão indireta por assédio moral,0.8,1,1,0,0,0,0,0,0
trabalhista,Direito Trabalhista,Trabalhista,MT,96910,Média,8,Ação de rescisão indireta por assédio moral,0.8,0,1,0,0,1,0,0,0
empresarial,Direito Empresarial,Empresarial,CE,39182275,Média,14,Processo jurídico na área de empresarial,0.78,0,0,0,0,1,0,0,1
tributario,Direito Tributário,Tributário,PE,310633,Média,24,Execução fiscal de débito previdenciário,0.65,1,0,0,0,0,0,0,0
agrario,Direito Agrário,Agrário,ES,1419947,Média,15,Conflito de terras entre posseiros,0.6,0,0,0,1,0,0,0,0
penal,Direito Penal,Penal,GO,0,Alta,26,Ação penal por crime contra o patrimônio,0.5,0,0,1,0,0,0,0,0
agrario,Direito Agrário,Agrário,PR,4823611,Alta,20,Desapropriação para fins de reforma agrária,0.65,1,0,1,0,0,0,0,0
consumidor,Direito do Consumidor,Civil,SP,5262,Média,10,Negativação indevida do nome do consumidor,0.8,0,0,1,0,0,0,0,0
administrativo,Direito Administrativo,Administrativo,PE,274245,Média,20,Processo jurídico na área de administrativo,0.62,0,1,1,0,0,0,0,0
administrativo,Direito Administrativo,Administrativo,MS,469441,Alta,28,Processo jurídico na área de administrativo,0.67,0,1,1,0,0,0,1,0
civil,Direito Civil,Civil,RJ,448387,Média,12,Ação de indenização por danos morais e materiais decorrente de acidente de trânsito,0.75,0,1,1,0,0,0,0,0
civil,Direito Civil,Civil,MG,156303,Média,12,Ação de indenização por danos morais e materiais decorrente de acidente de trânsito,0.8,1,1,1,0,0,0,0,0
consumidor,Direito do Consumidor,Civil,DF,24492,Média,10,Negativação indevida do nome do consumidor,0.9,0,1,1,0,1,0,0,0
trabalhista,Direito Trabalhista,Trabalhista,MG,27488,Média,8,Ação de rescisão indireta por assédio moral,0.75,0,1,0,0,0,0,0,0
consumidor,Direito do Consumidor,Civil,MG,39466,Alta,14,Vício em produto com pedido de substituição,0.8,0,0,1,0,0,0,0,0
civil,Direito Civil,Civil,PR,224787,Baixa,10,Rescisão contratual com pedido de restituição de valores,0.8,1,1,1,0,0,0,0,0
consumidor,Direito do Consumidor,Civil,RS,28140,Baixa,7,Cobrança indevida de tarifa bancária com pedido de repetição,0.9,0,1,1,0,1,0,0,0
trabalhista,Direito Trabalhista,Trabalhista,DF,10636,Baixa,6,Reclamação trabalhista com pedido de horas extras,0.8,1,1,0,0,0,0,0,0
empresarial,Direito Empresarial,Empresarial,MS,35318321,Média,14,Processo jurídico na área de empresarial,0.78,0,1,0,0,0,0,0,1
civil,Direito Civil,Civil,PR,141865,Média,12,Cobrança de dívida com pedido de penhora de bens,0.7,0,0,1,0,0,0,0,0
administrativo,Direito Administrativo,Administrativo,ES,385656,Média,20,Processo jurídico na área de administrativo,0.57,0,0,1,0,0,0,0,0
trabalhista,Direito Trabalhista,Trabalhista,PR,74406,Média,8,Cobrança de verbas rescisórias não pagas,0.8,1,1,0,0,0,0,0,0
trabalhista,Direito Trabalhista,Trabalhista,MS,76312,Média,8,Cobrança de verbas rescisórias não pagas,0.8,1,0,0,0,1,0,0,0
previdenciario,Direito Previdenciário,Previdenciário,MG,129143,Média,16,Processo jurídico na área de previdenciario,0.87,1,0,0,1,1,0,0,0
empresarial,Direito Empresarial,Empresarial,MT,6158750,Baixa,10,Processo jurídico na área de empresarial,0.73,0,1,0,0,0,0,0,0
tributario,Direito Tributário,Tributário,MT,5741961,Alta,29,Repetição de indébito tributário,0.7,1,1,0,0,0,0,0,0
civil,Direito Civil,Civil,SC,91981,Baixa,9,Rescisão contratual com pedido de restituição de valores,0.7,0,1,0,0,0,0,0,0
previdenciario,Direito Previdenciário,Previdenciário,RS,168142,Baixa,12,Processo jurídico na área de previdenciario,0.82,1,0,0,0,1,0,0,0
trabalhista,Direito Trabalhista,Trabalhista,RJ,57333,Alta,13,Ação de rescisão indireta por assédio moral,0.8,0,1,0,0,1,0,0,0
constitucional,Direito Constitucional,Constitucional,GO,0,Alta,33,Processo jurídico na área de constitucional,0.58,0,1,0,0,0,0,0,1
previdenciario,Direito Previdenciário,Previdenciário,DF,174658,Alta,24,Processo jurídico na área de previdenciario,0.82,0,0,0,1,1,0,0,0
empresarial,Direito Empresarial,Empresarial,BA,38320966,Baixa,11,Processo jurídico na área de empresarial,0.83,0,1,0,0,1,0,0,1
empresarial,Direito Empresarial,Empresarial,SP,30044332,Alta,17,Processo jurídico na área de empresarial,0.78,0,0,0,0,1,0,0,1
penal,Direito Penal,Penal,MT,0,Alta,23,Investigação de crime tributário,0.5,0,1,0,0,0,0,0,0
empresarial,Direito Empresarial,Empresarial,MG,25013122,Média,14,Processo jurídico na área de empresarial,0.78,0,1,0,0,1,0,0,0
empresarial,Direito Empresarial,Empresarial,SP,19716391,Alta,20,Processo jurídico na área de empresarial,0.83,0,1,0,0,1,0,0,1
consumidor,Direito do Consumidor,Civil,SP,26814,Baixa,6,Propaganda enganosa com pedido de indenização,0.8,0,0,1,0,0,0,0,0
administrativo,Direito Administrativo,Administrativo,GO,74193,Alta,24,Processo jurídico na área de administrativo,0.62,0,1,1,0,0,0,0,0
civil,Direito Civil,Civil,PE,282688,Baixa,8,Cobrança de dívida com pedido de penhora de bens,0.75,0,1,1,0,0,0,0,0
trabalhista,Direito Trabalhista,Trabalhista,PE,59219,Alta,12,Reclamação trabalhista com pedido de horas extras,0.75,1,0,0,0,0,0,0,0
tributario,Direito Tributário,Tributário,RS,1217810,Alta,29,Mandado de segurança contra cobrança de ICMS,0.65,1,0,0,0,0,0,0,0
consumidor,Direito do Consumidor,Civil,RS,1867,Baixa,7,Negativação indevida do nome do consumidor,0.9,0,1,1,0,1,0,0,0
consumidor,Direito do Consumidor,Civil,MG,2670,Média,10,Vício em produto com pedido de substituição,0.85,0,0,1,0,1,0,0,0
trabalhista,Direito Trabalhista,Trabalhista,PR,78739,Baixa,7,Equiparação salarial entre empregados,0.85,1,1,0,0,1,0,0,0
previdenciario,Direito Previdenciário,Previdenciário,PR,34221,Baixa,15,Processo jurídico na área de previdenciario,0.82,0,0,0,1,1,0,0,0
civil,Direito Civil,Civil,MG,194423,Alta,16,Rescisão contratual com pedido de restituição de valores,0.75,1,0,1,0,0,0,0,0
agrario,Direito Agrário,Agrário,MT,2981825,Média,15,Regularização fundiária de propriedade rural,0.6,0,0,1,0,0,0,0,0
civil,Direito Civil,Civil,DF,35219,Alta,17,Ação de indenização por danos morais e materiais decorrente de acidente de trânsito,0.8,1,1,1,0,0,0,0,0
consumidor,Direito do Consumidor,Civil,CE,9066,Baixa,9,Cobrança indevida de tarifa bancária com pedido de repetição,0.8,0,0,1,0,0,0,0,0
empresarial,Direito Empresarial,Empresarial,CE,35156409,Média,14,Processo jurídico na área de empresarial,0.83,0,1,0,0,1,0,0,1
civil,Direito Civil,Civil,SC,217372,Baixa,8,Cobrança de dívida com pedido de penhora de bens,0.75,1,1,0,0,0,0,0,0
consumidor,Direito do Consumidor,Civil,MT,30619,Baixa,6,Vício em produto com pedido de substituição,0.8,0,0,1,0,0,0,0,0
administrativo,Direito Administrativo,Administrativo,MS,573721,Média,20,Processo jurídico na área de administrativo,0.62,0,1,1,0,0,0,0,0
previdenciario,Direito Previdenciário,Previdenciário,MT,34427,Média,16,Processo jurídico na área de previdenciario,0.87,1,0,0,1,1,0,0,0
trabalhista,Direito Trabalhista,Trabalhista,DF,67579,Alta,11,Cobrança de verbas rescisórias não pagas,0.75,0,1,0,0,0,0,0,0
trabalhista,Direito Trabalhista,Trabalhista,RS,13434,Baixa,5,Equiparação salarial entre empregados,0.8,1,1,0,0,0,0,0,0
consumidor,Direito do Consumidor,Civil,MG,11682,Baixa,9,Vício em produto com pedido de substituição,0.8,0,0,0,0,1,0,0,0
trabalhista,Direito Trabalhista,Trabalhista,SP,46044,Média,8,Reclamação trabalhista com pedido de horas extras,0.8,1,1,0,0,0,0,0,0
trabalhista,Direito Trabalhista,Trabalhista,PE,86643,Alta,15,Reclamação trabalhista com pedido de horas extras,0.8,1,1,0,0,0,0,0,0
civil,Direito Civil,Civil,RS,336531,Média,12,Cobrança de dívida com pedido de penhora de bens,0.75,1,0,1,0,0,0,0,0
empresarial,Direito Empresarial,Empresarial,PE,42609519,Média,14,Processo jurídico na área de empresarial,0.83,0,1,0,0,1,0,0,1
consumidor,Direito do Consumidor,Civil,RS,19601,Média,10,Negativação indevida do nome do consumidor,0.9,0,1,1,0,1,0,0,0
penal,Direito Penal,Penal,PE,0,Alta,22,Investigação de crime tributário,0.6,0,1,1,0,0,0,1,0
agrario,Direito Agrário,Agrário,RS,2614125,Alta,23,Regularização fundiária de propriedade rural,0.7,1,0,1,1,0,0,0,0
agrario,Direito Agrário,Agrário,BA,4889166,Baixa,11,Desapropriação para fins de reforma agrária,0.6,1,0,0,0,0,0,0,0
trabalhista,Direito Trabalhista,Trabalhista,DF,75360,Média,8,Cobrança de verbas rescisórias não pagas,0.85,1,1,0,0,1,0,0,0
agrario,Direito Agrário,Agrário,GO,1892791,Baixa,13,Regularização fundiária de propriedade rural,0.7,1,0,1,1,0,0,0,0
civil,Direito Civil,Civil,MS,291693,Média,12,Cobrança de dívida com pedido de penhora de bens,0.75,1,0,1,0,0,0,0,0
agrario,Direito Agrário,Agrário,SP,485262,Baixa,11,Conflito de terras entre posseiros,0.6,1,0,0,0,0,0,0,0
agrario,Direito Agrário,Agrário,RS,1701168,Média,15,Regularização fundiária de propriedade rural,0.7,1,0,1,1,0,0,0,0
tributario,Direito Tributário,Tributário,MT,8790243,Alta,31,Execução fiscal de débito previdenciário,0.65,1,0,0,0,0,0,0,0
agrario,Direito Agrário,Agrário,SP,3248107,Alta,18,Conflito de terras entre posseiros,0.6,0,0,1,0,0,0,0,0
previdenciario,Direito Previdenciário,Previdenciário,SP,162912,Alta,24,Processo jurídico na área de previdenciario,0.82,1,0,0,1,0,0,0,0
trabalhista,Direito Trabalhista,Trabalhista,PR,87925,Média,8,Equiparação salarial entre empregados,0.85,1,1,0,0,1,0,0,0
trabalhista,Direito Trabalhista,Trabalhista,CE,25114,Alta,15,Equiparação salarial entre empregados,0.75,0,1,0,0,0,0,0,0
administrativo,Direito Administrativo,Administrativo,SP,92473,Alta,27,Processo jurídico na área de administrativo,0.57,0,0,1,0,0,0,0,0
civil,Direito Civil,Civil,MS,237384,Alta,20,Cobrança de dívida com pedido de penhora de bens,0.8,1,1,1,0,0,0,0,0
tributario,Direito Tributário,Tributário,RJ,8978330,Média,24,Ação anulatória de auto de infração,0.7,0,1,1,0,0,0,0,0
trabalhista,Direito Trabalhista,Trabalhista,MT,21537,Baixa,5,Reclamação trabalhista com pedido de horas extras,0.75,0,1,0,0,0,0,0,0
administrativo,Direito Administrativo,Administrativo,MS,377900,Alta,24,Processo jurídico na área de administrativo,0.57,0,1,0,0,0,0,0,0
consumidor,Direito do Consumidor,Civil,SP,24468,Baixa,8,Vício em produto com pedido de substituição,0.85,0,1,0,0,1,0,0,0
empresarial,Direito Empresarial,Empresarial,RS,28410472,Média,14,Processo jurídico na área de empresarial,0.83,0,1,0,0,1,0,0,1
agrario,Direito Agrário,Agrário,CE,2421634,Alta,23,Conflito de terras entre posseiros,0.7,1,0,1,1,0,0,0,0
civil,Direito Civil,Civil,MG,436834,Alta,20,Ação de indenização por danos morais e materiais decorrente de acidente de trânsito,0.8,1,1,1,0,0,0,0,0
penal,Direito Penal,Penal,GO,0,Média,18,Processo por lesão corporal dolosa,0.5,0,0,0,0,0,0,1,0
civil,Direito Civil,Civil,RJ,194080,Média,12,Cobrança de dívida com pedido de penhora de bens,0.75,1,1,0,0,0,0,0,0
agrario,Direito Agrário,Agrário,PE,1675528,Média,15,Desapropriação para fins de reforma agrária,0.7,1,0,1,1,0,0,0,0
civil,Direito Civil,Civil,SC,467765,Média,12,Ação de despejo por falta de pagamento,0.75,0,1,1,0,0,0,0,0
penal,Direito Penal,Penal,PE,0,Alta,25,Ação penal por crime ambiental,0.55,0,0,1,0,0,0,1,0
agrario,Direito Agrário,Agrário,SC,4218750,Alta,23,Conflito de terras entre posseiros,0.7,1,0,1,1,0,0,0,0
administrativo,Direito Administrativo,Administrativo,MT,746076,Alta,26,Processo jurídico na área de administrativo,0.57,0,0,1,0,0,0,0,0
trabalhista,Direito Trabalhista,Trabalhista,SC,56219,Média,8,Ação de rescisão indireta por assédio moral,0.75,1,0,0,0,0,0,0,0
trabalhista,Direito Trabalhista,Trabalhista,PE,5447,Baixa,5,Equiparação salarial entre empregados,0.85,1,1,0,0,1,0,0,0
civil,Direito Civil,Civil,RJ,366417,Média,12,Ação de despejo por falta de pagamento,0.75,1,0,1,0,0,0,0,0
consumidor,Direito do Consumidor,Civil,BA,46678,Média,10,Cobrança indevida de tarifa bancária com pedido de repetição,0.9,0,1,1,0,1,0,0,0
agrario,Direito Agrário,Agrário,PE,4489841,Alta,23,Desapropriação para fins de reforma agrária,0.6,0,0,0,1,0,0,0,0
trabalhista,Direito Trabalhista,Trabalhista,MG,62701,Média,8,Ação de rescisão indireta por assédio moral,0.85,1,1,0,0,1,0,0,0
consumidor,Direito do Consumidor,Civil,PR,38494,Baixa,8,Propaganda enganosa com pedido de indenização,0.8,0,1,0,0,0,0,0,0
trabalhista,Direito Trabalhista,Trabalhista,SP,74449,Baixa,4,Cobrança de verbas rescisórias não pagas,0.85,1,1,0,0,1,0,0,0
civil,Direito Civil,Civil,DF,314172,Média,12,Cobrança de dívida com pedido de penhora de bens,0.8,1,1,1,0,0,0,0,0
tributario,Direito Tributário,Tributário,GO,1815369,Média,24,Ação anulatória de auto de infração,0.65,0,1,0,0,0,0,0,0
civil,Direito Civil,Civil,ES,418802,Média,12,Rescisão contratual com pedido de restituição de valores,0.75,1,0,1,0,0,0,0,0
trabalhista,Direito Trabalhista,Trabalhista,SP,90167,Alta,15,Reclamação trabalhista com pedido de horas extras,0.8,1,1,0,0,0,0,0,0
ambiental,Direito Ambiental,Ambiental,RJ,90717046,Alta,28,Processo jurídico na área de ambiental,0.73,0,0,0,1,0,0,1,1
trabalhista,Direito Trabalhista,Trabalhista,DF,30122,Baixa,4,Equiparação salarial entre empregados,0.8,0,1,0,0,1,0,0,0
trabalhista,Direito Trabalhista,Trabalhista,ES,35579,Baixa,5,Ação de rescisão indireta por assédio moral,0.8,1,0,0,0,1,0,0,0
tributario,Direito Tributário,Tributário,MS,5474588,Alta,28,Execução fiscal de débito previdenciário,0.7,1,0,1,0,0,0,0,0
civil,Direito Civil,Civil,GO,178465,Alta,16,Cobrança de dívida com pedido de penhora de bens,0.75,1,0,1,0,0,0,0,0
penal,Direito Penal,Penal,DF,0,Alta,21,Processo por lesão corporal dolosa,0.55,0,1,0,0,0,0,1,0
agrario,Direito Agrário,Agrário,SC,3552065,Alta,18,Desapropriação para fins de reforma agrária,0.65,1,0,1,0,0,0,0,0
agrario,Direito Agrário,Agrário,MT,658292,Alta,19,Regularização fundiária de propriedade rural,0.6,0,0,1,0,0,0,0,0
empresarial,Direito Empresarial,Empresarial,MG,29915511,Baixa,11,Processo jurídico na área de empresarial,0.73,0,1,0,0,0,0,0,0
agrario,Direito Agrário,Agrário,SC,2181267,Alta,18,Ação de usucapião de imóvel rural,0.6,0,0,1,0,0,0,0,0
penal,Direito Penal,Penal,SC,0,Baixa,16,Investigação de crime tributário,0.55,0,0,1,0,0,0,1,0
trabalhista,Direito Trabalhista,Trabalhista,MS,93684,Média,8,Reclamação trabalhista com pedido de horas extras,0.8,1,0,0,0,1,0,0,0
consumidor,Direito do Consumidor,Civil,PR,39844,Alta,16,Negativação indevida do nome do consumidor,0.8,0,1,0,0,0,0,0,0
previdenciario,Direito Previdenciário,Previdenciário,SP,7166,Baixa,12,Processo jurídico na área de previdenciario,0.87,1,0,0,1,1,0,0,0
civil,Direito Civil,Civil,PE,65059,Média,12,Ação de despejo por falta de pagamento,0.7,0,1,0,0,0,0,0,0
trabalhista,Direito Trabalhista,Trabalhista,MS,35165,Baixa,6,Ação de rescisão indireta por assédio moral,0.75,0,1,0,0,0,0,0,0
trabalhista,Direito Trabalhista,Trabalhista,MS,55655,Média,8,Equiparação salarial entre empregados,0.75,0,0,0,0,1,0,0,0
penal,Direito Penal,Penal,CE,0,Média,18,Processo por lesão corporal dolosa,0.6,0,1,1,0,0,0,1,0
civil,Direito Civil,Civil,MG,259172,Baixa,9,Ação de despejo por falta de pagamento,0.75,0,1,1,0,0,0,0,0
civil,Direito Civil,Civil,PE,157457,Baixa,8,Cobrança de dívida com pedido de penhora de bens,0.75,1,0,1,0,0,0,0,0
civil,Direito Civil,Civil,CE,211132,Baixa,9,Ação de despejo por falta de pagamento,0.7,1,0,0,0,0,0,0,0
trabalhista,Direito Trabalhista,Trabalhista,BA,12868,Média,8,Cobrança de verbas rescisórias não pagas,0.75,0,0,0,0,1,0,0,0
empresarial,Direito Empresarial,Empresarial,MG,7017237,Média,14,Processo jurídico na área de empresarial,0.73,0,0,0,0,1,0,0,0
agrario,Direito Agrário,Agrário,PR,4715327,Alta,20,Desapropriação para fins de reforma agrária,0.65,1,0,0,1,0,0,0,0
civil,Direito Civil,Civil,SC,161901,Média,12,Ação de despejo por falta de pagamento,0.75,1,0,1,0,0,0,0,0
administrativo,Direito Administrativo,Administrativo,RS,428077,Alta,24,Processo jurídico na área de administrativo,0.57,0,0,0,0,0,0,1,0
trabalhista,Direito Trabalhista,Trabalhista,PE,55780,Baixa,6,Reclamação trabalhista com pedido de horas extras,0.75,0,1,0,0,0,0,0,0
agrario,Direito Agrário,Agrário,DF,2145371,Alta,20,Ação de usucapião de imóvel rural,0.6,1,0,0,0,0,0,0,0
penal,Direito Penal,Penal,RJ,0,Alta,26,Ação penal por crime ambiental,0.5,0,0,1,0,0,0,0,0
civil,Direito Civil,Civil,RS,233465,Média,12,Rescisão contratual com pedido de restituição de valores,0.7,0,0,1,0,0,0,0,0
trabalhista,Direito Trabalhista,Trabalhista,GO,94576,Média,8,Equiparação salarial entre empregados,0.75,1,0,0,0,0,0,0,0
civil,Direito Civil,Civil,DF,489828,Baixa,8,Cobrança de dívida com pedido de penhora de bens,0.7,1,0,0,0,0,0,0,0
civil,Direito Civil,Civil,SC,355784,Alta,16,Cobrança de dívida com pedido de penhora de bens,0.75,1,0,1,0,0,0,0,0
penal,Direito Penal,Penal,DF,0,Alta,22,Investigação de crime tributário,0.55,0,1,1,0,0,0,0,0
civil,Direito Civil,Civil,ES,403168,Baixa,10,Ação de despejo por falta de pagamento,0.8,1,1,1,0,0,0,0,0
tributario,Direito Tributário,Tributário,PE,2633952,Alta,32,Mandado de segurança contra cobrança de ICMS,0.65,1,0,0,0,0,0,0,0
trabalhista,Direito Trabalhista,Trabalhista,MT,2829,Média,8,Cobrança de verbas rescisórias não pagas,0.8,0,1,0,0,1,0,0,0
trabalhista,Direito Trabalhista,Trabalhista,MT,97045,Média,8,Ação de rescisão indireta por assédio moral,0.75,0,0,0,0,1,0,0,0
consumidor,Direito do Consumidor,Civil,BA,43991,Baixa,7,Propaganda enganosa com pedido de indenização,0.85,0,0,1,0,1,0,0,0
agrario,Direito Agrário,Agrário,ES,3388142,Alta,20,Ação de usucapião de imóvel rural,0.65,1,0,1,0,0,0,0,0
agrario,Direito Agrário,Agrário,MS,4827271,Média,15,Conflito de terras entre posseiros,0.7,1,0,1,1,0,0,0,0
trabalhista,Direito Trabalhista,Trabalhista,DF,19909,Baixa,6,Equiparação salarial entre empregados,0.85,1,1,0,0,1,0,0,0
ambiental,Direito Ambiental,Ambiental,SC,8409099,Alta,27,Processo jurídico na área de ambiental,0.63,0,0,0,1,0,0,0,0
consumidor,Direito do Consumidor,Civil,ES,28529,Baixa,9,Propaganda enganosa com pedido de indenização,0.85,0,0,1,0,1,0,0,0
empresarial,Direito Empresarial,Empresarial,MG,17899851,Baixa,10,Processo jurídico na área de empresarial,0.73,0,0,0,0,0,0,0,1
trabalhista,Direito Trabalhista,Trabalhista,GO,4902,Média,8,Cobrança de verbas rescisórias não pagas,0.75,0,0,0,0,1,0,0,0
administrativo,Direito Administrativo,Administrativo,SC,709536,Baixa,17,Processo jurídico na área de administrativo,0.67,0,1,1,0,0,0,1,0
civil,Direito Civil,Civil,GO,496831,Média,12,Ação de indenização por danos morais e materiais decorrente de acidente de trânsito,0.75,0,1,1,0,0,0,0,0
consumidor,Direito do Consumidor,Civil,ES,26971,Média,10,Cobrança indevida de tarifa bancária com pedido de repetição,0.8,0,0,0,0,1,0,0,0
tributario,Direito Tributário,Tributário,BA,1950844,Alta,32,Repetição de indébito tributário,0.7,0,1,1,0,0,0,0,0
agrario,Direito Agrário,Agrário,PE,4597477,Alta,20,Regularização fundiária de propriedade rural,0.6,0,0,1,0,0,0,0,0
empresarial,Direito Empresarial,Empresarial,RS,42377864,Média,14,Processo jurídico na área de empresarial,0.78,0,0,0,0,1,0,0,1
agrario,Direito Agrário,Agrário,PR,3094242,Alta,20,Ação de usucapião de imóvel rural,0.6,1,0,0,0,0,0,0,0
consumidor,Direito do Consumidor,Civil,GO,12191,Baixa,9,Vício em produto com pedido de substituição,0.85,0,0,1,0,1,0,0,0
penal,Direito Penal,Penal,BA,0,Alta,25,Investigação de crime tributário,0.6,0,1,1,0,0,0,1,0
agrario,Direito Agrário,Agrário,MS,1545547,Alta,21,Regularização fundiária de propriedade rural,0.6,0,0,1,0,0,0,0,0
consumidor,Direito do Consumidor,Civil,ES,11687,Média,10,Cobrança indevida de tarifa bancária com pedido de repetição,0.85,0,0,1,0,1,0,0,0
administrativo,Direito Administrativo,Administrativo,RJ,805007,Média,20,Processo jurídico na área de administrativo,0.57,0,0,0,0,0,0,1,0
trabalhista,Direito Trabalhista,Trabalhista,SP,91492,Alta,13,Equiparação salarial entre empregados,0.85,1,1,0,0,1,0,0,0
consumidor,Direito do Consumidor,Civil,MG,14112,Baixa,8,Vício em produto com pedido de substituição,0.8,0,0,0,0,1,0,0,0
civil,Direito Civil,Civil,BA,486522,Média,12,Rescisão contratual com pedido de restituição de valores,0.75,0,1,1,0,0,0,0,0
consumidor,Direito do Consumidor,Civil,RJ,26664,Média,10,Propaganda enganosa com pedido de indenização,0.8,0,1,0,0,0,0,0,0
agrario,Direito Agrário,Agrário,CE,2950009,Alta,18,Ação de usucapião de imóvel rural,0.65,1,0,0,1,0,0,0,0
trabalhista,Direito Trabalhista,Trabalhista,ES,36552,Alta,16,Reclamação trabalhista com pedido de horas extras,0.85,1,1,0,0,1,0,0,0
trabalhista,Direito Trabalhista,Trabalhista,MG,54425,Média,8,Equiparação salarial entre empregados,0.8,1,1,0,0,0,0,0,0
trabalhista,Direito Trabalhista,Trabalhista,MT,33052,Média,8,Ação de rescisão indireta por assédio moral,0.75,1,0,0,0,0,0,0,0
agrario,Direito Agrário,Agrário,MS,1487598,Alta,22,Desapropriação para fins de reforma agrária,0.65,1,0,1,0,0,0,0,0
previdenciario,Direito Previdenciário,Previdenciário,RJ,121290,Média,16,Processo jurídico na área de previdenciario,0.87,1,0,0,1,1,0,0,0
trabalhista,Direito Trabalhista,Trabalhista,MT,61044,Baixa,4,Equiparação salarial entre empregados,0.85,1,1,0,0,1,0,0,0
penal,Direito Penal,Penal,SC,0,Baixa,16,Ação penal por crime ambiental,0.55,0,1,1,0,0,0,0,0
civil,Direito Civil,Civil,RS,167440,Média,12,Ação de despejo por falta de pagamento,0.75,0,1,1,0,0,0,0,0
tributario,Direito Tributário,Tributário,PR,5607460,Média,24,Repetição de indébito tributário,0.7,0,1,1,0,0,0,0,0
trabalhista,Direito Trabalhista,Trabalhista,SC,69350,Alta,11,Reclamação trabalhista com pedido de horas extras,0.75,0,0,0,0,1,0,0,0
empresarial,Direito Empresarial,Empresarial,MG,25302660,Média,14,Processo jurídico na área de empresarial,0.73,0,1,0,0,0,0,0,0
trabalhista,Direito Trabalhista,Trabalhista,SC,81200,Baixa,6,Cobrança de verbas rescisórias não pagas,0.85,1,1,0,0,1,0,0,0
agrario,Direito Agrário,Agrário,RJ,1645086,Média,15,Desapropriação para fins de reforma agrária,0.65,1,0,1,0,0,0,0,0
empresarial,Direito Empresarial,Empresarial,GO,42263566,Baixa,10,Processo jurídico na área de empresarial,0.73,0,0,0,0,1,0,0,0
civil,Direito Civil,Civil,PR,245297,Baixa,9,Rescisão contratual com pedido de restituição de valores,0.75,1,1,0,0,0,0,0,0
administrativo,Direito Administrativo,Administrativo,SC,614187,Média,20,Processo jurídico na área de administrativo,0.62,0,1,0,0,0,0,1,0
tributario,Direito Tributário,Tributário,RS,9573780,Baixa,20,Execução fiscal de débito previdenciário,0.75,1,1,1,0,0,0,0,0
consumidor,Direito do Consumidor,Civil,MG,6844,Média,10,Propaganda enganosa com pedido de indenização,0.9,0,1,1,0,1,0,0,0
empresarial,Direito Empresarial,Empresarial,SC,34765356,Média,14,Processo jurídico na área de empresarial,0.83,0,1,0,0,1,0,0,1
penal,Direito Penal,Penal,RJ,0,Média,18,Ação penal por crime contra o patrimônio,0.5,0,1,0,0,0,0,0,0
civil,Direito Civil,Civil,RJ,391055,Média,12,Rescisão contratual com pedido de restituição de valores,0.7,1,0,0,0,0,0,0,0
trabalhista,Direito Trabalhista,Trabalhista,MT,88254,Média,8,Equiparação salarial entre empregados,0.8,1,1,0,0,0,0,0,0
tributario,Direito Tributário,Tributário,CE,2730638,Média,24,Ação anulatória de auto de infração,0.75,1,1,1,0,0,0,0,0
agrario,Direito Agrário,Agrário,PR,3915633,Média,15,Regularização fundiária de propriedade rural,0.6,0,0,0,1,0,0,0,0
tributario,Direito Tributário,Tributário,CE,9766617,Alta,27,Ação anulatória de auto de infração,0.75,1,1,1,0,0,0,0,0
civil,Direito Civil,Civil,MS,412911,Média,12,Rescisão contratual com pedido de restituição de valores,0.75,0,1,1,0,0,0,0,0
civil,Direito Civil,Civil,PR,320132,Baixa,9,Ação de despejo por falta de pagamento,0.8,1,1,1,0,0,0,0,0
administrativo,Direito Administrativo,Administrativo,ES,462883,Média,20,Processo jurídico na área de administrativo,0.57,0,0,1,0,0,0,0,0
tributario,Direito Tributário,Tributário,CE,6337675,Média,24,Ação anulatória de auto de infração,0.75,1,1,1,0,0,0,0,0
civil,Direito Civil,Civil,SP,384841,Média,12,Rescisão contratual com pedido de restituição de valores,0.8,1,1,1,0,0,0,0,0
civil,Direito Civil,Civil,PR,270416,Alta,20,Rescisão contratual com pedido de restituição de valores,0.8,1,1,1,0,0,0,0,0
trabalhista,Direito Trabalhista,Trabalhista,SP,71580,Média,8,Reclamação trabalhista com pedido de horas extras,0.75,0,0,0,0,1,0,0,0
empresarial,Direito Empresarial,Empresarial,RS,9839216,Baixa,13,Processo jurídico na área de empresarial,0.78,0,0,0,0,1,0,0,1
previdenciario,Direito Previdenciário,Previdenciário,PE,68964,Alta,24,Processo jurídico na área de previdenciario,0.82,1,0,0,0,1,0,0,0
trabalhista,Direito Trabalhista,Trabalhista,MT,99337,Média,8,Equiparação salarial entre empregados,0.8,0,1,0,0,1,0,0,0
civil,Direito Civil,Civil,MG,355712,Média,12,Cobrança de dívida com pedido de penhora de bens,0.7,1,0,0,0,0,0,0,0
agrario,Direito Agrário,Agrário,SP,1433887,Baixa,11,Conflito de terras entre posseiros,0.65,1,0,1,0,0,0,0,0
civil,Direito Civil,Civil,RJ,40353,Média,12,Rescisão contratual com pedido de restituição de valores,0.7,0,0,1,0,0,0,0,0
penal,Direito Penal,Penal,CE,0,Média,18,Processo por lesão corporal dolosa,0.5,0,0,1,0,0,0,0,0
tributario,Direito Tributário,Tributário,BA,1141045,Alta,30,Execução fiscal de débito previdenciário,0.75,1,1,1,0,0,0,0,0
trabalhista,Direito Trabalhista,Trabalhista,RJ,75650,Baixa,4,Equiparação salarial entre empregados,0.8,1,1,0,0,0,0,0,0
consumidor,Direito do Consumidor,Civil,RJ,13575,Baixa,8,Vício em produto com pedido de substituição,0.9,0,1,1,0,1,0,0,0
agrario,Direito Agrário,Agrário,SP,2024742,Alta,23,Desapropriação para fins de reforma agrária,0.65,0,0,1,1,0,0,0,0
trabalhista,Direito Trabalhista,Trabalhista,MT,6414,Baixa,7,Ação de rescisão indireta por assédio moral,0.8,0,1,0,0,1,0,0,0
trabalhista,Direito Trabalhista,Trabalhista,PR,31824,Alta,15,Ação de rescisão indireta por assédio moral,0.85,1,1,0,0,1,0,0,0
tributario,Direito Tributário,Tributário,MS,4878345,Alta,32,Execução fiscal de débito previdenciário,0.75,1,1,1,0,0,0,0,0
civil,Direito Civil,Civil,SP,268196,Média,12,Rescisão contratual com pedido de restituição de valores,0.7,1,0,0,0,0,0,0,0
trabalhista,Direito Trabalhista,Trabalhista,ES,27267,Média,8,Reclamação trabalhista com pedido de horas extras,0.85,1,1,0,0,1,0,0,0
administrativo,Direito Administrativo,Administrativo,BA,692992,Média,20,Processo jurídico na área de administrativo,0.67,0,1,1,0,0,0,1,0
civil,Direito Civil,Civil,MT,165625,Alta,19,Ação de despejo por falta de pagamento,0.7,1,0,0,0,0,0,0,0
tributario,Direito Tributário,Tributário,SC,9904506,Alta,29,Ação anulatória de auto de infração,0.75,1,1,1,0,0,0,0,0
administrativo,Direito Administrativo,Administrativo,DF,129056,Alta,27,Processo jurídico na área de administrativo,0.57,0,0,0,0,0,0,1,0
consumidor,Direito do Consumidor,Civil,MS,35822,Média,10,Negativação indevida do nome do consumidor,0.85,0,1,1,0,0,0,0,0
trabalhista,Direito Trabalhista,Trabalhista,GO,74673,Média,8,Equiparação salarial entre empregados,0.8,0,1,0,0,1,0,0,0
administrativo,Direito Administrativo,Administrativo,PE,115237,Média,20,Processo jurídico na área de administrativo,0.57,0,0,1,0,0,0,0,0
civil,Direito Civil,Civil,SP,226285,Baixa,11,Ação de indenização por danos morais e materiais decorrente de acidente de trânsito,0.8,1,1,1,0,0,0,0,0
civil,Direito Civil,Civil,MS,55449,Baixa,11,Ação de despejo por falta de pagamento,0.8,1,1,1,0,0,0,0,0
penal,Direito Penal,Penal,BA,0,Média,18,Ação penal por crime ambiental,0.5,0,0,0,0,0,0,1,0
tributario,Direito Tributário,Tributário,DF,4345236,Alta,27,Mandado de segurança contra cobrança de ICMS,0.65,1,0,0,0,0,0,0,0
trabalhista,Direito Trabalhista,Trabalhista,SP,42603,Baixa,7,Equiparação salarial entre empregados,0.8,1,1,0,0,0,0,0,0
ambiental,Direito Ambiental,Ambiental,PE,97879287,Alta,28,Processo jurídico na área de ambiental,0.68,0,0,0,1,0,0,1,0
penal,Direito Penal,Penal,CE,0,Alta,21,Processo por lesão corporal dolosa,0.6,0,1,1,0,0,0,1,0
consumidor,Direito do Consumidor,Civil,ES,2478,Média,10,Cobrança indevida de tarifa bancária com pedido de repetição,0.85,0,1,1,0,0,0,0,0
trabalhista,Direito Trabalhista,Trabalhista,MG,67962,Média,8,Reclamação trabalhista com pedido de horas extras,0.85,1,1,0,0,1,0,0,0
civil,Direito Civil,Civil,SC,366454,Média,12,Cobrança de dívida com pedido de penhora de bens,0.75,1,0,1,0,0,0,0,0
civil,Direito Civil,Civil,RS,188756,Baixa,8,Ação de indenização por danos morais e materiais decorrente de acidente de trânsito,0.8,1,1,1,0,0,0,0,0
agrario,Direito Agrário,Agrário,PE,2240826,Alta,19,Regularização fundiária de propriedade rural,0.6,0,0,1,0,0,0,0,0
civil,Direito Civil,Civil,RJ,336113,Média,12,Ação de despejo por falta de pagamento,0.7,0,1,0,0,0,0,0,0
civil,Direito Civil,Civil,SC,414576,Alta,19,Cobrança de dívida com pedido de penhora de bens,0.75,1,1,0,0,0,0,0,0
trabalhista,Direito Trabalhista,Trabalhista,MG,78308,Média,8,Cobrança de verbas rescisórias não pagas,0.85,1,1,0,0,1,0,0,0
tributario,Direito Tributário,Tributário,CE,1105431,Alta,32,Repetição de indébito tributário,0.65,1,0,0,0,0,0,0,0
trabalhista,Direito Trabalhista,Trabalhista,SP,38879,Média,8,Equiparação salarial entre empregados,0.75,1,0,0,0,0,0,0,0
consumidor,Direito do Consumidor,Civil,SP,45093,Média,10,Vício em produto com pedido de substituição,0.8,0,0,0,0,1,0,0,0
penal,Direito Penal,Penal,SC,0,Média,18,Ação penal por crime ambiental,0.6,0,1,1,0,0,0,1,0
tributario,Direito Tributário,Tributário,BA,6422233,Alta,31,Repetição de indébito tributário,0.7,1,0,1,0,0,0,0,0
penal,Direito Penal,Penal,RS,0,Média,18,Processo por lesão corporal dolosa,0.5,0,1,0,0,0,0,0,0
civil,Direito Civil,Civil,MT,285619,Alta,20,Ação de indenização por danos morais e materiais decorrente de acidente de trânsito,0.8,1,1,1,0,0,0,0,0
civil,Direito Civil,Civil,BA,218307,Média,12,Ação de despejo por falta de pagamento,0.8,1,1,1,0,0,0,0,0
consumidor,Direito do Consumidor,Civil,MS,14163,Baixa,6,Negativação indevida do nome do consumidor,0.9,0,1,1,0,1,0,0,0
trabalhista,Direito Trabalhista,Trabalhista,PE,52584,Alta,11,Reclamação trabalhista com pedido de horas extras,0.8,1,0,0,0,1,0,0,0
penal,Direito Penal,Penal,PE,0,Média,18,Investigação de crime tributário,0.55,0,1,1,0,0,0,0,0
consumidor,Direito do Consumidor,Civil,RJ,46332,Média,10,Negativação indevida do nome do consumidor,0.9,0,1,1,0,1,0,0,0
empresarial,Direito Empresarial,Empresarial,RS,45657614,Baixa,13,Processo jurídico na área de empresarial,0.73,0,1,0,0,0,0,0,0
tributario,Direito Tributário,Tributário,GO,9504885,Alta,32,Ação anulatória de auto de infração,0.65,0,1,0,0,0,0,0,0
consumidor,Direito do Consumidor,Civil,BA,32731,Média,10,Negativação indevida do nome do consumidor,0.8,0,0,0,0,1,0,0,0
previdenciario,Direito Previdenciário,Previdenciário,SC,101512,Média,16,Processo jurídico na área de previdenciario,0.77,0,0,0,1,0,0,0,0
trabalhista,Direito Trabalhista,Trabalhista,SC,70495,Baixa,4,Ação de rescisão indireta por assédio moral,0.75,1,0,0,0,0,0,0,0
consumidor,Direito do Consumidor,Civil,MT,27206,Média,10,Vício em produto com pedido de substituição,0.9,0,1,1,0,1,0,0,0
civil,Direito Civil,Civil,CE,153823,Baixa,10,Ação de despejo por falta de pagamento,0.75,1,1,0,0,0,0,0,0
civil,Direito Civil,Civil,MT,421513,Baixa,11,Rescisão contratual com pedido de restituição de valores,0.75,1,1,0,0,0,0,0,0
civil,Direito Civil,Civil,GO,79247,Baixa,8,Cobrança de dívida com pedido de penhora de bens,0.75,1,1,0,0,0,0,0,0
trabalhista,Direito Trabalhista,Trabalhista,RJ,62194,Baixa,7,Equiparação salarial entre empregados,0.8,1,1,0,0,0,0,0,0
penal,Direito Penal,Penal,GO,0,Alta,22,Ação penal por crime contra o patrimônio,0.55,0,1,0,0,0,0,1,0
administrativo,Direito Administrativo,Administrativo,RJ,770710,Baixa,18,Processo jurídico na área de administrativo,0.62,0,1,1,0,0,0,0,0
agrario,Direito Agrário,Agrário,RJ,108677,Média,15,Desapropriação para fins de reforma agrária,0.65,1,0,0,1,0,0,0,0
trabalhista,Direito Trabalhista,Trabalhista,GO,20925,Média,8,Equiparação salarial entre empregados,0.8,1,1,0,0,0,0,0,0
consumidor,Direito do Consumidor,Civil,MT,6630,Baixa,7,Propaganda enganosa com pedido de indenização,0.8,0,0,1,0,0,0,0,0
trabalhista,Direito Trabalhista,Trabalhista,MS,21791,Alta,15,Equiparação salarial entre empregados,0.85,1,1,0,0,1,0,0,0
tributario,Direito Tributário,Tributário,MG,986638,Baixa,23,Repetição de indébito tributário,0.65,1,0,0,0,0,0,0,0
empresarial,Direito Empresarial,Empresarial,BA,34163842,Média,14,Processo jurídico na área de empresarial,0.83,0,1,0,0,1,0,0,1
trabalhista,Direito Trabalhista,Trabalhista,ES,79372,Baixa,6,Ação de rescisão indireta por assédio moral,0.85,1,1,0,0,1,0,0,0
consumidor,Direito do Consumidor,Civil,PE,26153,Baixa,7,Propaganda enganosa com pedido de indenização,0.9,0,1,1,0,1,0,0,0
agrario,Direito Agrário,Agrário,SC,4732150,Média,15,Regularização fundiária de propriedade rural,0.7,1,0,1,1,0,0,0,0
empresarial,Direito Empresarial,Empresarial,MS,8533824,Média,14,Processo jurídico na área de empresarial,0.73,0,0,0,0,1,0,0,0
consumidor,Direito do Consumidor,Civil,DF,15236,Média,10,Cobrança indevida de tarifa bancária com pedido de repetição,0.9,0,1,1,0,1,0,0,0
penal,Direito Penal,Penal,GO,0,Alta,22,Investigação de crime tributário,0.6,0,1,1,0,0,0,1,0
trabalhista,Direito Trabalhista,Trabalhista,CE,50532,Média,8,Ação de rescisão indireta por assédio moral,0.75,0,1,0,0,0,0,0,0
consumidor,Direito do Consumidor,Civil,RS,49330,Baixa,6,Vício em produto com pedido de substituição,0.9,0,1,1,0,1,0,0,0
administrativo,Direito Administrativo,Administrativo,SC,739946,Média,20,Processo jurídico na área de administrativo,0.57,0,0,1,0,0,0,0,0
consumidor,Direito do Consumidor,Civil,DF,15065,Baixa,7,Negativação indevida do nome do consumidor,0.85,0,0,1,0,1,0,0,0
consumidor,Direito do Consumidor,Civil,MT,42165,Baixa,6,Negativação indevida do nome do consumidor,0.85,0,1,0,0,1,0,0,0
tributario,Direito Tributário,Tributário,MT,3596575,Baixa,20,Ação anulatória de auto de infração,0.65,0,1,0,0,0,0,0,0
civil,Direito Civil,Civil,DF,295946,Média,12,Ação de indenização por danos morais e materiais decorrente de acidente de trânsito,0.7,0,0,1,0,0,0,0,0
previdenciario,Direito Previdenciário,Previdenciário,MT,149346,Alta,19,Processo jurídico na área de previdenciario,0.77,0,0,0,0,1,0,0,0
empresarial,Direito Empresarial,Empresarial,CE,25038922,Alta,18,Processo jurídico na área de empresarial,0.83,0,1,0,0,1,0,0,1
empresarial,Direito Empresarial,Empresarial,PE,38996001,Alta,21,Processo jurídico na área de empresarial,0.78,0,1,0,0,1,0,0,0
civil,Direito Civil,Civil,RS,30601,Média,12,Rescisão contratual com pedido de restituição de valores,0.8,1,1,1,0,0,0,0,0
agrario,Direito Agrário,Agrário,GO,4009088,Média,15,Conflito de terras entre posseiros,0.65,1,0,0,1,0,0,0,0
consumidor,Direito do Consumidor,Civil,PE,13332,Baixa,8,Negativação indevida do nome do consumidor,0.8,0,1,0,0,0,0,0,0
trabalhista,Direito Trabalhista,Trabalhista,SP,19108,Média,8,Reclamação trabalhista com pedido de horas extras,0.8,1,1,0,0,0,0,0,0
agrario,Direito Agrário,Agrário,PE,1281352,Alta,22,Regularização fundiária de propriedade rural,0.6,0,0,1,0,0,0,0,0
trabalhista,Direito Trabalhista,Trabalhista,RS,97385,Alta,11,Cobrança de verbas rescisórias não pagas,0.85,1,1,0,0,1,0,0,0
civil,Direito Civil,Civil,ES,370552,Média,12,Ação de indenização por danos morais e materiais decorrente de acidente de trânsito,0.8,1,1,1,0,0,0,0,0
consumidor,Direito do Consumidor,Civil,CE,41321,Média,10,Vício em produto com pedido de substituição,0.9,0,1,1,0,1,0,0,0
agrario,Direito Agrário,Agrário,RJ,1252108,Baixa,13,Desapropriação para fins de reforma agrária,0.65,0,0,1,1,0,0,0,0
agrario,Direito Agrário,Agrário,PR,4328383,Alta,19,Regularização fundiária de propriedade rural,0.65,1,0,0,1,0,0,0,0
civil,Direito Civil,Civil,ES,263702,Média,12,Ação de despejo por falta de pagamento,0.7,1,0,0,0,0,0,0,0
civil,Direito Civil,Civil,RJ,256988,Alta,17,Cobrança de dívida com pedido de penhora de bens,0.8,1,1,1,0,0,0,0,0
civil,Direito Civil,Civil,GO,177490,Média,12,Rescisão contratual com pedido de restituição de valores,0.8,1,1,1,0,0,0,0,0
agrario,Direito Agrário,Agrário,MT,2647828,Média,15,Regularização fundiária de propriedade rural,0.6,0,0,1,0,0,0,0,0
tributario,Direito Tributário,Tributário,RS,6991092,Alta,32,Ação anulatória de auto de infração,0.7,1,1,0,0,0,0,0,0
tributario,Direito Tributário,Tributário,GO,7752446,Média,24,Ação anulatória de auto de infração,0.65,0,0,1,0,0,0,0,0
civil,Direito Civil,Civil,ES,478024,Alta,19,Cobrança de dívida com pedido de penhora de bens,0.7,0,0,1,0,0,0,0,0
previdenciario,Direito Previdenciário,Previdenciário,CE,166219,Alta,21,Processo jurídico na área de previdenciario,0.87,1,0,0,1,1,0,0,0
penal,Direito Penal,Penal,CE,0,Alta,22,Ação penal por crime ambiental,0.6,0,1,1,0,0,0,1,0
civil,Direito Civil,Civil,ES,369099,Média,12,Ação de despejo por falta de pagamento,0.7,1,0,0,0,0,0,0,0
empresarial,Direito Empresarial,Empresarial,PE,39910372,Média,14,Processo jurídico na área de empresarial,0.83,0,1,0,0,1,0,0,1
empresarial,Direito Empresarial,Empresarial,PR,22153983,Baixa,13,Processo jurídico na área de empresarial,0.78,0,1,0,0,1,0,0,0
trabalhista,Direito Trabalhista,Trabalhista,PE,91074,Média,8,Equiparação salarial entre empregados,0.8,0,1,0,0,1,0,0,0
trabalhista,Direito Trabalhista,Trabalhista,SP,99753,Baixa,4,Ação de rescisão indireta por assédio moral,0.75,0,0,0,0,1,0,0,0
civil,Direito Civil,Civil,MS,458084,Baixa,8,Ação de indenização por danos morais e materiais decorrente de acidente de trânsito,0.75,1,0,1,0,0,0,0,0
trabalhista,Direito Trabalhista,Trabalhista,RS,48273,Alta,14,Equiparação salarial entre empregados,0.75,0,0,0,0,1,0,0,0
penal,Direito Penal,Penal,ES,0,Média,18,Ação penal por crime contra o patrimônio,0.5,0,0,0,0,0,0,1,0
penal,Direito Penal,Penal,RS,0,Média,18,Ação penal por crime contra o patrimônio,0.55,0,1,0,0,0,0,1,0
administrativo,Direito Administrativo,Administrativo,CE,456773,Alta,23,Processo jurídico na área de administrativo,0.62,0,1,1,0,0,0,0,0
trabalhista,Direito Trabalhista,Trabalhista,PE,69434,Média,8,Equiparação salarial entre empregados,0.8,0,1,0,0,1,0,0,0
trabalhista,Direito Trabalhista,Trabalhista,PE,88710,Média,8,Cobrança de verbas rescisórias não pagas,0.75,0,1,0,0,0,0,0,0
consumidor,Direito do Consumidor,Civil,MT,40183,Média,10,Propaganda enganosa com pedido de indenização,0.85,0,0,1,0,1,0,0,0
penal,Direito Penal,Penal,PR,0,Média,18,Investigação de crime tributário,0.6,0,1,1,0,0,0,1,0
civil,Direito Civil,Civil,CE,224761,Média,12,Ação de indenização por danos morais e materiais decorrente de acidente de trânsito,0.8,1,1,1,0,0,0,0,0
trabalhista,Direito Trabalhista,Trabalhista,BA,60782,Média,8,Ação de rescisão indireta por assédio moral,0.8,1,1,0,0,0,0,0,0
consumidor,Direito do Consumidor,Civil,RS,39224,Baixa,8,Negativação indevida do nome do consumidor,0.9,0,1,1,0,1,0,0,0
penal,Direito Penal,Penal,PE,0,Baixa,14,Processo por lesão corporal dolosa,0.55,0,0,1,0,0,0,1,0
civil,Direito Civil,Civil,ES,342321,Alta,20,Rescisão contratual com pedido de restituição de valores,0.7,1,0,0,0,0,0,0,0
trabalhista,Direito Trabalhista,Trabalhista,BA,88829,Média,8,Equiparação salarial entre empregados,0.8,1,1,0,0,0,0,0,0
agrario,Direito Agrário,Agrário,DF,2177869,Alta,21,Ação de usucapião de imóvel rural,0.65,1,0,0,1,0,0,0,0
civil,Direito Civil,Civil,PE,114103,Média,12,Cobrança de dívida com pedido de penhora de bens,0.8,1,1,1,0,0,0,0,0
trabalhista,Direito Trabalhista,Trabalhista,MT,13312,Média,8,Reclamação trabalhista com pedido de horas extras,0.8,1,0,0,0,1,0,0,0
trabalhista,Direito Trabalhista,Trabalhista,MT,51651,Média,8,Ação de rescisão indireta por assédio moral,0.8,1,1,0,0,0,0,0,0
agrario,Direito Agrário,Agrário,MS,1551470,Média,15,Desapropriação para fins de reforma agrária,0.6,0,0,1,0,0,0,0,0
consumidor,Direito do Consumidor,Civil,ES,34229,Média,10,Cobrança indevida de tarifa bancária com pedido de repetição,0.85,0,1,1,0,0,0,0,0
agrario,Direito Agrário,Agrário,SP,3645696,Alta,21,Conflito de terras entre posseiros,0.65,0,0,1,1,0,0,0,0
civil,Direito Civil,Civil,SC,455883,Alta,18,Cobrança de dívida com pedido de penhora de bens,0.75,0,1,1,0,0,0,0,0
civil,Direito Civil,Civil,GO,293471,Média,12,Ação de despejo por falta de pagamento,0.7,1,0,0,0,0,0,0,0
civil,Direito Civil,Civil,RS,64596,Média,12,Ação de despejo por falta de pagamento,0.75,0,1,1,0,0,0,0,0
empresarial,Direito Empresarial,Empresarial,GO,8593635,Alta,21,Processo jurídico na área de empresarial,0.73,0,1,0,0,0,0,0,0
civil,Direito Civil,Civil,MG,140341,Baixa,9,Ação de indenização por danos morais e materiais decorrente de acidente de trânsito,0.7,0,1,0,0,0,0,0,0
trabalhista,Direito Trabalhista,Trabalhista,PR,64129,Média,8,Cobrança de verbas rescisórias não pagas,0.8,1,1,0,0,0,0,0,0
civil,Direito Civil,Civil,ES,8945,Média,12,Cobrança de dívida com pedido de penhora de bens,0.75,1,1,0,0,0,0,0,0
agrario,Direito Agrário,Agrário,MG,1211384,Baixa,13,Regularização fundiária de propriedade rural,0.65,0,0,1,1,0,0,0,0
agrario,Direito Agrário,Agrário,RS,1034545,Baixa,13,Conflito de terras entre posseiros,0.65,1,0,1,0,0,0,0,0
agrario,Direito Agrário,Agrário,GO,3636566,Baixa,11,Ação de usucapião de imóvel rural,0.7,1,0,1,1,0,0,0,0
penal,Direito Penal,Penal,CE,0,Alta,21,Investigação de crime tributário,0.6,0,1,1,0,0,0,1,0
consumidor,Direito do Consumidor,Civil,DF,43699,Baixa,7,Propaganda enganosa com pedido de indenização,0.85,0,0,1,0,1,0,0,0
trabalhista,Direito Trabalhista,Trabalhista,SP,19638,Média,8,Cobrança de verbas rescisórias não pagas,0.85,1,1,0,0,1,0,0,0
trabalhista,Direito Trabalhista,Trabalhista,MG,60277,Média,8,Cobrança de verbas rescisórias não pagas,0.75,1,0,0,0,0,0,0,0
agrario,Direito Agrário,Agrário,CE,3658079,Alta,23,Desapropriação para fins de reforma agrária,0.7,1,0,1,1,0,0,0,0
civil,Direito Civil,Civil,SP,424363,Média,12,Ação de indenização por danos morais e materiais decorrente de acidente de trânsito,0.7,0,0,1,0,0,0,0,0
civil,Direito Civil,Civil,SP,379886,Média,12,Ação de indenização por danos morais e materiais decorrente de acidente de trânsito,0.8,1,1,1,0,0,0,0,0
civil,Direito Civil,Civil,PR,268473,Alta,18,Cobrança de dívida com pedido de penhora de bens,0.75,1,1,0,0,0,0,0,0
tributario,Direito Tributário,Tributário,SP,4413998,Alta,30,Ação anulatória de auto de infração,0.65,0,0,1,0,0,0,0,0
tributario,Direito Tributário,Tributário,GO,2817215,Alta,32,Execução fiscal de débito previdenciário,0.7,1,1,0,0,0,0,0,0
tributario,Direito Tributário,Tributário,MS,4308346,Alta,31,Ação anulatória de auto de infração,0.75,1,1,1,0,0,0,0,0
consumidor,Direito do Consumidor,Civil,MT,7595,Baixa,6,Vício em produto com pedido de substituição,0.85,0,0,1,0,1,0,0,0
tributario,Direito Tributário,Tributário,PR,8273116,Alta,28,Repetição de indébito tributário,0.75,1,1,1,0,0,0,0,0
consumidor,Direito do Consumidor,Civil,RJ,8667,Média,10,Negativação indevida do nome do consumidor,0.9,0,1,1,0,1,0,0,0
tributario,Direito Tributário,Tributário,SC,230346,Alta,29,Execução fiscal de débito previdenciário,0.65,0,0,1,0,0,0,0,0
civil,Direito Civil,Civil,GO,245742,Média,12,Rescisão contratual com pedido de restituição de valores,0.75,1,1,0,0,0,0,0,0
tributario,Direito Tributário,Tributário,ES,3145774,Alta,30,Ação anulatória de auto de infração,0.75,1,1,1,0,0,0,0,0
trabalhista,Direito Trabalhista,Trabalhista,PR,93400,Alta,12,Reclamação trabalhista com pedido de horas extras,0.85,1,1,0,0,1,0,0,0
agrario,Direito Agrário,Agrário,GO,4182843,Média,15,Regularização fundiária de propriedade rural,0.7,1,0,1,1,0,0,0,0
previdenciario,Direito Previdenciário,Previdenciário,RJ,30498,Média,16,Processo jurídico na área de previdenciario,0.77,1,0,0,0,0,0,0,0
civil,Direito Civil,Civil,SP,289607,Alta,17,Ação de despejo por falta de pagamento,0.7,0,1,0,0,0,0,0,0
agrario,Direito Agrário,Agrário,SC,2441746,Alta,19,Conflito de terras entre posseiros,0.7,1,0,1,1,0,0,0,0
consumidor,Direito do Consumidor,Civil,SC,48597,Média,10,Propaganda enganosa com pedido de indenização,0.85,0,0,1,0,1,0,0,0
civil,Direito Civil,Civil,SP,46139,Alta,20,Ação de despejo por falta de pagamento,0.75,1,0,1,0,0,0,0,0
consumidor,Direito do Consumidor,Civil,MG,28930,Alta,13,Cobrança indevida de tarifa bancária com pedido de repetição,0.9,0,1,1,0,1,0,0,0
civil,Direito Civil,Civil,BA,131837,Média,12,Rescisão contratual com pedido de restituição de valores,0.7,1,0,0,0,0,0,0,0
trabalhista,Direito Trabalhista,Trabalhista,BA,54677,Baixa,4,Ação de rescisão indireta por assédio moral,0.85,1,1,0,0,1,0,0,0
administrativo,Direito Administrativo,Administrativo,MT,604616,Alta,28,Processo jurídico na área de administrativo,0.62,0,1,0,0,0,0,1,0
previdenciario,Direito Previdenciário,Previdenciário,GO,74175,Alta,20,Processo jurídico na área de previdenciario,0.87,1,0,0,1,1,0,0,0
civil,Direito Civil,Civil,BA,477721,Alta,19,Ação de indenização por danos morais e materiais decorrente de acidente de trânsito,0.7,0,0,1,0,0,0,0,0
trabalhista,Direito Trabalhista,Trabalhista,MT,54160,Média,8,Ação de rescisão indireta por assédio moral,0.8,1,1,0,0,0,0,0,0
trabalhista,Direito Trabalhista,Trabalhista,DF,32165,Alta,16,Cobrança de verbas rescisórias não pagas,0.75,0,0,0,0,1,0,0,0
previdenciario,Direito Previdenciário,Previdenciário,BA,111893,Média,16,Processo jurídico na área de previdenciario,0.77,0,0,0,1,0,0,0,0
previdenciario,Direito Previdenciário,Previdenciário,MT,68011,Média,16,Processo jurídico na área de previdenciario,0.87,1,0,0,1,1,0,0,0
consumidor,Direito do Consumidor,Civil,PE,10757,Baixa,7,Cobrança indevida de tarifa bancária com pedido de repetição,0.85,0,1,0,0,1,0,0,0
civil,Direito Civil,Civil,BA,242442,Média,12,Rescisão contratual com pedido de restituição de valores,0.75,0,1,1,0,0,0,0,0
consumidor,Direito do Consumidor,Civil,RJ,15151,Baixa,7,Cobrança indevida de tarifa bancária com pedido de repetição,0.8,0,0,1,0,0,0,0,0
civil,Direito Civil,Civil,PR,251377,Baixa,9,Cobrança de dívida com pedido de penhora de bens,0.8,1,1,1,0,0,0,0,0
tributario,Direito Tributário,Tributário,MG,3149169,Alta,31,Execução fiscal de débito previdenciário,0.65,1,0,0,0,0,0,0,0
tributario,Direito Tributário,Tributário,ES,4292315,Média,24,Ação anulatória de auto de infração,0.65,1,0,0,0,0,0,0,0
civil,Direito Civil,Civil,MS,251589,Média,12,Rescisão contratual com pedido de restituição de valores,0.75,1,0,1,0,0,0,0,0
agrario,Direito Agrário,Agrário,BA,2951763,Média,15,Conflito de terras entre posseiros,0.6,0,0,0,1,0,0,0,0
penal,Direito Penal,Penal,CE,0,Alta,25,Ação penal por crime contra o patrimônio,0.5,0,0,0,0,0,0,1,0
tributario,Direito Tributário,Tributário,ES,4647230,Alta,29,Execução fiscal de débito previdenciário,0.65,1,0,0,0,0,0,0,0
consumidor,Direito do Consumidor,Civil,DF,10917,Baixa,6,Negativação indevida do nome do consumidor,0.8,0,0,1,0,0,0,0,0
trabalhista,Direito Trabalhista,Trabalhista,MG,52049,Alta,16,Ação de rescisão indireta por assédio moral,0.85,1,1,0,0,1,0,0,0
empresarial,Direito Empresarial,Empresarial,PR,5031582,Alta,21,Processo jurídico na área de empresarial,0.78,0,0,0,0,1,0,0,1
penal,Direito Penal,Penal,RJ,0,Média,18,Investigação de crime tributário,0.55,0,0,1,0,0,0,1,0
civil,Direito Civil,Civil,MG,146809,Alta,15,Cobrança de dívida com pedido de penhora de bens,0.8,1,1,1,0,0,0,0,0
agrario,Direito Agrário,Agrário,RJ,3117225,Alta,21,Conflito de terras entre posseiros,0.7,1,0,1,1,0,0,0,0
previdenciario,Direito Previdenciário,Previdenciário,GO,102457,Baixa,13,Processo jurídico na área de previdenciario,0.87,1,0,0,1,1,0,0,0
civil,Direito Civil,Civil,DF,470249,Média,12,Ação de indenização por danos morais e materiais decorrente de acidente de trânsito,0.75,1,0,1,0,0,0,0,0
tributario,Direito Tributário,Tributário,MS,5114084,Alta,30,Mandado de segurança contra cobrança de ICMS,0.75,1,1,1,0,0,0,0,0
agrario,Direito Agrário,Agrário,PR,197592,Média,15,Desapropriação para fins de reforma agrária,0.6,1,0,0,0,0,0,0,0
trabalhista,Direito Trabalhista,Trabalhista,PE,73064,Baixa,5,Cobrança de verbas rescisórias não pagas,0.8,0,1,0,0,1,0,0,0
tributario,Direito Tributário,Tributário,PE,3813724,Média,24,Execução fiscal de débito previdenciário,0.65,1,0,0,0,0,0,0,0
administrativo,Direito Administrativo,Administrativo,MT,523892,Baixa,19,Processo jurídico na área de administrativo,0.62,0,0,1,0,0,0,1,0
civil,Direito Civil,Civil,DF,393481,Média,12,Ação de indenização por danos morais e materiais decorrente de acidente de trânsito,0.75,0,1,1,0,0,0,0,0
consumidor,Direito do Consumidor,Civil,MG,45289,Baixa,6,Cobrança indevida de tarifa bancária com pedido de repetição,0.9,0,1,1,0,1,0,0,0
consumidor,Direito do Consumidor,Civil,RJ,15423,Baixa,9,Cobrança indevida de tarifa bancária com pedido de repetição,0.8,0,1,0,0,0,0,0,0
consumidor,Direito do Consumidor,Civil,CE,39507,Baixa,8,Cobrança indevida de tarifa bancária com pedido de repetição,0.9,0,1,1,0,1,0,0,0
consumidor,Direito do Consumidor,Civil,GO,15389,Alta,18,Vício em produto com pedido de substituição,0.85,0,1,0,0,1,0,0,0
civil,Direito Civil,Civil,DF,410416,Média,12,Ação de indenização por danos morais e materiais decorrente de acidente de trânsito,0.8,1,1,1,0,0,0,0,0
administrativo,Direito Administrativo,Administrativo,RS,949981,Média,20,Processo jurídico na área de administrativo,0.67,0,1,1,0,0,0,1,0
administrativo,Direito Administrativo,Administrativo,MG,654316,Média,20,Processo jurídico na área de administrativo,0.57,0,0,1,0,0,0,0,0
tributario,Direito Tributário,Tributário,CE,7722893,Alta,28,Execução fiscal de débito previdenciário,0.7,1,1,0,0,0,0,0,0
previdenciario,Direito Previdenciário,Previdenciário,ES,130524,Alta,21,Processo jurídico na área de previdenciario,0.77,0,0,0,0,1,0,0,0
civil,Direito Civil,Civil,PE,412981,Média,12,Cobrança de dívida com pedido de penhora de bens,0.8,1,1,1,0,0,0,0,0
trabalhista,Direito Trabalhista,Trabalhista,GO,56522,Baixa,7,Reclamação trabalhista com pedido de horas extras,0.75,1,0,0,0,0,0,0,0
consumidor,Direito do Consumidor,Civil,DF,2844,Média,10,Vício em produto com pedido de substituição,0.85,0,1,1,0,0,0,0,0
consumidor,Direito do Consumidor,Civil,MT,44120,Baixa,7,Negativação indevida do nome do consumidor,0.8,0,0,1,0,0,0,0,0
penal,Direito Penal,Penal,SC,0,Alta,26,Ação penal por crime contra o patrimônio,0.5,0,0,0,0,0,0,1,0
previdenciario,Direito Previdenciário,Previdenciário,DF,55803,Baixa,12,Processo jurídico na área de previdenciario,0.87,1,0,0,1,1,0,0,0
agrario,Direito Agrário,Agrário,DF,4638597,Baixa,13,Conflito de terras entre posseiros,0.7,1,0,1,1,0,0,0,0
administrativo,Direito Administrativo,Administrativo,CE,738492,Alta,25,Processo jurídico na área de administrativo,0.57,0,0,1,0,0,0,0,0
penal,Direito Penal,Penal,MG,0,Alta,21,Ação penal por crime contra o patrimônio,0.6,0,1,1,0,0,0,1,0
administrativo,Direito Administrativo,Administrativo,RS,277912,Alta,26,Processo jurídico na área de administrativo,0.57,0,0,0,0,0,0,1,0
tributario,Direito Tributário,Tributário,DF,2668966,Alta,31,Mandado de segurança contra cobrança de ICMS,0.7,0,1,1,0,0,0,0,0
administrativo,Direito Administrativo,Administrativo,CE,397287,Alta,25,Processo jurídico na área de administrativo,0.67,0,1,1,0,0,0,1,0
trabalhista,Direito Trabalhista,Trabalhista,PR,78419,Alta,14,Equiparação salarial entre empregados,0.85,1,1,0,0,1,0,0,0
civil,Direito Civil,Civil,SC,27586,Alta,18,Ação de indenização por danos morais e materiais decorrente de acidente de trânsito,0.75,1,1,0,0,0,0,0,0
empresarial,Direito Empresarial,Empresarial,MG,18527200,Média,14,Processo jurídico na área de empresarial,0.73,0,0,0,0,0,0,0,1
consumidor,Direito do Consumidor,Civil,RJ,24274,Alta,15,Propaganda enganosa com pedido de indenização,0.9,0,1,1,0,1,0,0,0
trabalhista,Direito Trabalhista,Trabalhista,PR,4864,Média,8,Ação de rescisão indireta por assédio moral,0.8,1,0,0,0,1,0,0,0
consumidor,Direito do Consumidor,Civil,DF,6365,Baixa,7,Propaganda enganosa com pedido de indenização,0.85,0,1,1,0,0,0,0,0
empresarial,Direito Empresarial,Empresarial,ES,49509655,Baixa,12,Processo jurídico na área de empresarial,0.73,0,0,0,0,1,0,0,0
agrario,Direito Agrário,Agrário,PE,4934198,Alta,22,Conflito de terras entre posseiros,0.65,1,0,0,1,0,0,0,0
empresarial,Direito Empresarial,Empresarial,ES,16451367,Alta,19,Processo jurídico na área de empresarial,0.83,0,1,0,0,1,0,0,1
tributario,Direito Tributário,Tributário,ES,3581205,Alta,30,Execução fiscal de débito previdenciário,0.7,1,1,0,0,0,0,0,0
civil,Direito Civil,Civil,PE,281457,Média,12,Cobrança de dívida com pedido de penhora de bens,0.7,0,0,1,0,0,0,0,0
administrativo,Direito Administrativo,Administrativo,MG,242583,Média,20,Processo jurídico na área de administrativo,0.67,0,1,1,0,0,0,1,0
trabalhista,Direito Trabalhista,Trabalhista,MT,17617,Alta,12,Equiparação salarial entre empregados,0.75,0,0,0,0,1,0,0,0
civil,Direito Civil,Civil,GO,44904,Média,12,Ação de indenização por danos morais e materiais decorrente de acidente de trânsito,0.7,1,0,0,0,0,0,0,0
consumidor,Direito do Consumidor,Civil,MS,7950,Média,10,Propaganda enganosa com pedido de indenização,0.9,0,1,1,0,1,0,0,0
consumidor,Direito do Consumidor,Civil,PR,39022,Baixa,8,Negativação indevida do nome do consumidor,0.85,0,1,1,0,0,0,0,0
tributario,Direito Tributário,Tributário,MS,8940884,Alta,31,Mandado de segurança contra cobrança de ICMS,0.7,1,0,1,0,0,0,0,0
civil,Direito Civil,Civil,RS,79828,Alta,18,Ação de despejo por falta de pagamento,0.8,1,1,1,0,0,0,0,0
civil,Direito Civil,Civil,SC,184615,Média,12,Cobrança de dívida com pedido de penhora de bens,0.75,1,1,0,0,0,0,0,0
civil,Direito Civil,Civil,GO,60261,Média,12,Cobrança de dívida com pedido de penhora de bens,0.75,1,0,1,0,0,0,0,0
trabalhista,Direito Trabalhista,Trabalhista,SC,31185,Média,8,Ação de rescisão indireta por assédio moral,0.85,1,1,0,0,1,0,0,0
civil,Direito Civil,Civil,PR,210457,Alta,16,Ação de indenização por danos morais e materiais decorrente de acidente de trânsito,0.8,1,1,1,0,0,0,0,0
penal,Direito Penal,Penal,RJ,0,Média,18,Ação penal por crime contra o patrimônio,0.5,0,1,0,0,0,0,0,0
civil,Direito Civil,Civil,PE,206667,Baixa,11,Ação de indenização por danos morais e materiais decorrente de acidente de trânsito,0.8,1,1,1,0,0,0,0,0
administrativo,Direito Administrativo,Administrativo,RS,951612,Baixa,18,Processo jurídico na área de administrativo,0.67,0,1,1,0,0,0,1,0
civil,Direito Civil,Civil,PE,314126,Alta,20,Rescisão contratual com pedido de restituição de valores,0.8,1,1,1,0,0,0,0,0
consumidor,Direito do Consumidor,Civil,BA,33607,Baixa,6,Cobrança indevida de tarifa bancária com pedido de repetição,0.85,0,1,0,0,1,0,0,0
consumidor,Direito do Consumidor,Civil,CE,33072,Média,10,Negativação indevida do nome do consumidor,0.85,0,1,1,0,0,0,0,0
penal,Direito Penal,Penal,MG,0,Alta,24,Investigação de crime tributário,0.55,0,0,1,0,0,0,1,0
trabalhista,Direito Trabalhista,Trabalhista,GO,23617,Alta,11,Cobrança de verbas rescisórias não pagas,0.85,1,1,0,0,1,0,0,0
agrario,Direito Agrário,Agrário,MS,4817214,Média,15,Regularização fundiária de propriedade rural,0.7,1,0,1,1,0,0,0,0
consumidor,Direito do Consumidor,Civil,BA,19472,Média,10,Propaganda enganosa com pedido de indenização,0.8,0,0,1,0,0,0,0,0
trabalhista,Direito Trabalhista,Trabalhista,SC,51586,Alta,16,Reclamação trabalhista com pedido de horas extras,0.75,0,0,0,0,1,0,0,0
agrario,Direito Agrário,Agrário,DF,1085338,Média,15,Conflito de terras entre posseiros,0.7,1,0,1,1,0,0,0,0
administrativo,Direito Administrativo,Administrativo,ES,968471,Média,20,Processo jurídico na área de administrativo,0.57,0,1,0,0,0,0,0,0
consumidor,Direito do Consumidor,Civil,GO,46781,Média,10,Negativação indevida do nome do consumidor,0.9,0,1,1,0,1,0,0,0
civil,Direito Civil,Civil,PE,132336,Média,12,Ação de indenização por danos morais e materiais decorrente de acidente de trânsito,0.7,1,0,0,0,0,0,0,0
consumidor,Direito do Consumidor,Civil,RJ,11116,Baixa,9,Negativação indevida do nome do consumidor,0.8,0,0,1,0,0,0,0,0
civil,Direito Civil,Civil,BA,365986,Alta,17,Rescisão contratual com pedido de restituição de valores,0.75,1,1,0,0,0,0,0,0
consumidor,Direito do Consumidor,Civil,RJ,42237,Baixa,9,Propaganda enganosa com pedido de indenização,0.9,0,1,1,0,1,0,0,0
agrario,Direito Agrário,Agrário,BA,4610272,Média,15,Regularização fundiária de propriedade rural,0.7,1,0,1,1,0,0,0,0
consumidor,Direito do Consumidor,Civil,PR,6541,Média,10,Cobrança indevida de tarifa bancária com pedido de repetição,0.85,0,1,0,0,1,0,0,0
consumidor,Direito do Consumidor,Civil,GO,26798,Baixa,7,Negativação indevida do nome do consumidor,0.8,0,1,0,0,0,0,0,0
ambiental,Direito Ambiental,Ambiental,BA,53802252,Média,22,Processo jurídico na área de ambiental,0.68,0,0,0,0,0,0,1,1
empresarial,Direito Empresarial,Empresarial,SC,41972527,Média,14,Processo jurídico na área de empresarial,0.78,0,0,0,0,1,0,0,1
consumidor,Direito do Consumidor,Civil,RS,5475,Baixa,7,Negativação indevida do nome do consumidor,0.9,0,1,1,0,1,0,0,0
constitucional,Direito Constitucional,Constitucional,RJ,0,Média,30,Processo jurídico na área de constitucional,0.53,0,0,0,0,0,0,0,1
consumidor,Direito do Consumidor,Civil,RJ,36090,Baixa,6,Vício em produto com pedido de substituição,0.9,0,1,1,0,1,0,0,0
civil,Direito Civil,Civil,PE,241234,Média,12,Cobrança de dívida com pedido de penhora de bens,0.7,0,1,0,0,0,0,0,0
empresarial,Direito Empresarial,Empresarial,SC,42881227,Alta,20,Processo jurídico na área de empresarial,0.83,0,1,0,0,1,0,0,1
civil,Direito Civil,Civil,RJ,340398,Média,12,Ação de despejo por falta de pagamento,0.8,1,1,1,0,0,0,0,0
administrativo,Direito Administrativo,Administrativo,PR,768312,Alta,24,Processo jurídico na área de administrativo,0.57,0,0,1,0,0,0,0,0
eleitoral,Direito Eleitoral,Eleitoral,PE,0,Alta,11,Processo jurídico na área de eleitoral,0.72,0,1,0,0,0,0,1,0
civil,Direito Civil,Civil,PE,471128,Alta,18,Rescisão contratual com pedido de restituição de valores,0.7,0,1,0,0,0,0,0,0
penal,Direito Penal,Penal,BA,0,Média,18,Processo por lesão corporal dolosa,0.6,0,1,1,0,0,0,1,0
agrario,Direito Agrário,Agrário,DF,647162,Média,15,Conflito de terras entre posseiros,0.7,1,0,1,1,0,0,0,0
tributario,Direito Tributário,Tributário,MG,9228022,Alta,32,Ação anulatória de auto de infração,0.75,1,1,1,0,0,0,0,0
agrario,Direito Agrário,Agrário,PE,501428,Média,15,Conflito de terras entre posseiros,0.6,1,0,0,0,0,0,0,0
administrativo,Direito Administrativo,Administrativo,DF,974893,Alta,27,Processo jurídico na área de administrativo,0.67,0,1,1,0,0,0,1,0
trabalhista,Direito Trabalhista,Trabalhista,BA,2533,Alta,11,Cobrança de verbas rescisórias não pagas,0.85,1,1,0,0,1,0,0,0
civil,Direito Civil,Civil,SP,99094,Média,12,Ação de despejo por falta de pagamento,0.75,1,0,1,0,0,0,0,0
previdenciario,Direito Previdenciário,Previdenciário,PE,196834,Baixa,12,Processo jurídico na área de previdenciario,0.82,1,0,0,1,0,0,0,0
tributario,Direito Tributário,Tributário,BA,6722962,Alta,27,Execução fiscal de débito previdenciário,0.75,1,1,1,0,0,0,0,0
tributario,Direito Tributário,Tributário,CE,447731,Média,24,Ação anulatória de auto de infração,0.65,1,0,0,0,0,0,0,0
civil,Direito Civil,Civil,PE,465739,Alta,16,Cobrança de dívida com pedido de penhora de bens,0.75,0,1,1,0,0,0,0,0
penal,Direito Penal,Penal,SP,0,Alta,22,Ação penal por crime contra o patrimônio,0.6,0,1,1,0,0,0,1,0
trabalhista,Direito Trabalhista,Trabalhista,CE,65402,Alta,11,Cobrança de verbas rescisórias não pagas,0.85,1,1,0,0,1,0,0,0
civil,Direito Civil,Civil,DF,434148,Baixa,8,Ação de despejo por falta de pagamento,0.8,1,1,1,0,0,0,0,0
trabalhista,Direito Trabalhista,Trabalhista,PR,74035,Média,8,Equiparação salarial entre empregados,0.85,1,1,0,0,1,0,0,0
civil,Direito Civil,Civil,RJ,29479,Baixa,9,Rescisão contratual com pedido de restituição de valores,0.75,1,1,0,0,0,0,0,0
civil,Direito Civil,Civil,ES,366716,Média,12,Cobrança de dívida com pedido de penhora de bens,0.7,0,1,0,0,0,0,0,0
trabalhista,Direito Trabalhista,Trabalhista,ES,9904,Média,8,Cobrança de verbas rescisórias não pagas,0.75,1,0,0,0,0,0,0,0
administrativo,Direito Administrativo,Administrativo,CE,264276,Alta,28,Processo jurídico na área de administrativo,0.67,0,1,1,0,0,0,1,0
consumidor,Direito do Consumidor,Civil,MT,29413,Média,10,Negativação indevida do nome do consumidor,0.85,0,0,1,0,1,0,0,0
civil,Direito Civil,Civil,BA,332323,Baixa,11,Ação de despejo por falta de pagamento,0.7,0,0,1,0,0,0,0,0
civil,Direito Civil,Civil,MG,122140,Média,12,Ação de indenização por danos morais e materiais decorrente de acidente de trânsito,0.8,1,1,1,0,0,0,0,0
civil,Direito Civil,Civil,CE,84424,Baixa,11,Rescisão contratual com pedido de restituição de valores,0.75,1,0,1,0,0,0,0,0
trabalhista,Direito Trabalhista,Trabalhista,PR,56365,Alta,16,Equiparação salarial entre empregados,0.75,0,1,0,0,0,0,0,0
trabalhista,Direito Trabalhista,Trabalhista,MG,45375,Alta,15,Ação de rescisão indireta por assédio moral,0.85,1,1,0,0,1,0,0,0
trabalhista,Direito Trabalhista,Trabalhista,ES,4677,Média,8,Ação de rescisão indireta por assédio moral,0.8,1,1,0,0,0,0,0,0
tributario,Direito Tributário,Tributário,CE,4705143,Baixa,22,Repetição de indébito tributário,0.65,1,0,0,0,0,0,0,0
agrario,Direito Agrário,Agrário,BA,708986,Alta,20,Regularização fundiária de propriedade rural,0.65,1,0,1,0,0,0,0,0
civil,Direito Civil,Civil,RS,493286,Baixa,10,Ação de despejo por falta de pagamento,0.7,1,0,0,0,0,0,0,0
tributario,Direito Tributário,Tributário,CE,1776780,Alta,29,Mandado de segurança contra cobrança de ICMS,0.75,1,1,1,0,0,0,0,0
agrario,Direito Agrário,Agrário,RS,3840854,Alta,18,Desapropriação para fins de reforma agrária,0.65,1,0,1,0,0,0,0,0
penal,Direito Penal,Penal,MS,0,Alta,22,Ação penal por crime ambiental,0.5,0,1,0,0,0,0,0,0
agrario,Direito Agrário,Agrário,SP,4951505,Alta,22,Regularização fundiária de propriedade rural,0.6,0,0,0,1,0,0,0,0
previdenciario,Direito Previdenciário,Previdenciário,MG,52762,Média,16,Processo jurídico na área de previdenciario,0.77,0,0,0,1,0,0,0,0
civil,Direito Civil,Civil,GO,113967,Média,12,Rescisão contratual com pedido de restituição de valores,0.8,1,1,1,0,0,0,0,0
trabalhista,Direito Trabalhista,Trabalhista,SP,61053,Média,8,Ação de rescisão indireta por assédio moral,0.8,0,1,0,0,1,0,0,0
empresarial,Direito Empresarial,Empresarial,SC,13376440,Alta,18,Processo jurídico na área de empresarial,0.78,0,1,0,0,1,0,0,0
consumidor,Direito do Consumidor,Civil,ES,40104,Média,10,Propaganda enganosa com pedido de indenização,0.8,0,1,0,0,0,0,0,0
penal,Direito Penal,Penal,SP,0,Média,18,Ação penal por crime contra o patrimônio,0.6,0,1,1,0,0,0,1,0
agrario,Direito Agrário,Agrário,RJ,1996792,Média,15,Conflito de terras entre posseiros,0.6,1,0,0,0,0,0,0,0
civil,Direito Civil,Civil,PE,118557,Média,12,Rescisão contratual com pedido de restituição de valores,0.8,1,1,1,0,0,0,0,0
administrativo,Direito Administrativo,Administrativo,CE,841556,Alta,28,Processo jurídico na área de administrativo,0.62,0,0,1,0,0,0,1,0
civil,Direito Civil,Civil,SP,393617,Média,12,Cobrança de dívida com pedido de penhora de bens,0.75,1,0,1,0,0,0,0,0
civil,Direito Civil,Civil,DF,409157,Média,12,Ação de despejo por falta de pagamento,0.75,1,1,0,0,0,0,0,0
empresarial,Direito Empresarial,Empresarial,MT,14404004,Baixa,13,Processo jurídico na área de empresarial,0.83,0,1,0,0,1,0,0,1
tributario,Direito Tributário,Tributário,MS,6914860,Alta,30,Repetição de indébito tributário,0.7,1,1,0,0,0,0,0,0
trabalhista,Direito Trabalhista,Trabalhista,MG,75134,Média,8,Cobrança de verbas rescisórias não pagas,0.8,0,1,0,0,1,0,0,0
civil,Direito Civil,Civil,MG,295439,Média,12,Ação de despejo por falta de pagamento,0.8,1,1,1,0,0,0,0,0
tributario,Direito Tributário,Tributário,PE,4818465,Alta,29,Execução fiscal de débito previdenciário,0.7,1,1,0,0,0,0,0,0
consumidor,Direito do Consumidor,Civil,RS,27930,Baixa,9,Propaganda enganosa com pedido de indenização,0.85,0,1,1,0,0,0,0,0
civil,Direito Civil,Civil,ES,440892,Média,12,Cobrança de dívida com pedido de penhora de bens,0.8,1,1,1,0,0,0,0,0
consumidor,Direito do Consumidor,Civil,SC,38567,Baixa,6,Vício em produto com pedido de substituição,0.9,0,1,1,0,1,0,0,0
agrario,Direito Agrário,Agrário,MG,1985913,Alta,21,Conflito de terras entre posseiros,0.7,1,0,1,1,0,0,0,0
administrativo,Direito Administrativo,Administrativo,MT,463319,Baixa,17,Processo jurídico na área de administrativo,0.62,0,1,1,0,0,0,0,0
penal,Direito Penal,Penal,RS,0,Alta,26,Ação penal por crime ambiental,0.5,0,0,1,0,0,0,0,0
militar,Direito Militar,Militar,CE,0,Alta,17,Processo jurídico na área de militar,0.6,0,1,0,0,0,0,1,0
penal,Direito Penal,Penal,PR,0,Alta,21,Investigação de crime tributário,0.5,0,0,1,0,0,0,0,0
tributario,Direito Tributário,Tributário,RJ,8140825,Média,24,Ação anulatória de auto de infração,0.65,1,0,0,0,0,0,0,0
agrario,Direito Agrário,Agrário,PE,1851132,Baixa,11,Desapropriação para fins de reforma agrária,0.7,1,0,1,1,0,0,0,0
penal,Direito Penal,Penal,SP,0,Média,18,Ação penal por crime ambiental,0.55,0,0,1,0,0,0,1,0
civil,Direito Civil,Civil,DF,413823,Baixa,8,Ação de despejo por falta de pagamento,0.75,1,1,0,0,0,0,0,0
trabalhista,Direito Trabalhista,Trabalhista,GO,63544,Média,8,Equiparação salarial entre empregados,0.8,1,1,0,0,0,0,0,0
administrativo,Direito Administrativo,Administrativo,BA,636656,Média,20,Processo jurídico na área de administrativo,0.67,0,1,1,0,0,0,1,0
agrario,Direito Agrário,Agrário,BA,171827,Média,15,Regularização fundiária de propriedade rural,0.7,1,0,1,1,0,0,0,0
tributario,Direito Tributário,Tributário,GO,8236951,Alta,30,Mandado de segurança contra cobrança de ICMS,0.75,1,1,1,0,0,0,0,0
trabalhista,Direito Trabalhista,Trabalhista,MT,28238,Média,8,Equiparação salarial entre empregados,0.75,1,0,0,0,0,0,0,0
civil,Direito Civil,Civil,SC,118397,Média,12,Ação de indenização por danos morais e materiais decorrente de acidente de trânsito,0.75,1,0,1,0,0,0,0,0
civil,Direito Civil,Civil,RS,294309,Média,12,Cobrança de dívida com pedido de penhora de bens,0.8,1,1,1,0,0,0,0,0
trabalhista,Direito Trabalhista,Trabalhista,RJ,35786,Baixa,6,Cobrança de verbas rescisórias não pagas,0.75,0,1,0,0,0,0,0,0
civil,Direito Civil,Civil,PR,96473,Alta,17,Cobrança de dívida com pedido de penhora de bens,0.8,1,1,1,0,0,0,0,0
civil,Direito Civil,Civil,MS,177532,Média,12,Rescisão contratual com pedido de restituição de valores,0.8,1,1,1,0,0,0,0,0
tributario,Direito Tributário,Tributário,DF,286125,Baixa,23,Execução fiscal de débito previdenciário,0.65,0,0,1,0,0,0,0,0
penal,Direito Penal,Penal,SC,0,Alta,24,Processo por lesão corporal dolosa,0.5,0,0,0,0,0,0,1,0
previdenciario,Direito Previdenciário,Previdenciário,PR,147624,Média,16,Processo jurídico na área de previdenciario,0.87,1,0,0,1,1,0,0,0
previdenciario,Direito Previdenciário,Previdenciário,PE,12672,Média,16,Processo jurídico na área de previdenciario,0.82,1,0,0,0,1,0,0,0
trabalhista,Direito Trabalhista,Trabalhista,MT,34039,Média,8,Reclamação trabalhista com pedido de horas extras,0.85,1,1,0,0,1,0,0,0
agrario,Direito Agrário,Agrário,RJ,3700104,Alta,21,Ação de usucapião de imóvel rural,0.6,0,0,0,1,0,0,0,0
tributario,Direito Tributário,Tributário,MT,6065681,Baixa,23,Mandado de segurança contra cobrança de ICMS,0.75,1,1,1,0,0,0,0,0
empresarial,Direito Empresarial,Empresarial,SP,29981337,Baixa,12,Processo jurídico na área de empresarial,0.83,0,1,0,0,1,0,0,1
civil,Direito Civil,Civil,GO,224393,Média,12,Ação de indenização por danos morais e materiais decorrente de acidente de trânsito,0.8,1,1,1,0,0,0,0,0
administrativo,Direito Administrativo,Administrativo,GO,364028,Alta,24,Processo jurídico na área de administrativo,0.67,0,1,1,0,0,0,1,0
agrario,Direito Agrário,Agrário,PR,4387817,Alta,18,Conflito de terras entre posseiros,0.65,1,0,1,0,0,0,0,0
consumidor,Direito do Consumidor,Civil,PE,48386,Baixa,8,Negativação indevida do nome do consumidor,0.9,0,1,1,0,1,0,0,0
administrativo,Direito Administrativo,Administrativo,RJ,728758,Alta,25,Processo jurídico na área de administrativo,0.62,0,1,0,0,0,0,1,0
consumidor,Direito do Consumidor,Civil,CE,25052,Baixa,7,Propaganda enganosa com pedido de indenização,0.9,0,1,1,0,1,0,0,0
previdenciario,Direito Previdenciário,Previdenciário,RS,88513,Média,16,Processo jurídico na área de previdenciario,0.82,1,0,0,1,0,0,0,0
penal,Direito Penal,Penal,PR,0,Média,18,Investigação de crime tributário,0.6,0,1,1,0,0,0,1,0
trabalhista,Direito Trabalhista,Trabalhista,CE,75576,Média,8,Cobrança de verbas rescisórias não pagas,0.75,1,0,0,0,0,0,0,0
trabalhista,Direito Trabalhista,Trabalhista,PE,93421,Média,8,Ação de rescisão indireta por assédio moral,0.8,0,1,0,0,1,0,0,0
trabalhista,Direito Trabalhista,Trabalhista,RS,70148,Alta,13,Cobrança de verbas rescisórias não pagas,0.8,1,0,0,0,1,0,0,0
penal,Direito Penal,Penal,PR,0,Alta,21,Ação penal por crime contra o patrimônio,0.6,0,1,1,0,0,0,1,0
civil,Direito Civil,Civil,BA,163983,Baixa,10,Ação de despejo por falta de pagamento,0.8,1,1,1,0,0,0,0,0
civil,Direito Civil,Civil,CE,94641,Média,12,Ação de indenização por danos morais e materiais decorrente de acidente de trânsito,0.75,0,1,1,0,0,0,0,0
penal,Direito Penal,Penal,RJ,0,Média,18,Investigação de crime tributário,0.55,0,1,1,0,0,0,0,0
agrario,Direito Agrário,Agrário,PR,78405,Baixa,13,Regularização fundiária de propriedade rural,0.7,1,0,1,1,0,0,0,0
consumidor,Direito do Consumidor,Civil,ES,44109,Baixa,6,Cobrança indevida de tarifa bancária com pedido de repetição,0.8,0,0,0,0,1,0,0,0
trabalhista,Direito Trabalhista,Trabalhista,DF,20211,Baixa,7,Cobrança de verbas rescisórias não pagas,0.85,1,1,0,0,1,0,0,0
civil,Direito Civil,Civil,RS,382197,Baixa,9,Cobrança de dívida com pedido de penhora de bens,0.75,1,1,0,0,0,0,0,0
agrario,Direito Agrário,Agrário,SP,2936238,Média,15,Ação de usucapião de imóvel rural,0.6,0,0,1,0,0,0,0,0
civil,Direito Civil,Civil,PE,217813,Média,12,Rescisão contratual com pedido de restituição de valores,0.8,1,1,1,0,0,0,0,0
consumidor,Direito do Consumidor,Civil,BA,37547,Baixa,6,Negativação indevida do nome do consumidor,0.9,0,1,1,0,1,0,0,0
civil,Direito Civil,Civil,CE,169822,Média,12,Ação de indenização por danos morais e materiais decorrente de acidente de trânsito,0.8,1,1,1,0,0,0,0,0
agrario,Direito Agrário,Agrário,RS,1245450,Baixa,14,Conflito de terras entre posseiros,0.65,1,0,0,1,0,0,0,0
tributario,Direito Tributário,Tributário,ES,8835142,Alta,30,Execução fiscal de débito previdenciário,0.75,1,1,1,0,0,0,0,0
civil,Direito Civil,Civil,MT,12344,Baixa,8,Ação de despejo por falta de pagamento,0.75,1,1,0,0,0,0,0,0
civil,Direito Civil,Civil,SP,64523,Baixa,8,Ação de despejo por falta de pagamento,0.75,0,1,1,0,0,0,0,0
empresarial,Direito Empresarial,Empresarial,MG,39099580,Média,14,Processo jurídico na área de empresarial,0.73,0,0,0,0,0,0,0,1
agrario,Direito Agrário,Agrário,MS,3334397,Alta,20,Conflito de terras entre posseiros,0.6,0,0,0,1,0,0,0,0
civil,Direito Civil,Civil,SC,239728,Alta,18,Ação de despejo por falta de pagamento,0.75,0,1,1,0,0,0,0,0
penal,Direito Penal,Penal,SC,0,Alta,24,Ação penal por crime ambiental,0.55,0,0,1,0,0,0,1,0
agrario,Direito Agrário,Agrário,PE,1623756,Alta,19,Conflito de terras entre posseiros,0.7,1,0,1,1,0,0,0,0
agrario,Direito Agrário,Agrário,MG,1684912,Média,15,Ação de usucapião de imóvel rural,0.65,1,0,0,1,0,0,0,0
agrario,Direito Agrário,Agrário,SP,778212,Alta,18,Regularização fundiária de propriedade rural,0.65,1,0,1,0,0,0,0,0
trabalhista,Direito Trabalhista,Trabalhista,MT,68710,Média,8,Cobrança de verbas rescisórias não pagas,0.85,1,1,0,0,1,0,0,0
empresarial,Direito Empresarial,Empresarial,CE,2277967,Baixa,10,Processo jurídico na área de empresarial,0.83,0,1,0,0,1,0,0,1
empresarial,Direito Empresarial,Empresarial,MT,25245867,Média,14,Processo jurídico na área de empresarial,0.83,0,1,0,0,1,0,0,1
civil,Direito Civil,Civil,CE,261527,Alta,15,Ação de despejo por falta de pagamento,0.75,1,0,1,0,0,0,0,0
civil,Direito Civil,Civil,SC,108850,Média,12,Ação de despejo por falta de pagamento,0.7,1,0,0,0,0,0,0,0
trabalhista,Direito Trabalhista,Trabalhista,MS,9415,Alta,15,Reclamação trabalhista com pedido de horas extras,0.75,0,1,0,0,0,0,0,0
consumidor,Direito do Consumidor,Civil,CE,16361,Baixa,7,Propaganda enganosa com pedido de indenização,0.9,0,1,1,0,1,0,0,0
agrario,Direito Agrário,Agrário,PR,4703121,Alta,20,Desapropriação para fins de reforma agrária,0.7,1,0,1,1,0,0,0,0
consumidor,Direito do Consumidor,Civil,CE,45575,Média,10,Negativação indevida do nome do consumidor,0.8,0,0,1,0,0,0,0,0
administrativo,Direito Administrativo,Administrativo,MS,882616,Alta,28,Processo jurídico na área de administrativo,0.62,0,1,1,0,0,0,0,0
consumidor,Direito do Consumidor,Civil,SC,49749,Baixa,9,Negativação indevida do nome do consumidor,0.8,0,0,1,0,0,0,0,0
penal,Direito Penal,Penal,PE,0,Alta,22,Ação penal por crime ambiental,0.6,0,1,1,0,0,0,1,0
consumidor,Direito do Consumidor,Civil,BA,46325,Baixa,9,Negativação indevida do nome do consumidor,0.8,0,1,0,0,0,0,0,0
civil,Direito Civil,Civil,RJ,106895,Alta,16,Cobrança de dívida com pedido de penhora de bens,0.75,0,1,1,0,0,0,0,0
previdenciario,Direito Previdenciário,Previdenciário,MS,127587,Alta,22,Processo jurídico na área de previdenciario,0.82,1,0,0,1,0,0,0,0
ambiental,Direito Ambiental,Ambiental,GO,32936516,Alta,25,Processo jurídico na área de ambiental,0.73,0,0,0,1,0,0,1,1
penal,Direito Penal,Penal,MS,0,Média,18,Investigação de crime tributário,0.55,0,0,1,0,0,0,1,0
empresarial,Direito Empresarial,Empresarial,RS,19164619,Média,14,Processo jurídico na área de empresarial,0.83,0,1,0,0,1,0,0,1
trabalhista,Direito Trabalhista,Trabalhista,SC,86981,Média,8,Reclamação trabalhista com pedido de horas extras,0.85,1,1,0,0,1,0,0,0
empresarial,Direito Empresarial,Empresarial,ES,13839052,Alta,17,Processo jurídico na área de empresarial,0.78,0,1,0,0,0,0,0,1
civil,Direito Civil,Civil,CE,160216,Média,12,Cobrança de dívida com pedido de penhora de bens,0.75,1,0,1,0,0,0,0,0
civil,Direito Civil,Civil,ES,21092,Baixa,8,Rescisão contratual com pedido de restituição de valores,0.7,1,0,0,0,0,0,0,0
civil,Direito Civil,Civil,ES,292875,Alta,19,Ação de despejo por falta de pagamento,0.75,1,0,1,0,0,0,0,0
consumidor,Direito do Consumidor,Civil,DF,28100,Baixa,8,Cobrança indevida de tarifa bancária com pedido de repetição,0.85,0,1,1,0,0,0,0,0
trabalhista,Direito Trabalhista,Trabalhista,GO,48691,Alta,15,Reclamação trabalhista com pedido de horas extras,0.85,1,1,0,0,1,0,0,0
civil,Direito Civil,Civil,PE,490583,Média,12,Ação de indenização por danos morais e materiais decorrente de acidente de trânsito,0.7,1,0,0,0,0,0,0,0
consumidor,Direito do Consumidor,Civil,SP,27223,Média,10,Cobrança indevida de tarifa bancária com pedido de repetição,0.9,0,1,1,0,1,0,0,0
consumidor,Direito do Consumidor,Civil,PR,38977,Baixa,6,Propaganda enganosa com pedido de indenização,0.8,0,0,0,0,1,0,0,0
consumidor,Direito do Consumidor,Civil,MG,37307,Alta,18,Cobrança indevida de tarifa bancária com pedido de repetição,0.8,0,0,0,0,1,0,0,0
trabalhista,Direito Trabalhista,Trabalhista,MT,22447,Média,8,Reclamação trabalhista com pedido de horas extras,0.85,1,1,0,0,1,0,0,0
tributario,Direito Tributário,Tributário,ES,5734509,Média,24,Ação anulatória de auto de infração,0.7,0,1,1,0,0,0,0,0
consumidor,Direito do Consumidor,Civil,PE,15971,Baixa,9,Vício em produto com pedido de substituição,0.9,0,1,1,0,1,0,0,0
civil,Direito Civil,Civil,MT,434895,Alta,17,Rescisão contratual com pedido de restituição de valores,0.75,1,1,0,0,0,0,0,0
civil,Direito Civil,Civil,MG,253155,Alta,18,Rescisão contratual com pedido de restituição de valores,0.7,1,0,0,0,0,0,0,0
agrario,Direito Agrário,Agrário,ES,1738922,Baixa,14,Desapropriação para fins de reforma agrária,0.7,1,0,1,1,0,0,0,0
consumidor,Direito do Consumidor,Civil,PR,7939,Baixa,9,Propaganda enganosa com pedido de indenização,0.9,0,1,1,0,1,0,0,0
consumidor,Direito do Consumidor,Civil,BA,15611,Baixa,8,Propaganda enganosa com pedido de indenização,0.85,0,0,1,0,1,0,0,0
previdenciario,Direito Previdenciário,Previdenciário,RS,137967,Média,16,Processo jurídico na área de previdenciario,0.77,0,0,0,1,0,0,0,0
civil,Direito Civil,Civil,GO,67931,Alta,17,Cobrança de dívida com pedido de penhora de bens,0.8,1,1,1,0,0,0,0,0
tributario,Direito Tributário,Tributário,PR,5346478,Média,24,Execução fiscal de débito previdenciário,0.65,0,1,0,0,0,0,0,0
consumidor,Direito do Consumidor,Civil,GO,24127,Baixa,6,Vício em produto com pedido de substituição,0.85,0,1,0,0,1,0,0,0
civil,Direito Civil,Civil,SC,241421,Baixa,8,Ação de despejo por falta de pagamento,0.7,1,0,0,0,0,0,0,0
trabalhista,Direito Trabalhista,Trabalhista,PR,10313,Média,8,Cobrança de verbas rescisórias não pagas,0.75,0,1,0,0,0,0,0,0
previdenciario,Direito Previdenciário,Previdenciário,SC,119171,Baixa,13,Processo jurídico na área de previdenciario,0.87,1,0,0,1,1,0,0,0
civil,Direito Civil,Civil,GO,474087,Alta,17,Ação de indenização por danos morais e materiais decorrente de acidente de trânsito,0.8,1,1,1,0,0,0,0,0
trabalhista,Direito Trabalhista,Trabalhista,CE,71836,Alta,15,Ação de rescisão indireta por assédio moral,0.75,0,0,0,0,1,0,0,0
trabalhista,Direito Trabalhista,Trabalhista,BA,25297,Baixa,4,Cobrança de verbas rescisórias não pagas,0.75,1,0,0,0,0,0,0,0
penal,Direito Penal,Penal,BA,0,Alta,25,Processo por lesão corporal dolosa,0.6,0,1,1,0,0,0,1,0
previdenciario,Direito Previdenciário,Previdenciário,DF,81696,Média,16,Processo jurídico na área de previdenciario,0.87,1,0,0,1,1,0,0,0
empresarial,Direito Empresarial,Empresarial,MS,10079496,Baixa,11,Processo jurídico na área de empresarial,0.83,0,1,0,0,1,0,0,1
consumidor,Direito do Consumidor,Civil,BA,25219,Baixa,8,Negativação indevida do nome do consumidor,0.85,0,1,0,0,1,0,0,0
civil,Direito Civil,Civil,MT,311214,Média,12,Cobrança de dívida com pedido de penhora de bens,0.8,1,1,1,0,0,0,0,0
administrativo,Direito Administrativo,Administrativo,MG,577629,Alta,28,Processo jurídico na área de administrativo,0.62,0,1,1,0,0,0,0,0
civil,Direito Civil,Civil,SP,37903,Média,12,Rescisão contratual com pedido de restituição de valores,0.75,1,0,1,0,0,0,0,0
civil,Direito Civil,Civil,ES,65917,Média,12,Ação de indenização por danos morais e materiais decorrente de acidente de trânsito,0.8,1,1,1,0,0,0,0,0
civil,Direito Civil,Civil,ES,80883,Baixa,11,Cobrança de dívida com pedido de penhora de bens,0.8,1,1,1,0,0,0,0,0
empresarial,Direito Empresarial,Empresarial,RJ,3957029,Alta,20,Processo jurídico na área de empresarial,0.78,0,0,0,0,1,0,0,1
consumidor,Direito do Consumidor,Civil,SC,13320,Baixa,9,Propaganda enganosa com pedido de indenização,0.9,0,1,1,0,1,0,0,0
civil,Direito Civil,Civil,MG,227403,Média,12,Rescisão contratual com pedido de restituição de valores,0.8,1,1,1,0,0,0,0,0
trabalhista,Direito Trabalhista,Trabalhista,RS,65116,Alta,15,Equiparação salarial entre empregados,0.75,1,0,0,0,0,0,0,0
penal,Direito Penal,Penal,MG,0,Alta,25,Ação penal por crime ambiental,0.55,0,1,1,0,0,0,0,0
consumidor,Direito do Consumidor,Civil,PR,24216,Baixa,7,Propaganda enganosa com pedido de indenização,0.85,0,1,0,0,1,0,0,0
empresarial,Direito Empresarial,Empresarial,MS,36621741,Baixa,13,Processo jurídico na área de empresarial,0.78,0,1,0,0,1,0,0,0
administrativo,Direito Administrativo,Administrativo,MG,686291,Média,20,Processo jurídico na área de administrativo,0.57,0,1,0,0,0,0,0,0
administrativo,Direito Administrativo,Administrativo,MG,718845,Alta,27,Processo jurídico na área de administrativo,0.57,0,0,1,0,0,0,0,0
penal,Direito Penal,Penal,ES,0,Média,18,Ação penal por crime ambiental,0.6,0,1,1,0,0,0,1,0
civil,Direito Civil,Civil,SC,473891,Média,12,Cobrança de dívida com pedido de penhora de bens,0.7,0,0,1,0,0,0,0,0
civil,Direito Civil,Civil,PE,428478,Média,12,Cobrança de dívida com pedido de penhora de bens,0.7,0,0,1,0,0,0,0,0
constitucional,Direito Constitucional,Constitucional,BA,0,Alta,35,Processo jurídico na área de constitucional,0.63,0,1,0,0,0,0,1,1
penal,Direito Penal,Penal,ES,0,Alta,22,Investigação de crime tributário,0.55,0,1,0,0,0,0,1,0
trabalhista,Direito Trabalhista,Trabalhista,PR,66013,Média,8,Equiparação salarial entre empregados,0.85,1,1,0,0,1,0,0,0
agrario,Direito Agrário,Agrário,BA,912707,Alta,23,Regularização fundiária de propriedade rural,0.6,0,0,1,0,0,0,0,0
consumidor,Direito do Consumidor,Civil,SP,31799,Baixa,6,Negativação indevida do nome do consumidor,0.9,0,1,1,0,1,0,0,0
penal,Direito Penal,Penal,MG,0,Baixa,14,Investigação de crime tributário,0.5,0,0,0,0,0,0,1,0
penal,Direito Penal,Penal,BA,0,Média,18,Ação penal por crime contra o patrimônio,0.5,0,1,0,0,0,0,0,0
civil,Direito Civil,Civil,MT,417129,Baixa,8,Ação de despejo por falta de pagamento,0.8,1,1,1,0,0,0,0,0
consumidor,Direito do Consumidor,Civil,BA,39132,Média,10,Propaganda enganosa com pedido de indenização,0.8,0,0,0,0,1,0,0,0
consumidor,Direito do Consumidor,Civil,MG,20871,Baixa,6,Propaganda enganosa com pedido de indenização,0.8,0,1,0,0,0,0,0,0
penal,Direito Penal,Penal,RJ,0,Alta,25,Processo por lesão corporal dolosa,0.5,0,0,1,0,0,0,0,0
trabalhista,Direito Trabalhista,Trabalhista,MS,52360,Alta,13,Cobrança de verbas rescisórias não pagas,0.85,1,1,0,0,1,0,0,0
administrativo,Direito Administrativo,Administrativo,DF,639164,Baixa,17,Processo jurídico na área de administrativo,0.57,0,0,1,0,0,0,0,0
tributario,Direito Tributário,Tributário,RS,8979323,Média,24,Mandado de segurança contra cobrança de ICMS,0.75,1,1,1,0,0,0,0,0
agrario,Direito Agrário,Agrário,PR,778313,Alta,19,Conflito de terras entre posseiros,0.6,1,0,0,0,0,0,0,0
civil,Direito Civil,Civil,PE,341838,Média,12,Rescisão contratual com pedido de restituição de valores,0.75,1,0,1,0,0,0,0,0
trabalhista,Direito Trabalhista,Trabalhista,SC,37624,Média,8,Reclamação trabalhista com pedido de horas extras,0.85,1,1,0,0,1,0,0,0
administrativo,Direito Administrativo,Administrativo,CE,783678,Baixa,18,Processo jurídico na área de administrativo,0.67,0,1,1,0,0,0,1,0
tributario,Direito Tributário,Tributário,PE,3803295,Alta,28,Ação anulatória de auto de infração,0.7,1,1,0,0,0,0,0,0
penal,Direito Penal,Penal,ES,0,Alta,25,Ação penal por crime contra o patrimônio,0.5,0,0,1,0,0,0,0,0
civil,Direito Civil,Civil,SP,127997,Média,12,Cobrança de dívida com pedido de penhora de bens,0.75,1,0,1,0,0,0,0,0
penal,Direito Penal,Penal,MG,0,Alta,23,Ação penal por crime ambiental,0.55,0,0,1,0,0,0,1,0
civil,Direito Civil,Civil,RJ,308715,Média,12,Ação de indenização por danos morais e materiais decorrente de acidente de trânsito,0.75,0,1,1,0,0,0,0,0
trabalhista,Direito Trabalhista,Trabalhista,MS,77082,Baixa,7,Ação de rescisão indireta por assédio moral,0.85,1,1,0,0,1,0,0,0
tributario,Direito Tributário,Tributário,PE,3969440,Média,24,Execução fiscal de débito previdenciário,0.7,1,0,1,0,0,0,0,0
tributario,Direito Tributário,Tributário,MG,5721726,Média,24,Execução fiscal de débito previdenciário,0.75,1,1,1,0,0,0,0,0
administrativo,Direito Administrativo,Administrativo,SC,886887,Alta,27,Processo jurídico na área de administrativo,0.62,0,0,1,0,0,0,1,0
trabalhista,Direito Trabalhista,Trabalhista,BA,33258,Média,8,Cobrança de verbas rescisórias não pagas,0.85,1,1,0,0,1,0,0,0
trabalhista,Direito Trabalhista,Trabalhista,PR,39237,Alta,12,Cobrança de verbas rescisórias não pagas,0.8,1,0,0,0,1,0,0,0
previdenciario,Direito Previdenciário,Previdenciário,RJ,88731,Média,16,Processo jurídico na área de previdenciario,0.82,1,0,0,1,0,0,0,0
trabalhista,Direito Trabalhista,Trabalhista,RJ,65223,Média,8,Reclamação trabalhista com pedido de horas extras,0.85,1,1,0,0,1,0,0,0
civil,Direito Civil,Civil,DF,9261,Baixa,11,Cobrança de dívida com pedido de penhora de bens,0.75,1,0,1,0,0,0,0,0
consumidor,Direito do Consumidor,Civil,PE,13294,Média,10,Negativação indevida do nome do consumidor,0.9,0,1,1,0,1,0,0,0
tributario,Direito Tributário,Tributário,DF,7267723,Alta,32,Ação anulatória de auto de infração,0.7,1,1,0,0,0,0,0,0
agrario,Direito Agrário,Agrário,CE,2778191,Alta,19,Desapropriação para fins de reforma agrária,0.65,1,0,1,0,0,0,0,0
trabalhista,Direito Trabalhista,Trabalhista,BA,64878,Média,8,Reclamação trabalhista com pedido de horas extras,0.75,0,0,0,0,1,0,0,0
consumidor,Direito do Consumidor,Civil,PR,42421,Alta,17,Negativação indevida do nome do consumidor,0.8,0,0,1,0,0,0,0,0
penal,Direito Penal,Penal,GO,0,Baixa,14,Processo por lesão corporal dolosa,0.6,0,1,1,0,0,0,1,0
administrativo,Direito Administrativo,Administrativo,RJ,335623,Alta,27,Processo jurídico na área de administrativo,0.57,0,1,0,0,0,0,0,0
civil,Direito Civil,Civil,SC,10006,Alta,18,Cobrança de dívida com pedido de penhora de bens,0.75,0,1,1,0,0,0,0,0
civil,Direito Civil,Civil,MS,152754,Média,12,Cobrança de dívida com pedido de penhora de bens,0.75,1,0,1,0,0,0,0,0
civil,Direito Civil,Civil,SP,339989,Média,12,Rescisão contratual com pedido de restituição de valores,0.75,1,0,1,0,0,0,0,0
consumidor,Direito do Consumidor,Civil,ES,46004,Baixa,8,Propaganda enganosa com pedido de indenização,0.85,0,0,1,0,1,0,0,0
consumidor,Direito do Consumidor,Civil,RJ,8648,Baixa,9,Negativação indevida do nome do consumidor,0.85,0,1,0,0,1,0,0,0
penal,Direito Penal,Penal,PE,0,Alta,24,Processo por lesão corporal dolosa,0.55,0,0,1,0,0,0,1,0
civil,Direito Civil,Civil,GO,266794,Média,12,Ação de despejo por falta de pagamento,0.7,1,0,0,0,0,0,0,0
trabalhista,Direito Trabalhista,Trabalhista,SC,27390,Baixa,4,Ação de rescisão indireta por assédio moral,0.85,1,1,0,0,1,0,0,0
agrario,Direito Agrário,Agrário,ES,4610561,Alta,20,Ação de usucapião de imóvel rural,0.65,1,0,1,0,0,0,0,0
trabalhista,Direito Trabalhista,Trabalhista,MT,32219,Média,8,Reclamação trabalhista com pedido de horas extras,0.75,0,0,0,0,1,0,0,0
consumidor,Direito do Consumidor,Civil,PR,7731,Alta,18,Vício em produto com pedido de substituição,0.85,0,1,0,0,1,0,0,0
empresarial,Direito Empresarial,Empresarial,RJ,17427115,Média,14,Processo jurídico na área de empresarial,0.78,0,1,0,0,1,0,0,0
consumidor,Direito do Consumidor,Civil,MS,10945,Baixa,6,Cobrança indevida de tarifa bancária com pedido de repetição,0.85,0,1,0,0,1,0,0,0
trabalhista,Direito Trabalhista,Trabalhista,GO,17320,Baixa,5,Ação de rescisão indireta por assédio moral,0.8,0,1,0,0,1,0,0,0
tributario,Direito Tributário,Tributário,MT,7702231,Alta,32,Mandado de segurança contra cobrança de ICMS,0.75,1,1,1,0,0,0,0,0
trabalhista,Direito Trabalhista,Trabalhista,MT,23593,Baixa,5,Equiparação salarial entre empregados,0.8,1,1,0,0,0,0,0,0
trabalhista,Direito Trabalhista,Trabalhista,GO,71413,Alta,14,Equiparação salarial entre empregados,0.8,1,1,0,0,0,0,0,0
empresarial,Direito Empresarial,Empresarial,SC,135708,Alta,18,Processo jurídico na área de empresarial,0.73,0,1,0,0,0,0,0,0
administrativo,Direito Administrativo,Administrativo,DF,565661,Média,20,Processo jurídico na área de administrativo,0.57,0,0,0,0,0,0,1,0
trabalhista,Direito Trabalhista,Trabalhista,PR,27372,Baixa,4,Reclamação trabalhista com pedido de horas extras,0.85,1,1,0,0,1,0,0,0
agrario,Direito Agrário,Agrário,MT,1289131,Média,15,Conflito de terras entre posseiros,0.65,1,0,1,0,0,0,0,0
trabalhista,Direito Trabalhista,Trabalhista,GO,61951,Alta,14,Cobrança de verbas rescisórias não pagas,0.85,1,1,0,0,1,0,0,0
ambiental,Direito Ambiental,Ambiental,SP,84976393,Baixa,18,Processo jurídico na área de ambiental,0.63,0,0,0,0,0,0,0,1
empresarial,Direito Empresarial,Empresarial,MT,1544156,Baixa,13,Processo jurídico na área de empresarial,0.73,0,0,0,0,0,0,0,1
agrario,Direito Agrário,Agrário,MS,4128906,Alta,23,Desapropriação para fins de reforma agrária,0.65,1,0,1,0,0,0,0,0
ambiental,Direito Ambiental,Ambiental,MG,15884858,Alta,29,Processo jurídico na área de ambiental,0.73,0,0,0,1,0,0,1,1
trabalhista,Direito Trabalhista,Trabalhista,PE,6002,Baixa,4,Cobrança de verbas rescisórias não pagas,0.85,1,1,0,0,1,0,0,0
civil,Direito Civil,Civil,GO,160051,Alta,16,Rescisão contratual com pedido de restituição de valores,0.75,1,0,1,0,0,0,0,0
civil,Direito Civil,Civil,RS,498232,Média,12,Ação de indenização por danos morais e materiais decorrente de acidente de trânsito,0.7,1,0,0,0,0,0,0,0
consumidor,Direito do Consumidor,Civil,MT,27560,Baixa,9,Vício em produto com pedido de substituição,0.85,0,1,1,0,0,0,0,0
penal,Direito Penal,Penal,MG,0,Média,18,Ação penal por crime ambiental,0.5,0,0,0,0,0,0,1,0
trabalhista,Direito Trabalhista,Trabalhista,MG,47659,Alta,15,Cobrança de verbas rescisórias não pagas,0.85,1,1,0,0,1,0,0,0
consumidor,Direito do Consumidor,Civil,SC,11087,Média,10,Vício em produto com pedido de substituição,0.9,0,1,1,0,1,0,0,0
civil,Direito Civil,Civil,MG,267537,Média,12,Ação de indenização por danos morais e materiais decorrente de acidente de trânsito,0.8,1,1,1,0,0,0,0,0
civil,Direito Civil,Civil,MG,128305,Baixa,8,Rescisão contratual com pedido de restituição de valores,0.8,1,1,1,0,0,0,0,0
agrario,Direito Agrário,Agrário,SC,2072204,Alta,21,Conflito de terras entre posseiros,0.65,0,0,1,1,0,0,0,0
trabalhista,Direito Trabalhista,Trabalhista,GO,90757,Alta,12,Cobrança de verbas rescisórias não pagas,0.85,1,1,0,0,1,0,0,0
penal,Direito Penal,Penal,PR,0,Alta,22,Processo por lesão corporal dolosa,0.55,0,1,1,0,0,0,0,0
civil,Direito Civil,Civil,GO,158147,Alta,16,Ação de despejo por falta de pagamento,0.75,1,1,0,0,0,0,0,0
trabalhista,Direito Trabalhista,Trabalhista,SP,50292,Alta,14,Ação de rescisão indireta por assédio moral,0.75,0,0,0,0,1,0,0,0
trabalhista,Direito Trabalhista,Trabalhista,ES,28148,Média,8,Ação de rescisão indireta por assédio moral,0.85,1,1,0,0,1,0,0,0
consumidor,Direito do Consumidor,Civil,SP,28496,Baixa,6,Negativação indevida do nome do consumidor,0.8,0,0,1,0,0,0,0,0
civil,Direito Civil,Civil,GO,247409,Alta,17,Rescisão contratual com pedido de restituição de valores,0.7,0,0,1,0,0,0,0,0
tributario,Direito Tributário,Tributário,MT,2293772,Baixa,20,Repetição de indébito tributário,0.75,1,1,1,0,0,0,0,0
penal,Direito Penal,Penal,CE,0,Média,18,Ação penal por crime contra o patrimônio,0.6,0,1,1,0,0,0,1,0
agrario,Direito Agrário,Agrário,BA,3031192,Alta,18,Ação de usucapião de imóvel rural,0.65,1,0,0,1,0,0,0,0
agrario,Direito Agrário,Agrário,BA,823542,Alta,21,Ação de usucapião de imóvel rural,0.6,0,0,1,0,0,0,0,0
agrario,Direito Agrário,Agrário,BA,541741,Baixa,13,Regularização fundiária de propriedade rural,0.65,0,0,1,1,0,0,0,0
agrario,Direito Agrário,Agrário,ES,4277104,Média,15,Conflito de terras entre posseiros,0.65,1,0,1,0,0,0,0,0
trabalhista,Direito Trabalhista,Trabalhista,RS,75342,Baixa,6,Equiparação salarial entre empregados,0.75,0,1,0,0,0,0,0,0
penal,Direito Penal,Penal,MT,0,Alta,23,Ação penal por crime contra o patrimônio,0.5,0,1,0,0,0,0,0,0
empresarial,Direito Empresarial,Empresarial,MS,19677998,Média,14,Processo jurídico na área de empresarial,0.73,0,0,0,0,0,0,0,1
empresarial,Direito Empresarial,Empresarial,MG,9807415,Média,14,Processo jurídico na área de empresarial,0.73,0,0,0,0,1,0,0,0
trabalhista,Direito Trabalhista,Trabalhista,GO,79809,Alta,12,Equiparação salarial entre empregados,0.75,0,1,0,0,0,0,0,0
tributario,Direito Tributário,Tributário,PR,6428645,Média,24,Execução fiscal de débito previdenciário,0.75,1,1,1,0,0,0,0,0
empresarial,Direito Empresarial,Empresarial,ES,20705577,Alta,17,Processo jurídico na área de empresarial,0.78,0,1,0,0,0,0,0,1
penal,Direito Penal,Penal,CE,0,Alta,23,Investigação de crime tributário,0.5,0,1,0,0,0,0,0,0
empresarial,Direito Empresarial,Empresarial,PE,37172143,Baixa,12,Processo jurídico na área de empresarial,0.83,0,1,0,0,1,0,0,1
penal,Direito Penal,Penal,MT,0,Alta,26,Processo por lesão corporal dolosa,0.55,0,1,0,0,0,0,1,0
tributario,Direito Tributário,Tributário,MS,2880751,Média,24,Repetição de indébito tributário,0.65,1,0,0,0,0,0,0,0
civil,Direito Civil,Civil,BA,409240,Baixa,8,Ação de despejo por falta de pagamento,0.8,1,1,1,0,0,0,0,0
agrario,Direito Agrário,Agrário,GO,416038,Alta,21,Desapropriação para fins de reforma agrária,0.7,1,0,1,1,0,0,0,0
consumidor,Direito do Consumidor,Civil,RJ,26372,Baixa,9,Propaganda enganosa com pedido de indenização,0.85,0,1,0,0,1,0,0,0
administrativo,Direito Administrativo,Administrativo,SP,434913,Média,20,Processo jurídico na área de administrativo,0.67,0,1,1,0,0,0,1,0
administrativo,Direito Administrativo,Administrativo,DF,754266,Alta,25,Processo jurídico na área de administrativo,0.67,0,1,1,0,0,0,1,0
civil,Direito Civil,Civil,GO,161610,Baixa,9,Ação de indenização por danos morais e materiais decorrente de acidente de trânsito,0.8,1,1,1,0,0,0,0,0
tributario,Direito Tributário,Tributário,SP,8370858,Alta,30,Mandado de segurança contra cobrança de ICMS,0.75,1,1,1,0,0,0,0,0
consumidor,Direito do Consumidor,Civil,SP,24197,Baixa,7,Propaganda enganosa com pedido de indenização,0.9,0,1,1,0,1,0,0,0
consumidor,Direito do Consumidor,Civil,PR,11880,Baixa,8,Propaganda enganosa com pedido de indenização,0.8,0,0,1,0,0,0,0,0
penal,Direito Penal,Penal,MT,0,Baixa,16,Ação penal por crime ambiental,0.55,0,1,0,0,0,0,1,0
agrario,Direito Agrário,Agrário,GO,413335,Média,15,Regularização fundiária de propriedade rural,0.6,0,0,1,0,0,0,0,0
penal,Direito Penal,Penal,SC,0,Alta,22,Processo por lesão corporal dolosa,0.5,0,1,0,0,0,0,0,0
civil,Direito Civil,Civil,DF,53588,Média,12,Ação de despejo por falta de pagamento,0.8,1,1,1,0,0,0,0,0
consumidor,Direito do Consumidor,Civil,PE,3293,Média,10,Propaganda enganosa com pedido de indenização,0.9,0,1,1,0,1,0,0,0
agrario,Direito Agrário,Agrário,CE,3486067,Alta,22,Desapropriação para fins de reforma agrária,0.6,0,0,1,0,0,0,0,0
ambiental,Direito Ambiental,Ambiental,RS,78396278,Média,22,Processo jurídico na área de ambiental,0.68,0,0,0,1,0,0,0,1
civil,Direito Civil,Civil,PR,252623,Média,12,Ação de indenização por danos morais e materiais decorrente de acidente de trânsito,0.8,1,1,1,0,0,0,0,0
trabalhista,Direito Trabalhista,Trabalhista,RJ,86539,Média,8,Reclamação trabalhista com pedido de horas extras,0.8,1,0,0,0,1,0,0,0
consumidor,Direito do Consumidor,Civil,CE,24625,Média,10,Cobrança indevida de tarifa bancária com pedido de repetição,0.8,0,0,0,0,1,0,0,0
trabalhista,Direito Trabalhista,Trabalhista,ES,61887,Média,8,Equiparação salarial entre empregados,0.75,1,0,0,0,0,0,0,0
tributario,Direito Tributário,Tributário,PE,7048412,Alta,31,Repetição de indébito tributário,0.65,1,0,0,0,0,0,0,0
trabalhista,Direito Trabalhista,Trabalhista,SC,19697,Baixa,6,Equiparação salarial entre empregados,0.75,1,0,0,0,0,0,0,0
trabalhista,Direito Trabalhista,Trabalhista,PE,31896,Média,8,Reclamação trabalhista com pedido de horas extras,0.75,0,0,0,0,1,0,0,0
civil,Direito Civil,Civil,SC,194604,Baixa,8,Ação de despejo por falta de pagamento,0.75,1,1,0,0,0,0,0,0
previdenciario,Direito Previdenciário,Previdenciário,PE,104261,Alta,19,Processo jurídico na área de previdenciario,0.77,1,0,0,0,0,0,0,0
agrario,Direito Agrário,Agrário,MG,3027147,Alta,21,Ação de usucapião de imóvel rural,0.7,1,0,1,1,0,0,0,0
consumidor,Direito do Consumidor,Civil,MS,15620,Média,10,Vício em produto com pedido de substituição,0.9,0,1,1,0,1,0,0,0
penal,Direito Penal,Penal,GO,0,Alta,26,Investigação de crime tributário,0.5,0,1,0,0,0,0,0,0
tributario,Direito Tributário,Tributário,RS,6459471,Alta,32,Mandado de segurança contra cobrança de ICMS,0.75,1,1,1,0,0,0,0,0
civil,Direito Civil,Civil,PR,68092,Média,12,Ação de despejo por falta de pagamento,0.8,1,1,1,0,0,0,0,0
civil,Direito Civil,Civil,SC,333464,Média,12,Cobrança de dívida com pedido de penhora de bens,0.8,1,1,1,0,0,0,0,0
administrativo,Direito Administrativo,Administrativo,MS,13427,Alta,26,Processo jurídico na área de administrativo,0.57,0,1,0,0,0,0,0,0
civil,Direito Civil,Civil,MS,133662,Baixa,11,Ação de indenização por danos morais e materiais decorrente de acidente de trânsito,0.8,1,1,1,0,0,0,0,0
trabalhista,Direito Trabalhista,Trabalhista,PE,50892,Média,8,Equiparação salarial entre empregados,0.85,1,1,0,0,1,0,0,0
previdenciario,Direito Previdenciário,Previdenciário,BA,69148,Baixa,14,Processo jurídico na área de previdenciario,0.77,1,0,0,0,0,0,0,0
civil,Direito Civil,Civil,SP,127585,Média,12,Ação de despejo por falta de pagamento,0.8,1,1,1,0,0,0,0,0
empresarial,Direito Empresarial,Empresarial,SP,28034897,Alta,21,Processo jurídico na área de empresarial,0.78,0,1,0,0,0,0,0,1
civil,Direito Civil,Civil,RS,368645,Alta,19,Ação de despejo por falta de pagamento,0.8,1,1,1,0,0,0,0,0
consumidor,Direito do Consumidor,Civil,RJ,6617,Baixa,9,Cobrança indevida de tarifa bancária com pedido de repetição,0.8,0,0,0,0,1,0,0,0
trabalhista,Direito Trabalhista,Trabalhista,GO,17255,Alta,16,Cobrança de verbas rescisórias não pagas,0.75,0,0,0,0,1,0,0,0
administrativo,Direito Administrativo,Administrativo,MT,937101,Alta,23,Processo jurídico na área de administrativo,0.62,0,1,0,0,0,0,1,0
consumidor,Direito do Consumidor,Civil,MS,49166,Baixa,7,Cobrança indevida de tarifa bancária com pedido de repetição,0.9,0,1,1,0,1,0,0,0
trabalhista,Direito Trabalhista,Trabalhista,PE,10002,Média,8,Reclamação trabalhista com pedido de horas extras,0.75,0,1,0,0,0,0,0,0
consumidor,Direito do Consumidor,Civil,SC,49372,Baixa,8,Cobrança indevida de tarifa bancária com pedido de repetição,0.8,0,0,1,0,0,0,0,0
consumidor,Direito do Consumidor,Civil,SC,30223,Baixa,8,Propaganda enganosa com pedido de indenização,0.8,0,0,0,0,1,0,0,0
agrario,Direito Agrário,Agrário,RJ,3476816,Média,15,Regularização fundiária de propriedade rural,0.6,0,0,0,1,0,0,0,0
trabalhista,Direito Trabalhista,Trabalhista,DF,56473,Baixa,4,Cobrança de verbas rescisórias não pagas,0.75,0,0,0,0,1,0,0,0
agrario,Direito Agrário,Agrário,MT,3736506,Média,15,Ação de usucapião de imóvel rural,0.65,1,0,0,1,0,0,0,0
trabalhista,Direito Trabalhista,Trabalhista,SC,33576,Baixa,7,Equiparação salarial entre empregados,0.85,1,1,0,0,1,0,0,0
previdenciario,Direito Previdenciário,Previdenciário,SP,22459,Baixa,15,Processo jurídico na área de previdenciario,0.87,1,0,0,1,1,0,0,0
civil,Direito Civil,Civil,ES,383199,Alta,18,Rescisão contratual com pedido de restituição de valores,0.75,1,1,0,0,0,0,0,0
consumidor,Direito do Consumidor,Civil,PR,35523,Alta,15,Propaganda enganosa com pedido de indenização,0.85,0,1,0,0,1,0,0,0
agrario,Direito Agrário,Agrário,CE,3170822,Alta,19,Ação de usucapião de imóvel rural,0.6,0,0,1,0,0,0,0,0
civil,Direito Civil,Civil,GO,114729,Média,12,Rescisão contratual com pedido de restituição de valores,0.7,0,1,0,0,0,0,0,0
trabalhista,Direito Trabalhista,Trabalhista,PE,45018,Alta,13,Cobrança de verbas rescisórias não pagas,0.85,1,1,0,0,1,0,0,0
trabalhista,Direito Trabalhista,Trabalhista,DF,96886,Média,8,Equiparação salarial entre empregados,0.85,1,1,0,0,1,0,0,0
agrario,Direito Agrário,Agrário,SC,4783457,Média,15,Conflito de terras entre posseiros,0.7,1,0,1,1,0,0,0,0
trabalhista,Direito Trabalhista,Trabalhista,SP,11489,Alta,11,Reclamação trabalhista com pedido de horas extras,0.8,0,1,0,0,1,0,0,0
civil,Direito Civil,Civil,PR,312531,Média,12,Cobrança de dívida com pedido de penhora de bens,0.7,0,1,0,0,0,0,0,0
civil,Direito Civil,Civil,PR,14870,Baixa,9,Ação de indenização por danos morais e materiais decorrente de acidente de trânsito,0.75,1,1,0,0,0,0,0,0
consumidor,Direito do Consumidor,Civil,MG,10148,Média,10,Negativação indevida do nome do consumidor,0.9,0,1,1,0,1,0,0,0
tributario,Direito Tributário,Tributário,DF,1907422,Média,24,Execução fiscal de débito previdenciário,0.75,1,1,1,0,0,0,0,0
agrario,Direito Agrário,Agrário,CE,1659660,Alta,22,Conflito de terras entre posseiros,0.6,1,0,0,0,0,0,0,0
agrario,Direito Agrário,Agrário,DF,116649,Alta,21,Regularização fundiária de propriedade rural,0.6,0,0,1,0,0,0,0,0
previdenciario,Direito Previdenciário,Previdenciário,PE,30257,Média,16,Processo jurídico na área de previdenciario,0.82,0,0,0,1,1,0,0,0
civil,Direito Civil,Civil,MT,7635,Baixa,11,Ação de indenização por danos morais e materiais decorrente de acidente de trânsito,0.75,0,1,1,0,0,0,0,0
trabalhista,Direito Trabalhista,Trabalhista,SC,70436,Baixa,5,Reclamação trabalhista com pedido de horas extras,0.75,1,0,0,0,0,0,0,0
trabalhista,Direito Trabalhista,Trabalhista,DF,62745,Alta,16,Cobrança de verbas rescisórias não pagas,0.85,1,1,0,0,1,0,0,0
administrativo,Direito Administrativo,Administrativo,MG,550980,Alta,24,Processo jurídico na área de administrativo,0.57,0,0,1,0,0,0,0,0
civil,Direito Civil,Civil,MT,131882,Média,12,Cobrança de dívida com pedido de penhora de bens,0.8,1,1,1,0,0,0,0,0
civil,Direito Civil,Civil,PR,65694,Média,12,Rescisão contratual com pedido de restituição de valores,0.8,1,1,1,0,0,0,0,0
trabalhista,Direito Trabalhista,Trabalhista,BA,90690,Baixa,5,Reclamação trabalhista com pedido de horas extras,0.85,1,1,0,0,1,0,0,0
empresarial,Direito Empresarial,Empresarial,DF,38803442,Média,14,Processo jurídico na área de empresarial,0.83,0,1,0,0,1,0,0,1
agrario,Direito Agrário,Agrário,MG,3903745,Alta,18,Regularização fundiária de propriedade rural,0.7,1,0,1,1,0,0,0,0
trabalhista,Direito Trabalhista,Trabalhista,RJ,9667,Baixa,5,Reclamação trabalhista com pedido de horas extras,0.75,0,1,0,0,0,0,0,0
penal,Direito Penal,Penal,ES,0,Alta,21,Ação penal por crime ambiental,0.5,0,1,0,0,0,0,0,0
trabalhista,Direito Trabalhista,Trabalhista,RS,33805,Média,8,Cobrança de verbas rescisórias não pagas,0.8,0,1,0,0,1,0,0,0
civil,Direito Civil,Civil,BA,285967,Média,12,Cobrança de dívida com pedido de penhora de bens,0.7,0,1,0,0,0,0,0,0
tributario,Direito Tributário,Tributário,SC,6255642,Baixa,23,Execução fiscal de débito previdenciário,0.65,1,0,0,0,0,0,0,0
trabalhista,Direito Trabalhista,Trabalhista,MT,43879,Baixa,6,Equiparação salarial entre empregados,0.8,1,1,0,0,0,0,0,0
empresarial,Direito Empresarial,Empresarial,CE,7058415,Média,14,Processo jurídico na área de empresarial,0.78,0,0,0,0,1,0,0,1
consumidor,Direito do Consumidor,Civil,PR,26012,Média,10,Propaganda enganosa com pedido de indenização,0.9,0,1,1,0,1,0,0,0
trabalhista,Direito Trabalhista,Trabalhista,RJ,19419,Baixa,4,Reclamação trabalhista com pedido de horas extras,0.75,0,1,0,0,0,0,0,0
tributario,Direito Tributário,Tributário,PR,4774076,Alta,28,Mandado de segurança contra cobrança de ICMS,0.65,0,1,0,0,0,0,0,0
agrario,Direito Agrário,Agrário,MG,704301,Alta,18,Desapropriação para fins de reforma agrária,0.7,1,0,1,1,0,0,0,0
agrario,Direito Agrário,Agrário,BA,4731676,Alta,22,Desapropriação para fins de reforma agrária,0.65,0,0,1,1,0,0,0,0
trabalhista,Direito Trabalhista,Trabalhista,GO,91783,Média,8,Ação de rescisão indireta por assédio moral,0.85,1,1,0,0,1,0,0,0
consumidor,Direito do Consumidor,Civil,SP,39431,Média,10,Vício em produto com pedido de substituição,0.9,0,1,1,0,1,0,0,0
tributario,Direito Tributário,Tributário,CE,3350839,Alta,32,Ação anulatória de auto de infração,0.65,0,0,1,0,0,0,0,0
trabalhista,Direito Trabalhista,Trabalhista,RJ,97938,Média,8,Equiparação salarial entre empregados,0.75,0,1,0,0,0,0,0,0
civil,Direito Civil,Civil,ES,338741,Baixa,11,Rescisão contratual com pedido de restituição de valores,0.75,0,1,1,0,0,0,0,0
previdenciario,Direito Previdenciário,Previdenciário,RS,167292,Baixa,13,Processo jurídico na área de previdenciario,0.82,1,0,0,1,0,0,0,0
eleitoral,Direito Eleitoral,Eleitoral,MT,0,Alta,14,Processo jurídico na área de eleitoral,0.77,0,1,0,0,0,1,1,0
civil,Direito Civil,Civil,MS,127665,Alta,16,Cobrança de dívida com pedido de penhora de bens,0.75,1,1,0,0,0,0,0,0
trabalhista,Direito Trabalhista,Trabalhista,MS,57449,Média,8,Reclamação trabalhista com pedido de horas extras,0.8,1,1,0,0,0,0,0,0
consumidor,Direito do Consumidor,Civil,MT,15910,Alta,17,Cobrança indevida de tarifa bancária com pedido de repetição,0.8,0,1,0,0,0,0,0,0
civil,Direito Civil,Civil,PR,183783,Média,12,Rescisão contratual com pedido de restituição de valores,0.75,0,1,1,0,0,0,0,0
consumidor,Direito do Consumidor,Civil,SC,7704,Média,10,Vício em produto com pedido de substituição,0.85,0,1,0,0,1,0,0,0
agrario,Direito Agrário,Agrário,DF,408884,Alta,18,Ação de usucapião de imóvel rural,0.6,0,0,0,1,0,0,0,0
penal,Direito Penal,Penal,RS,0,Alta,26,Ação penal por crime contra o patrimônio,0.5,0,1,0,0,0,0,0,0
civil,Direito Civil,Civil,RJ,495853,Baixa,8,Ação de indenização por danos morais e materiais decorrente de acidente de trânsito,0.7,0,1,0,0,0,0,0,0
previdenciario,Direito Previdenciário,Previdenciário,SP,162985,Baixa,12,Processo jurídico na área de previdenciario,0.82,0,0,0,1,1,0,0,0
civil,Direito Civil,Civil,ES,40150,Baixa,9,Ação de indenização por danos morais e materiais decorrente de acidente de trânsito,0.75,1,0,1,0,0,0,0,0
trabalhista,Direito Trabalhista,Trabalhista,BA,45865,Alta,16,Reclamação trabalhista com pedido de horas extras,0.75,1,0,0,0,0,0,0,0
consumidor,Direito do Consumidor,Civil,MS,10167,Média,10,Cobrança indevida de tarifa bancária com pedido de repetição,0.85,0,0,1,0,1,0,0,0
civil,Direito Civil,Civil,SP,167257,Média,12,Cobrança de dívida com pedido de penhora de bens,0.8,1,1,1,0,0,0,0,0
penal,Direito Penal,Penal,MG,0,Média,18,Investigação de crime tributário,0.6,0,1,1,0,0,0,1,0
agrario,Direito Agrário,Agrário,RJ,2593316,Alta,23,Regularização fundiária de propriedade rural,0.65,1,0,0,1,0,0,0,0
civil,Direito Civil,Civil,BA,271788,Média,12,Ação de indenização por danos morais e materiais decorrente de acidente de trânsito,0.75,0,1,1,0,0,0,0,0
previdenciario,Direito Previdenciário,Previdenciário,CE,73940,Baixa,15,Processo jurídico na área de previdenciario,0.82,1,0,0,0,1,0,0,0
agrario,Direito Agrário,Agrário,DF,4006487,Alta,18,Ação de usucapião de imóvel rural,0.6,1,0,0,0,0,0,0,0
civil,Direito Civil,Civil,MT,420517,Baixa,9,Ação de despejo por falta de pagamento,0.75,1,0,1,0,0,0,0,0
agrario,Direito Agrário,Agrário,GO,2542971,Média,15,Desapropriação para fins de reforma agrária,0.65,0,0,1,1,0,0,0,0
empresarial,Direito Empresarial,Empresarial,MS,46481538,Média,14,Processo jurídico na área de empresarial,0.78,0,0,0,0,1,0,0,1
trabalhista,Direito Trabalhista,Trabalhista,SP,98601,Baixa,7,Ação de rescisão indireta por assédio moral,0.85,1,1,0,0,1,0,0,0
trabalhista,Direito Trabalhista,Trabalhista,MT,3175,Média,8,Reclamação trabalhista com pedido de horas extras,0.75,1,0,0,0,0,0,0,0
consumidor,Direito do Consumidor,Civil,GO,12044,Alta,13,Cobrança indevida de tarifa bancária com pedido de repetição,0.85,0,1,0,0,1,0,0,0
agrario,Direito Agrário,Agrário,DF,3279835,Baixa,11,Ação de usucapião de imóvel rural,0.65,1,0,0,1,0,0,0,0
consumidor,Direito do Consumidor,Civil,SC,46368,Média,10,Negativação indevida do nome do consumidor,0.85,0,1,0,0,1,0,0,0
trabalhista,Direito Trabalhista,Trabalhista,MG,95569,Alta,11,Reclamação trabalhista com pedido de horas extras,0.8,1,1,0,0,0,0,0,0
trabalhista,Direito Trabalhista,Trabalhista,RJ,64841,Baixa,4,Equiparação salarial entre empregados,0.75,0,1,0,0,0,0,0,0
tributario,Direito Tributário,Tributário,RJ,9495202,Média,24,Execução fiscal de débito previdenciário,0.7,1,1,0,0,0,0,0,0
tributario,Direito Tributário,Tributário,PE,4176561,Alta,32,Repetição de indébito tributário,0.75,1,1,1,0,0,0,0,0
trabalhista,Direito Trabalhista,Trabalhista,SP,58672,Média,8,Ação de rescisão indireta por assédio moral,0.75,0,0,0,0,1,0,0,0
consumidor,Direito do Consumidor,Civil,MG,26018,Média,10,Vício em produto com pedido de substituição,0.8,0,0,1,0,0,0,0,0
empresarial,Direito Empresarial,Empresarial,DF,38761649,Média,14,Processo jurídico na área de empresarial,0.83,0,1,0,0,1,0,0,1
penal,Direito Penal,Penal,ES,0,Alta,26,Processo por lesão corporal dolosa,0.55,0,0,1,0,0,0,1,0
consumidor,Direito do Consumidor,Civil,SP,16368,Média,10,Propaganda enganosa com pedido de indenização,0.85,0,1,0,0,1,0,0,0
civil,Direito Civil,Civil,DF,434364,Média,12,Ação de indenização por danos morais e materiais decorrente de acidente de trânsito,0.75,0,1,1,0,0,0,0,0
penal,Direito Penal,Penal,RS,0,Alta,21,Investigação de crime tributário,0.55,0,1,0,0,0,0,1,0
consumidor,Direito do Consumidor,Civil,DF,49668,Média,10,Propaganda enganosa com pedido de indenização,0.9,0,1,1,0,1,0,0,0
trabalhista,Direito Trabalhista,Trabalhista,MT,50851,Média,8,Ação de rescisão indireta por assédio moral,0.8,1,1,0,0,0,0,0,0
trabalhista,Direito Trabalhista,Trabalhista,ES,6804,Média,8,Reclamação trabalhista com pedido de horas extras,0.75,0,0,0,0,1,0,0,0
previdenciario,Direito Previdenciário,Previdenciário,MS,125259,Alta,24,Processo jurídico na área de previdenciario,0.77,0,0,0,0,1,0,0,0
trabalhista,Direito Trabalhista,Trabalhista,MS,90514,Alta,16,Ação de rescisão indireta por assédio moral,0.8,0,1,0,0,1,0,0,0
previdenciario,Direito Previdenciário,Previdenciário,PR,121144,Média,16,Processo jurídico na área de previdenciario,0.87,1,0,0,1,1,0,0,0
tributario,Direito Tributário,Tributário,DF,877911,Alta,29,Ação anulatória de auto de infração,0.7,0,1,1,0,0,0,0,0
trabalhista,Direito Trabalhista,Trabalhista,BA,66538,Média,8,Ação de rescisão indireta por assédio moral,0.85,1,1,0,0,1,0,0,0
penal,Direito Penal,Penal,GO,0,Alta,25,Processo por lesão corporal dolosa,0.55,0,1,0,0,0,0,1,0
trabalhista,Direito Trabalhista,Trabalhista,SP,24557,Média,8,Equiparação salarial entre empregados,0.8,1,1,0,0,0,0,0,0
civil,Direito Civil,Civil,ES,477699,Média,12,Rescisão contratual com pedido de restituição de valores,0.7,0,0,1,0,0,0,0,0
civil,Direito Civil,Civil,MS,243791,Alta,15,Ação de indenização por danos morais e materiais decorrente de acidente de trânsito,0.75,1,1,0,0,0,0,0,0
empresarial,Direito Empresarial,Empresarial,DF,12206182,Baixa,10,Processo jurídico na área de empresarial,0.83,0,1,0,0,1,0,0,1
agrario,Direito Agrário,Agrário,DF,2763181,Baixa,13,Desapropriação para fins de reforma agrária,0.7,1,0,1,1,0,0,0,0
civil,Direito Civil,Civil,GO,120095,Média,12,Rescisão contratual com pedido de restituição de valores,0.75,1,1,0,0,0,0,0,0
consumidor,Direito do Consumidor,Civil,MS,9039,Baixa,9,Negativação indevida do nome do consumidor,0.9,0,1,1,0,1,0,0,0
penal,Direito Penal,Penal,RS,0,Média,18,Ação penal por crime ambiental,0.55,0,1,0,0,0,0,1,0
consumidor,Direito do Consumidor,Civil,DF,9869,Média,10,Cobrança indevida de tarifa bancária com pedido de repetição,0.9,0,1,1,0,1,0,0,0
penal,Direito Penal,Penal,DF,0,Alta,26,Investigação de crime tributário,0.6,0,1,1,0,0,0,1,0
administrativo,Direito Administrativo,Administrativo,SC,678624,Alta,28,Processo jurídico na área de administrativo,0.67,0,1,1,0,0,0,1,0
civil,Direito Civil,Civil,RJ,223939,Alta,15,Ação de despejo por falta de pagamento,0.75,1,0,1,0,0,0,0,0
penal,Direito Penal,Penal,CE,0,Baixa,14,Investigação de crime tributário,0.5,0,1,0,0,0,0,0,0
empresarial,Direito Empresarial,Empresarial,MG,16027768,Média,14,Processo jurídico na área de empresarial,0.78,0,0,0,0,1,0,0,1
administrativo,Direito Administrativo,Administrativo,RS,873256,Alta,26,Processo jurídico na área de administrativo,0.67,0,1,1,0,0,0,1,0
empresarial,Direito Empresarial,Empresarial,SP,28500521,Média,14,Processo jurídico na área de empresarial,0.73,0,0,0,0,1,0,0,0
trabalhista,Direito Trabalhista,Trabalhista,MG,9079,Alta,12,Ação de rescisão indireta por assédio moral,0.75,1,0,0,0,0,0,0,0
administrativo,Direito Administrativo,Administrativo,DF,469149,Média,20,Processo jurídico na área de administrativo,0.62,0,0,1,0,0,0,1,0
penal,Direito Penal,Penal,SP,0,Alta,22,Ação penal por crime contra o patrimônio,0.55,0,1,1,0,0,0,0,0
consumidor,Direito do Consumidor,Civil,PE,4281,Média,10,Cobrança indevida de tarifa bancária com pedido de repetição,0.9,0,1,1,0,1,0,0,0
agrario,Direito Agrário,Agrário,ES,3207784,Alta,22,Ação de usucapião de imóvel rural,0.6,0,0,0,1,0,0,0,0
civil,Direito Civil,Civil,MS,127756,Alta,15,Ação de indenização por danos morais e materiais decorrente de acidente de trânsito,0.75,1,0,1,0,0,0,0,0
trabalhista,Direito Trabalhista,Trabalhista,MS,64203,Alta,13,Cobrança de verbas rescisórias não pagas,0.75,0,1,0,0,0,0,0,0
civil,Direito Civil,Civil,RJ,133890,Média,12,Rescisão contratual com pedido de restituição de valores,0.8,1,1,1,0,0,0,0,0
civil,Direito Civil,Civil,BA,339545,Média,12,Ação de despejo por falta de pagamento,0.7,0,1,0,0,0,0,0,0
militar,Direito Militar,Militar,DF,0,Média,12,Processo jurídico na área de militar,0.55,0,0,0,0,0,0,1,0
civil,Direito Civil,Civil,SP,479340,Média,12,Ação de despejo por falta de pagamento,0.75,1,0,1,0,0,0,0,0
previdenciario,Direito Previdenciário,Previdenciário,MT,126299,Média,16,Processo jurídico na área de previdenciario,0.82,0,0,0,1,1,0,0,0
trabalhista,Direito Trabalhista,Trabalhista,ES,95084,Média,8,Cobrança de verbas rescisórias não pagas,0.8,1,1,0,0,0,0,0,0
consumidor,Direito do Consumidor,Civil,SC,11303,Baixa,9,Vício em produto com pedido de substituição,0.9,0,1,1,0,1,0,0,0
penal,Direito Penal,Penal,RS,0,Alta,26,Ação penal por crime contra o patrimônio,0.5,0,0,1,0,0,0,0,0
trabalhista,Direito Trabalhista,Trabalhista,RS,10921,Baixa,7,Reclamação trabalhista com pedido de horas extras,0.75,0,0,0,0,1,0,0,0
civil,Direito Civil,Civil,PE,57635,Média,12,Ação de indenização por danos morais e materiais decorrente de acidente de trânsito,0.8,1,1,1,0,0,0,0,0
trabalhista,Direito Trabalhista,Trabalhista,ES,97611,Baixa,7,Ação de rescisão indireta por assédio moral,0.85,1,1,0,0,1,0,0,0
administrativo,Direito Administrativo,Administrativo,MG,544460,Alta,26,Processo jurídico na área de administrativo,0.62,0,0,1,0,0,0,1,0
trabalhista,Direito Trabalhista,Trabalhista,RJ,83736,Alta,13,Equiparação salarial entre empregados,0.8,0,1,0,0,1,0,0,0
consumidor,Direito do Consumidor,Civil,GO,40736,Média,10,Cobrança indevida de tarifa bancária com pedido de repetição,0.85,0,1,0,0,1,0,0,0
consumidor,Direito do Consumidor,Civil,GO,7145,Baixa,6,Cobrança indevida de tarifa bancária com pedido de repetição,0.8,0,0,1,0,0,0,0,0
previdenciario,Direito Previdenciário,Previdenciário,CE,28577,Alta,24,Processo jurídico na área de previdenciario,0.82,0,0,0,1,1,0,0,0
civil,Direito Civil,Civil,PE,183181,Média,12,Cobrança de dívida com pedido de penhora de bens,0.8,1,1,1,0,0,0,0,0
tributario,Direito Tributário,Tributário,DF,6275137,Média,24,Execução fiscal de débito previdenciário,0.65,0,0,1,0,0,0,0,0
civil,Direito Civil,Civil,RJ,329322,Baixa,9,Ação de despejo por falta de pagamento,0.7,1,0,0,0,0,0,0,0
civil,Direito Civil,Civil,RJ,250533,Alta,16,Cobrança de dívida com pedido de penhora de bens,0.7,0,0,1,0,0,0,0,0
civil,Direito Civil,Civil,SP,281444,Alta,19,Ação de indenização por danos morais e materiais decorrente de acidente de trânsito,0.7,0,0,1,0,0,0,0,0
tributario,Direito Tributário,Tributário,CE,9389706,Alta,30,Execução fiscal de débito previdenciário,0.75,1,1,1,0,0,0,0,0
empresarial,Direito Empresarial,Empresarial,PR,8951593,Média,14,Processo jurídico na área de empresarial,0.78,0,1,0,0,1,0,0,0
militar,Direito Militar,Militar,RJ,0,Média,12,Processo jurídico na área de militar,0.6,0,1,0,0,0,0,1,0
tributario,Direito Tributário,Tributário,MG,7751276,Alta,30,Execução fiscal de débito previdenciário,0.65,0,0,1,0,0,0,0,0
penal,Direito Penal,Penal,BA,0,Alta,26,Processo por lesão corporal dolosa,0.5,0,0,1,0,0,0,0,0
trabalhista,Direito Trabalhista,Trabalhista,MS,53040,Média,8,Reclamação trabalhista com pedido de horas extras,0.75,0,1,0,0,0,0,0,0
tributario,Direito Tributário,Tributário,BA,5555792,Média,24,Repetição de indébito tributário,0.75,1,1,1,0,0,0,0,0
trabalhista,Direito Trabalhista,Trabalhista,MT,26512,Média,8,Ação de rescisão indireta por assédio moral,0.75,0,1,0,0,0,0,0,0
agrario,Direito Agrário,Agrário,BA,4568324,Alta,18,Regularização fundiária de propriedade rural,0.6,1,0,0,0,0,0,0,0
tributario,Direito Tributário,Tributário,PR,9221130,Alta,31,Execução fiscal de débito previdenciário,0.65,0,0,1,0,0,0,0,0
civil,Direito Civil,Civil,SC,391656,Média,12,Cobrança de dívida com pedido de penhora de bens,0.8,1,1,1,0,0,0,0,0
previdenciario,Direito Previdenciário,Previdenciário,GO,132713,Média,16,Processo jurídico na área de previdenciario,0.87,1,0,0,1,1,0,0,0
civil,Direito Civil,Civil,GO,420810,Média,12,Cobrança de dívida com pedido de penhora de bens,0.8,1,1,1,0,0,0,0,0
civil,Direito Civil,Civil,GO,67917,Alta,20,Rescisão contratual com pedido de restituição de valores,0.7,0,0,1,0,0,0,0,0
agrario,Direito Agrário,Agrário,PE,1870396,Alta,22,Desapropriação para fins de reforma agrária,0.65,0,0,1,1,0,0,0,0
civil,Direito Civil,Civil,SC,263311,Alta,19,Cobrança de dívida com pedido de penhora de bens,0.75,1,1,0,0,0,0,0,0
civil,Direito Civil,Civil,ES,82249,Média,12,Cobrança de dívida com pedido de penhora de bens,0.75,0,1,1,0,0,0,0,0
consumidor,Direito do Consumidor,Civil,SP,37146,Média,10,Vício em produto com pedido de substituição,0.85,0,0,1,0,1,0,0,0
civil,Direito Civil,Civil,SC,171286,Média,12,Cobrança de dívida com pedido de penhora de bens,0.7,1,0,0,0,0,0,0,0
consumidor,Direito do Consumidor,Civil,CE,17221,Baixa,7,Vício em produto com pedido de substituição,0.85,0,0,1,0,1,0,0,0
agrario,Direito Agrário,Agrário,PR,2842792,Alta,18,Regularização fundiária de propriedade rural,0.6,1,0,0,0,0,0,0,0
penal,Direito Penal,Penal,DF,0,Alta,22,Ação penal por crime contra o patrimônio,0.6,0,1,1,0,0,0,1,0
consumidor,Direito do Consumidor,Civil,SC,18089,Média,10,Negativação indevida do nome do consumidor,0.85,0,1,1,0,0,0,0,0
civil,Direito Civil,Civil,BA,495663,Média,12,Ação de indenização por danos morais e materiais decorrente de acidente de trânsito,0.8,1,1,1,0,0,0,0,0
empresarial,Direito Empresarial,Empresarial,MT,48463661,Alta,17,Processo jurídico na área de empresarial,0.73,0,1,0,0,0,0,0,0
civil,Direito Civil,Civil,MS,63572,Baixa,8,Cobrança de dívida com pedido de penhora de bens,0.75,1,0,1,0,0,0,0,0
civil,Direito Civil,Civil,MS,124073,Média,12,Cobrança de dívida com pedido de penhora de bens,0.8,1,1,1,0,0,0,0,0
consumidor,Direito do Consumidor,Civil,PR,40542,Baixa,8,Propaganda enganosa com pedido de indenização,0.85,0,0,1,0,1,0,0,0
tributario,Direito Tributário,Tributário,CE,1512713,Alta,28,Execução fiscal de débito previdenciário,0.75,1,1,1,0,0,0,0,0
tributario,Direito Tributário,Tributário,RS,6532283,Alta,29,Execução fiscal de débito previdenciário,0.65,0,0,1,0,0,0,0,0
trabalhista,Direito Trabalhista,Trabalhista,RJ,25859,Média,8,Equiparação salarial entre empregados,0.75,1,0,0,0,0,0,0,0
penal,Direito Penal,Penal,SP,0,Média,18,Ação penal por crime ambiental,0.5,0,1,0,0,0,0,0,0
civil,Direito Civil,Civil,ES,413528,Média,12,Cobrança de dívida com pedido de penhora de bens,0.7,1,0,0,0,0,0,0,0
trabalhista,Direito Trabalhista,Trabalhista,SC,66750,Média,8,Reclamação trabalhista com pedido de horas extras,0.8,0,1,0,0,1,0,0,0
penal,Direito Penal,Penal,SC,0,Alta,21,Ação penal por crime contra o patrimônio,0.5,0,0,1,0,0,0,0,0
consumidor,Direito do Consumidor,Civil,MS,45808,Baixa,7,Negativação indevida do nome do consumidor,0.85,0,0,1,0,1,0,0,0
consumidor,Direito do Consumidor,Civil,CE,42412,Baixa,6,Negativação indevida do nome do consumidor,0.9,0,1,1,0,1,0,0,0
consumidor,Direito do Consumidor,Civil,MT,1069,Baixa,8,Propaganda enganosa com pedido de indenização,0.85,0,1,0,0,1,0,0,0
consumidor,Direito do Consumidor,Civil,DF,16146,Baixa,8,Vício em produto com pedido de substituição,0.8,0,1,0,0,0,0,0,0
agrario,Direito Agrário,Agrário,GO,2570567,Alta,22,Ação de usucapião de imóvel rural,0.7,1,0,1,1,0,0,0,0
tributario,Direito Tributário,Tributário,MT,2279235,Alta,31,Repetição de indébito tributário,0.65,0,0,1,0,0,0,0,0
tributario,Direito Tributário,Tributário,MS,6036748,Alta,28,Execução fiscal de débito previdenciário,0.7,1,0,1,0,0,0,0,0
consumidor,Direito do Consumidor,Civil,SP,8577,Média,10,Propaganda enganosa com pedido de indenização,0.9,0,1,1,0,1,0,0,0
penal,Direito Penal,Penal,MT,0,Baixa,14,Ação penal por crime contra o patrimônio,0.55,0,0,1,0,0,0,1,0
tributario,Direito Tributário,Tributário,DF,7199853,Alta,32,Execução fiscal de débito previdenciário,0.7,0,1,1,0,0,0,0,0
civil,Direito Civil,Civil,MS,137565,Média,12,Cobrança de dívida com pedido de penhora de bens,0.75,1,0,1,0,0,0,0,0
empresarial,Direito Empresarial,Empresarial,PE,22909894,Alta,22,Processo jurídico na área de empresarial,0.83,0,1,0,0,1,0,0,1
civil,Direito Civil,Civil,PE,54506,Alta,18,Rescisão contratual com pedido de restituição de valores,0.75,0,1,1,0,0,0,0,0
penal,Direito Penal,Penal,MS,0,Alta,21,Investigação de crime tributário,0.55,0,1,0,0,0,0,1,0
empresarial,Direito Empresarial,Empresarial,PE,8309452,Média,14,Processo jurídico na área de empresarial,0.73,0,0,0,0,0,0,0,1
previdenciario,Direito Previdenciário,Previdenciário,RS,192284,Média,16,Processo jurídico na área de previdenciario,0.82,1,0,0,1,0,0,0,0
trabalhista,Direito Trabalhista,Trabalhista,RS,73994,Baixa,7,Reclamação trabalhista com pedido de horas extras,0.8,1,1,0,0,0,0,0,0
agrario,Direito Agrário,Agrário,MT,1239390,Média,15,Ação de usucapião de imóvel rural,0.6,0,0,0,1,0,0,0,0
civil,Direito Civil,Civil,CE,57849,Alta,20,Ação de despejo por falta de pagamento,0.75,1,1,0,0,0,0,0,0
civil,Direito Civil,Civil,ES,390495,Média,12,Rescisão contratual com pedido de restituição de valores,0.7,0,0,1,0,0,0,0,0
agrario,Direito Agrário,Agrário,DF,4423862,Alta,21,Desapropriação para fins de reforma agrária,0.6,0,0,0,1,0,0,0,0
empresarial,Direito Empresarial,Empresarial,MT,39834358,Média,14,Processo jurídico na área de empresarial,0.78,0,1,0,0,1,0,0,0
consumidor,Direito do Consumidor,Civil,RJ,41111,Baixa,6,Vício em produto com pedido de substituição,0.9,0,1,1,0,1,0,0,0
civil,Direito Civil,Civil,PE,477382,Média,12,Ação de indenização por danos morais e materiais decorrente de acidente de trânsito,0.8,1,1,1,0,0,0,0,0
trabalhista,Direito Trabalhista,Trabalhista,BA,53069,Baixa,6,Equiparação salarial entre empregados,0.85,1,1,0,0,1,0,0,0
penal,Direito Penal,Penal,PR,0,Média,18,Processo por lesão corporal dolosa,0.5,0,0,1,0,0,0,0,0
tributario,Direito Tributário,Tributário,CE,566298,Média,24,Ação anulatória de auto de infração,0.7,1,1,0,0,0,0,0,0
civil,Direito Civil,Civil,ES,35081,Baixa,11,Cobrança de dívida com pedido de penhora de bens,0.8,1,1,1,0,0,0,0,0
consumidor,Direito do Consumidor,Civil,DF,24225,Baixa,6,Vício em produto com pedido de substituição,0.9,0,1,1,0,1,0,0,0
trabalhista,Direito Trabalhista,Trabalhista,MT,31416,Baixa,5,Reclamação trabalhista com pedido de horas extras,0.75,1,0,0,0,0,0,0,0
consumidor,Direito do Consumidor,Civil,MT,21767,Baixa,6,Cobrança indevida de tarifa bancária com pedido de repetição,0.8,0,0,1,0,0,0,0,0
administrativo,Direito Administrativo,Administrativo,MS,191452,Média,20,Processo jurídico na área de administrativo,0.67,0,1,1,0,0,0,1,0
previdenciario,Direito Previdenciário,Previdenciário,GO,64695,Média,16,Processo jurídico na área de previdenciario,0.87,1,0,0,1,1,0,0,0
civil,Direito Civil,Civil,MS,378233,Média,12,Cobrança de dívida com pedido de penhora de bens,0.75,1,0,1,0,0,0,0,0
trabalhista,Direito Trabalhista,Trabalhista,MG,61129,Alta,12,Ação de rescisão indireta por assédio moral,0.8,1,1,0,0,0,0,0,0
agrario,Direito Agrário,Agrário,CE,3387862,Baixa,14,Desapropriação para fins de reforma agrária,0.6,0,0,0,1,0,0,0,0
empresarial,Direito Empresarial,Empresarial,RJ,35226718,Alta,21,Processo jurídico na área de empresarial,0.73,0,0,0,0,1,0,0,0
civil,Direito Civil,Civil,ES,176517,Alta,19,Rescisão contratual com pedido de restituição de valores,0.8,1,1,1,0,0,0,0,0
civil,Direito Civil,Civil,MT,124376,Baixa,8,Cobrança de dívida com pedido de penhora de bens,0.8,1,1,1,0,0,0,0,0
administrativo,Direito Administrativo,Administrativo,RJ,524906,Alta,25,Processo jurídico na área de administrativo,0.57,0,0,0,0,0,0,1,0
empresarial,Direito Empresarial,Empresarial,DF,37897745,Média,14,Processo jurídico na área de empresarial,0.78,0,1,0,0,0,0,0,1
trabalhista,Direito Trabalhista,Trabalhista,MG,4207,Média,8,Cobrança de verbas rescisórias não pagas,0.75,0,0,0,0,1,0,0,0
civil,Direito Civil,Civil,BA,267429,Alta,16,Ação de indenização por danos morais e materiais decorrente de acidente de trânsito,0.7,0,0,1,0,0,0,0,0
consumidor,Direito do Consumidor,Civil,PE,11811,Baixa,6,Cobrança indevida de tarifa bancária com pedido de repetição,0.9,0,1,1,0,1,0,0,0
civil,Direito Civil,Civil,MT,204929,Baixa,10,Cobrança de dívida com pedido de penhora de bens,0.75,1,1,0,0,0,0,0,0
tributario,Direito Tributário,Tributário,RS,313714,Alta,27,Ação anulatória de auto de infração,0.7,0,1,1,0,0,0,0,0
agrario,Direito Agrário,Agrário,SC,3232070,Baixa,12,Ação de usucapião de imóvel rural,0.65,1,0,1,0,0,0,0,0
administrativo,Direito Administrativo,Administrativo,MG,994358,Alta,27,Processo jurídico na área de administrativo,0.57,0,0,1,0,0,0,0,0
administrativo,Direito Administrativo,Administrativo,GO,555019,Alta,24,Processo jurídico na área de administrativo,0.57,0,0,1,0,0,0,0,0
consumidor,Direito do Consumidor,Civil,BA,48956,Baixa,6,Negativação indevida do nome do consumidor,0.85,0,0,1,0,1,0,0,0
tributario,Direito Tributário,Tributário,MT,5944835,Alta,30,Execução fiscal de débito previdenciário,0.65,0,0,1,0,0,0,0,0
civil,Direito Civil,Civil,MG,255591,Baixa,9,Rescisão contratual com pedido de restituição de valores,0.75,0,1,1,0,0,0,0,0
trabalhista,Direito Trabalhista,Trabalhista,GO,94069,Alta,11,Ação de rescisão indireta por assédio moral,0.8,1,0,0,0,1,0,0,0
penal,Direito Penal,Penal,PE,0,Alta,24,Ação penal por crime contra o patrimônio,0.6,0,1,1,0,0,0,1,0
trabalhista,Direito Trabalhista,Trabalhista,DF,88120,Alta,13,Reclamação trabalhista com pedido de horas extras,0.8,1,0,0,0,1,0,0,0
trabalhista,Direito Trabalhista,Trabalhista,CE,92095,Alta,12,Equiparação salarial entre empregados,0.8,0,1,0,0,1,0,0,0
agrario,Direito Agrário,Agrário,MG,1955497,Média,15,Conflito de terras entre posseiros,0.6,0,0,1,0,0,0,0,0
trabalhista,Direito Trabalhista,Trabalhista,BA,87515,Baixa,6,Equiparação salarial entre empregados,0.75,1,0,0,0,0,0,0,0
civil,Direito Civil,Civil,SC,452897,Média,12,Rescisão contratual com pedido de restituição de valores,0.75,0,1,1,0,0,0,0,0
tributario,Direito Tributário,Tributário,GO,926016,Alta,32,Mandado de segurança contra cobrança de ICMS,0.65,0,1,0,0,0,0,0,0
civil,Direito Civil,Civil,BA,249647,Baixa,8,Ação de indenização por danos morais e materiais decorrente de acidente de trânsito,0.7,0,1,0,0,0,0,0,0
consumidor,Direito do Consumidor,Civil,RS,38199,Baixa,9,Cobrança indevida de tarifa bancária com pedido de repetição,0.8,0,0,1,0,0,0,0,0
trabalhista,Direito Trabalhista,Trabalhista,CE,8163,Baixa,4,Ação de rescisão indireta por assédio moral,0.85,1,1,0,0,1,0,0,0
empresarial,Direito Empresarial,Empresarial,PR,14724407,Média,14,Processo jurídico na área de empresarial,0.73,0,0,0,0,0,0,0,1
consumidor,Direito do Consumidor,Civil,PE,29195,Alta,17,Propaganda enganosa com pedido de indenização,0.9,0,1,1,0,1,0,0,0
trabalhista,Direito Trabalhista,Trabalhista,GO,55670,Baixa,6,Ação de rescisão indireta por assédio moral,0.75,0,0,0,0,1,0,0,0
trabalhista,Direito Trabalhista,Trabalhista,MG,15498,Alta,15,Ação de rescisão indireta por assédio moral,0.8,1,1,0,0,0,0,0,0
trabalhista,Direito Trabalhista,Trabalhista,ES,14505,Média,8,Cobrança de verbas rescisórias não pagas,0.8,0,1,0,0,1,0,0,0
penal,Direito Penal,Penal,PR,0,Alta,21,Ação penal por crime ambiental,0.6,0,1,1,0,0,0,1,0
trabalhista,Direito Trabalhista,Trabalhista,GO,26615,Média,8,Reclamação trabalhista com pedido de horas extras,0.85,1,1,0,0,1,0,0,0
consumidor,Direito do Consumidor,Civil,RS,44256,Média,10,Propaganda enganosa com pedido de indenização,0.9,0,1,1,0,1,0,0,0
agrario,Direito Agrário,Agrário,CE,4038672,Alta,18,Ação de usucapião de imóvel rural,0.7,1,0,1,1,0,0,0,0
consumidor,Direito do Consumidor,Civil,DF,36662,Baixa,7,Cobrança indevida de tarifa bancária com pedido de repetição,0.9,0,1,1,0,1,0,0,0
trabalhista,Direito Trabalhista,Trabalhista,PR,9705,Média,8,Ação de rescisão indireta por assédio moral,0.75,0,0,0,0,1,0,0,0
civil,Direito Civil,Civil,BA,136557,Média,12,Cobrança de dívida com pedido de penhora de bens,0.8,1,1,1,0,0,0,0,0
administrativo,Direito Administrativo,Administrativo,RS,856337,Média,20,Processo jurídico na área de administrativo,0.67,0,1,1,0,0,0,1,0
consumidor,Direito do Consumidor,Civil,MT,40543,Baixa,7,Cobrança indevida de tarifa bancária com pedido de repetição,0.85,0,1,0,0,1,0,0,0
tributario,Direito Tributário,Tributário,PR,323824,Alta,30,Ação anulatória de auto de infração,0.7,0,1,1,0,0,0,0,0
consumidor,Direito do Consumidor,Civil,CE,22735,Média,10,Propaganda enganosa com pedido de indenização,0.9,0,1,1,0,1,0,0,0
trabalhista,Direito Trabalhista,Trabalhista,MT,65799,Alta,13,Ação de rescisão indireta por assédio moral,0.85,1,1,0,0,1,0,0,0
tributario,Direito Tributário,Tributário,SP,6555166,Alta,30,Ação anulatória de auto de infração,0.75,1,1,1,0,0,0,0,0
empresarial,Direito Empresarial,Empresarial,BA,35932731,Média,14,Processo jurídico na área de empresarial,0.83,0,1,0,0,1,0,0,1
consumidor,Direito do Consumidor,Civil,SC,6378,Baixa,6,Propaganda enganosa com pedido de indenização,0.85,0,1,1,0,0,0,0,0
trabalhista,Direito Trabalhista,Trabalhista,SP,67395,Média,8,Equiparação salarial entre empregados,0.85,1,1,0,0,1,0,0,0
agrario,Direito Agrário,Agrário,GO,3067873,Alta,18,Ação de usucapião de imóvel rural,0.6,1,0,0,0,0,0,0,0
civil,Direito Civil,Civil,PR,352504,Média,12,Ação de indenização por danos morais e materiais decorrente de acidente de trânsito,0.75,0,1,1,0,0,0,0,0
agrario,Direito Agrário,Agrário,MT,3542361,Média,15,Regularização fundiária de propriedade rural,0.7,1,0,1,1,0,0,0,0
consumidor,Direito do Consumidor,Civil,PR,47183,Média,10,Negativação indevida do nome do consumidor,0.85,0,1,0,0,1,0,0,0
empresarial,Direito Empresarial,Empresarial,MG,28867643,Média,14,Processo jurídico na área de empresarial,0.83,0,1,0,0,1,0,0,1
tributario,Direito Tributário,Tributário,CE,5727265,Alta,30,Repetição de indébito tributário,0.7,1,1,0,0,0,0,0,0
civil,Direito Civil,Civil,ES,24606,Média,12,Rescisão contratual com pedido de restituição de valores,0.7,0,0,1,0,0,0,0,0
penal,Direito Penal,Penal,GO,0,Baixa,16,Ação penal por crime ambiental,0.6,0,1,1,0,0,0,1,0
trabalhista,Direito Trabalhista,Trabalhista,DF,62108,Média,8,Reclamação trabalhista com pedido de horas extras,0.75,0,1,0,0,0,0,0,0
tributario,Direito Tributário,Tributário,MT,4852525,Média,24,Mandado de segurança contra cobrança de ICMS,0.75,1,1,1,0,0,0,0,0
civil,Direito Civil,Civil,RS,217356,Média,12,Rescisão contratual com pedido de restituição de valores,0.7,0,1,0,0,0,0,0,0
tributario,Direito Tributário,Tributário,DF,1628164,Média,24,Execução fiscal de débito previdenciário,0.7,1,0,1,0,0,0,0,0
consumidor,Direito do Consumidor,Civil,BA,44063,Média,10,Vício em produto com pedido de substituição,0.85,0,0,1,0,1,0,0,0
trabalhista,Direito Trabalhista,Trabalhista,ES,7143,Baixa,6,Equiparação salarial entre empregados,0.75,1,0,0,0,0,0,0,0
administrativo,Direito Administrativo,Administrativo,BA,172846,Alta,25,Processo jurídico na área de administrativo,0.57,0,0,0,0,0,0,1,0
administrativo,Direito Administrativo,Administrativo,MT,951428,Média,20,Processo jurídico na área de administrativo,0.57,0,0,1,0,0,0,0,0
administrativo,Direito Administrativo,Administrativo,CE,291270,Alta,27,Processo jurídico na área de administrativo,0.57,0,0,0,0,0,0,1,0
administrativo,Direito Administrativo,Administrativo,RS,892631,Baixa,16,Processo jurídico na área de administrativo,0.67,0,1,1,0,0,0,1,0
empresarial,Direito Empresarial,Empresarial,GO,4674400,Alta,20,Processo jurídico na área de empresarial,0.78,0,0,0,0,1,0,0,1
tributario,Direito Tributário,Tributário,RJ,4761676,Alta,28,Mandado de segurança contra cobrança de ICMS,0.75,1,1,1,0,0,0,0,0
trabalhista,Direito Trabalhista,Trabalhista,PE,48128,Alta,16,Cobrança de verbas rescisórias não pagas,0.75,0,0,0,0,1,0,0,0
consumidor,Direito do Consumidor,Civil,ES,14278,Baixa,7,Vício em produto com pedido de substituição,0.9,0,1,1,0,1,0,0,0
tributario,Direito Tributário,Tributário,RJ,6439947,Baixa,22,Execução fiscal de débito previdenciário,0.65,0,0,1,0,0,0,0,0
agrario,Direito Agrário,Agrário,ES,4723328,Média,15,Desapropriação para fins de reforma agrária,0.6,0,0,0,1,0,0,0,0
agrario,Direito Agrário,Agrário,PR,294585,Alta,21,Conflito de terras entre posseiros,0.6,1,0,0,0,0,0,0,0
trabalhista,Direito Trabalhista,Trabalhista,CE,13441,Média,8,Equiparação salarial entre empregados,0.85,1,1,0,0,1,0,0,0
tributario,Direito Tributário,Tributário,RJ,4624867,Alta,30,Mandado de segurança contra cobrança de ICMS,0.7,1,0,1,0,0,0,0,0
empresarial,Direito Empresarial,Empresarial,ES,5057715,Média,14,Processo jurídico na área de empresarial,0.83,0,1,0,0,1,0,0,1
penal,Direito Penal,Penal,DF,0,Alta,25,Investigação de crime tributário,0.55,0,1,1,0,0,0,0,0
trabalhista,Direito Trabalhista,Trabalhista,BA,77367,Baixa,6,Cobrança de verbas rescisórias não pagas,0.85,1,1,0,0,1,0,0,0
penal,Direito Penal,Penal,DF,0,Média,18,Processo por lesão corporal dolosa,0.6,0,1,1,0,0,0,1,0
civil,Direito Civil,Civil,SP,212144,Alta,19,Ação de despejo por falta de pagamento,0.8,1,1,1,0,0,0,0,0
consumidor,Direito do Consumidor,Civil,SC,17371,Baixa,8,Propaganda enganosa com pedido de indenização,0.85,0,0,1,0,1,0,0,0
tributario,Direito Tributário,Tributário,CE,5513402,Baixa,23,Execução fiscal de débito previdenciário,0.7,1,0,1,0,0,0,0,0
civil,Direito Civil,Civil,RS,488894,Média,12,Ação de indenização por danos morais e materiais decorrente de acidente de trânsito,0.7,0,0,1,0,0,0,0,0
civil,Direito Civil,Civil,MT,334043,Média,12,Ação de despejo por falta de pagamento,0.7,0,0,1,0,0,0,0,0
empresarial,Direito Empresarial,Empresarial,BA,9060316,Média,14,Processo jurídico na área de empresarial,0.83,0,1,0,0,1,0,0,1
tributario,Direito Tributário,Tributário,RJ,2911760,Alta,32,Execução fiscal de débito previdenciário,0.75,1,1,1,0,0,0,0,0
trabalhista,Direito Trabalhista,Trabalhista,CE,90489,Baixa,6,Reclamação trabalhista com pedido de horas extras,0.85,1,1,0,0,1,0,0,0
civil,Direito Civil,Civil,MT,311244,Baixa,9,Ação de despejo por falta de pagamento,0.75,0,1,1,0,0,0,0,0
consumidor,Direito do Consumidor,Civil,DF,36521,Baixa,9,Vício em produto com pedido de substituição,0.9,0,1,1,0,1,0,0,0
consumidor,Direito do Consumidor,Civil,PE,27518,Média,10,Cobrança indevida de tarifa bancária com pedido de repetição,0.9,0,1,1,0,1,0,0,0
tributario,Direito Tributário,Tributário,MS,6637217,Alta,29,Mandado de segurança contra cobrança de ICMS,0.75,1,1,1,0,0,0,0,0
tributario,Direito Tributário,Tributário,ES,5311944,Alta,30,Ação anulatória de auto de infração,0.7,0,1,1,0,0,0,0,0
trabalhista,Direito Trabalhista,Trabalhista,MG,78574,Baixa,5,Cobrança de verbas rescisórias não pagas,0.85,1,1,0,0,1,0,0,0
trabalhista,Direito Trabalhista,Trabalhista,GO,59286,Baixa,5,Reclamação trabalhista com pedido de horas extras,0.85,1,1,0,0,1,0,0,0
agrario,Direito Agrário,Agrário,BA,2833181,Alta,23,Desapropriação para fins de reforma agrária,0.65,1,0,1,0,0,0,0,0
agrario,Direito Agrário,Agrário,RS,2624037,Baixa,14,Regularização fundiária de propriedade rural,0.65,0,0,1,1,0,0,0,0
trabalhista,Direito Trabalhista,Trabalhista,CE,18753,Média,8,Equiparação salarial entre empregados,0.8,1,1,0,0,0,0,0,0
empresarial,Direito Empresarial,Empresarial,GO,47048681,Média,14,Processo jurídico na área de empresarial,0.78,0,1,0,0,1,0,0,0
consumidor,Direito do Consumidor,Civil,DF,25496,Média,10,Negativação indevida do nome do consumidor,0.8,0,0,0,0,1,0,0,0
trabalhista,Direito Trabalhista,Trabalhista,RS,40891,Média,8,Reclamação trabalhista com pedido de horas extras,0.75,0,0,0,0,1,0,0,0
administrativo,Direito Administrativo,Administrativo,BA,55418,Alta,26,Processo jurídico na área de administrativo,0.57,0,0,0,0,0,0,1,0
trabalhista,Direito Trabalhista,Trabalhista,MG,47718,Média,8,Reclamação trabalhista com pedido de horas extras,0.75,1,0,0,0,0,0,0,0
constitucional,Direito Constitucional,Constitucional,CE,0,Média,30,Processo jurídico na área de constitucional,0.58,0,1,0,0,0,0,0,1
previdenciario,Direito Previdenciário,Previdenciário,GO,120556,Baixa,13,Processo jurídico na área de previdenciario,0.82,1,0,0,0,1,0,0,0
constitucional,Direito Constitucional,Constitucional,MG,0,Alta,35,Processo jurídico na área de constitucional,0.53,0,0,0,0,0,0,1,0
civil,Direito Civil,Civil,RJ,339368,Baixa,8,Ação de indenização por danos morais e materiais decorrente de acidente de trânsito,0.7,1,0,0,0,0,0,0,0
agrario,Direito Agrário,Agrário,MT,2649570,Alta,18,Desapropriação para fins de reforma agrária,0.65,1,0,1,0,0,0,0,0
trabalhista,Direito Trabalhista,Trabalhista,PE,35425,Baixa,4,Reclamação trabalhista com pedido de horas extras,0.85,1,1,0,0,1,0,0,0
trabalhista,Direito Trabalhista,Trabalhista,MT,65138,Alta,12,Cobrança de verbas rescisórias não pagas,0.85,1,1,0,0,1,0,0,0
consumidor,Direito do Consumidor,Civil,BA,11039,Baixa,6,Cobrança indevida de tarifa bancária com pedido de repetição,0.9,0,1,1,0,1,0,0,0
civil,Direito Civil,Civil,GO,217484,Média,12,Ação de despejo por falta de pagamento,0.7,0,0,1,0,0,0,0,0
penal,Direito Penal,Penal,ES,0,Alta,26,Investigação de crime tributário,0.6,0,1,1,0,0,0,1,0
empresarial,Direito Empresarial,Empresarial,GO,1239369,Alta,22,Processo jurídico na área de empresarial,0.78,0,1,0,0,0,0,0,1
civil,Direito Civil,Civil,PE,476888,Média,12,Rescisão contratual com pedido de restituição de valores,0.75,0,1,1,0,0,0,0,0
penal,Direito Penal,Penal,RS,0,Alta,23,Investigação de crime tributário,0.6,0,1,1,0,0,0,1,0
administrativo,Direito Administrativo,Administrativo,RS,444796,Alta,25,Processo jurídico na área de administrativo,0.57,0,0,0,0,0,0,1,0
civil,Direito Civil,Civil,PR,208850,Média,12,Ação de indenização por danos morais e materiais decorrente de acidente de trânsito,0.7,0,1,0,0,0,0,0,0
penal,Direito Penal,Penal,PE,0,Baixa,17,Ação penal por crime contra o patrimônio,0.6,0,1,1,0,0,0,1,0
consumidor,Direito do Consumidor,Civil,MS,21970,Baixa,8,Propaganda enganosa com pedido de indenização,0.9,0,1,1,0,1,0,0,0
agrario,Direito Agrário,Agrário,SC,2703568,Média,15,Ação de usucapião de imóvel rural,0.7,1,0,1,1,0,0,0,0
consumidor,Direito do Consumidor,Civil,MT,34217,Baixa,7,Vício em produto com pedido de substituição,0.85,0,1,1,0,0,0,0,0
administrativo,Direito Administrativo,Administrativo,ES,197170,Alta,23,Processo jurídico na área de administrativo,0.57,0,0,1,0,0,0,0,0
penal,Direito Penal,Penal,SP,0,Alta,25,Ação penal por crime contra o patrimônio,0.55,0,1,1,0,0,0,0,0
empresarial,Direito Empresarial,Empresarial,BA,1020943,Média,14,Processo jurídico na área de empresarial,0.83,0,1,0,0,1,0,0,1
trabalhista,Direito Trabalhista,Trabalhista,SP,42270,Alta,16,Equiparação salarial entre empregados,0.8,1,0,0,0,1,0,0,0
tributario,Direito Tributário,Tributário,ES,5448894,Alta,29,Mandado de segurança contra cobrança de ICMS,0.65,1,0,0,0,0,0,0,0
consumidor,Direito do Consumidor,Civil,DF,24921,Média,10,Propaganda enganosa com pedido de indenização,0.9,0,1,1,0,1,0,0,0
penal,Direito Penal,Penal,ES,0,Alta,21,Processo por lesão corporal dolosa,0.5,0,0,1,0,0,0,0,0
agrario,Direito Agrário,Agrário,MT,1946349,Alta,18,Conflito de terras entre posseiros,0.7,1,0,1,1,0,0,0,0
penal,Direito Penal,Penal,RS,0,Alta,21,Ação penal por crime ambiental,0.55,0,0,1,0,0,0,1,0
agrario,Direito Agrário,Agrário,CE,1227833,Baixa,12,Conflito de terras entre posseiros,0.7,1,0,1,1,0,0,0,0
civil,Direito Civil,Civil,BA,460932,Média,12,Rescisão contratual com pedido de restituição de valores,0.8,1,1,1,0,0,0,0,0
trabalhista,Direito Trabalhista,Trabalhista,MT,24193,Alta,13,Ação de rescisão indireta por assédio moral,0.75,0,1,0,0,0,0,0,0
consumidor,Direito do Consumidor,Civil,RJ,28393,Baixa,7,Cobrança indevida de tarifa bancária com pedido de repetição,0.8,0,1,0,0,0,0,0,0
agrario,Direito Agrário,Agrário,DF,2078118,Alta,23,Desapropriação para fins de reforma agrária,0.65,1,0,0,1,0,0,0,0
trabalhista,Direito Trabalhista,Trabalhista,ES,47000,Média,8,Reclamação trabalhista com pedido de horas extras,0.75,0,0,0,0,1,0,0,0
civil,Direito Civil,Civil,PE,19836,Média,12,Rescisão contratual com pedido de restituição de valores,0.75,1,0,1,0,0,0,0,0
tributario,Direito Tributário,Tributário,MG,1455085,Alta,32,Execução fiscal de débito previdenciário,0.65,0,0,1,0,0,0,0,0
consumidor,Direito do Consumidor,Civil,CE,44662,Baixa,6,Cobrança indevida de tarifa bancária com pedido de repetição,0.8,0,0,1,0,0,0,0,0
consumidor,Direito do Consumidor,Civil,DF,25597,Média,10,Cobrança indevida de tarifa bancária com pedido de repetição,0.8,0,1,0,0,0,0,0,0
civil,Direito Civil,Civil,MT,423229,Média,12,Ação de indenização por danos morais e materiais decorrente de acidente de trânsito,0.7,0,0,1,0,0,0,0,0
trabalhista,Direito Trabalhista,Trabalhista,MT,63503,Média,8,Reclamação trabalhista com pedido de horas extras,0.75,1,0,0,0,0,0,0,0
agrario,Direito Agrário,Agrário,BA,1822271,Baixa,12,Desapropriação para fins de reforma agrária,0.65,0,0,1,1,0,0,0,0
trabalhista,Direito Trabalhista,Trabalhista,ES,62453,Média,8,Equiparação salarial entre empregados,0.75,0,1,0,0,0,0,0,0
consumidor,Direito do Consumidor,Civil,PR,10481,Baixa,6,Propaganda enganosa com pedido de indenização,0.8,0,0,1,0,0,0,0,0
empresarial,Direito Empresarial,Empresarial,GO,19647781,Baixa,11,Processo jurídico na área de empresarial,0.83,0,1,0,0,1,0,0,1
trabalhista,Direito Trabalhista,Trabalhista,SP,54541,Média,8,Cobrança de verbas rescisórias não pagas,0.8,1,0,0,0,1,0,0,0
trabalhista,Direito Trabalhista,Trabalhista,MG,48214,Alta,14,Equiparação salarial entre empregados,0.75,1,0,0,0,0,0,0,0
empresarial,Direito Empresarial,Empresarial,BA,7149603,Alta,20,Processo jurídico na área de empresarial,0.73,0,1,0,0,0,0,0,0
previdenciario,Direito Previdenciário,Previdenciário,MG,117312,Média,16,Processo jurídico na área de previdenciario,0.77,0,0,0,0,1,0,0,0
agrario,Direito Agrário,Agrário,MT,1464024,Alta,22,Ação de usucapião de imóvel rural,0.7,1,0,1,1,0,0,0,0
consumidor,Direito do Consumidor,Civil,PR,46492,Baixa,7,Vício em produto com pedido de substituição,0.8,0,1,0,0,0,0,0,0
agrario,Direito Agrário,Agrário,SC,1204193,Média,15,Regularização fundiária de propriedade rural,0.6,0,0,0,1,0,0,0,0
civil,Direito Civil,Civil,PR,255800,Média,12,Ação de indenização por danos morais e materiais decorrente de acidente de trânsito,0.75,1,0,1,0,0,0,0,0
agrario,Direito Agrário,Agrário,RS,472196,Baixa,11,Conflito de terras entre posseiros,0.7,1,0,1,1,0,0,0,0
administrativo,Direito Administrativo,Administrativo,RS,676725,Alta,25,Processo jurídico na área de administrativo,0.62,0,0,1,0,0,0,1,0
trabalhista,Direito Trabalhista,Trabalhista,SC,34865,Média,8,Ação de rescisão indireta por assédio moral,0.8,0,1,0,0,1,0,0,0
tributario,Direito Tributário,Tributário,MG,9917173,Alta,27,Execução fiscal de débito previdenciário,0.65,0,1,0,0,0,0,0,0
ambiental,Direito Ambiental,Ambiental,PR,88303978,Alta,27,Processo jurídico na área de ambiental,0.63,0,0,0,0,0,0,0,1
tributario,Direito Tributário,Tributário,PE,606180,Média,24,Repetição de indébito tributário,0.7,1,0,1,0,0,0,0,0
administrativo,Direito Administrativo,Administrativo,PR,504876,Alta,23,Processo jurídico na área de administrativo,0.57,0,0,1,0,0,0,0,0
agrario,Direito Agrário,Agrário,RJ,3716887,Alta,20,Ação de usucapião de imóvel rural,0.6,0,0,0,1,0,0,0,0
penal,Direito Penal,Penal,CE,0,Alta,24,Investigação de crime tributário,0.6,0,1,1,0,0,0,1,0
tributario,Direito Tributário,Tributário,GO,1017479,Alta,31,Repetição de indébito tributário,0.75,1,1,1,0,0,0,0,0
tributario,Direito Tributário,Tributário,SC,8994517,Baixa,23,Mandado de segurança contra cobrança de ICMS,0.65,1,0,0,0,0,0,0,0
agrario,Direito Agrário,Agrário,DF,4645698,Alta,23,Desapropriação para fins de reforma agrária,0.65,0,0,1,1,0,0,0,0
civil,Direito Civil,Civil,MT,54490,Média,12,Ação de despejo por falta de pagamento,0.8,1,1,1,0,0,0,0,0
civil,Direito Civil,Civil,MT,198499,Média,12,Ação de indenização por danos morais e materiais decorrente de acidente de trânsito,0.75,1,0,1,0,0,0,0,0
constitucional,Direito Constitucional,Constitucional,BA,0,Baixa,27,Processo jurídico na área de constitucional,0.58,0,1,0,0,0,0,0,1
previdenciario,Direito Previdenciário,Previdenciário,BA,91693,Alta,24,Processo jurídico na área de previdenciario,0.82,0,0,0,1,1,0,0,0
civil,Direito Civil,Civil,GO,332104,Média,12,Ação de despejo por falta de pagamento,0.8,1,1,1,0,0,0,0,0
agrario,Direito Agrário,Agrário,RJ,1365827,Média,15,Regularização fundiária de propriedade rural,0.7,1,0,1,1,0,0,0,0
agrario,Direito Agrário,Agrário,RJ,526098,Alta,19,Desapropriação para fins de reforma agrária,0.6,0,0,0,1,0,0,0,0
consumidor,Direito do Consumidor,Civil,RJ,28848,Baixa,7,Vício em produto com pedido de substituição,0.85,0,1,0,0,1,0,0,0
agrario,Direito Agrário,Agrário,ES,1935522,Alta,19,Ação de usucapião de imóvel rural,0.6,0,0,0,1,0,0,0,0
penal,Direito Penal,Penal,BA,0,Média,18,Processo por lesão corporal dolosa,0.55,0,1,0,0,0,0,1,0
tributario,Direito Tributário,Tributário,PR,7465437,Baixa,23,Execução fiscal de débito previdenciário,0.75,1,1,1,0,0,0,0,0
tributario,Direito Tributário,Tributário,PR,6530042,Alta,32,Ação anulatória de auto de infração,0.65,0,1,0,0,0,0,0,0
trabalhista,Direito Trabalhista,Trabalhista,GO,47322,Média,8,Cobrança de verbas rescisórias não pagas,0.8,1,0,0,0,1,0,0,0
agrario,Direito Agrário,Agrário,GO,1740910,Alta,18,Conflito de terras entre posseiros,0.7,1,0,1,1,0,0,0,0
penal,Direito Penal,Penal,BA,0,Média,18,Ação penal por crime ambiental,0.6,0,1,1,0,0,0,1,0
trabalhista,Direito Trabalhista,Trabalhista,DF,20962,Alta,14,Equiparação salarial entre empregados,0.8,0,1,0,0,1,0,0,0
consumidor,Direito do Consumidor,Civil,RJ,36266,Alta,13,Propaganda enganosa com pedido de indenização,0.9,0,1,1,0,1,0,0,0
civil,Direito Civil,Civil,SC,316278,Média,12,Ação de indenização por danos morais e materiais decorrente de acidente de trânsito,0.8,1,1,1,0,0,0,0,0
agrario,Direito Agrário,Agrário,SC,1578233,Média,15,Regularização fundiária de propriedade rural,0.6,1,0,0,0,0,0,0,0
ambiental,Direito Ambiental,Ambiental,MG,71603528,Alta,30,Processo jurídico na área de ambiental,0.63,0,0,0,0,0,0,0,1
civil,Direito Civil,Civil,SP,237702,Média,12,Ação de indenização por danos morais e materiais decorrente de acidente de trânsito,0.8,1,1,1,0,0,0,0,0
agrario,Direito Agrário,Agrário,BA,2824082,Média,15,Regularização fundiária de propriedade rural,0.7,1,0,1,1,0,0,0,0
trabalhista,Direito Trabalhista,Trabalhista,MG,91941,Alta,16,Equiparação salarial entre empregados,0.75,0,1,0,0,0,0,0,0
administrativo,Direito Administrativo,Administrativo,MT,657123,Alta,27,Processo jurídico na área de administrativo,0.62,0,1,1,0,0,0,0,0
tributario,Direito Tributário,Tributário,MT,9550351,Alta,31,Repetição de indébito tributário,0.7,1,1,0,0,0,0,0,0
civil,Direito Civil,Civil,PE,181628,Baixa,9,Cobrança de dívida com pedido de penhora de bens,0.8,1,1,1,0,0,0,0,0
consumidor,Direito do Consumidor,Civil,MG,11951,Média,10,Negativação indevida do nome do consumidor,0.8,0,0,0,0,1,0,0,0
agrario,Direito Agrário,Agrário,DF,150458,Baixa,12,Ação de usucapião de imóvel rural,0.6,0,0,1,0,0,0,0,0
civil,Direito Civil,Civil,RS,373966,Média,12,Ação de indenização por danos morais e materiais decorrente de acidente de trânsito,0.7,0,0,1,0,0,0,0,0
empresarial,Direito Empresarial,Empresarial,MS,14920294,Baixa,12,Processo jurídico na área de empresarial,0.73,0,0,0,0,1,0,0,0
consumidor,Direito do Consumidor,Civil,RJ,20262,Média,10,Negativação indevida do nome do consumidor,0.85,0,1,0,0,1,0,0,0
tributario,Direito Tributário,Tributário,RJ,234742,Alta,29,Repetição de indébito tributário,0.7,0,1,1,0,0,0,0,0
consumidor,Direito do Consumidor,Civil,PE,34069,Média,10,Vício em produto com pedido de substituição,0.8,0,1,0,0,0,0,0,0
civil,Direito Civil,Civil,SP,487381,Média,12,Cobrança de dívida com pedido de penhora de bens,0.75,0,1,1,0,0,0,0,0
civil,Direito Civil,Civil,MT,108914,Alta,19,Cobrança de dívida com pedido de penhora de bens,0.8,1,1,1,0,0,0,0,0
penal,Direito Penal,Penal,ES,0,Alta,26,Ação penal por crime contra o patrimônio,0.6,0,1,1,0,0,0,1,0
civil,Direito Civil,Civil,SP,248634,Baixa,9,Rescisão contratual com pedido de restituição de valores,0.8,1,1,1,0,0,0,0,0
penal,Direito Penal,Penal,PE,0,Média,18,Processo por lesão corporal dolosa,0.5,0,0,0,0,0,0,1,0
trabalhista,Direito Trabalhista,Trabalhista,RJ,74277,Alta,15,Equiparação salarial entre empregados,0.8,1,0,0,0,1,0,0,0
tributario,Direito Tributário,Tributário,ES,5656263,Alta,28,Mandado de segurança contra cobrança de ICMS,0.65,1,0,0,0,0,0,0,0
previdenciario,Direito Previdenciário,Previdenciário,CE,196872,Média,16,Processo jurídico na área de previdenciario,0.77,0,0,0,0,1,0,0,0
civil,Direito Civil,Civil,ES,293865,Média,12,Rescisão contratual com pedido de restituição de valores,0.7,1,0,0,0,0,0,0,0
trabalhista,Direito Trabalhista,Trabalhista,MT,51478,Média,8,Ação de rescisão indireta por assédio moral,0.75,0,1,0,0,0,0,0,0
consumidor,Direito do Consumidor,Civil,ES,5620,Média,10,Propaganda enganosa com pedido de indenização,0.9,0,1,1,0,1,0,0,0
trabalhista,Direito Trabalhista,Trabalhista,SC,87231,Alta,16,Reclamação trabalhista com pedido de horas extras,0.8,1,0,0,0,1,0,0,0
previdenciario,Direito Previdenciário,Previdenciário,SC,56695,Média,16,Processo jurídico na área de previdenciario,0.87,1,0,0,1,1,0,0,0
consumidor,Direito do Consumidor,Civil,GO,24613,Baixa,7,Negativação indevida do nome do consumidor,0.85,0,0,1,0,1,0,0,0
trabalhista,Direito Trabalhista,Trabalhista,ES,55912,Baixa,6,Ação de rescisão indireta por assédio moral,0.8,1,1,0,0,0,0,0,0
penal,Direito Penal,Penal,PR,0,Alta,21,Processo por lesão corporal dolosa,0.6,0,1,1,0,0,0,1,0
consumidor,Direito do Consumidor,Civil,DF,13605,Média,10,Vício em produto com pedido de substituição,0.8,0,1,0,0,0,0,0,0
agrario,Direito Agrário,Agrário,SC,692253,Alta,18,Ação de usucapião de imóvel rural,0.6,0,0,0,1,0,0,0,0
tributario,Direito Tributário,Tributário,MT,4766364,Média,24,Mandado de segurança contra cobrança de ICMS,0.7,1,0,1,0,0,0,0,0
tributario,Direito Tributário,Tributário,MS,6611177,Alta,29,Ação anulatória de auto de infração,0.7,1,1,0,0,0,0,0,0
consumidor,Direito do Consumidor,Civil,MG,17179,Baixa,8,Vício em produto com pedido de substituição,0.85,0,0,1,0,1,0,0,0
agrario,Direito Agrário,Agrário,MT,4809210,Média,15,Conflito de terras entre posseiros,0.6,1,0,0,0,0,0,0,0
trabalhista,Direito Trabalhista,Trabalhista,PR,71215,Média,8,Ação de rescisão indireta por assédio moral,0.75,0,0,0,0,1,0,0,0
civil,Direito Civil,Civil,PR,220647,Baixa,11,Rescisão contratual com pedido de restituição de valores,0.8,1,1,1,0,0,0,0,0
penal,Direito Penal,Penal,SC,0,Alta,24,Ação penal por crime contra o patrimônio,0.55,0,1,1,0,0,0,0,0
trabalhista,Direito Trabalhista,Trabalhista,SC,73720,Média,8,Reclamação trabalhista com pedido de horas extras,0.75,0,0,0,0,1,0,0,0
administrativo,Direito Administrativo,Administrativo,CE,124492,Média,20,Processo jurídico na área de administrativo,0.57,0,1,0,0,0,0,0,0
trabalhista,Direito Trabalhista,Trabalhista,ES,90378,Média,8,Ação de rescisão indireta por assédio moral,0.8,1,0,0,0,1,0,0,0
civil,Direito Civil,Civil,CE,86534,Média,12,Rescisão contratual com pedido de restituição de valores,0.75,1,1,0,0,0,0,0,0
empresarial,Direito Empresarial,Empresarial,RJ,41596345,Baixa,12,Processo jurídico na área de empresarial,0.83,0,1,0,0,1,0,0,1
tributario,Direito Tributário,Tributário,GO,1673820,Alta,31,Mandado de segurança contra cobrança de ICMS,0.65,0,1,0,0,0,0,0,0
civil,Direito Civil,Civil,DF,85111,Baixa,9,Rescisão contratual com pedido de restituição de valores,0.75,0,1,1,0,0,0,0,0
administrativo,Direito Administrativo,Administrativo,CE,630833,Baixa,17,Processo jurídico na área de administrativo,0.57,0,0,1,0,0,0,0,0
civil,Direito Civil,Civil,DF,247032,Alta,16,Rescisão contratual com pedido de restituição de valores,0.75,1,1,0,0,0,0,0,0
empresarial,Direito Empresarial,Empresarial,MG,47052790,Média,14,Processo jurídico na área de empresarial,0.83,0,1,0,0,1,0,0,1
empresarial,Direito Empresarial,Empresarial,CE,46101945,Média,14,Processo jurídico na área de empresarial,0.78,0,0,0,0,1,0,0,1
penal,Direito Penal,Penal,SC,0,Média,18,Ação penal por crime contra o patrimônio,0.5,0,1,0,0,0,0,0,0
trabalhista,Direito Trabalhista,Trabalhista,BA,62721,Alta,11,Equiparação salarial entre empregados,0.8,1,0,0,0,1,0,0,0
consumidor,Direito do Consumidor,Civil,SC,23088,Média,10,Cobrança indevida de tarifa bancária com pedido de repetição,0.85,0,1,0,0,1,0,0,0
consumidor,Direito do Consumidor,Civil,DF,22631,Média,10,Negativação indevida do nome do consumidor,0.8,0,0,0,0,1,0,0,0
consumidor,Direito do Consumidor,Civil,MS,35500,Baixa,7,Propaganda enganosa com pedido de indenização,0.85,0,0,1,0,1,0,0,0
trabalhista,Direito Trabalhista,Trabalhista,SP,91630,Alta,14,Ação de rescisão indireta por assédio moral,0.75,0,1,0,0,0,0,0,0
civil,Direito Civil,Civil,BA,198935,Média,12,Rescisão contratual com pedido de restituição de valores,0.8,1,1,1,0,0,0,0,0
previdenciario,Direito Previdenciário,Previdenciário,RS,161950,Média,16,Processo jurídico na área de previdenciario,0.77,1,0,0,0,0,0,0,0
civil,Direito Civil,Civil,RJ,481950,Média,12,Cobrança de dívida com pedido de penhora de bens,0.8,1,1,1,0,0,0,0,0
administrativo,Direito Administrativo,Administrativo,MG,808269,Alta,27,Processo jurídico na área de administrativo,0.57,0,1,0,0,0,0,0,0
civil,Direito Civil,Civil,PE,428200,Média,12,Ação de indenização por danos morais e materiais decorrente de acidente de trânsito,0.75,1,0,1,0,0,0,0,0
trabalhista,Direito Trabalhista,Trabalhista,MT,61856,Alta,13,Reclamação trabalhista com pedido de horas extras,0.85,1,1,0,0,1,0,0,0
tributario,Direito Tributário,Tributário,PR,6213400,Baixa,21,Repetição de indébito tributário,0.7,0,1,1,0,0,0,0,0
civil,Direito Civil,Civil,CE,43854,Alta,18,Rescisão contratual com pedido de restituição de valores,0.8,1,1,1,0,0,0,0,0
administrativo,Direito Administrativo,Administrativo,RS,721540,Média,20,Processo jurídico na área de administrativo,0.62,0,1,0,0,0,0,1,0
penal,Direito Penal,Penal,PR,0,Alta,24,Investigação de crime tributário,0.5,0,1,0,0,0,0,0,0
trabalhista,Direito Trabalhista,Trabalhista,SC,55401,Alta,15,Equiparação salarial entre empregados,0.8,0,1,0,0,1,0,0,0
civil,Direito Civil,Civil,SC,392202,Alta,17,Ação de despejo por falta de pagamento,0.8,1,1,1,0,0,0,0,0
agrario,Direito Agrário,Agrário,MG,471074,Alta,21,Ação de usucapião de imóvel rural,0.6,0,0,1,0,0,0,0,0
trabalhista,Direito Trabalhista,Trabalhista,RS,70162,Média,8,Equiparação salarial entre empregados,0.75,1,0,0,0,0,0,0,0
empresarial,Direito Empresarial,Empresarial,BA,6421293,Baixa,12,Processo jurídico na área de empresarial,0.83,0,1,0,0,1,0,0,1
administrativo,Direito Administrativo,Administrativo,MS,30760,Alta,26,Processo jurídico na área de administrativo,0.62,0,1,1,0,0,0,0,0
civil,Direito Civil,Civil,CE,279787,Alta,18,Cobrança de dívida com pedido de penhora de bens,0.8,1,1,1,0,0,0,0,0
civil,Direito Civil,Civil,CE,385331,Baixa,9,Ação de despejo por falta de pagamento,0.75,1,0,1,0,0,0,0,0
trabalhista,Direito Trabalhista,Trabalhista,CE,43892,Média,8,Ação de rescisão indireta por assédio moral,0.85,1,1,0,0,1,0,0,0
administrativo,Direito Administrativo,Administrativo,GO,83638,Alta,27,Processo jurídico na área de administrativo,0.62,0,1,1,0,0,0,0,0
empresarial,Direito Empresarial,Empresarial,BA,29431660,Baixa,10,Processo jurídico na área de empresarial,0.78,0,1,0,0,0,0,0,1
administrativo,Direito Administrativo,Administrativo,PE,445826,Alta,27,Processo jurídico na área de administrativo,0.57,0,0,0,0,0,0,1,0
consumidor,Direito do Consumidor,Civil,PR,6530,Baixa,9,Propaganda enganosa com pedido de indenização,0.9,0,1,1,0,1,0,0,0
consumidor,Direito do Consumidor,Civil,CE,23154,Baixa,6,Propaganda enganosa com pedido de indenização,0.8,0,0,0,0,1,0,0,0
consumidor,Direito do Consumidor,Civil,MT,18378,Baixa,9,Negativação indevida do nome do consumidor,0.85,0,1,0,0,1,0,0,0
penal,Direito Penal,Penal,BA,0,Média,18,Ação penal por crime ambiental,0.5,0,0,1,0,0,0,0,0
consumidor,Direito do Consumidor,Civil,SC,1510,Baixa,6,Propaganda enganosa com pedido de indenização,0.8,0,0,0,0,1,0,0,0
constitucional,Direito Constitucional,Constitucional,SP,0,Alta,35,Processo jurídico na área de constitucional,0.53,0,0,0,0,0,0,0,1
consumidor,Direito do Consumidor,Civil,RJ,1870,Baixa,6,Vício em produto com pedido de substituição,0.8,0,1,0,0,0,0,0,0
consumidor,Direito do Consumidor,Civil,PE,30002,Baixa,6,Vício em produto com pedido de substituição,0.8,0,0,1,0,0,0,0,0
empresarial,Direito Empresarial,Empresarial,CE,13672785,Média,14,Processo jurídico na área de empresarial,0.73,0,0,0,0,1,0,0,0
tributario,Direito Tributário,Tributário,RJ,9918623,Alta,30,Mandado de segurança contra cobrança de ICMS,0.65,1,0,0,0,0,0,0,0
penal,Direito Penal,Penal,PE,0,Alta,24,Processo por lesão corporal dolosa,0.5,0,0,0,0,0,0,1,0
trabalhista,Direito Trabalhista,Trabalhista,CE,69030,Baixa,7,Equiparação salarial entre empregados,0.75,0,0,0,0,1,0,0,0
agrario,Direito Agrário,Agrário,CE,2078846,Média,15,Ação de usucapião de imóvel rural,0.7,1,0,1,1,0,0,0,0
empresarial,Direito Empresarial,Empresarial,ES,39587883,Média,14,Processo jurídico na área de empresarial,0.83,0,1,0,0,1,0,0,1
agrario,Direito Agrário,Agrário,CE,981716,Média,15,Ação de usucapião de imóvel rural,0.7,1,0,1,1,0,0,0,0
penal,Direito Penal,Penal,RS,0,Alta,26,Ação penal por crime ambiental,0.55,0,1,1,0,0,0,0,0
tributario,Direito Tributário,Tributário,GO,6071636,Baixa,20,Repetição de indébito tributário,0.65,0,0,1,0,0,0,0,0
agrario,Direito Agrário,Agrário,RS,174283,Alta,20,Conflito de terras entre posseiros,0.65,1,0,0,1,0,0,0,0
civil,Direito Civil,Civil,SP,456042,Alta,15,Cobrança de dívida com pedido de penhora de bens,0.75,1,0,1,0,0,0,0,0
consumidor,Direito do Consumidor,Civil,ES,3320,Média,10,Vício em produto com pedido de substituição,0.8,0,1,0,0,0,0,0,0
consumidor,Direito do Consumidor,Civil,BA,12501,Média,10,Cobrança indevida de tarifa bancária com pedido de repetição,0.85,0,1,1,0,0,0,0,0
agrario,Direito Agrário,Agrário,MS,2621536,Alta,22,Ação de usucapião de imóvel rural,0.6,1,0,0,0,0,0,0,0
penal,Direito Penal,Penal,RS,0,Média,18,Processo por lesão corporal dolosa,0.6,0,1,1,0,0,0,1,0
trabalhista,Direito Trabalhista,Trabalhista,PR,81828,Baixa,7,Cobrança de verbas rescisórias não pagas,0.75,0,1,0,0,0,0,0,0
tributario,Direito Tributário,Tributário,ES,6701631,Alta,31,Repetição de indébito tributário,0.65,0,1,0,0,0,0,0,0
civil,Direito Civil,Civil,RS,449319,Alta,20,Rescisão contratual com pedido de restituição de valores,0.75,1,1,0,0,0,0,0,0
agrario,Direito Agrário,Agrário,PR,3714042,Alta,19,Ação de usucapião de imóvel rural,0.65,1,0,0,1,0,0,0,0
agrario,Direito Agrário,Agrário,MS,1973807,Alta,19,Desapropriação para fins de reforma agrária,0.7,1,0,1,1,0,0,0,0
civil,Direito Civil,Civil,RS,399952,Média,12,Ação de indenização por danos morais e materiais decorrente de acidente de trânsito,0.7,1,0,0,0,0,0,0,0
trabalhista,Direito Trabalhista,Trabalhista,RS,32238,Alta,16,Reclamação trabalhista com pedido de horas extras,0.75,1,0,0,0,0,0,0,0
trabalhista,Direito Trabalhista,Trabalhista,PE,95394,Média,8,Equiparação salarial entre empregados,0.8,1,0,0,0,1,0,0,0
civil,Direito Civil,Civil,ES,454843,Alta,19,Cobrança de dívida com pedido de penhora de bens,0.75,1,0,1,0,0,0,0,0
civil,Direito Civil,Civil,MS,345616,Baixa,9,Ação de indenização por danos morais e materiais decorrente de acidente de trânsito,0.8,1,1,1,0,0,0,0,0
consumidor,Direito do Consumidor,Civil,MG,15480,Baixa,6,Propaganda enganosa com pedido de indenização,0.9,0,1,1,0,1,0,0,0
trabalhista,Direito Trabalhista,Trabalhista,PR,65689,Média,8,Equiparação salarial entre empregados,0.75,0,0,0,0,1,0,0,0
civil,Direito Civil,Civil,BA,309088,Média,12,Ação de despejo por falta de pagamento,0.75,0,1,1,0,0,0,0,0
penal,Direito Penal,Penal,DF,0,Alta,22,Ação penal por crime ambiental,0.55,0,1,0,0,0,0,1,0
civil,Direito Civil,Civil,CE,55560,Média,12,Ação de indenização por danos morais e materiais decorrente de acidente de trânsito,0.7,0,0,1,0,0,0,0,0
consumidor,Direito do Consumidor,Civil,PE,30312,Baixa,6,Negativação indevida do nome do consumidor,0.85,0,1,0,0,1,0,0,0
empresarial,Direito Empresarial,Empresarial,RJ,17807372,Média,14,Processo jurídico na área de empresarial,0.83,0,1,0,0,1,0,0,1
consumidor,Direito do Consumidor,Civil,RS,33989,Baixa,8,Negativação indevida do nome do consumidor,0.9,0,1,1,0,1,0,0,0
penal,Direito Penal,Penal,MT,0,Média,18,Processo por lesão corporal dolosa,0.55,0,0,1,0,0,0,1,0
agrario,Direito Agrário,Agrário,PR,4629380,Alta,23,Desapropriação para fins de reforma agrária,0.65,0,0,1,1,0,0,0,0
empresarial,Direito Empresarial,Empresarial,SC,147231,Média,14,Processo jurídico na área de empresarial,0.73,0,1,0,0,0,0,0,0
trabalhista,Direito Trabalhista,Trabalhista,MS,85498,Média,8,Ação de rescisão indireta por assédio moral,0.85,1,1,0,0,1,0,0,0
consumidor,Direito do Consumidor,Civil,GO,41164,Baixa,9,Propaganda enganosa com pedido de indenização,0.9,0,1,1,0,1,0,0,0
trabalhista,Direito Trabalhista,Trabalhista,MS,61830,Média,8,Ação de rescisão indireta por assédio moral,0.85,1,1,0,0,1,0,0,0
agrario,Direito Agrário,Agrário,CE,2711582,Alta,21,Desapropriação para fins de reforma agrária,0.7,1,0,1,1,0,0,0,0
civil,Direito Civil,Civil,CE,198886,Média,12,Rescisão contratual com pedido de restituição de valores,0.75,0,1,1,0,0,0,0,0
consumidor,Direito do Consumidor,Civil,SP,6946,Baixa,8,Negativação indevida do nome do consumidor,0.9,0,1,1,0,1,0,0,0
penal,Direito Penal,Penal,DF,0,Alta,21,Processo por lesão corporal dolosa,0.55,0,1,1,0,0,0,0,0
trabalhista,Direito Trabalhista,Trabalhista,PE,80388,Média,8,Equiparação salarial entre empregados,0.8,0,1,0,0,1,0,0,0
consumidor,Direito do Consumidor,Civil,BA,1393,Baixa,8,Cobrança indevida de tarifa bancária com pedido de repetição,0.85,0,1,0,0,1,0,0,0
penal,Direito Penal,Penal,DF,0,Alta,21,Investigação de crime tributário,0.6,0,1,1,0,0,0,1,0
trabalhista,Direito Trabalhista,Trabalhista,ES,68223,Média,8,Cobrança de verbas rescisórias não pagas,0.85,1,1,0,0,1,0,0,0
civil,Direito Civil,Civil,CE,17783,Alta,16,Ação de indenização por danos morais e materiais decorrente de acidente de trânsito,0.7,0,1,0,0,0,0,0,0
trabalhista,Direito Trabalhista,Trabalhista,SC,77632,Alta,13,Ação de rescisão indireta por assédio moral,0.75,0,0,0,0,1,0,0,0
trabalhista,Direito Trabalhista,Trabalhista,BA,50382,Alta,12,Equiparação salarial entre empregados,0.85,1,1,0,0,1,0,0,0
consumidor,Direito do Consumidor,Civil,RJ,30197,Alta,13,Negativação indevida do nome do consumidor,0.85,0,1,1,0,0,0,0,0
tributario,Direito Tributário,Tributário,PR,5691188,Alta,32,Execução fiscal de débito previdenciário,0.75,1,1,1,0,0,0,0,0
agrario,Direito Agrário,Agrário,DF,1621963,Alta,20,Conflito de terras entre posseiros,0.7,1,0,1,1,0,0,0,0
civil,Direito Civil,Civil,CE,44486,Baixa,10,Cobrança de dívida com pedido de penhora de bens,0.7,0,1,0,0,0,0,0,0
agrario,Direito Agrário,Agrário,MS,201832,Média,15,Desapropriação para fins de reforma agrária,0.6,0,0,1,0,0,0,0,0
consumidor,Direito do Consumidor,Civil,ES,34922,Média,10,Cobrança indevida de tarifa bancária com pedido de repetição,0.8,0,0,1,0,0,0,0,0
civil,Direito Civil,Civil,MT,171075,Alta,17,Ação de despejo por falta de pagamento,0.75,0,1,1,0,0,0,0,0
civil,Direito Civil,Civil,SP,391250,Alta,19,Ação de despejo por falta de pagamento,0.8,1,1,1,0,0,0,0,0
trabalhista,Direito Trabalhista,Trabalhista,CE,73459,Média,8,Equiparação salarial entre empregados,0.75,1,0,0,0,0,0,0,0
civil,Direito Civil,Civil,SC,42427,Média,12,Rescisão contratual com pedido de restituição de valores,0.75,1,0,1,0,0,0,0,0
eleitoral,Direito Eleitoral,Eleitoral,ES,0,Baixa,5,Processo jurídico na área de eleitoral,0.67,0,0,0,0,0,1,0,0
civil,Direito Civil,Civil,BA,34620,Média,12,Cobrança de dívida com pedido de penhora de bens,0.7,0,0,1,0,0,0,0,0
penal,Direito Penal,Penal,GO,0,Alta,22,Ação penal por crime ambiental,0.55,0,1,0,0,0,0,1,0
trabalhista,Direito Trabalhista,Trabalhista,BA,24157,Baixa,6,Reclamação trabalhista com pedido de horas extras,0.8,1,0,0,0,1,0,0,0
tributario,Direito Tributário,Tributário,PR,7863698,Alta,31,Repetição de indébito tributário,0.75,1,1,1,0,0,0,0,0
civil,Direito Civil,Civil,CE,135409,Alta,19,Cobrança de dívida com pedido de penhora de bens,0.75,1,0,1,0,0,0,0,0
civil,Direito Civil,Civil,GO,21071,Média,12,Ação de despejo por falta de pagamento,0.8,1,1,1,0,0,0,0,0
consumidor,Direito do Consumidor,Civil,DF,36876,Baixa,8,Vício em produto com pedido de substituição,0.8,0,0,0,0,1,0,0,0
agrario,Direito Agrário,Agrário,MG,823945,Média,15,Regularização fundiária de propriedade rural,0.6,1,0,0,0,0,0,0,0
trabalhista,Direito Trabalhista,Trabalhista,RS,95373,Média,8,Equiparação salarial entre empregados,0.75,1,0,0,0,0,0,0,0
trabalhista,Direito Trabalhista,Trabalhista,MG,15193,Média,8,Ação de rescisão indireta por assédio moral,0.8,0,1,0,0,1,0,0,0
agrario,Direito Agrário,Agrário,MG,4851904,Média,15,Regularização fundiária de propriedade rural,0.65,0,0,1,1,0,0,0,0
trabalhista,Direito Trabalhista,Trabalhista,CE,61257,Alta,13,Equiparação salarial entre empregados,0.75,0,0,0,0,1,0,0,0
civil,Direito Civil,Civil,CE,244767,Média,12,Cobrança de dívida com pedido de penhora de bens,0.7,0,1,0,0,0,0,0,0
agrario,Direito Agrário,Agrário,ES,971313,Alta,20,Regularização fundiária de propriedade rural,0.6,1,0,0,0,0,0,0,0
trabalhista,Direito Trabalhista,Trabalhista,BA,23999,Baixa,7,Reclamação trabalhista com pedido de horas extras,0.8,1,0,0,0,1,0,0,0
civil,Direito Civil,Civil,MT,48654,Média,12,Cobrança de dívida com pedido de penhora de bens,0.8,1,1,1,0,0,0,0,0
consumidor,Direito do Consumidor,Civil,CE,5675,Baixa,7,Propaganda enganosa com pedido de indenização,0.9,0,1,1,0,1,0,0,0
empresarial,Direito Empresarial,Empresarial,SP,8759881,Média,14,Processo jurídico na área de empresarial,0.78,0,1,0,0,0,0,0,1
civil,Direito Civil,Civil,MG,282592,Alta,18,Cobrança de dívida com pedido de penhora de bens,0.7,0,1,0,0,0,0,0,0
trabalhista,Direito Trabalhista,Trabalhista,GO,79514,Alta,13,Equiparação salarial entre empregados,0.85,1,1,0,0,1,0,0,0
consumidor,Direito do Consumidor,Civil,DF,23683,Baixa,7,Propaganda enganosa com pedido de indenização,0.85,0,1,0,0,1,0,0,0
penal,Direito Penal,Penal,GO,0,Baixa,17,Processo por lesão corporal dolosa,0.55,0,1,1,0,0,0,0,0
penal,Direito Penal,Penal,MG,0,Alta,25,Processo por lesão corporal dolosa,0.6,0,1,1,0,0,0,1,0
agrario,Direito Agrário,Agrário,RS,2006345,Alta,19,Regularização fundiária de propriedade rural,0.65,0,0,1,1,0,0,0,0
tributario,Direito Tributário,Tributário,RJ,1156298,Alta,27,Execução fiscal de débito previdenciário,0.75,1,1,1,0,0,0,0,0
trabalhista,Direito Trabalhista,Trabalhista,RJ,52404,Baixa,7,Cobrança de verbas rescisórias não pagas,0.8,1,0,0,0,1,0,0,0
consumidor,Direito do Consumidor,Civil,GO,42286,Baixa,6,Negativação indevida do nome do consumidor,0.85,0,1,1,0,0,0,0,0
ambiental,Direito Ambiental,Ambiental,MT,71159868,Alta,29,Processo jurídico na área de ambiental,0.68,0,0,0,0,0,0,1,1
penal,Direito Penal,Penal,MT,0,Média,18,Ação penal por crime contra o patrimônio,0.55,0,1,1,0,0,0,0,0
trabalhista,Direito Trabalhista,Trabalhista,CE,34456,Alta,16,Reclamação trabalhista com pedido de horas extras,0.85,1,1,0,0,1,0,0,0
penal,Direito Penal,Penal,CE,0,Alta,22,Ação penal por crime contra o patrimônio,0.6,0,1,1,0,0,0,1,0
civil,Direito Civil,Civil,SC,190691,Alta,17,Rescisão contratual com pedido de restituição de valores,0.8,1,1,1,0,0,0,0,0
trabalhista,Direito Trabalhista,Trabalhista,MS,4018,Alta,11,Cobrança de verbas rescisórias não pagas,0.75,0,1,0,0,0,0,0,0
civil,Direito Civil,Civil,MT,115887,Baixa,10,Rescisão contratual com pedido de restituição de valores,0.7,0,0,1,0,0,0,0,0
penal,Direito Penal,Penal,RJ,0,Média,18,Ação penal por crime contra o patrimônio,0.5,0,1,0,0,0,0,0,0
agrario,Direito Agrário,Agrário,MG,241569,Alta,19,Desapropriação para fins de reforma agrária,0.7,1,0,1,1,0,0,0,0
administrativo,Direito Administrativo,Administrativo,RJ,892245,Média,20,Processo jurídico na área de administrativo,0.67,0,1,1,0,0,0,1,0
trabalhista,Direito Trabalhista,Trabalhista,RS,28170,Baixa,5,Ação de rescisão indireta por assédio moral,0.8,1,1,0,0,0,0,0,0
administrativo,Direito Administrativo,Administrativo,BA,480824,Alta,24,Processo jurídico na área de administrativo,0.67,0,1,1,0,0,0,1,0
consumidor,Direito do Consumidor,Civil,SC,7945,Média,10,Cobrança indevida de tarifa bancária com pedido de repetição,0.85,0,1,0,0,1,0,0,0
trabalhista,Direito Trabalhista,Trabalhista,PE,87805,Alta,12,Equiparação salarial entre empregados,0.85,1,1,0,0,1,0,0,0
penal,Direito Penal,Penal,SC,0,Média,18,Ação penal por crime contra o patrimônio,0.6,0,1,1,0,0,0,1,0
civil,Direito Civil,Civil,RS,292475,Média,12,Cobrança de dívida com pedido de penhora de bens,0.75,0,1,1,0,0,0,0,0
civil,Direito Civil,Civil,MT,173528,Média,12,Ação de despejo por falta de pagamento,0.7,0,0,1,0,0,0,0,0
civil,Direito Civil,Civil,SP,203986,Baixa,11,Cobrança de dívida com pedido de penhora de bens,0.8,1,1,1,0,0,0,0,0
trabalhista,Direito Trabalhista,Trabalhista,RJ,13482,Média,8,Ação de rescisão indireta por assédio moral,0.85,1,1,0,0,1,0,0,0
agrario,Direito Agrário,Agrário,ES,4422269,Alta,21,Conflito de terras entre posseiros,0.65,1,0,0,1,0,0,0,0
agrario,Direito Agrário,Agrário,DF,1965118,Média,15,Ação de usucapião de imóvel rural,0.65,0,0,1,1,0,0,0,0
tributario,Direito Tributário,Tributário,DF,2782264,Média,24,Ação anulatória de auto de infração,0.7,0,1,1,0,0,0,0,0
civil,Direito Civil,Civil,SC,208238,Alta,16,Rescisão contratual com pedido de restituição de valores,0.75,1,1,0,0,0,0,0,0
trabalhista,Direito Trabalhista,Trabalhista,RJ,43734,Média,8,Equiparação salarial entre empregados,0.85,1,1,0,0,1,0,0,0
trabalhista,Direito Trabalhista,Trabalhista,CE,13583,Alta,15,Reclamação trabalhista com pedido de horas extras,0.75,1,0,0,0,0,0,0,0
agrario,Direito Agrário,Agrário,GO,2988549,Alta,18,Regularização fundiária de propriedade rural,0.6,0,0,0,1,0,0,0,0
civil,Direito Civil,Civil,PR,158696,Baixa,11,Ação de indenização por danos morais e materiais decorrente de acidente de trânsito,0.7,0,0,1,0,0,0,0,0
administrativo,Direito Administrativo,Administrativo,PE,713838,Alta,24,Processo jurídico na área de administrativo,0.57,0,0,1,0,0,0,0,0
penal,Direito Penal,Penal,RJ,0,Alta,24,Ação penal por crime ambiental,0.5,0,1,0,0,0,0,0,0
civil,Direito Civil,Civil,SP,450837,Média,12,Cobrança de dívida com pedido de penhora de bens,0.7,0,0,1,0,0,0,0,0
consumidor,Direito do Consumidor,Civil,RS,10917,Média,10,Propaganda enganosa com pedido de indenização,0.85,0,1,1,0,0,0,0,0
penal,Direito Penal,Penal,GO,0,Alta,24,Ação penal por crime contra o patrimônio,0.6,0,1,1,0,0,0,1,0
trabalhista,Direito Trabalhista,Trabalhista,MT,41745,Média,8,Equiparação salarial entre empregados,0.85,1,1,0,0,1,0,0,0
agrario,Direito Agrário,Agrário,ES,1560460,Alta,22,Ação de usucapião de imóvel rural,0.7,1,0,1,1,0,0,0,0
trabalhista,Direito Trabalhista,Trabalhista,RJ,36237,Alta,16,Equiparação salarial entre empregados,0.85,1,1,0,0,1,0,0,0
trabalhista,Direito Trabalhista,Trabalhista,ES,36030,Média,8,Reclamação trabalhista com pedido de horas extras,0.85,1,1,0,0,1,0,0,0
penal,Direito Penal,Penal,BA,0,Média,18,Investigação de crime tributário,0.55,0,0,1,0,0,0,1,0
penal,Direito Penal,Penal,PE,0,Média,18,Ação penal por crime contra o patrimônio,0.5,0,0,0,0,0,0,1,0
empresarial,Direito Empresarial,Empresarial,MG,33638483,Alta,17,Processo jurídico na área de empresarial,0.78,0,0,0,0,1,0,0,1
penal,Direito Penal,Penal,ES,0,Alta,22,Investigação de crime tributário,0.6,0,1,1,0,0,0,1,0
consumidor,Direito do Consumidor,Civil,PR,37867,Média,10,Propaganda enganosa com pedido de indenização,0.85,0,0,1,0,1,0,0,0
penal,Direito Penal,Penal,MS,0,Alta,22,Ação penal por crime contra o patrimônio,0.55,0,1,0,0,0,0,1,0
civil,Direito Civil,Civil,CE,197460,Média,12,Ação de despejo por falta de pagamento,0.8,1,1,1,0,0,0,0,0
consumidor,Direito do Consumidor,Civil,MG,21818,Média,10,Cobrança indevida de tarifa bancária com pedido de repetição,0.9,0,1,1,0,1,0,0,0
civil,Direito Civil,Civil,DF,106324,Alta,15,Ação de indenização por danos morais e materiais decorrente de acidente de trânsito,0.75,0,1,1,0,0,0,0,0
empresarial,Direito Empresarial,Empresarial,MG,32131981,Baixa,10,Processo jurídico na área de empresarial,0.83,0,1,0,0,1,0,0,1
penal,Direito Penal,Penal,PE,0,Alta,24,Processo por lesão corporal dolosa,0.6,0,1,1,0,0,0,1,0
penal,Direito Penal,Penal,RJ,0,Alta,22,Investigação de crime tributário,0.6,0,1,1,0,0,0,1,0
penal,Direito Penal,Penal,CE,0,Baixa,16,Investigação de crime tributário,0.5,0,0,1,0,0,0,0,0
civil,Direito Civil,Civil,RS,396154,Alta,17,Rescisão contratual com pedido de restituição de valores,0.8,1,1,1,0,0,0,0,0
agrario,Direito Agrário,Agrário,RS,4782036,Média,15,Regularização fundiária de propriedade rural,0.6,0,0,0,1,0,0,0,0
administrativo,Direito Administrativo,Administrativo,CE,816880,Baixa,17,Processo jurídico na área de administrativo,0.67,0,1,1,0,0,0,1,0
trabalhista,Direito Trabalhista,Trabalhista,RS,19962,Média,8,Ação de rescisão indireta por assédio moral,0.85,1,1,0,0,1,0,0,0
civil,Direito Civil,Civil,PE,64119,Baixa,10,Ação de indenização por danos morais e materiais decorrente de acidente de trânsito,0.75,1,0,1,0,0,0,0,0
consumidor,Direito do Consumidor,Civil,RS,43558,Baixa,6,Vício em produto com pedido de substituição,0.9,0,1,1,0,1,0,0,0
consumidor,Direito do Consumidor,Civil,SC,36324,Baixa,7,Cobrança indevida de tarifa bancária com pedido de repetição,0.9,0,1,1,0,1,0,0,0
trabalhista,Direito Trabalhista,Trabalhista,RS,33972,Alta,11,Equiparação salarial entre empregados,0.8,1,1,0,0,0,0,0,0
agrario,Direito Agrário,Agrário,MS,913246,Alta,20,Regularização fundiária de propriedade rural,0.6,0,0,0,1,0,0,0,0
agrario,Direito Agrário,Agrário,ES,997939,Baixa,11,Regularização fundiária de propriedade rural,0.65,0,0,1,1,0,0,0,0
tributario,Direito Tributário,Tributário,PE,8799840,Alta,27,Execução fiscal de débito previdenciário,0.65,0,0,1,0,0,0,0,0
civil,Direito Civil,Civil,GO,195570,Média,12,Rescisão contratual com pedido de restituição de valores,0.7,0,0,1,0,0,0,0,0
civil,Direito Civil,Civil,RJ,282381,Média,12,Rescisão contratual com pedido de restituição de valores,0.8,1,1,1,0,0,0,0,0
civil,Direito Civil,Civil,SC,130032,Alta,19,Cobrança de dívida com pedido de penhora de bens,0.75,1,0,1,0,0,0,0,0
empresarial,Direito Empresarial,Empresarial,SC,29722609,Baixa,13,Processo jurídico na área de empresarial,0.78,0,1,0,0,1,0,0,0
tributario,Direito Tributário,Tributário,MT,1574077,Alta,27,Mandado de segurança contra cobrança de ICMS,0.75,1,1,1,0,0,0,0,0
trabalhista,Direito Trabalhista,Trabalhista,SC,16306,Alta,11,Ação de rescisão indireta por assédio moral,0.75,0,0,0,0,1,0,0,0
penal,Direito Penal,Penal,GO,0,Alta,26,Ação penal por crime ambiental,0.6,0,1,1,0,0,0,1,0
trabalhista,Direito Trabalhista,Trabalhista,MT,4245,Alta,12,Ação de rescisão indireta por assédio moral,0.8,1,1,0,0,0,0,0,0
consumidor,Direito do Consumidor,Civil,ES,21218,Baixa,7,Vício em produto com pedido de substituição,0.9,0,1,1,0,1,0,0,0
agrario,Direito Agrário,Agrário,DF,295853,Alta,21,Regularização fundiária de propriedade rural,0.7,1,0,1,1,0,0,0,0
tributario,Direito Tributário,Tributário,MT,3499271,Alta,29,Mandado de segurança contra cobrança de ICMS,0.65,0,1,0,0,0,0,0,0
ambiental,Direito Ambiental,Ambiental,PE,72616273,Média,22,Processo jurídico na área de ambiental,0.73,0,0,0,1,0,0,1,1
civil,Direito Civil,Civil,RS,461823,Baixa,9,Ação de indenização por danos morais e materiais decorrente de acidente de trânsito,0.7,1,0,0,0,0,0,0,0
empresarial,Direito Empresarial,Empresarial,CE,29504435,Alta,17,Processo jurídico na área de empresarial,0.78,0,1,0,0,0,0,0,1
empresarial,Direito Empresarial,Empresarial,ES,30410326,Média,14,Processo jurídico na área de empresarial,0.73,0,1,0,0,0,0,0,0
administrativo,Direito Administrativo,Administrativo,DF,297242,Alta,24,Processo jurídico na área de administrativo,0.57,0,0,0,0,0,0,1,0
agrario,Direito Agrário,Agrário,GO,4314827,Baixa,11,Desapropriação para fins de reforma agrária,0.7,1,0,1,1,0,0,0,0
tributario,Direito Tributário,Tributário,BA,5353416,Alta,27,Repetição de indébito tributário,0.7,0,1,1,0,0,0,0,0
trabalhista,Direito Trabalhista,Trabalhista,DF,54013,Média,8,Cobrança de verbas rescisórias não pagas,0.75,0,1,0,0,0,0,0,0
consumidor,Direito do Consumidor,Civil,SP,36486,Baixa,6,Vício em produto com pedido de substituição,0.9,0,1,1,0,1,0,0,0
empresarial,Direito Empresarial,Empresarial,GO,41717230,Baixa,13,Processo jurídico na área de empresarial,0.78,0,1,0,0,0,0,0,1
penal,Direito Penal,Penal,SP,0,Alta,22,Investigação de crime tributário,0.5,0,0,1,0,0,0,0,0
trabalhista,Direito Trabalhista,Trabalhista,MG,54289,Baixa,4,Reclamação trabalhista com pedido de horas extras,0.8,0,1,0,0,1,0,0,0
penal,Direito Penal,Penal,GO,0,Alta,25,Investigação de crime tributário,0.6,0,1,1,0,0,0,1,0
trabalhista,Direito Trabalhista,Trabalhista,ES,94814,Baixa,7,Cobrança de verbas rescisórias não pagas,0.8,0,1,0,0,1,0,0,0
penal,Direito Penal,Penal,GO,0,Alta,21,Investigação de crime tributário,0.55,0,0,1,0,0,0,1,0
civil,Direito Civil,Civil,MG,27501,Alta,15,Ação de despejo por falta de pagamento,0.8,1,1,1,0,0,0,0,0
consumidor,Direito do Consumidor,Civil,RS,28397,Baixa,8,Cobrança indevida de tarifa bancária com pedido de repetição,0.8,0,1,0,0,0,0,0,0
agrario,Direito Agrário,Agrário,GO,2352111,Alta,23,Regularização fundiária de propriedade rural,0.7,1,0,1,1,0,0,0,0
previdenciario,Direito Previdenciário,Previdenciário,DF,183111,Alta,19,Processo jurídico na área de previdenciario,0.77,0,0,0,1,0,0,0,0
penal,Direito Penal,Penal,RS,0,Alta,24,Investigação de crime tributário,0.55,0,1,0,0,0,0,1,0
empresarial,Direito Empresarial,Empresarial,MT,18454968,Média,14,Processo jurídico na área de empresarial,0.73,0,0,0,0,1,0,0,0
consumidor,Direito do Consumidor,Civil,PE,46216,Baixa,9,Negativação indevida do nome do consumidor,0.8,0,0,0,0,1,0,0,0
consumidor,Direito do Consumidor,Civil,DF,36548,Alta,13,Propaganda enganosa com pedido de indenização,0.9,0,1,1,0,1,0,0,0
civil,Direito Civil,Civil,MS,121691,Média,12,Ação de despejo por falta de pagamento,0.7,1,0,0,0,0,0,0,0
civil,Direito Civil,Civil,SC,110806,Baixa,8,Rescisão contratual com pedido de restituição de valores,0.7,0,0,1,0,0,0,0,0
penal,Direito Penal,Penal,RJ,0,Baixa,17,Processo por lesão corporal dolosa,0.55,0,0,1,0,0,0,1,0
trabalhista,Direito Trabalhista,Trabalhista,MG,68257,Média,8,Reclamação trabalhista com pedido de horas extras,0.75,0,0,0,0,1,0,0,0
trabalhista,Direito Trabalhista,Trabalhista,SC,58559,Média,8,Cobrança de verbas rescisórias não pagas,0.75,0,1,0,0,0,0,0,0
empresarial,Direito Empresarial,Empresarial,RJ,40710115,Média,14,Processo jurídico na área de empresarial,0.73,0,1,0,0,0,0,0,0
trabalhista,Direito Trabalhista,Trabalhista,DF,97547,Média,8,Reclamação trabalhista com pedido de horas extras,0.75,0,1,0,0,0,0,0,0
civil,Direito Civil,Civil,RJ,413056,Média,12,Rescisão contratual com pedido de restituição de valores,0.7,1,0,0,0,0,0,0,0
trabalhista,Direito Trabalhista,Trabalhista,RS,59221,Alta,13,Cobrança de verbas rescisórias não pagas,0.8,0,1,0,0,1,0,0,0
penal,Direito Penal,Penal,GO,0,Alta,22,Ação penal por crime contra o patrimônio,0.5,0,0,1,0,0,0,0,0
trabalhista,Direito Trabalhista,Trabalhista,RJ,84746,Baixa,4,Cobrança de verbas rescisórias não pagas,0.75,1,0,0,0,0,0,0,0
consumidor,Direito do Consumidor,Civil,MS,30962,Baixa,9,Propaganda enganosa com pedido de indenização,0.9,0,1,1,0,1,0,0,0
agrario,Direito Agrário,Agrário,ES,3312120,Alta,18,Desapropriação para fins de reforma agrária,0.7,1,0,1,1,0,0,0,0
tributario,Direito Tributário,Tributário,MT,1293081,Alta,29,Ação anulatória de auto de infração,0.75,1,1,1,0,0,0,0,0
trabalhista,Direito Trabalhista,Trabalhista,MG,50174,Média,8,Ação de rescisão indireta por assédio moral,0.85,1,1,0,0,1,0,0,0
civil,Direito Civil,Civil,MG,190930,Baixa,9,Rescisão contratual com pedido de restituição de valores,0.75,1,0,1,0,0,0,0,0
empresarial,Direito Empresarial,Empresarial,SP,33911111,Média,14,Processo jurídico na área de empresarial,0.78,0,1,0,0,1,0,0,0
previdenciario,Direito Previdenciário,Previdenciário,RS,8677,Média,16,Processo jurídico na área de previdenciario,0.77,0,0,0,1,0,0,0,0
agrario,Direito Agrário,Agrário,MS,1985213,Média,15,Ação de usucapião de imóvel rural,0.65,0,0,1,1,0,0,0,0
tributario,Direito Tributário,Tributário,RJ,7492100,Alta,31,Execução fiscal de débito previdenciário,0.75,1,1,1,0,0,0,0,0
consumidor,Direito do Consumidor,Civil,RJ,3843,Baixa,9,Vício em produto com pedido de substituição,0.85,0,0,1,0,1,0,0,0
tributario,Direito Tributário,Tributário,RS,1755632,Média,24,Ação anulatória de auto de infração,0.65,0,1,0,0,0,0,0,0
civil,Direito Civil,Civil,SP,234966,Média,12,Cobrança de dívida com pedido de penhora de bens,0.8,1,1,1,0,0,0,0,0
penal,Direito Penal,Penal,RJ,0,Média,18,Ação penal por crime ambiental,0.55,0,1,1,0,0,0,0,0
civil,Direito Civil,Civil,DF,108048,Alta,17,Cobrança de dívida com pedido de penhora de bens,0.7,0,0,1,0,0,0,0,0
civil,Direito Civil,Civil,DF,326561,Alta,18,Ação de indenização por danos morais e materiais decorrente de acidente de trânsito,0.75,0,1,1,0,0,0,0,0
penal,Direito Penal,Penal,SP,0,Alta,25,Processo por lesão corporal dolosa,0.55,0,0,1,0,0,0,1,0
consumidor,Direito do Consumidor,Civil,PR,5871,Baixa,6,Vício em produto com pedido de substituição,0.9,0,1,1,0,1,0,0,0
empresarial,Direito Empresarial,Empresarial,MT,26571577,Alta,18,Processo jurídico na área de empresarial,0.73,0,1,0,0,0,0,0,0
agrario,Direito Agrário,Agrário,PR,2477348,Média,15,Desapropriação para fins de reforma agrária,0.7,1,0,1,1,0,0,0,0
consumidor,Direito do Consumidor,Civil,PR,42529,Média,10,Cobrança indevida de tarifa bancária com pedido de repetição,0.8,0,0,0,0,1,0,0,0
consumidor,Direito do Consumidor,Civil,MS,6882,Alta,15,Negativação indevida do nome do consumidor,0.9,0,1,1,0,1,0,0,0
trabalhista,Direito Trabalhista,Trabalhista,MT,9857,Alta,12,Cobrança de verbas rescisórias não pagas,0.75,0,1,0,0,0,0,0,0
trabalhista,Direito Trabalhista,Trabalhista,DF,37797,Média,8,Ação de rescisão indireta por assédio moral,0.75,0,0,0,0,1,0,0,0
administrativo,Direito Administrativo,Administrativo,GO,359729,Alta,25,Processo jurídico na área de administrativo,0.62,0,0,1,0,0,0,1,0
tributario,Direito Tributário,Tributário,RJ,9855691,Alta,32,Mandado de segurança contra cobrança de ICMS,0.75,1,1,1,0,0,0,0,0
consumidor,Direito do Consumidor,Civil,RS,49552,Baixa,6,Propaganda enganosa com pedido de indenização,0.8,0,0,0,0,1,0,0,0
consumidor,Direito do Consumidor,Civil,DF,46531,Baixa,8,Propaganda enganosa com pedido de indenização,0.85,0,1,0,0,1,0,0,0
civil,Direito Civil,Civil,PE,431023,Alta,17,Cobrança de dívida com pedido de penhora de bens,0.8,1,1,1,0,0,0,0,0
civil,Direito Civil,Civil,MT,269761,Média,12,Ação de despejo por falta de pagamento,0.75,1,0,1,0,0,0,0,0
agrario,Direito Agrário,Agrário,MS,1770169,Alta,19,Desapropriação para fins de reforma agrária,0.7,1,0,1,1,0,0,0,0
penal,Direito Penal,Penal,RS,0,Média,18,Processo por lesão corporal dolosa,0.5,0,1,0,0,0,0,0,0
civil,Direito Civil,Civil,SP,90199,Alta,16,Rescisão contratual com pedido de restituição de valores,0.75,0,1,1,0,0,0,0,0
previdenciario,Direito Previdenciário,Previdenciário,MT,70504,Alta,23,Processo jurídico na área de previdenciario,0.77,0,0,0,1,0,0,0,0
tributario,Direito Tributário,Tributário,CE,7670426,Média,24,Repetição de indébito tributário,0.75,1,1,1,0,0,0,0,0
eleitoral,Direito Eleitoral,Eleitoral,SC,0,Alta,10,Processo jurídico na área de eleitoral,0.77,0,1,0,0,0,1,1,0
civil,Direito Civil,Civil,GO,369157,Alta,18,Ação de despejo por falta de pagamento,0.75,1,1,0,0,0,0,0,0
trabalhista,Direito Trabalhista,Trabalhista,SC,89150,Média,8,Ação de rescisão indireta por assédio moral,0.85,1,1,0,0,1,0,0,0
agrario,Direito Agrário,Agrário,MG,2643305,Média,15,Desapropriação para fins de reforma agrária,0.65,1,0,0,1,0,0,0,0
trabalhista,Direito Trabalhista,Trabalhista,MG,58018,Alta,13,Equiparação salarial entre empregados,0.75,0,0,0,0,1,0,0,0
tributario,Direito Tributário,Tributário,RS,7297507,Alta,29,Repetição de indébito tributário,0.7,1,0,1,0,0,0,0,0
trabalhista,Direito Trabalhista,Trabalhista,RJ,76996,Alta,15,Cobrança de verbas rescisórias não pagas,0.75,0,1,0,0,0,0,0,0
previdenciario,Direito Previdenciário,Previdenciário,CE,66683,Média,16,Processo jurídico na área de previdenciario,0.77,0,0,0,0,1,0,0,0
consumidor,Direito do Consumidor,Civil,SC,21064,Baixa,6,Negativação indevida do nome do consumidor,0.9,0,1,1,0,1,0,0,0
trabalhista,Direito Trabalhista,Trabalhista,MT,97106,Baixa,4,Cobrança de verbas rescisórias não pagas,0.75,0,1,0,0,0,0,0,0
civil,Direito Civil,Civil,MT,278758,Baixa,9,Ação de indenização por danos morais e materiais decorrente de acidente de trânsito,0.7,0,0,1,0,0,0,0,0
trabalhista,Direito Trabalhista,Trabalhista,MG,35584,Média,8,Equiparação salarial entre empregados,0.8,1,0,0,0,1,0,0,0
trabalhista,Direito Trabalhista,Trabalhista,ES,19898,Baixa,4,Reclamação trabalhista com pedido de horas extras,0.75,0,0,0,0,1,0,0,0
agrario,Direito Agrário,Agrário,MT,1009496,Alta,23,Regularização fundiária de propriedade rural,0.7,1,0,1,1,0,0,0,0
civil,Direito Civil,Civil,PE,251913,Média,12,Ação de indenização por danos morais e materiais decorrente de acidente de trânsito,0.7,0,0,1,0,0,0,0,0
tributario,Direito Tributário,Tributário,MG,7607449,Média,24,Ação anulatória de auto de infração,0.65,0,0,1,0,0,0,0,0
trabalhista,Direito Trabalhista,Trabalhista,RS,89834,Baixa,7,Cobrança de verbas rescisórias não pagas,0.8,0,1,0,0,1,0,0,0
civil,Direito Civil,Civil,RJ,257780,Alta,20,Rescisão contratual com pedido de restituição de valores,0.75,0,1,1,0,0,0,0,0
civil,Direito Civil,Civil,BA,215524,Média,12,Rescisão contratual com pedido de restituição de valores,0.8,1,1,1,0,0,0,0,0
agrario,Direito Agrário,Agrário,CE,2477927,Alta,22,Conflito de terras entre posseiros,0.6,0,0,0,1,0,0,0,0
previdenciario,Direito Previdenciário,Previdenciário,SC,98177,Média,16,Processo jurídico na área de previdenciario,0.87,1,0,0,1,1,0,0,0
consumidor,Direito do Consumidor,Civil,PE,2536,Baixa,9,Propaganda enganosa com pedido de indenização,0.85,0,0,1,0,1,0,0,0
administrativo,Direito Administrativo,Administrativo,MG,807151,Alta,23,Processo jurídico na área de administrativo,0.67,0,1,1,0,0,0,1,0
trabalhista,Direito Trabalhista,Trabalhista,CE,92547,Alta,16,Reclamação trabalhista com pedido de horas extras,0.85,1,1,0,0,1,0,0,0
penal,Direito Penal,Penal,CE,0,Alta,26,Investigação de crime tributário,0.5,0,0,1,0,0,0,0,0
agrario,Direito Agrário,Agrário,MG,928549,Alta,21,Regularização fundiária de propriedade rural,0.7,1,0,1,1,0,0,0,0
previdenciario,Direito Previdenciário,Previdenciário,BA,41090,Baixa,14,Processo jurídico na área de previdenciario,0.77,0,0,0,0,1,0,0,0
administrativo,Direito Administrativo,Administrativo,SP,971262,Alta,24,Processo jurídico na área de administrativo,0.57,0,0,1,0,0,0,0,0
civil,Direito Civil,Civil,DF,410376,Alta,15,Cobrança de dívida com pedido de penhora de bens,0.7,1,0,0,0,0,0,0,0
constitucional,Direito Constitucional,Constitucional,MT,0,Alta,36,Processo jurídico na área de constitucional,0.58,0,1,0,0,0,0,1,0
agrario,Direito Agrário,Agrário,SP,1665026,Média,15,Ação de usucapião de imóvel rural,0.7,1,0,1,1,0,0,0,0
agrario,Direito Agrário,Agrário,BA,1949845,Baixa,12,Ação de usucapião de imóvel rural,0.7,1,0,1,1,0,0,0,0
agrario,Direito Agrário,Agrário,ES,884565,Baixa,14,Desapropriação para fins de reforma agrária,0.7,1,0,1,1,0,0,0,0
trabalhista,Direito Trabalhista,Trabalhista,PE,26757,Baixa,7,Equiparação salarial entre empregados,0.75,0,0,0,0,1,0,0,0
administrativo,Direito Administrativo,Administrativo,DF,814428,Alta,28,Processo jurídico na área de administrativo,0.57,0,1,0,0,0,0,0,0
civil,Direito Civil,Civil,GO,140370,Média,12,Cobrança de dívida com pedido de penhora de bens,0.75,1,1,0,0,0,0,0,0
ambiental,Direito Ambiental,Ambiental,CE,23308929,Média,22,Processo jurídico na área de ambiental,0.73,0,0,0,1,0,0,1,1
civil,Direito Civil,Civil,MT,225415,Média,12,Ação de despejo por falta de pagamento,0.7,0,0,1,0,0,0,0,0
administrativo,Direito Administrativo,Administrativo,BA,284551,Média,20,Processo jurídico na área de administrativo,0.67,0,1,1,0,0,0,1,0
tributario,Direito Tributário,Tributário,MS,4689242,Alta,32,Execução fiscal de débito previdenciário,0.65,0,1,0,0,0,0,0,0
trabalhista,Direito Trabalhista,Trabalhista,RS,39813,Média,8,Cobrança de verbas rescisórias não pagas,0.85,1,1,0,0,1,0,0,0
agrario,Direito Agrário,Agrário,SC,3333545,Baixa,14,Conflito de terras entre posseiros,0.6,1,0,0,0,0,0,0,0
tributario,Direito Tributário,Tributário,GO,8480578,Média,24,Execução fiscal de débito previdenciário,0.75,1,1,1,0,0,0,0,0
trabalhista,Direito Trabalhista,Trabalhista,MG,19304,Alta,15,Cobrança de verbas rescisórias não pagas,0.85,1,1,0,0,1,0,0,0
empresarial,Direito Empresarial,Empresarial,MG,47434471,Média,14,Processo jurídico na área de empresarial,0.83,0,1,0,0,1,0,0,1
civil,Direito Civil,Civil,MT,172977,Baixa,11,Rescisão contratual com pedido de restituição de valores,0.7,1,0,0,0,0,0,0,0
trabalhista,Direito Trabalhista,Trabalhista,GO,2059,Baixa,5,Equiparação salarial entre empregados,0.75,1,0,0,0,0,0,0,0
agrario,Direito Agrário,Agrário,DF,693165,Média,15,Regularização fundiária de propriedade rural,0.7,1,0,1,1,0,0,0,0
trabalhista,Direito Trabalhista,Trabalhista,SP,80500,Alta,14,Equiparação salarial entre empregados,0.75,0,1,0,0,0,0,0,0
empresarial,Direito Empresarial,Empresarial,RS,40216439,Média,14,Processo jurídico na área de empresarial,0.78,0,1,0,0,0,0,0,1
empresarial,Direito Empresarial,Empresarial,PR,2025912,Baixa,12,Processo jurídico na área de empresarial,0.73,0,0,0,0,1,0,0,0
consumidor,Direito do Consumidor,Civil,ES,8596,Média,10,Cobrança indevida de tarifa bancária com pedido de repetição,0.9,0,1,1,0,1,0,0,0
trabalhista,Direito Trabalhista,Trabalhista,MG,60772,Alta,13,Reclamação trabalhista com pedido de horas extras,0.8,1,0,0,0,1,0,0,0
empresarial,Direito Empresarial,Empresarial,GO,34647253,Alta,17,Processo jurídico na área de empresarial,0.73,0,0,0,0,1,0,0,0
consumidor,Direito do Consumidor,Civil,GO,16067,Alta,17,Negativação indevida do nome do consumidor,0.9,0,1,1,0,1,0,0,0
trabalhista,Direito Trabalhista,Trabalhista,PR,12420,Alta,16,Cobrança de verbas rescisórias não pagas,0.75,1,0,0,0,0,0,0,0
trabalhista,Direito Trabalhista,Trabalhista,RS,57104,Alta,14,Reclamação trabalhista com pedido de horas extras,0.85,1,1,0,0,1,0,0,0
empresarial,Direito Empresarial,Empresarial,CE,22389539,Alta,17,Processo jurídico na área de empresarial,0.83,0,1,0,0,1,0,0,1
consumidor,Direito do Consumidor,Civil,DF,18790,Baixa,7,Propaganda enganosa com pedido de indenização,0.8,0,0,0,0,1,0,0,0
trabalhista,Direito Trabalhista,Trabalhista,BA,97652,Baixa,4,Cobrança de verbas rescisórias não pagas,0.85,1,1,0,0,1,0,0,0
consumidor,Direito do Consumidor,Civil,RJ,48236,Média,10,Cobrança indevida de tarifa bancária com pedido de repetição,0.9,0,1,1,0,1,0,0,0
empresarial,Direito Empresarial,Empresarial,PE,6022785,Alta,22,Processo jurídico na área de empresarial,0.83,0,1,0,0,1,0,0,1
trabalhista,Direito Trabalhista,Trabalhista,RS,19997,Média,8,Reclamação trabalhista com pedido de horas extras,0.8,1,1,0,0,0,0,0,0
trabalhista,Direito Trabalhista,Trabalhista,ES,71092,Média,8,Ação de rescisão indireta por assédio moral,0.75,0,1,0,0,0,0,0,0
agrario,Direito Agrário,Agrário,RJ,2981322,Alta,23,Desapropriação para fins de reforma agrária,0.7,1,0,1,1,0,0,0,0
trabalhista,Direito Trabalhista,Trabalhista,SP,37197,Média,8,Ação de rescisão indireta por assédio moral,0.75,0,0,0,0,1,0,0,0
trabalhista,Direito Trabalhista,Trabalhista,PE,28418,Baixa,5,Equiparação salarial entre empregados,0.85,1,1,0,0,1,0,0,0
consumidor,Direito do Consumidor,Civil,RJ,29371,Baixa,7,Cobrança indevida de tarifa bancária com pedido de repetição,0.9,0,1,1,0,1,0,0,0
previdenciario,Direito Previdenciário,Previdenciário,RS,181445,Média,16,Processo jurídico na área de previdenciario,0.87,1,0,0,1,1,0,0,0
tributario,Direito Tributário,Tributário,GO,8689325,Alta,29,Mandado de segurança contra cobrança de ICMS,0.75,1,1,1,0,0,0,0,0
tributario,Direito Tributário,Tributário,GO,5920469,Alta,30,Execução fiscal de débito previdenciário,0.7,1,0,1,0,0,0,0,0
consumidor,Direito do Consumidor,Civil,RS,31720,Média,10,Negativação indevida do nome do consumidor,0.9,0,1,1,0,1,0,0,0
consumidor,Direito do Consumidor,Civil,GO,9384,Baixa,7,Propaganda enganosa com pedido de indenização,0.8,0,0,1,0,0,0,0,0
consumidor,Direito do Consumidor,Civil,DF,18887,Baixa,9,Propaganda enganosa com pedido de indenização,0.8,0,0,1,0,0,0,0,0
penal,Direito Penal,Penal,RS,0,Alta,25,Ação penal por crime contra o patrimônio,0.6,0,1,1,0,0,0,1,0
penal,Direito Penal,Penal,RJ,0,Alta,25,Ação penal por crime contra o patrimônio,0.55,0,0,1,0,0,0,1,0
previdenciario,Direito Previdenciário,Previdenciário,PE,156764,Média,16,Processo jurídico na área de previdenciario,0.77,1,0,0,0,0,0,0,0
trabalhista,Direito Trabalhista,Trabalhista,MT,45898,Média,8,Ação de rescisão indireta por assédio moral,0.8,1,0,0,0,1,0,0,0
administrativo,Direito Administrativo,Administrativo,ES,780657,Baixa,18,Processo jurídico na área de administrativo,0.67,0,1,1,0,0,0,1,0
consumidor,Direito do Consumidor,Civil,PE,5120,Baixa,6,Negativação indevida do nome do consumidor,0.85,0,0,1,0,1,0,0,0
civil,Direito Civil,Civil,PR,159753,Baixa,8,Rescisão contratual com pedido de restituição de valores,0.75,0,1,1,0,0,0,0,0
civil,Direito Civil,Civil,GO,348023,Alta,19,Cobrança de dívida com pedido de penhora de bens,0.8,1,1,1,0,0,0,0,0
trabalhista,Direito Trabalhista,Trabalhista,BA,22873,Alta,11,Equiparação salarial entre empregados,0.75,0,1,0,0,0,0,0,0
civil,Direito Civil,Civil,MS,169788,Média,12,Cobrança de dívida com pedido de penhora de bens,0.75,0,1,1,0,0,0,0,0
civil,Direito Civil,Civil,MG,496292,Baixa,9,Ação de indenização por danos morais e materiais decorrente de acidente de trânsito,0.7,0,0,1,0,0,0,0,0
consumidor,Direito do Consumidor,Civil,PR,40660,Baixa,6,Cobrança indevida de tarifa bancária com pedido de repetição,0.9,0,1,1,0,1,0,0,0
trabalhista,Direito Trabalhista,Trabalhista,DF,52054,Média,8,Equiparação salarial entre empregados,0.75,1,0,0,0,0,0,0,0
consumidor,Direito do Consumidor,Civil,ES,15829,Média,10,Vício em produto com pedido de substituição,0.9,0,1,1,0,1,0,0,0
trabalhista,Direito Trabalhista,Trabalhista,GO,51763,Baixa,6,Cobrança de verbas rescisórias não pagas,0.8,1,1,0,0,0,0,0,0
trabalhista,Direito Trabalhista,Trabalhista,MT,41839,Média,8,Reclamação trabalhista com pedido de horas extras,0.8,1,1,0,0,0,0,0,0
administrativo,Direito Administrativo,Administrativo,MG,627628,Alta,24,Processo jurídico na área de administrativo,0.67,0,1,1,0,0,0,1,0
trabalhista,Direito Trabalhista,Trabalhista,RJ,43350,Média,8,Cobrança de verbas rescisórias não pagas,0.75,0,1,0,0,0,0,0,0
ambiental,Direito Ambiental,Ambiental,MS,44848935,Alta,30,Processo jurídico na área de ambiental,0.63,0,0,0,0,0,0,0,1
civil,Direito Civil,Civil,PR,290349,Média,12,Rescisão contratual com pedido de restituição de valores,0.7,0,0,1,0,0,0,0,0
consumidor,Direito do Consumidor,Civil,SC,35746,Baixa,6,Propaganda enganosa com pedido de indenização,0.8,0,0,0,0,1,0,0,0
tributario,Direito Tributário,Tributário,BA,3042828,Alta,30,Ação anulatória de auto de infração,0.75,1,1,1,0,0,0,0,0
agrario,Direito Agrário,Agrário,RJ,2644847,Média,15,Ação de usucapião de imóvel rural,0.7,1,0,1,1,0,0,0,0
civil,Direito Civil,Civil,SP,162336,Média,12,Cobrança de dívida com pedido de penhora de bens,0.75,0,1,1,0,0,0,0,0
penal,Direito Penal,Penal,SP,0,Média,18,Ação penal por crime ambiental,0.6,0,1,1,0,0,0,1,0
tributario,Direito Tributário,Tributário,MG,9641890,Alta,28,Execução fiscal de débito previdenciário,0.65,1,0,0,0,0,0,0,0
penal,Direito Penal,Penal,PR,0,Alta,25,Ação penal por crime ambiental,0.5,0,0,0,0,0,0,1,0
consumidor,Direito do Consumidor,Civil,BA,26638,Baixa,6,Propaganda enganosa com pedido de indenização,0.85,0,1,1,0,0,0,0,0
penal,Direito Penal,Penal,DF,0,Alta,25,Processo por lesão corporal dolosa,0.55,0,1,0,0,0,0,1,0
trabalhista,Direito Trabalhista,Trabalhista,MS,2037,Média,8,Ação de rescisão indireta por assédio moral,0.8,1,0,0,0,1,0,0,0
civil,Direito Civil,Civil,SC,292684,Baixa,11,Rescisão contratual com pedido de restituição de valores,0.8,1,1,1,0,0,0,0,0
previdenciario,Direito Previdenciário,Previdenciário,SC,175775,Alta,19,Processo jurídico na área de previdenciario,0.77,0,0,0,0,1,0,0,0
agrario,Direito Agrário,Agrário,MG,1050766,Alta,19,Conflito de terras entre posseiros,0.65,1,0,0,1,0,0,0,0
administrativo,Direito Administrativo,Administrativo,DF,957661,Média,20,Processo jurídico na área de administrativo,0.57,0,0,1,0,0,0,0,0
trabalhista,Direito Trabalhista,Trabalhista,SP,82374,Baixa,5,Ação de rescisão indireta por assédio moral,0.8,1,0,0,0,1,0,0,0
civil,Direito Civil,Civil,MG,299623,Baixa,8,Cobrança de dívida com pedido de penhora de bens,0.75,1,1,0,0,0,0,0,0
penal,Direito Penal,Penal,CE,0,Baixa,16,Investigação de crime tributário,0.5,0,0,0,0,0,0,1,0
civil,Direito Civil,Civil,GO,250324,Alta,19,Ação de despejo por falta de pagamento,0.7,0,0,1,0,0,0,0,0
trabalhista,Direito Trabalhista,Trabalhista,MS,94419,Média,8,Reclamação trabalhista com pedido de horas extras,0.75,0,0,0,0,1,0,0,0
militar,Direito Militar,Militar,RS,0,Baixa,8,Processo jurídico na área de militar,0.65,0,1,1,0,0,0,1,0
trabalhista,Direito Trabalhista,Trabalhista,GO,76821,Alta,16,Reclamação trabalhista com pedido de horas extras,0.8,0,1,0,0,1,0,0,0
empresarial,Direito Empresarial,Empresarial,MT,32742492,Média,14,Processo jurídico na área de empresarial,0.78,0,1,0,0,0,0,0,1
civil,Direito Civil,Civil,ES,337756,Média,12,Ação de indenização por danos morais e materiais decorrente de acidente de trânsito,0.75,1,0,1,0,0,0,0,0
civil,Direito Civil,Civil,PR,111271,Baixa,11,Ação de indenização por danos morais e materiais decorrente de acidente de trânsito,0.8,1,1,1,0,0,0,0,0
tributario,Direito Tributário,Tributário,SP,7506948,Alta,30,Mandado de segurança contra cobrança de ICMS,0.7,0,1,1,0,0,0,0,0
trabalhista,Direito Trabalhista,Trabalhista,SC,76324,Baixa,6,Ação de rescisão indireta por assédio moral,0.85,1,1,0,0,1,0,0,0
eleitoral,Direito Eleitoral,Eleitoral,PE,0,Alta,13,Processo jurídico na área de eleitoral,0.67,0,1,0,0,0,0,0,0
agrario,Direito Agrário,Agrário,DF,4465314,Alta,21,Ação de usucapião de imóvel rural,0.6,0,0,1,0,0,0,0,0
civil,Direito Civil,Civil,ES,410195,Alta,16,Ação de indenização por danos morais e materiais decorrente de acidente de trânsito,0.75,1,1,0,0,0,0,0,0
agrario,Direito Agrário,Agrário,GO,234875,Alta,18,Desapropriação para fins de reforma agrária,0.7,1,0,1,1,0,0,0,0
agrario,Direito Agrário,Agrário,ES,4710636,Média,15,Regularização fundiária de propriedade rural,0.65,0,0,1,1,0,0,0,0
civil,Direito Civil,Civil,BA,18856,Alta,19,Rescisão contratual com pedido de restituição de valores,0.8,1,1,1,0,0,0,0,0
empresarial,Direito Empresarial,Empresarial,DF,9127956,Alta,19,Processo jurídico na área de empresarial,0.83,0,1,0,0,1,0,0,1
agrario,Direito Agrário,Agrário,PR,1888280,Alta,21,Ação de usucapião de imóvel rural,0.7,1,0,1,1,0,0,0,0
agrario,Direito Agrário,Agrário,PE,491061,Média,15,Conflito de terras entre posseiros,0.7,1,0,1,1,0,0,0,0
tributario,Direito Tributário,Tributário,GO,4098999,Alta,32,Repetição de indébito tributário,0.65,0,1,0,0,0,0,0,0
trabalhista,Direito Trabalhista,Trabalhista,DF,18649,Baixa,6,Reclamação trabalhista com pedido de horas extras,0.85,1,1,0,0,1,0,0,0
trabalhista,Direito Trabalhista,Trabalhista,GO,81621,Baixa,5,Cobrança de verbas rescisórias não pagas,0.8,0,1,0,0,1,0,0,0
empresarial,Direito Empresarial,Empresarial,GO,22259358,Alta,21,Processo jurídico na área de empresarial,0.73,0,0,0,0,1,0,0,0
agrario,Direito Agrário,Agrário,PR,2967170,Baixa,13,Conflito de terras entre posseiros,0.65,1,0,0,1,0,0,0,0
civil,Direito Civil,Civil,RJ,55481,Média,12,Rescisão contratual com pedido de restituição de valores,0.75,1,1,0,0,0,0,0,0
tributario,Direito Tributário,Tributário,MT,1925143,Média,24,Repetição de indébito tributário,0.7,0,1,1,0,0,0,0,0
consumidor,Direito do Consumidor,Civil,CE,35411,Baixa,7,Negativação indevida do nome do consumidor,0.85,0,1,1,0,0,0,0,0
civil,Direito Civil,Civil,RJ,156534,Média,12,Ação de despejo por falta de pagamento,0.8,1,1,1,0,0,0,0,0
civil,Direito Civil,Civil,RS,451165,Média,12,Ação de indenização por danos morais e materiais decorrente de acidente de trânsito,0.7,0,0,1,0,0,0,0,0
consumidor,Direito do Consumidor,Civil,BA,45061,Média,10,Propaganda enganosa com pedido de indenização,0.9,0,1,1,0,1,0,0,0
civil,Direito Civil,Civil,MT,392356,Média,12,Ação de indenização por danos morais e materiais decorrente de acidente de trânsito,0.7,1,0,0,0,0,0,0,0
trabalhista,Direito Trabalhista,Trabalhista,MT,37289,Alta,11,Reclamação trabalhista com pedido de horas extras,0.75,0,1,0,0,0,0,0,0
civil,Direito Civil,Civil,MG,388721,Baixa,11,Ação de indenização por danos morais e materiais decorrente de acidente de trânsito,0.75,1,0,1,0,0,0,0,0
penal,Direito Penal,Penal,ES,0,Alta,25,Ação penal por crime contra o patrimônio,0.5,0,1,0,0,0,0,0,0
administrativo,Direito Administrativo,Administrativo,BA,899847,Média,20,Processo jurídico na área de administrativo,0.57,0,0,1,0,0,0,0,0
consumidor,Direito do Consumidor,Civil,PE,34695,Média,10,Negativação indevida do nome do consumidor,0.8,0,1,0,0,0,0,0,0
administrativo,Direito Administrativo,Administrativo,RS,126859,Alta,24,Processo jurídico na área de administrativo,0.62,0,1,1,0,0,0,0,0
trabalhista,Direito Trabalhista,Trabalhista,CE,77808,Baixa,4,Reclamação trabalhista com pedido de horas extras,0.75,1,0,0,0,0,0,0,0
tributario,Direito Tributário,Tributário,SP,4195903,Alta,28,Ação anulatória de auto de infração,0.75,1,1,1,0,0,0,0,0
previdenciario,Direito Previdenciário,Previdenciário,SP,182372,Alta,20,Processo jurídico na área de previdenciario,0.82,1,0,0,0,1,0,0,0
tributario,Direito Tributário,Tributário,GO,1967974,Alta,29,Repetição de indébito tributário,0.75,1,1,1,0,0,0,0,0
trabalhista,Direito Trabalhista,Trabalhista,BA,93972,Média,8,Cobrança de verbas rescisórias não pagas,0.85,1,1,0,0,1,0,0,0
agrario,Direito Agrário,Agrário,SP,3761074,Alta,19,Desapropriação para fins de reforma agrária,0.7,1,0,1,1,0,0,0,0
civil,Direito Civil,Civil,MG,254834,Baixa,9,Ação de despejo por falta de pagamento,0.7,1,0,0,0,0,0,0,0
penal,Direito Penal,Penal,BA,0,Média,18,Investigação de crime tributário,0.55,0,0,1,0,0,0,1,0
civil,Direito Civil,Civil,MT,332474,Alta,17,Rescisão contratual com pedido de restituição de valores,0.75,0,1,1,0,0,0,0,0
civil,Direito Civil,Civil,CE,162691,Média,12,Cobrança de dívida com pedido de penhora de bens,0.7,1,0,0,0,0,0,0,0
agrario,Direito Agrário,Agrário,MS,4699310,Alta,20,Desapropriação para fins de reforma agrária,0.65,0,0,1,1,0,0,0,0
trabalhista,Direito Trabalhista,Trabalhista,PE,6746,Baixa,5,Reclamação trabalhista com pedido de horas extras,0.8,1,0,0,0,1,0,0,0
consumidor,Direito do Consumidor,Civil,CE,25918,Média,10,Cobrança indevida de tarifa bancária com pedido de repetição,0.9,0,1,1,0,1,0,0,0
agrario,Direito Agrário,Agrário,ES,1774194,Alta,18,Conflito de terras entre posseiros,0.65,1,0,1,0,0,0,0,0
previdenciario,Direito Previdenciário,Previdenciário,MG,143879,Alta,20,Processo jurídico na área de previdenciario,0.87,1,0,0,1,1,0,0,0
civil,Direito Civil,Civil,CE,200438,Alta,17,Cobrança de dívida com pedido de penhora de bens,0.75,0,1,1,0,0,0,0,0
consumidor,Direito do Consumidor,Civil,RJ,21711,Média,10,Propaganda enganosa com pedido de indenização,0.8,0,0,1,0,0,0,0,0
previdenciario,Direito Previdenciário,Previdenciário,MT,75354,Baixa,15,Processo jurídico na área de previdenciario,0.82,1,0,0,1,0,0,0,0
penal,Direito Penal,Penal,DF,0,Alta,22,Ação penal por crime ambiental,0.6,0,1,1,0,0,0,1,0
civil,Direito Civil,Civil,MS,430816,Média,12,Ação de indenização por danos morais e materiais decorrente de acidente de trânsito,0.8,1,1,1,0,0,0,0,0
ambiental,Direito Ambiental,Ambiental,RS,46069928,Média,22,Processo jurídico na área de ambiental,0.63,0,0,0,1,0,0,0,0
consumidor,Direito do Consumidor,Civil,SC,36081,Alta,18,Negativação indevida do nome do consumidor,0.8,0,1,0,0,0,0,0,0
civil,Direito Civil,Civil,PR,235414,Média,12,Cobrança de dívida com pedido de penhora de bens,0.8,1,1,1,0,0,0,0,0
consumidor,Direito do Consumidor,Civil,RS,45054,Baixa,9,Negativação indevida do nome do consumidor,0.85,0,1,1,0,0,0,0,0
consumidor,Direito do Consumidor,Civil,MS,14885,Média,10,Cobrança indevida de tarifa bancária com pedido de repetição,0.8,0,1,0,0,0,0,0,0
tributario,Direito Tributário,Tributário,BA,5746558,Baixa,23,Mandado de segurança contra cobrança de ICMS,0.65,0,1,0,0,0,0,0,0
civil,Direito Civil,Civil,RJ,258075,Alta,15,Rescisão contratual com pedido de restituição de valores,0.8,1,1,1,0,0,0,0,0
penal,Direito Penal,Penal,GO,0,Média,18,Processo por lesão corporal dolosa,0.55,0,1,0,0,0,0,1,0
empresarial,Direito Empresarial,Empresarial,RJ,5231396,Baixa,13,Processo jurídico na área de empresarial,0.78,0,1,0,0,1,0,0,0
empresarial,Direito Empresarial,Empresarial,RS,42039790,Média,14,Processo jurídico na área de empresarial,0.78,0,0,0,0,1,0,0,1
trabalhista,Direito Trabalhista,Trabalhista,GO,45085,Baixa,7,Reclamação trabalhista com pedido de horas extras,0.85,1,1,0,0,1,0,0,0
agrario,Direito Agrário,Agrário,CE,3627882,Média,15,Ação de usucapião de imóvel rural,0.7,1,0,1,1,0,0,0,0
trabalhista,Direito Trabalhista,Trabalhista,PE,4925,Média,8,Cobrança de verbas rescisórias não pagas,0.75,1,0,0,0,0,0,0,0
penal,Direito Penal,Penal,ES,0,Alta,24,Ação penal por crime ambiental,0.5,0,1,0,0,0,0,0,0
administrativo,Direito Administrativo,Administrativo,SC,791747,Média,20,Processo jurídico na área de administrativo,0.62,0,1,0,0,0,0,1,0
penal,Direito Penal,Penal,MS,0,Média,18,Ação penal por crime contra o patrimônio,0.6,0,1,1,0,0,0,1,0
agrario,Direito Agrário,Agrário,RJ,1159692,Alta,21,Conflito de terras entre posseiros,0.6,1,0,0,0,0,0,0,0
empresarial,Direito Empresarial,Empresarial,RJ,42062968,Média,14,Processo jurídico na área de empresarial,0.83,0,1,0,0,1,0,0,1
agrario,Direito Agrário,Agrário,PR,4099140,Alta,23,Desapropriação para fins de reforma agrária,0.6,0,0,1,0,0,0,0,0
administrativo,Direito Administrativo,Administrativo,GO,472579,Alta,27,Processo jurídico na área de administrativo,0.62,0,1,1,0,0,0,0,0
trabalhista,Direito Trabalhista,Trabalhista,BA,89331,Média,8,Cobrança de verbas rescisórias não pagas,0.8,1,0,0,0,1,0,0,0
civil,Direito Civil,Civil,MS,53077,Baixa,11,Rescisão contratual com pedido de restituição de valores,0.7,0,1,0,0,0,0,0,0
consumidor,Direito do Consumidor,Civil,SC,18698,Baixa,7,Cobrança indevida de tarifa bancária com pedido de repetição,0.9,0,1,1,0,1,0,0,0
agrario,Direito Agrário,Agrário,ES,2514750,Alta,21,Ação de usucapião de imóvel rural,0.7,1,0,1,1,0,0,0,0
consumidor,Direito do Consumidor,Civil,RS,35064,Baixa,8,Propaganda enganosa com pedido de indenização,0.8,0,0,0,0,1,0,0,0
agrario,Direito Agrário,Agrário,PR,3137714,Alta,21,Ação de usucapião de imóvel rural,0.6,0,0,1,0,0,0,0,0
agrario,Direito Agrário,Agrário,RS,1787934,Alta,22,Conflito de terras entre posseiros,0.7,1,0,1,1,0,0,0,0
agrario,Direito Agrário,Agrário,GO,1721695,Alta,20,Regularização fundiária de propriedade rural,0.7,1,0,1,1,0,0,0,0
civil,Direito Civil,Civil,RS,357664,Média,12,Rescisão contratual com pedido de restituição de valores,0.8,1,1,1,0,0,0,0,0
civil,Direito Civil,Civil,GO,21425,Média,12,Rescisão contratual com pedido de restituição de valores,0.75,0,1,1,0,0,0,0,0
agrario,Direito Agrário,Agrário,GO,2097253,Alta,23,Conflito de terras entre posseiros,0.6,1,0,0,0,0,0,0,0
empresarial,Direito Empresarial,Empresarial,RJ,42933209,Baixa,11,Processo jurídico na área de empresarial,0.83,0,1,0,0,1,0,0,1
trabalhista,Direito Trabalhista,Trabalhista,ES,4680,Média,8,Cobrança de verbas rescisórias não pagas,0.85,1,1,0,0,1,0,0,0
trabalhista,Direito Trabalhista,Trabalhista,DF,22957,Média,8,Cobrança de verbas rescisórias não pagas,0.8,0,1,0,0,1,0,0,0
civil,Direito Civil,Civil,ES,201132,Média,12,Ação de despejo por falta de pagamento,0.75,1,1,0,0,0,0,0,0
consumidor,Direito do Consumidor,Civil,MG,38070,Baixa,6,Vício em produto com pedido de substituição,0.9,0,1,1,0,1,0,0,0
penal,Direito Penal,Penal,MG,0,Média,18,Processo por lesão corporal dolosa,0.55,0,1,0,0,0,0,1,0
trabalhista,Direito Trabalhista,Trabalhista,RS,35417,Baixa,7,Equiparação salarial entre empregados,0.75,0,0,0,0,1,0,0,0
administrativo,Direito Administrativo,Administrativo,MS,921639,Alta,26,Processo jurídico na área de administrativo,0.57,0,0,1,0,0,0,0,0
consumidor,Direito do Consumidor,Civil,SP,26067,Baixa,9,Cobrança indevida de tarifa bancária com pedido de repetição,0.8,0,0,1,0,0,0,0,0
agrario,Direito Agrário,Agrário,MG,2256097,Média,15,Conflito de terras entre posseiros,0.7,1,0,1,1,0,0,0,0
consumidor,Direito do Consumidor,Civil,PR,44047,Baixa,9,Propaganda enganosa com pedido de indenização,0.85,0,1,0,0,1,0,0,0
administrativo,Direito Administrativo,Administrativo,MT,577964,Alta,23,Processo jurídico na área de administrativo,0.62,0,1,1,0,0,0,0,0
trabalhista,Direito Trabalhista,Trabalhista,SP,56410,Alta,12,Reclamação trabalhista com pedido de horas extras,0.75,0,0,0,0,1,0,0,0
previdenciario,Direito Previdenciário,Previdenciário,RJ,79751,Média,16,Processo jurídico na área de previdenciario,0.77,0,0,0,1,0,0,0,0
previdenciario,Direito Previdenciário,Previdenciário,MT,82138,Média,16,Processo jurídico na área de previdenciario,0.82,1,0,0,1,0,0,0,0
civil,Direito Civil,Civil,MT,406740,Média,12,Ação de indenização por danos morais e materiais decorrente de acidente de trânsito,0.75,1,0,1,0,0,0,0,0
civil,Direito Civil,Civil,RS,156141,Média,12,Rescisão contratual com pedido de restituição de valores,0.75,1,1,0,0,0,0,0,0
constitucional,Direito Constitucional,Constitucional,PR,0,Alta,38,Processo jurídico na área de constitucional,0.53,0,0,0,0,0,0,0,1
penal,Direito Penal,Penal,SC,0,Alta,23,Ação penal por crime ambiental,0.5,0,0,1,0,0,0,0,0
agrario,Direito Agrário,Agrário,RJ,2133803,Alta,23,Conflito de terras entre posseiros,0.6,0,0,1,0,0,0,0,0
consumidor,Direito do Consumidor,Civil,RS,46119,Baixa,7,Negativação indevida do nome do consumidor,0.85,0,1,0,0,1,0,0,0
penal,Direito Penal,Penal,PE,0,Alta,23,Investigação de crime tributário,0.6,0,1,1,0,0,0,1,0
consumidor,Direito do Consumidor,Civil,RJ,23634,Média,10,Propaganda enganosa com pedido de indenização,0.8,0,1,0,0,0,0,0,0
trabalhista,Direito Trabalhista,Trabalhista,PE,39727,Média,8,Ação de rescisão indireta por assédio moral,0.85,1,1,0,0,1,0,0,0
trabalhista,Direito Trabalhista,Trabalhista,RJ,61974,Média,8,Ação de rescisão indireta por assédio moral,0.75,1,0,0,0,0,0,0,0
civil,Direito Civil,Civil,GO,425129,Baixa,9,Ação de despejo por falta de pagamento,0.75,1,0,1,0,0,0,0,0
penal,Direito Penal,Penal,DF,0,Alta,26,Ação penal por crime ambiental,0.5,0,0,0,0,0,0,1,0
agrario,Direito Agrário,Agrário,CE,4577111,Alta,22,Conflito de terras entre posseiros,0.6,0,0,0,1,0,0,0,0
trabalhista,Direito Trabalhista,Trabalhista,BA,46486,Alta,15,Reclamação trabalhista com pedido de horas extras,0.8,1,1,0,0,0,0,0,0
civil,Direito Civil,Civil,RJ,489307,Média,12,Cobrança de dívida com pedido de penhora de bens,0.75,1,0,1,0,0,0,0,0
trabalhista,Direito Trabalhista,Trabalhista,SC,89178,Baixa,6,Ação de rescisão indireta por assédio moral,0.85,1,1,0,0,1,0,0,0
agrario,Direito Agrário,Agrário,RS,2310164,Média,15,Ação de usucapião de imóvel rural,0.7,1,0,1,1,0,0,0,0
civil,Direito Civil,Civil,BA,128294,Média,12,Ação de despejo por falta de pagamento,0.8,1,1,1,0,0,0,0,0
trabalhista,Direito Trabalhista,Trabalhista,PR,85475,Média,8,Equiparação salarial entre empregados,0.8,0,1,0,0,1,0,0,0
tributario,Direito Tributário,Tributário,ES,9989494,Alta,27,Repetição de indébito tributário,0.7,1,0,1,0,0,0,0,0
civil,Direito Civil,Civil,RS,17385,Média,12,Cobrança de dívida com pedido de penhora de bens,0.7,0,0,1,0,0,0,0,0
trabalhista,Direito Trabalhista,Trabalhista,PR,19935,Média,8,Cobrança de verbas rescisórias não pagas,0.85,1,1,0,0,1,0,0,0
penal,Direito Penal,Penal,RS,0,Alta,22,Processo por lesão corporal dolosa,0.5,0,0,1,0,0,0,0,0
penal,Direito Penal,Penal,PE,0,Média,18,Processo por lesão corporal dolosa,0.5,0,1,0,0,0,0,0,0
agrario,Direito Agrário,Agrário,SC,3149936,Média,15,Conflito de terras entre posseiros,0.7,1,0,1,1,0,0,0,0
agrario,Direito Agrário,Agrário,DF,2673336,Alta,19,Conflito de terras entre posseiros,0.65,0,0,1,1,0,0,0,0
agrario,Direito Agrário,Agrário,MG,4862545,Média,15,Regularização fundiária de propriedade rural,0.6,1,0,0,0,0,0,0,0
administrativo,Direito Administrativo,Administrativo,BA,204897,Alta,26,Processo jurídico na área de administrativo,0.57,0,1,0,0,0,0,0,0
tributario,Direito Tributário,Tributário,GO,2613154,Alta,31,Execução fiscal de débito previdenciário,0.7,1,1,0,0,0,0,0,0
ambiental,Direito Ambiental,Ambiental,DF,47481925,Média,22,Processo jurídico na área de ambiental,0.73,0,0,0,1,0,0,1,1
civil,Direito Civil,Civil,GO,432919,Média,12,Ação de despejo por falta de pagamento,0.75,1,1,0,0,0,0,0,0
administrativo,Direito Administrativo,Administrativo,RS,929649,Média,20,Processo jurídico na área de administrativo,0.67,0,1,1,0,0,0,1,0
trabalhista,Direito Trabalhista,Trabalhista,DF,43752,Baixa,5,Cobrança de verbas rescisórias não pagas,0.8,1,1,0,0,0,0,0,0
civil,Direito Civil,Civil,BA,380204,Alta,15,Cobrança de dívida com pedido de penhora de bens,0.8,1,1,1,0,0,0,0,0
consumidor,Direito do Consumidor,Civil,PR,26103,Baixa,9,Vício em produto com pedido de substituição,0.85,0,1,0,0,1,0,0,0
civil,Direito Civil,Civil,GO,452166,Média,12,Ação de indenização por danos morais e materiais decorrente de acidente de trânsito,0.7,0,1,0,0,0,0,0,0
penal,Direito Penal,Penal,BA,0,Alta,25,Investigação de crime tributário,0.5,0,0,0,0,0,0,1,0
penal,Direito Penal,Penal,CE,0,Média,18,Processo por lesão corporal dolosa,0.5,0,0,1,0,0,0,0,0
civil,Direito Civil,Civil,MT,54315,Alta,17,Cobrança de dívida com pedido de penhora de bens,0.7,1,0,0,0,0,0,0,0
consumidor,Direito do Consumidor,Civil,PR,47720,Baixa,9,Negativação indevida do nome do consumidor,0.85,0,1,1,0,0,0,0,0
trabalhista,Direito Trabalhista,Trabalhista,SP,3955,Baixa,5,Reclamação trabalhista com pedido de horas extras,0.85,1,1,0,0,1,0,0,0
civil,Direito Civil,Civil,MS,18917,Média,12,Ação de despejo por falta de pagamento,0.7,0,1,0,0,0,0,0,0
consumidor,Direito do Consumidor,Civil,CE,19910,Baixa,9,Cobrança indevida de tarifa bancária com pedido de repetição,0.8,0,0,1,0,0,0,0,0
ambiental,Direito Ambiental,Ambiental,SC,83047335,Alta,29,Processo jurídico na área de ambiental,0.73,0,0,0,1,0,0,1,1
empresarial,Direito Empresarial,Empresarial,SC,25365540,Baixa,11,Processo jurídico na área de empresarial,0.78,0,1,0,0,1,0,0,0
trabalhista,Direito Trabalhista,Trabalhista,MG,25941,Média,8,Equiparação salarial entre empregados,0.8,1,1,0,0,0,0,0,0
civil,Direito Civil,Civil,SC,193431,Média,12,Ação de indenização por danos morais e materiais decorrente de acidente de trânsito,0.75,1,0,1,0,0,0,0,0
penal,Direito Penal,Penal,SP,0,Baixa,17,Processo por lesão corporal dolosa,0.55,0,1,1,0,0,0,0,0
civil,Direito Civil,Civil,MG,205382,Alta,16,Ação de despejo por falta de pagamento,0.8,1,1,1,0,0,0,0,0
penal,Direito Penal,Penal,PR,0,Média,18,Investigação de crime tributário,0.6,0,1,1,0,0,0,1,0
penal,Direito Penal,Penal,RJ,0,Média,18,Investigação de crime tributário,0.6,0,1,1,0,0,0,1,0
penal,Direito Penal,Penal,CE,0,Alta,23,Investigação de crime tributário,0.6,0,1,1,0,0,0,1,0
tributario,Direito Tributário,Tributário,MS,9440723,Alta,31,Ação anulatória de auto de infração,0.75,1,1,1,0,0,0,0,0
previdenciario,Direito Previdenciário,Previdenciário,DF,154181,Alta,21,Processo jurídico na área de previdenciario,0.87,1,0,0,1,1,0,0,0
agrario,Direito Agrário,Agrário,MS,4683427,Média,15,Regularização fundiária de propriedade rural,0.65,1,0,1,0,0,0,0,0
consumidor,Direito do Consumidor,Civil,MT,14070,Alta,15,Vício em produto com pedido de substituição,0.9,0,1,1,0,1,0,0,0
trabalhista,Direito Trabalhista,Trabalhista,BA,29459,Média,8,Ação de rescisão indireta por assédio moral,0.8,0,1,0,0,1,0,0,0
empresarial,Direito Empresarial,Empresarial,PR,1907965,Baixa,12,Processo jurídico na área de empresarial,0.73,0,0,0,0,1,0,0,0
penal,Direito Penal,Penal,MS,0,Alta,25,Ação penal por crime ambiental,0.55,0,1,0,0,0,0,1,0
agrario,Direito Agrário,Agrário,PR,4882951,Alta,21,Conflito de terras entre posseiros,0.7,1,0,1,1,0,0,0,0
trabalhista,Direito Trabalhista,Trabalhista,CE,72121,Alta,13,Ação de rescisão indireta por assédio moral,0.8,1,0,0,0,1,0,0,0
tributario,Direito Tributário,Tributário,SP,9473316,Alta,28,Mandado de segurança contra cobrança de ICMS,0.7,1,1,0,0,0,0,0,0
penal,Direito Penal,Penal,SC,0,Alta,21,Processo por lesão corporal dolosa,0.55,0,1,0,0,0,0,1,0
consumidor,Direito do Consumidor,Civil,GO,6165,Baixa,7,Negativação indevida do nome do consumidor,0.8,0,0,1,0,0,0,0,0
agrario,Direito Agrário,Agrário,GO,2618679,Média,15,Ação de usucapião de imóvel rural,0.6,1,0,0,0,0,0,0,0
trabalhista,Direito Trabalhista,Trabalhista,RS,68065,Baixa,6,Cobrança de verbas rescisórias não pagas,0.8,1,0,0,0,1,0,0,0
civil,Direito Civil,Civil,MG,372624,Alta,16,Ação de despejo por falta de pagamento,0.7,1,0,0,0,0,0,0,0
previdenciario,Direito Previdenciário,Previdenciário,GO,165891,Média,16,Processo jurídico na área de previdenciario,0.87,1,0,0,1,1,0,0,0
agrario,Direito Agrário,Agrário,SP,4690180,Média,15,Desapropriação para fins de reforma agrária,0.7,1,0,1,1,0,0,0,0
previdenciario,Direito Previdenciário,Previdenciário,BA,170580,Média,16,Processo jurídico na área de previdenciario,0.87,1,0,0,1,1,0,0,0
empresarial,Direito Empresarial,Empresarial,PR,40401155,Média,14,Processo jurídico na área de empresarial,0.73,0,0,0,0,1,0,0,0
tributario,Direito Tributário,Tributário,RS,8673787,Média,24,Ação anulatória de auto de infração,0.7,1,1,0,0,0,0,0,0
administrativo,Direito Administrativo,Administrativo,BA,747410,Média,20,Processo jurídico na área de administrativo,0.57,0,0,1,0,0,0,0,0
consumidor,Direito do Consumidor,Civil,SC,21290,Baixa,9,Cobrança indevida de tarifa bancária com pedido de repetição,0.9,0,1,1,0,1,0,0,0
tributario,Direito Tributário,Tributário,SC,5740192,Baixa,22,Repetição de indébito tributário,0.65,0,1,0,0,0,0,0,0
consumidor,Direito do Consumidor,Civil,MG,6556,Baixa,7,Vício em produto com pedido de substituição,0.9,0,1,1,0,1,0,0,0
penal,Direito Penal,Penal,BA,0,Média,18,Processo por lesão corporal dolosa,0.6,0,1,1,0,0,0,1,0
trabalhista,Direito Trabalhista,Trabalhista,SP,38721,Média,8,Ação de rescisão indireta por assédio moral,0.8,0,1,0,0,1,0,0,0
trabalhista,Direito Trabalhista,Trabalhista,GO,11383,Baixa,5,Ação de rescisão indireta por assédio moral,0.85,1,1,0,0,1,0,0,0
tributario,Direito Tributário,Tributário,MG,4421377,Alta,27,Mandado de segurança contra cobrança de ICMS,0.75,1,1,1,0,0,0,0,0
trabalhista,Direito Trabalhista,Trabalhista,PR,95808,Baixa,4,Reclamação trabalhista com pedido de horas extras,0.85,1,1,0,0,1,0,0,0
trabalhista,Direito Trabalhista,Trabalhista,ES,22337,Alta,12,Ação de rescisão indireta por assédio moral,0.8,1,1,0,0,0,0,0,0
agrario,Direito Agrário,Agrário,MT,3661940,Média,15,Ação de usucapião de imóvel rural,0.7,1,0,1,1,0,0,0,0
tributario,Direito Tributário,Tributário,ES,7103548,Média,24,Repetição de indébito tributário,0.7,0,1,1,0,0,0,0,0
consumidor,Direito do Consumidor,Civil,MG,34017,Baixa,6,Negativação indevida do nome do consumidor,0.8,0,0,1,0,0,0,0,0
civil,Direito Civil,Civil,GO,355385,Baixa,9,Rescisão contratual com pedido de restituição de valores,0.8,1,1,1,0,0,0,0,0
empresarial,Direito Empresarial,Empresarial,ES,8756470,Baixa,10,Processo jurídico na área de empresarial,0.73,0,0,0,0,0,0,0,1
consumidor,Direito do Consumidor,Civil,MT,18931,Baixa,6,Cobrança indevida de tarifa bancária com pedido de repetição,0.9,0,1,1,0,1,0,0,0
administrativo,Direito Administrativo,Administrativo,MS,717626,Baixa,19,Processo jurídico na área de administrativo,0.57,0,0,0,0,0,0,1,0
tributario,Direito Tributário,Tributário,MG,3505143,Baixa,23,Execução fiscal de débito previdenciário,0.65,0,1,0,0,0,0,0,0
civil,Direito Civil,Civil,PR,12478,Alta,19,Ação de despejo por falta de pagamento,0.8,1,1,1,0,0,0,0,0
trabalhista,Direito Trabalhista,Trabalhista,SC,42916,Alta,14,Ação de rescisão indireta por assédio moral,0.75,0,0,0,0,1,0,0,0
previdenciario,Direito Previdenciário,Previdenciário,BA,103221,Alta,19,Processo jurídico na área de previdenciario,0.82,1,0,0,1,0,0,0,0
consumidor,Direito do Consumidor,Civil,MS,43178,Baixa,9,Propaganda enganosa com pedido de indenização,0.85,0,0,1,0,1,0,0,0
penal,Direito Penal,Penal,RS,0,Alta,22,Processo por lesão corporal dolosa,0.5,0,1,0,0,0,0,0,0
penal,Direito Penal,Penal,MS,0,Alta,25,Processo por lesão corporal dolosa,0.5,0,0,1,0,0,0,0,0
agrario,Direito Agrário,Agrário,PE,2085520,Média,15,Regularização fundiária de propriedade rural,0.7,1,0,1,1,0,0,0,0
empresarial,Direito Empresarial,Empresarial,MG,4313457,Média,14,Processo jurídico na área de empresarial,0.83,0,1,0,0,1,0,0,1
ambiental,Direito Ambiental,Ambiental,SP,9370059,Média,22,Processo jurídico na área de ambiental,0.73,0,0,0,1,0,0,1,1
consumidor,Direito do Consumidor,Civil,MS,27975,Baixa,9,Negativação indevida do nome do consumidor,0.85,0,0,1,0,1,0,0,0
agrario,Direito Agrário,Agrário,RJ,4449177,Alta,18,Conflito de terras entre posseiros,0.7,1,0,1,1,0,0,0,0
penal,Direito Penal,Penal,MS,0,Média,18,Processo por lesão corporal dolosa,0.55,0,0,1,0,0,0,1,0
agrario,Direito Agrário,Agrário,SC,2431239,Alta,23,Ação de usucapião de imóvel rural,0.7,1,0,1,1,0,0,0,0
consumidor,Direito do Consumidor,Civil,DF,27279,Baixa,7,Propaganda enganosa com pedido de indenização,0.9,0,1,1,0,1,0,0,0
consumidor,Direito do Consumidor,Civil,CE,47703,Baixa,6,Negativação indevida do nome do consumidor,0.85,0,1,0,0,1,0,0,0
consumidor,Direito do Consumidor,Civil,MG,43659,Alta,15,Propaganda enganosa com pedido de indenização,0.9,0,1,1,0,1,0,0,0
consumidor,Direito do Consumidor,Civil,SC,24060,Baixa,9,Cobrança indevida de tarifa bancária com pedido de repetição,0.8,0,0,0,0,1,0,0,0
agrario,Direito Agrário,Agrário,DF,3041906,Baixa,13,Desapropriação para fins de reforma agrária,0.7,1,0,1,1,0,0,0,0
consumidor,Direito do Consumidor,Civil,RS,45200,Média,10,Vício em produto com pedido de substituição,0.8,0,1,0,0,0,0,0,0
civil,Direito Civil,Civil,RJ,394073,Baixa,10,Rescisão contratual com pedido de restituição de valores,0.7,0,1,0,0,0,0,0,0
civil,Direito Civil,Civil,MG,58046,Média,12,Rescisão contratual com pedido de restituição de valores,0.75,1,0,1,0,0,0,0,0
trabalhista,Direito Trabalhista,Trabalhista,BA,28301,Baixa,5,Equiparação salarial entre empregados,0.85,1,1,0,0,1,0,0,0
eleitoral,Direito Eleitoral,Eleitoral,MG,0,Média,6,Processo jurídico na área de eleitoral,0.77,0,1,0,0,0,1,1,0
civil,Direito Civil,Civil,CE,464336,Média,12,Ação de despejo por falta de pagamento,0.7,1,0,0,0,0,0,0,0
ambiental,Direito Ambiental,Ambiental,MS,72554163,Baixa,21,Processo jurídico na área de ambiental,0.73,0,0,0,1,0,0,1,1
consumidor,Direito do Consumidor,Civil,GO,37154,Baixa,8,Negativação indevida do nome do consumidor,0.9,0,1,1,0,1,0,0,0
trabalhista,Direito Trabalhista,Trabalhista,PE,35035,Média,8,Cobrança de verbas rescisórias não pagas,0.85,1,1,0,0,1,0,0,0
trabalhista,Direito Trabalhista,Trabalhista,PR,35761,Média,8,Reclamação trabalhista com pedido de horas extras,0.85,1,1,0,0,1,0,0,0
tributario,Direito Tributário,Tributário,DF,2342506,Alta,28,Repetição de indébito tributário,0.75,1,1,1,0,0,0,0,0
civil,Direito Civil,Civil,SC,34040,Alta,18,Ação de despejo por falta de pagamento,0.75,1,0,1,0,0,0,0,0
agrario,Direito Agrário,Agrário,MT,2583310,Alta,22,Conflito de terras entre posseiros,0.65,0,0,1,1,0,0,0,0
consumidor,Direito do Consumidor,Civil,MT,33821,Média,10,Propaganda enganosa com pedido de indenização,0.85,0,1,1,0,0,0,0,0
trabalhista,Direito Trabalhista,Trabalhista,SP,22466,Média,8,Reclamação trabalhista com pedido de horas extras,0.8,0,1,0,0,1,0,0,0
civil,Direito Civil,Civil,BA,304017,Alta,15,Cobrança de dívida com pedido de penhora de bens,0.7,1,0,0,0,0,0,0,0
empresarial,Direito Empresarial,Empresarial,GO,17048461,Média,14,Processo jurídico na área de empresarial,0.73,0,0,0,0,1,0,0,0
agrario,Direito Agrário,Agrário,MT,1388691,Alta,20,Desapropriação para fins de reforma agrária,0.7,1,0,1,1,0,0,0,0
tributario,Direito Tributário,Tributário,SP,4513085,Média,24,Repetição de indébito tributário,0.65,0,0,1,0,0,0,0,0
administrativo,Direito Administrativo,Administrativo,GO,538883,Alta,27,Processo jurídico na área de administrativo,0.62,0,1,1,0,0,0,0,0
penal,Direito Penal,Penal,PR,0,Alta,26,Processo por lesão corporal dolosa,0.5,0,0,1,0,0,0,0,0
agrario,Direito Agrário,Agrário,PR,4845184,Alta,20,Regularização fundiária de propriedade rural,0.6,0,0,0,1,0,0,0,0
trabalhista,Direito Trabalhista,Trabalhista,MS,20234,Média,8,Cobrança de verbas rescisórias não pagas,0.75,0,0,0,0,1,0,0,0
civil,Direito Civil,Civil,RJ,339032,Baixa,10,Cobrança de dívida com pedido de penhora de bens,0.75,1,1,0,0,0,0,0,0
civil,Direito Civil,Civil,RS,73511,Alta,18,Rescisão contratual com pedido de restituição de valores,0.7,0,1,0,0,0,0,0,0
tributario,Direito Tributário,Tributário,CE,1582197,Alta,27,Execução fiscal de débito previdenciário,0.75,1,1,1,0,0,0,0,0
previdenciario,Direito Previdenciário,Previdenciário,CE,155684,Média,16,Processo jurídico na área de previdenciario,0.87,1,0,0,1,1,0,0,0
administrativo,Direito Administrativo,Administrativo,MS,756099,Baixa,17,Processo jurídico na área de administrativo,0.62,0,1,1,0,0,0,0,0
consumidor,Direito do Consumidor,Civil,ES,44180,Média,10,Negativação indevida do nome do consumidor,0.9,0,1,1,0,1,0,0,0
civil,Direito Civil,Civil,CE,240929,Alta,17,Ação de despejo por falta de pagamento,0.7,0,1,0,0,0,0,0,0
civil,Direito Civil,Civil,SC,122872,Média,12,Rescisão contratual com pedido de restituição de valores,0.8,1,1,1,0,0,0,0,0
civil,Direito Civil,Civil,RJ,118169,Baixa,8,Ação de indenização por danos morais e materiais decorrente de acidente de trânsito,0.8,1,1,1,0,0,0,0,0
civil,Direito Civil,Civil,MG,54827,Alta,18,Rescisão contratual com pedido de restituição de valores,0.8,1,1,1,0,0,0,0,0
civil,Direito Civil,Civil,RJ,350159,Alta,17,Ação de despejo por falta de pagamento,0.7,1,0,0,0,0,0,0,0
previdenciario,Direito Previdenciário,Previdenciário,GO,107714,Média,16,Processo jurídico na área de previdenciario,0.82,1,0,0,0,1,0,0,0
trabalhista,Direito Trabalhista,Trabalhista,RJ,55200,Média,8,Ação de rescisão indireta por assédio moral,0.8,1,0,0,0,1,0,0,0
civil,Direito Civil,Civil,PR,331549,Baixa,9,Rescisão contratual com pedido de restituição de valores,0.75,0,1,1,0,0,0,0,0
civil,Direito Civil,Civil,SP,62634,Média,12,Ação de indenização por danos morais e materiais decorrente de acidente de trânsito,0.8,1,1,1,0,0,0,0,0
tributario,Direito Tributário,Tributário,PE,1768914,Alta,32,Mandado de segurança contra cobrança de ICMS,0.7,0,1,1,0,0,0,0,0
empresarial,Direito Empresarial,Empresarial,ES,19681590,Média,14,Processo jurídico na área de empresarial,0.78,0,1,0,0,0,0,0,1
tributario,Direito Tributário,Tributário,CE,4281890,Alta,32,Repetição de indébito tributário,0.75,1,1,1,0,0,0,0,0
civil,Direito Civil,Civil,MG,460940,Alta,15,Ação de indenização por danos morais e materiais decorrente de acidente de trânsito,0.75,1,1,0,0,0,0,0,0
agrario,Direito Agrário,Agrário,SC,138556,Alta,19,Ação de usucapião de imóvel rural,0.6,0,0,1,0,0,0,0,0
previdenciario,Direito Previdenciário,Previdenciário,SP,56842,Média,16,Processo jurídico na área de previdenciario,0.82,0,0,0,1,1,0,0,0
trabalhista,Direito Trabalhista,Trabalhista,SC,50081,Média,8,Ação de rescisão indireta por assédio moral,0.85,1,1,0,0,1,0,0,0
civil,Direito Civil,Civil,RJ,318637,Média,12,Ação de despejo por falta de pagamento,0.75,1,1,0,0,0,0,0,0
administrativo,Direito Administrativo,Administrativo,MS,478262,Média,20,Processo jurídico na área de administrativo,0.57,0,0,0,0,0,0,1,0
administrativo,Direito Administrativo,Administrativo,CE,569859,Alta,25,Processo jurídico na área de administrativo,0.67,0,1,1,0,0,0,1,0
civil,Direito Civil,Civil,RJ,389867,Média,12,Ação de indenização por danos morais e materiais decorrente de acidente de trânsito,0.8,1,1,1,0,0,0,0,0
trabalhista,Direito Trabalhista,Trabalhista,SP,13329,Baixa,4,Ação de rescisão indireta por assédio moral,0.85,1,1,0,0,1,0,0,0
consumidor,Direito do Consumidor,Civil,DF,48919,Média,10,Vício em produto com pedido de substituição,0.9,0,1,1,0,1,0,0,0
trabalhista,Direito Trabalhista,Trabalhista,ES,44323,Alta,12,Reclamação trabalhista com pedido de horas extras,0.75,1,0,0,0,0,0,0,0
administrativo,Direito Administrativo,Administrativo,MG,454017,Alta,24,Processo jurídico na área de administrativo,0.57,0,0,0,0,0,0,1,0
empresarial,Direito Empresarial,Empresarial,BA,25029517,Média,14,Processo jurídico na área de empresarial,0.73,0,0,0,0,1,0,0,0
trabalhista,Direito Trabalhista,Trabalhista,DF,28076,Alta,16,Cobrança de verbas rescisórias não pagas,0.75,0,0,0,0,1,0,0,0
tributario,Direito Tributário,Tributário,DF,3294516,Alta,31,Repetição de indébito tributário,0.7,0,1,1,0,0,0,0,0
consumidor,Direito do Consumidor,Civil,MS,34041,Baixa,6,Negativação indevida do nome do consumidor,0.9,0,1,1,0,1,0,0,0
consumidor,Direito do Consumidor,Civil,GO,41068,Baixa,7,Vício em produto com pedido de substituição,0.85,0,1,0,0,1,0,0,0
civil,Direito Civil,Civil,SP,27564,Baixa,8,Cobrança de dívida com pedido de penhora de bens,0.7,0,0,1,0,0,0,0,0
civil,Direito Civil,Civil,RJ,47009,Alta,15,Rescisão contratual com pedido de restituição de valores,0.8,1,1,1,0,0,0,0,0
civil,Direito Civil,Civil,MT,285158,Baixa,10,Ação de despejo por falta de pagamento,0.8,1,1,1,0,0,0,0,0
penal,Direito Penal,Penal,MG,0,Alta,22,Ação penal por crime ambiental,0.55,0,1,0,0,0,0,1,0
civil,Direito Civil,Civil,MS,145290,Média,12,Cobrança de dívida com pedido de penhora de bens,0.75,0,1,1,0,0,0,0,0
tributario,Direito Tributário,Tributário,CE,8164937,Baixa,21,Repetição de indébito tributário,0.7,1,1,0,0,0,0,0,0
civil,Direito Civil,Civil,PR,476008,Média,12,Ação de indenização por danos morais e materiais decorrente de acidente de trânsito,0.7,1,0,0,0,0,0,0,0
civil,Direito Civil,Civil,MT,221037,Média,12,Ação de despejo por falta de pagamento,0.7,0,1,0,0,0,0,0,0
tributario,Direito Tributário,Tributário,RS,8276887,Alta,28,Repetição de indébito tributário,0.75,1,1,1,0,0,0,0,0
trabalhista,Direito Trabalhista,Trabalhista,SC,42506,Média,8,Reclamação trabalhista com pedido de horas extras,0.85,1,1,0,0,1,0,0,0
tributario,Direito Tributário,Tributário,SC,7243166,Alta,31,Mandado de segurança contra cobrança de ICMS,0.65,0,1,0,0,0,0,0,0
agrario,Direito Agrário,Agrário,PR,3488256,Média,15,Conflito de terras entre posseiros,0.6,0,0,0,1,0,0,0,0
trabalhista,Direito Trabalhista,Trabalhista,MS,95467,Média,8,Equiparação salarial entre empregados,0.75,1,0,0,0,0,0,0,0
empresarial,Direito Empresarial,Empresarial,DF,7181925,Média,14,Processo jurídico na área de empresarial,0.83,0,1,0,0,1,0,0,1
civil,Direito Civil,Civil,MS,491824,Baixa,10,Rescisão contratual com pedido de restituição de valores,0.8,1,1,1,0,0,0,0,0
trabalhista,Direito Trabalhista,Trabalhista,PE,72844,Média,8,Reclamação trabalhista com pedido de horas extras,0.8,1,0,0,0,1,0,0,0
trabalhista,Direito Trabalhista,Trabalhista,BA,88089,Média,8,Reclamação trabalhista com pedido de horas extras,0.85,1,1,0,0,1,0,0,0
consumidor,Direito do Consumidor,Civil,RJ,15345,Alta,17,Negativação indevida do nome do consumidor,0.8,0,0,0,0,1,0,0,0
consumidor,Direito do Consumidor,Civil,GO,4232,Média,10,Vício em produto com pedido de substituição,0.8,0,0,1,0,0,0,0,0
penal,Direito Penal,Penal,SC,0,Baixa,17,Ação penal por crime ambiental,0.5,0,0,1,0,0,0,0,0
civil,Direito Civil,Civil,RJ,267121,Média,12,Ação de despejo por falta de pagamento,0.7,0,1,0,0,0,0,0,0
previdenciario,Direito Previdenciário,Previdenciário,PR,25009,Baixa,12,Processo jurídico na área de previdenciario,0.82,1,0,0,1,0,0,0,0
administrativo,Direito Administrativo,Administrativo,BA,679974,Baixa,19,Processo jurídico na área de administrativo,0.62,0,1,0,0,0,0,1,0
consumidor,Direito do Consumidor,Civil,SC,17319,Baixa,7,Propaganda enganosa com pedido de indenização,0.9,0,1,1,0,1,0,0,0
tributario,Direito Tributário,Tributário,PE,8943507,Alta,29,Execução fiscal de débito previdenciário,0.75,1,1,1,0,0,0,0,0
consumidor,Direito do Consumidor,Civil,MS,40565,Média,10,Propaganda enganosa com pedido de indenização,0.9,0,1,1,0,1,0,0,0
ambiental,Direito Ambiental,Ambiental,GO,92908733,Alta,27,Processo jurídico na área de ambiental,0.63,0,0,0,0,0,0,0,1
civil,Direito Civil,Civil,SP,337805,Média,12,Cobrança de dívida com pedido de penhora de bens,0.8,1,1,1,0,0,0,0,0
civil,Direito Civil,Civil,SP,164568,Baixa,11,Rescisão contratual com pedido de restituição de valores,0.7,1,0,0,0,0,0,0,0
penal,Direito Penal,Penal,MS,0,Média,18,Ação penal por crime ambiental,0.6,0,1,1,0,0,0,1,0
trabalhista,Direito Trabalhista,Trabalhista,SP,39366,Média,8,Cobrança de verbas rescisórias não pagas,0.8,1,0,0,0,1,0,0,0
previdenciario,Direito Previdenciário,Previdenciário,CE,14375,Média,16,Processo jurídico na área de previdenciario,0.77,0,0,0,0,1,0,0,0
previdenciario,Direito Previdenciário,Previdenciário,SP,67146,Média,16,Processo jurídico na área de previdenciario,0.87,1,0,0,1,1,0,0,0
administrativo,Direito Administrativo,Administrativo,SP,66305,Média,20,Processo jurídico na área de administrativo,0.57,0,0,1,0,0,0,0,0
penal,Direito Penal,Penal,GO,0,Alta,22,Ação penal por crime ambiental,0.55,0,0,1,0,0,0,1,0
penal,Direito Penal,Penal,PR,0,Média,18,Investigação de crime tributário,0.6,0,1,1,0,0,0,1,0
trabalhista,Direito Trabalhista,Trabalhista,RS,20438,Alta,16,Cobrança de verbas rescisórias não pagas,0.75,0,1,0,0,0,0,0,0
consumidor,Direito do Consumidor,Civil,RS,34654,Média,10,Propaganda enganosa com pedido de indenização,0.8,0,1,0,0,0,0,0,0
previdenciario,Direito Previdenciário,Previdenciário,PE,69004,Baixa,15,Processo jurídico na área de previdenciario,0.87,1,0,0,1,1,0,0,0
civil,Direito Civil,Civil,CE,390884,Média,12,Rescisão contratual com pedido de restituição de valores,0.7,0,1,0,0,0,0,0,0
civil,Direito Civil,Civil,MT,382569,Média,12,Ação de indenização por danos morais e materiais decorrente de acidente de trânsito,0.8,1,1,1,0,0,0,0,0
civil,Direito Civil,Civil,PE,355761,Baixa,9,Ação de indenização por danos morais e materiais decorrente de acidente de trânsito,0.8,1,1,1,0,0,0,0,0
previdenciario,Direito Previdenciário,Previdenciário,RJ,83542,Alta,21,Processo jurídico na área de previdenciario,0.82,0,0,0,1,1,0,0,0
empresarial,Direito Empresarial,Empresarial,PR,18198932,Média,14,Processo jurídico na área de empresarial,0.73,0,0,0,0,1,0,0,0
empresarial,Direito Empresarial,Empresarial,MT,19529172,Média,14,Processo jurídico na área de empresarial,0.83,0,1,0,0,1,0,0,1
agrario,Direito Agrário,Agrário,ES,331321,Alta,19,Ação de usucapião de imóvel rural,0.65,1,0,1,0,0,0,0,0
tributario,Direito Tributário,Tributário,PR,4531871,Alta,30,Repetição de indébito tributário,0.7,0,1,1,0,0,0,0,0
trabalhista,Direito Trabalhista,Trabalhista,PR,58520,Média,8,Cobrança de verbas rescisórias não pagas,0.8,1,0,0,0,1,0,0,0
ambiental,Direito Ambiental,Ambiental,RS,44576631,Média,22,Processo jurídico na área de ambiental,0.73,0,0,0,1,0,0,1,1
penal,Direito Penal,Penal,RJ,0,Alta,25,Processo por lesão corporal dolosa,0.5,0,0,1,0,0,0,0,0
previdenciario,Direito Previdenciário,Previdenciário,SP,153589,Alta,23,Processo jurídico na área de previdenciario,0.87,1,0,0,1,1,0,0,0
agrario,Direito Agrário,Agrário,RJ,4003840,Média,15,Conflito de terras entre posseiros,0.65,1,0,0,1,0,0,0,0
agrario,Direito Agrário,Agrário,DF,835903,Alta,20,Regularização fundiária de propriedade rural,0.7,1,0,1,1,0,0,0,0
agrario,Direito Agrário,Agrário,CE,3444843,Alta,18,Conflito de terras entre posseiros,0.65,1,0,1,0,0,0,0,0
empresarial,Direito Empresarial,Empresarial,MG,16911919,Média,14,Processo jurídico na área de empresarial,0.73,0,0,0,0,0,0,0,1
civil,Direito Civil,Civil,CE,381711,Baixa,10,Ação de despejo por falta de pagamento,0.7,0,0,1,0,0,0,0,0
administrativo,Direito Administrativo,Administrativo,SC,503374,Alta,26,Processo jurídico na área de administrativo,0.67,0,1,1,0,0,0,1,0
consumidor,Direito do Consumidor,Civil,RJ,32243,Baixa,8,Propaganda enganosa com pedido de indenização,0.85,0,1,0,0,1,0,0,0
administrativo,Direito Administrativo,Administrativo,MS,170006,Média,20,Processo jurídico na área de administrativo,0.57,0,0,1,0,0,0,0,0
trabalhista,Direito Trabalhista,Trabalhista,ES,84507,Média,8,Cobrança de verbas rescisórias não pagas,0.85,1,1,0,0,1,0,0,0
consumidor,Direito do Consumidor,Civil,PE,12641,Baixa,7,Cobrança indevida de tarifa bancária com pedido de repetição,0.9,0,1,1,0,1,0,0,0
civil,Direito Civil,Civil,MG,444645,Alta,20,Rescisão contratual com pedido de restituição de valores,0.75,1,0,1,0,0,0,0,0
civil,Direito Civil,Civil,DF,104824,Alta,18,Rescisão contratual com pedido de restituição de valores,0.7,0,1,0,0,0,0,0,0
consumidor,Direito do Consumidor,Civil,PR,43705,Média,10,Propaganda enganosa com pedido de indenização,0.85,0,1,1,0,0,0,0,0
agrario,Direito Agrário,Agrário,MT,3192022,Alta,20,Desapropriação para fins de reforma agrária,0.7,1,0,1,1,0,0,0,0
previdenciario,Direito Previdenciário,Previdenciário,ES,62656,Alta,24,Processo jurídico na área de previdenciario,0.82,1,0,0,1,0,0,0,0
civil,Direito Civil,Civil,MG,87468,Média,12,Ação de indenização por danos morais e materiais decorrente de acidente de trânsito,0.7,0,1,0,0,0,0,0,0
empresarial,Direito Empresarial,Empresarial,RJ,20845502,Média,14,Processo jurídico na área de empresarial,0.78,0,1,0,0,1,0,0,0
trabalhista,Direito Trabalhista,Trabalhista,RS,61948,Média,8,Cobrança de verbas rescisórias não pagas,0.85,1,1,0,0,1,0,0,0
penal,Direito Penal,Penal,MS,0,Alta,26,Ação penal por crime contra o patrimônio,0.55,0,1,0,0,0,0,1,0
penal,Direito Penal,Penal,PE,0,Alta,21,Ação penal por crime ambiental,0.5,0,0,1,0,0,0,0,0
trabalhista,Direito Trabalhista,Trabalhista,CE,31320,Média,8,Equiparação salarial entre empregados,0.85,1,1,0,0,1,0,0,0
trabalhista,Direito Trabalhista,Trabalhista,ES,8878,Baixa,5,Reclamação trabalhista com pedido de horas extras,0.75,1,0,0,0,0,0,0,0
civil,Direito Civil,Civil,RS,434722,Média,12,Rescisão contratual com pedido de restituição de valores,0.8,1,1,1,0,0,0,0,0
consumidor,Direito do Consumidor,Civil,CE,28024,Média,10,Cobrança indevida de tarifa bancária com pedido de repetição,0.9,0,1,1,0,1,0,0,0
consumidor,Direito do Consumidor,Civil,DF,7959,Média,10,Vício em produto com pedido de substituição,0.8,0,1,0,0,0,0,0,0
tributario,Direito Tributário,Tributário,RS,4999162,Baixa,20,Execução fiscal de débito previdenciário,0.7,1,0,1,0,0,0,0,0
trabalhista,Direito Trabalhista,Trabalhista,GO,38544,Alta,14,Reclamação trabalhista com pedido de horas extras,0.8,1,1,0,0,0,0,0,0
civil,Direito Civil,Civil,PE,182238,Média,12,Ação de indenização por danos morais e materiais decorrente de acidente de trânsito,0.75,0,1,1,0,0,0,0,0
agrario,Direito Agrário,Agrário,GO,3344491,Alta,23,Ação de usucapião de imóvel rural,0.65,1,0,1,0,0,0,0,0
penal,Direito Penal,Penal,MT,0,Alta,22,Processo por lesão corporal dolosa,0.6,0,1,1,0,0,0,1,0
agrario,Direito Agrário,Agrário,MG,958759,Alta,23,Ação de usucapião de imóvel rural,0.65,1,0,0,1,0,0,0,0
consumidor,Direito do Consumidor,Civil,RJ,4526,Alta,15,Vício em produto com pedido de substituição,0.9,0,1,1,0,1,0,0,0
consumidor,Direito do Consumidor,Civil,CE,18755,Baixa,6,Negativação indevida do nome do consumidor,0.9,0,1,1,0,1,0,0,0
agrario,Direito Agrário,Agrário,SC,4765398,Alta,21,Regularização fundiária de propriedade rural,0.7,1,0,1,1,0,0,0,0
trabalhista,Direito Trabalhista,Trabalhista,MG,25563,Alta,15,Reclamação trabalhista com pedido de horas extras,0.85,1,1,0,0,1,0,0,0
consumidor,Direito do Consumidor,Civil,PR,42002,Baixa,8,Propaganda enganosa com pedido de indenização,0.85,0,0,1,0,1,0,0,0
agrario,Direito Agrário,Agrário,ES,2041429,Alta,19,Ação de usucapião de imóvel rural,0.6,0,0,0,1,0,0,0,0
tributario,Direito Tributário,Tributário,CE,5883780,Média,24,Repetição de indébito tributário,0.65,1,0,0,0,0,0,0,0
trabalhista,Direito Trabalhista,Trabalhista,PE,82298,Alta,15,Ação de rescisão indireta por assédio moral,0.75,0,0,0,0,1,0,0,0
civil,Direito Civil,Civil,PE,266677,Média,12,Cobrança de dívida com pedido de penhora de bens,0.8,1,1,1,0,0,0,0,0
militar,Direito Militar,Militar,CE,0,Média,12,Processo jurídico na área de militar,0.65,0,1,1,0,0,0,1,0
civil,Direito Civil,Civil,ES,300689,Baixa,8,Ação de indenização por danos morais e materiais decorrente de acidente de trânsito,0.7,0,1,0,0,0,0,0,0
trabalhista,Direito Trabalhista,Trabalhista,CE,91845,Alta,13,Ação de rescisão indireta por assédio moral,0.75,1,0,0,0,0,0,0,0
trabalhista,Direito Trabalhista,Trabalhista,RS,7736,Baixa,7,Reclamação trabalhista com pedido de horas extras,0.75,0,0,0,0,1,0,0,0
trabalhista,Direito Trabalhista,Trabalhista,GO,53140,Média,8,Ação de rescisão indireta por assédio moral,0.85,1,1,0,0,1,0,0,0
tributario,Direito Tributário,Tributário,SC,3861275,Alta,29,Mandado de segurança contra cobrança de ICMS,0.65,1,0,0,0,0,0,0,0
trabalhista,Direito Trabalhista,Trabalhista,RS,32568,Alta,15,Cobrança de verbas rescisórias não pagas,0.75,0,0,0,0,1,0,0,0
tributario,Direito Tributário,Tributário,RS,3612301,Média,24,Ação anulatória de auto de infração,0.75,1,1,1,0,0,0,0,0
civil,Direito Civil,Civil,DF,318062,Média,12,Ação de indenização por danos morais e materiais decorrente de acidente de trânsito,0.8,1,1,1,0,0,0,0,0
tributario,Direito Tributário,Tributário,MG,1513543,Alta,32,Mandado de segurança contra cobrança de ICMS,0.75,1,1,1,0,0,0,0,0
civil,Direito Civil,Civil,BA,379622,Baixa,9,Ação de despejo por falta de pagamento,0.7,1,0,0,0,0,0,0,0
agrario,Direito Agrário,Agrário,MG,2768735,Alta,22,Regularização fundiária de propriedade rural,0.7,1,0,1,1,0,0,0,0
penal,Direito Penal,Penal,MS,0,Alta,23,Investigação de crime tributário,0.5,0,0,1,0,0,0,0,0
empresarial,Direito Empresarial,Empresarial,MT,20604868,Baixa,11,Processo jurídico na área de empresarial,0.78,0,1,0,0,1,0,0,0
trabalhista,Direito Trabalhista,Trabalhista,MG,91275,Média,8,Ação de rescisão indireta por assédio moral,0.85,1,1,0,0,1,0,0,0
trabalhista,Direito Trabalhista,Trabalhista,PE,56054,Alta,16,Reclamação trabalhista com pedido de horas extras,0.85,1,1,0,0,1,0,0,0
penal,Direito Penal,Penal,RS,0,Alta,26,Processo por lesão corporal dolosa,0.55,0,0,1,0,0,0,1,0
previdenciario,Direito Previdenciário,Previdenciário,PE,45012,Baixa,14,Processo jurídico na área de previdenciario,0.82,1,0,0,1,0,0,0,0
penal,Direito Penal,Penal,SC,0,Alta,22,Processo por lesão corporal dolosa,0.5,0,0,0,0,0,0,1,0
agrario,Direito Agrário,Agrário,CE,538294,Alta,22,Desapropriação para fins de reforma agrária,0.65,1,0,1,0,0,0,0,0
tributario,Direito Tributário,Tributário,PE,1992391,Média,24,Mandado de segurança contra cobrança de ICMS,0.65,0,1,0,0,0,0,0,0
tributario,Direito Tributário,Tributário,MS,6912370,Alta,31,Mandado de segurança contra cobrança de ICMS,0.65,0,1,0,0,0,0,0,0
previdenciario,Direito Previdenciário,Previdenciário,GO,100555,Baixa,15,Processo jurídico na área de previdenciario,0.87,1,0,0,1,1,0,0,0
penal,Direito Penal,Penal,GO,0,Alta,22,Ação penal por crime contra o patrimônio,0.55,0,0,1,0,0,0,1,0
trabalhista,Direito Trabalhista,Trabalhista,MT,4378,Média,8,Reclamação trabalhista com pedido de horas extras,0.8,0,1,0,0,1,0,0,0
trabalhista,Direito Trabalhista,Trabalhista,PE,49126,Média,8,Reclamação trabalhista com pedido de horas extras,0.85,1,1,0,0,1,0,0,0
tributario,Direito Tributário,Tributário,RJ,3402379,Alta,32,Ação anulatória de auto de infração,0.65,0,1,0,0,0,0,0,0
penal,Direito Penal,Penal,MG,0,Alta,25,Ação penal por crime ambiental,0.6,0,1,1,0,0,0,1,0
consumidor,Direito do Consumidor,Civil,GO,1864,Baixa,8,Cobrança indevida de tarifa bancária com pedido de repetição,0.85,0,0,1,0,1,0,0,0
penal,Direito Penal,Penal,CE,0,Alta,23,Ação penal por crime contra o patrimônio,0.55,0,1,0,0,0,0,1,0
consumidor,Direito do Consumidor,Civil,DF,12011,Baixa,9,Propaganda enganosa com pedido de indenização,0.9,0,1,1,0,1,0,0,0
administrativo,Direito Administrativo,Administrativo,PE,410809,Média,20,Processo jurídico na área de administrativo,0.67,0,1,1,0,0,0,1,0
consumidor,Direito do Consumidor,Civil,ES,20779,Média,10,Cobrança indevida de tarifa bancária com pedido de repetição,0.8,0,0,0,0,1,0,0,0
administrativo,Direito Administrativo,Administrativo,RJ,137168,Alta,23,Processo jurídico na área de administrativo,0.67,0,1,1,0,0,0,1,0
civil,Direito Civil,Civil,CE,225920,Média,12,Ação de despejo por falta de pagamento,0.8,1,1,1,0,0,0,0,0
consumidor,Direito do Consumidor,Civil,BA,6351,Baixa,8,Negativação indevida do nome do consumidor,0.85,0,1,0,0,1,0,0,0
empresarial,Direito Empresarial,Empresarial,DF,3037179,Alta,22,Processo jurídico na área de empresarial,0.83,0,1,0,0,1,0,0,1
tributario,Direito Tributário,Tributário,MS,8723639,Baixa,23,Execução fiscal de débito previdenciário,0.7,1,1,0,0,0,0,0,0
tributario,Direito Tributário,Tributário,RS,6981882,Baixa,23,Mandado de segurança contra cobrança de ICMS,0.65,1,0,0,0,0,0,0,0
empresarial,Direito Empresarial,Empresarial,MG,37925562,Média,14,Processo jurídico na área de empresarial,0.73,0,0,0,0,1,0,0,0
trabalhista,Direito Trabalhista,Trabalhista,RJ,63617,Média,8,Reclamação trabalhista com pedido de horas extras,0.85,1,1,0,0,1,0,0,0
consumidor,Direito do Consumidor,Civil,MS,48700,Média,10,Vício em produto com pedido de substituição,0.85,0,0,1,0,1,0,0,0
penal,Direito Penal,Penal,MG,0,Alta,22,Ação penal por crime contra o patrimônio,0.6,0,1,1,0,0,0,1,0
civil,Direito Civil,Civil,ES,205783,Alta,16,Ação de indenização por danos morais e materiais decorrente de acidente de trânsito,0.75,0,1,1,0,0,0,0,0
administrativo,Direito Administrativo,Administrativo,MG,519419,Alta,28,Processo jurídico na área de administrativo,0.62,0,1,0,0,0,0,1,0
civil,Direito Civil,Civil,RS,73885,Baixa,8,Ação de despejo por falta de pagamento,0.7,0,0,1,0,0,0,0,0
trabalhista,Direito Trabalhista,Trabalhista,PR,9369,Média,8,Reclamação trabalhista com pedido de horas extras,0.85,1,1,0,0,1,0,0,0
consumidor,Direito do Consumidor,Civil,SC,30315,Baixa,6,Vício em produto com pedido de substituição,0.9,0,1,1,0,1,0,0,0
trabalhista,Direito Trabalhista,Trabalhista,SC,62094,Baixa,4,Cobrança de verbas rescisórias não pagas,0.8,1,1,0,0,0,0,0,0
agrario,Direito Agrário,Agrário,RJ,1724918,Alta,22,Regularização fundiária de propriedade rural,0.6,0,0,1,0,0,0,0,0
ambiental,Direito Ambiental,Ambiental,MG,67200354,Alta,27,Processo jurídico na área de ambiental,0.63,0,0,0,0,0,0,1,0
agrario,Direito Agrário,Agrário,MT,4116108,Alta,19,Conflito de terras entre posseiros,0.7,1,0,1,1,0,0,0,0
penal,Direito Penal,Penal,SP,0,Alta,26,Processo por lesão corporal dolosa,0.6,0,1,1,0,0,0,1,0
penal,Direito Penal,Penal,RS,0,Média,18,Ação penal por crime contra o patrimônio,0.55,0,1,1,0,0,0,0,0
ambiental,Direito Ambiental,Ambiental,MS,3941928,Baixa,20,Processo jurídico na área de ambiental,0.63,0,0,0,0,0,0,0,1
trabalhista,Direito Trabalhista,Trabalhista,MT,18414,Baixa,7,Cobrança de verbas rescisórias não pagas,0.85,1,1,0,0,1,0,0,0
penal,Direito Penal,Penal,MG,0,Alta,23,Investigação de crime tributário,0.6,0,1,1,0,0,0,1,0
civil,Direito Civil,Civil,MG,263075,Média,12,Rescisão contratual com pedido de restituição de valores,0.8,1,1,1,0,0,0,0,0
civil,Direito Civil,Civil,MG,148231,Baixa,10,Cobrança de dívida com pedido de penhora de bens,0.7,0,0,1,0,0,0,0,0
empresarial,Direito Empresarial,Empresarial,CE,43575419,Média,14,Processo jurídico na área de empresarial,0.78,0,1,0,0,1,0,0,0
agrario,Direito Agrário,Agrário,RS,1559775,Alta,23,Desapropriação para fins de reforma agrária,0.65,1,0,0,1,0,0,0,0
consumidor,Direito do Consumidor,Civil,MG,12149,Baixa,6,Vício em produto com pedido de substituição,0.85,0,1,1,0,0,0,0,0
penal,Direito Penal,Penal,MG,0,Média,18,Ação penal por crime contra o patrimônio,0.55,0,0,1,0,0,0,1,0
tributario,Direito Tributário,Tributário,PR,7733719,Média,24,Repetição de indébito tributário,0.75,1,1,1,0,0,0,0,0
ambiental,Direito Ambiental,Ambiental,SP,88432962,Alta,28,Processo jurídico na área de ambiental,0.63,0,0,0,0,0,0,1,0
civil,Direito Civil,Civil,MT,403060,Baixa,10,Ação de indenização por danos morais e materiais decorrente de acidente de trânsito,0.75,0,1,1,0,0,0,0,0
penal,Direito Penal,Penal,RS,0,Alta,26,Investigação de crime tributário,0.55,0,1,0,0,0,0,1,0
agrario,Direito Agrário,Agrário,SC,3242984,Média,15,Desapropriação para fins de reforma agrária,0.65,0,0,1,1,0,0,0,0
civil,Direito Civil,Civil,MG,196438,Baixa,9,Cobrança de dívida com pedido de penhora de bens,0.8,1,1,1,0,0,0,0,0
empresarial,Direito Empresarial,Empresarial,SC,7590600,Média,14,Processo jurídico na área de empresarial,0.83,0,1,0,0,1,0,0,1
trabalhista,Direito Trabalhista,Trabalhista,PR,6480,Média,8,Equiparação salarial entre empregados,0.85,1,1,0,0,1,0,0,0
civil,Direito Civil,Civil,PR,444397,Média,12,Cobrança de dívida com pedido de penhora de bens,0.7,0,0,1,0,0,0,0,0
civil,Direito Civil,Civil,MT,193765,Alta,18,Ação de indenização por danos morais e materiais decorrente de acidente de trânsito,0.8,1,1,1,0,0,0,0,0
consumidor,Direito do Consumidor,Civil,GO,14850,Média,10,Vício em produto com pedido de substituição,0.9,0,1,1,0,1,0,0,0
agrario,Direito Agrário,Agrário,MG,2713756,Alta,23,Conflito de terras entre posseiros,0.7,1,0,1,1,0,0,0,0
agrario,Direito Agrário,Agrário,MT,687215,Alta,20,Ação de usucapião de imóvel rural,0.65,0,0,1,1,0,0,0,0
trabalhista,Direito Trabalhista,Trabalhista,SC,61221,Média,8,Cobrança de verbas rescisórias não pagas,0.75,0,0,0,0,1,0,0,0
civil,Direito Civil,Civil,RJ,160199,Baixa,8,Cobrança de dívida com pedido de penhora de bens,0.7,0,0,1,0,0,0,0,0
trabalhista,Direito Trabalhista,Trabalhista,RS,67417,Média,8,Equiparação salarial entre empregados,0.75,0,0,0,0,1,0,0,0
consumidor,Direito do Consumidor,Civil,PR,18881,Baixa,8,Propaganda enganosa com pedido de indenização,0.9,0,1,1,0,1,0,0,0
empresarial,Direito Empresarial,Empresarial,MG,32765448,Média,14,Processo jurídico na área de empresarial,0.83,0,1,0,0,1,0,0,1
penal,Direito Penal,Penal,PR,0,Baixa,16,Investigação de crime tributário,0.6,0,1,1,0,0,0,1,0
civil,Direito Civil,Civil,PE,208062,Baixa,10,Ação de despejo por falta de pagamento,0.75,0,1,1,0,0,0,0,0
agrario,Direito Agrário,Agrário,MG,621050,Média,15,Desapropriação para fins de reforma agrária,0.6,0,0,0,1,0,0,0,0
agrario,Direito Agrário,Agrário,CE,365408,Alta,18,Desapropriação para fins de reforma agrária,0.6,0,0,1,0,0,0,0,0
agrario,Direito Agrário,Agrário,MG,4824452,Alta,21,Desapropriação para fins de reforma agrária,0.7,1,0,1,1,0,0,0,0
agrario,Direito Agrário,Agrário,MG,2241316,Alta,18,Ação de usucapião de imóvel rural,0.65,0,0,1,1,0,0,0,0
civil,Direito Civil,Civil,PE,321953,Alta,17,Ação de despejo por falta de pagamento,0.7,0,0,1,0,0,0,0,0
trabalhista,Direito Trabalhista,Trabalhista,MG,92666,Alta,12,Cobrança de verbas rescisórias não pagas,0.8,1,0,0,0,1,0,0,0
trabalhista,Direito Trabalhista,Trabalhista,DF,56831,Baixa,6,Reclamação trabalhista com pedido de horas extras,0.85,1,1,0,0,1,0,0,0
eleitoral,Direito Eleitoral,Eleitoral,MS,0,Alta,12,Processo jurídico na área de eleitoral,0.72,0,0,0,0,0,1,1,0
agrario,Direito Agrário,Agrário,RJ,2093120,Alta,19,Conflito de terras entre posseiros,0.6,0,0,1,0,0,0,0,0
administrativo,Direito Administrativo,Administrativo,BA,115285,Alta,25,Processo jurídico na área de administrativo,0.57,0,1,0,0,0,0,0,0
empresarial,Direito Empresarial,Empresarial,RJ,37847649,Média,14,Processo jurídico na área de empresarial,0.78,0,0,0,0,1,0,0,1
consumidor,Direito do Consumidor,Civil,RJ,25849,Média,10,Propaganda enganosa com pedido de indenização,0.85,0,0,1,0,1,0,0,0
agrario,Direito Agrário,Agrário,MS,4779094,Alta,21,Ação de usucapião de imóvel rural,0.6,0,0,0,1,0,0,0,0
trabalhista,Direito Trabalhista,Trabalhista,SP,22447,Baixa,6,Reclamação trabalhista com pedido de horas extras,0.75,1,0,0,0,0,0,0,0
civil,Direito Civil,Civil,CE,97539,Alta,18,Ação de indenização por danos morais e materiais decorrente de acidente de trânsito,0.7,0,1,0,0,0,0,0,0
consumidor,Direito do Consumidor,Civil,MT,35744,Alta,15,Propaganda enganosa com pedido de indenização,0.9,0,1,1,0,1,0,0,0
trabalhista,Direito Trabalhista,Trabalhista,GO,88706,Média,8,Ação de rescisão indireta por assédio moral,0.75,1,0,0,0,0,0,0,0
penal,Direito Penal,Penal,SC,0,Alta,22,Processo por lesão corporal dolosa,0.5,0,0,0,0,0,0,1,0
empresarial,Direito Empresarial,Empresarial,SC,36472676,Média,14,Processo jurídico na área de empresarial,0.78,0,1,0,0,0,0,0,1
agrario,Direito Agrário,Agrário,PE,2803845,Alta,23,Regularização fundiária de propriedade rural,0.65,1,0,0,1,0,0,0,0
trabalhista,Direito Trabalhista,Trabalhista,MG,99259,Média,8,Equiparação salarial entre empregados,0.8,1,1,0,0,0,0,0,0
penal,Direito Penal,Penal,ES,0,Alta,26,Investigação de crime tributário,0.6,0,1,1,0,0,0,1,0
civil,Direito Civil,Civil,BA,192139,Alta,20,Ação de despejo por falta de pagamento,0.7,0,0,1,0,0,0,0,0
civil,Direito Civil,Civil,MS,220782,Média,12,Rescisão contratual com pedido de restituição de valores,0.8,1,1,1,0,0,0,0,0
consumidor,Direito do Consumidor,Civil,RS,21076,Baixa,7,Vício em produto com pedido de substituição,0.8,0,1,0,0,0,0,0,0
administrativo,Direito Administrativo,Administrativo,MT,670473,Baixa,18,Processo jurídico na área de administrativo,0.62,0,0,1,0,0,0,1,0
agrario,Direito Agrário,Agrário,MT,51383,Média,15,Desapropriação para fins de reforma agrária,0.6,1,0,0,0,0,0,0,0
previdenciario,Direito Previdenciário,Previdenciário,SP,5461,Média,16,Processo jurídico na área de previdenciario,0.77,1,0,0,0,0,0,0,0
empresarial,Direito Empresarial,Empresarial,PE,21232131,Média,14,Processo jurídico na área de empresarial,0.78,0,1,0,0,0,0,0,1
civil,Direito Civil,Civil,CE,189717,Média,12,Ação de despejo por falta de pagamento,0.8,1,1,1,0,0,0,0,0
empresarial,Direito Empresarial,Empresarial,RJ,29922406,Alta,17,Processo jurídico na área de empresarial,0.73,0,0,0,0,0,0,0,1
empresarial,Direito Empresarial,Empresarial,SP,36426402,Alta,19,Processo jurídico na área de empresarial,0.73,0,0,0,0,1,0,0,0
tributario,Direito Tributário,Tributário,GO,3346014,Alta,30,Ação anulatória de auto de infração,0.65,0,1,0,0,0,0,0,0
consumidor,Direito do Consumidor,Civil,BA,35196,Média,10,Vício em produto com pedido de substituição,0.85,0,1,1,0,0,0,0,0
trabalhista,Direito Trabalhista,Trabalhista,RJ,43063,Alta,15,Reclamação trabalhista com pedido de horas extras,0.8,0,1,0,0,1,0,0,0
administrativo,Direito Administrativo,Administrativo,BA,259873,Alta,28,Processo jurídico na área de administrativo,0.62,0,1,1,0,0,0,0,0
penal,Direito Penal,Penal,BA,0,Alta,26,Ação penal por crime ambiental,0.55,0,1,1,0,0,0,0,0
civil,Direito Civil,Civil,SC,147010,Alta,17,Ação de despejo por falta de pagamento,0.7,0,0,1,0,0,0,0,0
consumidor,Direito do Consumidor,Civil,SC,37583,Média,10,Propaganda enganosa com pedido de indenização,0.85,0,0,1,0,1,0,0,0
consumidor,Direito do Consumidor,Civil,MG,32109,Média,10,Propaganda enganosa com pedido de indenização,0.9,0,1,1,0,1,0,0,0
civil,Direito Civil,Civil,PE,220695,Média,12,Rescisão contratual com pedido de restituição de valores,0.8,1,1,1,0,0,0,0,0
tributario,Direito Tributário,Tributário,CE,1846174,Alta,27,Repetição de indébito tributário,0.7,1,1,0,0,0,0,0,0
administrativo,Direito Administrativo,Administrativo,RS,511079,Alta,24,Processo jurídico na área de administrativo,0.57,0,0,1,0,0,0,0,0
consumidor,Direito do Consumidor,Civil,MT,24929,Baixa,8,Cobrança indevida de tarifa bancária com pedido de repetição,0.8,0,0,1,0,0,0,0,0
penal,Direito Penal,Penal,DF,0,Alta,26,Processo por lesão corporal dolosa,0.55,0,1,0,0,0,0,1,0
trabalhista,Direito Trabalhista,Trabalhista,RJ,70771,Média,8,Equiparação salarial entre empregados,0.8,1,0,0,0,1,0,0,0
agrario,Direito Agrário,Agrário,CE,391226,Alta,20,Desapropriação para fins de reforma agrária,0.6,1,0,0,0,0,0,0,0
tributario,Direito Tributário,Tributário,SP,8958261,Média,24,Repetição de indébito tributário,0.75,1,1,1,0,0,0,0,0
civil,Direito Civil,Civil,MT,156190,Média,12,Rescisão contratual com pedido de restituição de valores,0.8,1,1,1,0,0,0,0,0
civil,Direito Civil,Civil,PR,292735,Baixa,8,Ação de indenização por danos morais e materiais decorrente de acidente de trânsito,0.75,1,0,1,0,0,0,0,0
administrativo,Direito Administrativo,Administrativo,ES,533390,Média,20,Processo jurídico na área de administrativo,0.57,0,0,1,0,0,0,0,0
ambiental,Direito Ambiental,Ambiental,MT,64546353,Baixa,19,Processo jurídico na área de ambiental,0.63,0,0,0,0,0,0,0,1
previdenciario,Direito Previdenciário,Previdenciário,SC,40618,Alta,23,Processo jurídico na área de previdenciario,0.87,1,0,0,1,1,0,0,0
eleitoral,Direito Eleitoral,Eleitoral,RS,0,Média,6,Processo jurídico na área de eleitoral,0.67,0,0,0,0,0,0,1,0
previdenciario,Direito Previdenciário,Previdenciário,RJ,173136,Baixa,14,Processo jurídico na área de previdenciario,0.77,0,0,0,0,1,0,0,0
trabalhista,Direito Trabalhista,Trabalhista,SC,52480,Média,8,Reclamação trabalhista com pedido de horas extras,0.75,0,0,0,0,1,0,0,0
civil,Direito Civil,Civil,SC,403826,Média,12,Cobrança de dívida com pedido de penhora de bens,0.7,1,0,0,0,0,0,0,0
civil,Direito Civil,Civil,SC,244039,Média,12,Rescisão contratual com pedido de restituição de valores,0.75,1,1,0,0,0,0,0,0
consumidor,Direito do Consumidor,Civil,RJ,46903,Média,10,Negativação indevida do nome do consumidor,0.8,0,0,1,0,0,0,0,0
penal,Direito Penal,Penal,MT,0,Alta,21,Processo por lesão corporal dolosa,0.55,0,1,0,0,0,0,1,0
previdenciario,Direito Previdenciário,Previdenciário,PR,197501,Média,16,Processo jurídico na área de previdenciario,0.82,1,0,0,1,0,0,0,0
trabalhista,Direito Trabalhista,Trabalhista,RS,81175,Média,8,Ação de rescisão indireta por assédio moral,0.75,0,0,0,0,1,0,0,0
consumidor,Direito do Consumidor,Civil,RS,28635,Média,10,Negativação indevida do nome do consumidor,0.8,0,0,1,0,0,0,0,0
civil,Direito Civil,Civil,GO,472670,Média,12,Cobrança de dívida com pedido de penhora de bens,0.75,1,1,0,0,0,0,0,0
empresarial,Direito Empresarial,Empresarial,SP,32926473,Alta,21,Processo jurídico na área de empresarial,0.83,0,1,0,0,1,0,0,1
agrario,Direito Agrário,Agrário,GO,3652967,Alta,22,Conflito de terras entre posseiros,0.7,1,0,1,1,0,0,0,0
trabalhista,Direito Trabalhista,Trabalhista,CE,25593,Média,8,Ação de rescisão indireta por assédio moral,0.75,0,1,0,0,0,0,0,0
civil,Direito Civil,Civil,MT,332917,Média,12,Ação de indenização por danos morais e materiais decorrente de acidente de trânsito,0.75,1,1,0,0,0,0,0,0
consumidor,Direito do Consumidor,Civil,PR,19120,Baixa,6,Cobrança indevida de tarifa bancária com pedido de repetição,0.8,0,0,0,0,1,0,0,0
trabalhista,Direito Trabalhista,Trabalhista,PE,77185,Média,8,Equiparação salarial entre empregados,0.8,1,0,0,0,1,0,0,0
tributario,Direito Tributário,Tributário,CE,9972993,Média,24,Execução fiscal de débito previdenciário,0.65,0,1,0,0,0,0,0,0
ambiental,Direito Ambiental,Ambiental,RJ,63997127,Média,22,Processo jurídico na área de ambiental,0.73,0,0,0,1,0,0,1,1
penal,Direito Penal,Penal,SP,0,Alta,24,Ação penal por crime contra o patrimônio,0.5,0,0,0,0,0,0,1,0
trabalhista,Direito Trabalhista,Trabalhista,MS,70335,Média,8,Reclamação trabalhista com pedido de horas extras,0.75,0,1,0,0,0,0,0,0
trabalhista,Direito Trabalhista,Trabalhista,GO,48098,Média,8,Ação de rescisão indireta por assédio moral,0.8,0,1,0,0,1,0,0,0
trabalhista,Direito Trabalhista,Trabalhista,CE,57200,Média,8,Cobrança de verbas rescisórias não pagas,0.8,1,0,0,0,1,0,0,0
consumidor,Direito do Consumidor,Civil,ES,3584,Média,10,Vício em produto com pedido de substituição,0.8,0,1,0,0,0,0,0,0
consumidor,Direito do Consumidor,Civil,DF,14764,Baixa,6,Vício em produto com pedido de substituição,0.9,0,1,1,0,1,0,0,0
civil,Direito Civil,Civil,RS,215203,Média,12,Rescisão contratual com pedido de restituição de valores,0.7,0,0,1,0,0,0,0,0
consumidor,Direito do Consumidor,Civil,MT,29019,Média,10,Cobrança indevida de tarifa bancária com pedido de repetição,0.9,0,1,1,0,1,0,0,0
civil,Direito Civil,Civil,RS,164920,Alta,15,Cobrança de dívida com pedido de penhora de bens,0.75,1,0,1,0,0,0,0,0
agrario,Direito Agrário,Agrário,GO,2991049,Alta,20,Desapropriação para fins de reforma agrária,0.6,1,0,0,0,0,0,0,0
trabalhista,Direito Trabalhista,Trabalhista,MT,16435,Média,8,Ação de rescisão indireta por assédio moral,0.85,1,1,0,0,1,0,0,0
penal,Direito Penal,Penal,MT,0,Alta,25,Ação penal por crime ambiental,0.6,0,1,1,0,0,0,1,0
trabalhista,Direito Trabalhista,Trabalhista,MS,53722,Alta,13,Cobrança de verbas rescisórias não pagas,0.75,0,0,0,0,1,0,0,0
tributario,Direito Tributário,Tributário,MS,2871767,Alta,27,Repetição de indébito tributário,0.65,0,1,0,0,0,0,0,0
agrario,Direito Agrário,Agrário,MT,2280367,Alta,23,Desapropriação para fins de reforma agrária,0.7,1,0,1,1,0,0,0,0
trabalhista,Direito Trabalhista,Trabalhista,SC,73319,Média,8,Cobrança de verbas rescisórias não pagas,0.75,0,1,0,0,0,0,0,0
civil,Direito Civil,Civil,MT,290667,Baixa,8,Cobrança de dívida com pedido de penhora de bens,0.75,1,1,0,0,0,0,0,0
empresarial,Direito Empresarial,Empresarial,DF,17701525,Alta,18,Processo jurídico na área de empresarial,0.78,0,0,0,0,1,0,0,1
tributario,Direito Tributário,Tributário,BA,7217312,Alta,29,Ação anulatória de auto de infração,0.7,0,1,1,0,0,0,0,0
consumidor,Direito do Consumidor,Civil,CE,27391,Baixa,8,Cobrança indevida de tarifa bancária com pedido de repetição,0.85,0,1,0,0,1,0,0,0
agrario,Direito Agrário,Agrário,ES,165223,Alta,21,Ação de usucapião de imóvel rural,0.6,0,0,1,0,0,0,0,0
civil,Direito Civil,Civil,MT,102612,Média,12,Rescisão contratual com pedido de restituição de valores,0.7,1,0,0,0,0,0,0,0
trabalhista,Direito Trabalhista,Trabalhista,SC,92152,Baixa,4,Cobrança de verbas rescisórias não pagas,0.8,1,0,0,0,1,0,0,0
administrativo,Direito Administrativo,Administrativo,DF,261973,Média,20,Processo jurídico na área de administrativo,0.57,0,0,0,0,0,0,1,0
tributario,Direito Tributário,Tributário,GO,9109073,Alta,32,Repetição de indébito tributário,0.7,0,1,1,0,0,0,0,0
consumidor,Direito do Consumidor,Civil,PR,5273,Média,10,Vício em produto com pedido de substituição,0.8,0,0,0,0,1,0,0,0
eleitoral,Direito Eleitoral,Eleitoral,PR,0,Baixa,5,Processo jurídico na área de eleitoral,0.77,0,1,0,0,0,1,1,0
agrario,Direito Agrário,Agrário,RJ,1432498,Alta,18,Conflito de terras entre posseiros,0.65,0,0,1,1,0,0,0,0
consumidor,Direito do Consumidor,Civil,SC,3517,Baixa,6,Propaganda enganosa com pedido de indenização,0.9,0,1,1,0,1,0,0,0
civil,Direito Civil,Civil,RS,301888,Alta,19,Cobrança de dívida com pedido de penhora de bens,0.8,1,1,1,0,0,0,0,0
consumidor,Direito do Consumidor,Civil,GO,3886,Média,10,Vício em produto com pedido de substituição,0.8,0,0,0,0,1,0,0,0
penal,Direito Penal,Penal,PR,0,Alta,23,Processo por lesão corporal dolosa,0.5,0,0,1,0,0,0,0,0
administrativo,Direito Administrativo,Administrativo,RJ,891290,Alta,28,Processo jurídico na área de administrativo,0.57,0,0,1,0,0,0,0,0
tributario,Direito Tributário,Tributário,MS,6107234,Alta,27,Mandado de segurança contra cobrança de ICMS,0.75,1,1,1,0,0,0,0,0
penal,Direito Penal,Penal,DF,0,Alta,21,Processo por lesão corporal dolosa,0.6,0,1,1,0,0,0,1,0
trabalhista,Direito Trabalhista,Trabalhista,SP,59085,Média,8,Equiparação salarial entre empregados,0.85,1,1,0,0,1,0,0,0
empresarial,Direito Empresarial,Empresarial,PR,23102215,Média,14,Processo jurídico na área de empresarial,0.73,0,0,0,0,1,0,0,0
ambiental,Direito Ambiental,Ambiental,MS,5045323,Média,22,Processo jurídico na área de ambiental,0.68,0,0,0,0,0,0,1,1
tributario,Direito Tributário,Tributário,GO,3969811,Baixa,23,Ação anulatória de auto de infração,0.75,1,1,1,0,0,0,0,0
consumidor,Direito do Consumidor,Civil,RJ,31547,Baixa,6,Propaganda enganosa com pedido de indenização,0.8,0,0,1,0,0,0,0,0
previdenciario,Direito Previdenciário,Previdenciário,DF,19416,Média,16,Processo jurídico na área de previdenciario,0.82,0,0,0,1,1,0,0,0
empresarial,Direito Empresarial,Empresarial,CE,17010902,Média,14,Processo jurídico na área de empresarial,0.83,0,1,0,0,1,0,0,1
consumidor,Direito do Consumidor,Civil,BA,16961,Baixa,6,Cobrança indevida de tarifa bancária com pedido de repetição,0.9,0,1,1,0,1,0,0,0
civil,Direito Civil,Civil,SC,437833,Média,12,Ação de indenização por danos morais e materiais decorrente de acidente de trânsito,0.75,1,1,0,0,0,0,0,0
administrativo,Direito Administrativo,Administrativo,SP,407061,Alta,23,Processo jurídico na área de administrativo,0.57,0,1,0,0,0,0,0,0
penal,Direito Penal,Penal,MS,0,Baixa,16,Ação penal por crime ambiental,0.5,0,1,0,0,0,0,0,0
administrativo,Direito Administrativo,Administrativo,SP,739579,Alta,28,Processo jurídico na área de administrativo,0.57,0,0,1,0,0,0,0,0
tributario,Direito Tributário,Tributário,DF,1001660,Alta,27,Execução fiscal de débito previdenciário,0.7,0,1,1,0,0,0,0,0
trabalhista,Direito Trabalhista,Trabalhista,SC,71887,Baixa,4,Reclamação trabalhista com pedido de horas extras,0.8,0,1,0,0,1,0,0,0
consumidor,Direito do Consumidor,Civil,MG,32942,Média,10,Vício em produto com pedido de substituição,0.8,0,0,0,0,1,0,0,0
consumidor,Direito do Consumidor,Civil,RJ,34229,Média,10,Negativação indevida do nome do consumidor,0.85,0,0,1,0,1,0,0,0
consumidor,Direito do Consumidor,Civil,PE,6688,Baixa,9,Negativação indevida do nome do consumidor,0.85,0,0,1,0,1,0,0,0
agrario,Direito Agrário,Agrário,GO,1750390,Baixa,12,Conflito de terras entre posseiros,0.7,1,0,1,1,0,0,0,0
previdenciario,Direito Previdenciário,Previdenciário,ES,69527,Alta,20,Processo jurídico na área de previdenciario,0.77,1,0,0,0,0,0,0,0
civil,Direito Civil,Civil,DF,451316,Baixa,10,Ação de indenização por danos morais e materiais decorrente de acidente de trânsito,0.75,1,1,0,0,0,0,0,0
penal,Direito Penal,Penal,SP,0,Alta,21,Ação penal por crime contra o patrimônio,0.55,0,0,1,0,0,0,1,0
empresarial,Direito Empresarial,Empresarial,PR,22896229,Média,14,Processo jurídico na área de empresarial,0.83,0,1,0,0,1,0,0,1
trabalhista,Direito Trabalhista,Trabalhista,MS,29909,Alta,11,Reclamação trabalhista com pedido de horas extras,0.85,1,1,0,0,1,0,0,0
civil,Direito Civil,Civil,SP,483054,Baixa,8,Cobrança de dívida com pedido de penhora de bens,0.8,1,1,1,0,0,0,0,0
administrativo,Direito Administrativo,Administrativo,PR,373925,Alta,28,Processo jurídico na área de administrativo,0.67,0,1,1,0,0,0,1,0
administrativo,Direito Administrativo,Administrativo,RJ,220841,Alta,25,Processo jurídico na área de administrativo,0.62,0,1,0,0,0,0,1,0
civil,Direito Civil,Civil,PR,358297,Baixa,8,Ação de despejo por falta de pagamento,0.8,1,1,1,0,0,0,0,0
trabalhista,Direito Trabalhista,Trabalhista,DF,60962,Baixa,6,Equiparação salarial entre empregados,0.75,1,0,0,0,0,0,0,0
trabalhista,Direito Trabalhista,Trabalhista,RJ,33002,Alta,16,Equiparação salarial entre empregados,0.8,1,1,0,0,0,0,0,0
administrativo,Direito Administrativo,Administrativo,MT,160256,Média,20,Processo jurídico na área de administrativo,0.57,0,1,0,0,0,0,0,0
penal,Direito Penal,Penal,ES,0,Média,18,Investigação de crime tributário,0.55,0,1,0,0,0,0,1,0
agrario,Direito Agrário,Agrário,GO,2631163,Alta,23,Desapropriação para fins de reforma agrária,0.6,0,0,0,1,0,0,0,0
trabalhista,Direito Trabalhista,Trabalhista,RJ,80392,Média,8,Cobrança de verbas rescisórias não pagas,0.8,1,0,0,0,1,0,0,0
trabalhista,Direito Trabalhista,Trabalhista,DF,56124,Baixa,6,Reclamação trabalhista com pedido de horas extras,0.75,1,0,0,0,0,0,0,0
trabalhista,Direito Trabalhista,Trabalhista,MS,73547,Alta,16,Reclamação trabalhista com pedido de horas extras,0.8,1,0,0,0,1,0,0,0
tributario,Direito Tributário,Tributário,MS,2507590,Média,24,Ação anulatória de auto de infração,0.75,1,1,1,0,0,0,0,0
administrativo,Direito Administrativo,Administrativo,DF,135368,Alta,27,Processo jurídico na área de administrativo,0.62,0,0,1,0,0,0,1,0
civil,Direito Civil,Civil,GO,309348,Média,12,Rescisão contratual com pedido de restituição de valores,0.7,0,0,1,0,0,0,0,0
administrativo,Direito Administrativo,Administrativo,BA,151548,Alta,28,Processo jurídico na área de administrativo,0.62,0,0,1,0,0,0,1,0
agrario,Direito Agrário,Agrário,MS,210598,Alta,19,Conflito de terras entre posseiros,0.7,1,0,1,1,0,0,0,0
tributario,Direito Tributário,Tributário,MT,7126633,Média,24,Mandado de segurança contra cobrança de ICMS,0.65,1,0,0,0,0,0,0,0
trabalhista,Direito Trabalhista,Trabalhista,RJ,99730,Alta,12,Reclamação trabalhista com pedido de horas extras,0.8,0,1,0,0,1,0,0,0
civil,Direito Civil,Civil,SP,330183,Média,12,Ação de despejo por falta de pagamento,0.75,0,1,1,0,0,0,0,0
empresarial,Direito Empresarial,Empresarial,DF,22534209,Média,14,Processo jurídico na área de empresarial,0.78,0,1,0,0,1,0,0,0
civil,Direito Civil,Civil,SP,483652,Média,12,Rescisão contratual com pedido de restituição de valores,0.8,1,1,1,0,0,0,0,0
civil,Direito Civil,Civil,CE,487972,Baixa,8,Rescisão contratual com pedido de restituição de valores,0.7,0,1,0,0,0,0,0,0
trabalhista,Direito Trabalhista,Trabalhista,ES,36989,Alta,13,Equiparação salarial entre empregados,0.75,0,1,0,0,0,0,0,0
agrario,Direito Agrário,Agrário,MS,573496,Média,15,Regularização fundiária de propriedade rural,0.7,1,0,1,1,0,0,0,0
civil,Direito Civil,Civil,CE,320049,Média,12,Rescisão contratual com pedido de restituição de valores,0.7,0,0,1,0,0,0,0,0
consumidor,Direito do Consumidor,Civil,ES,24886,Baixa,7,Vício em produto com pedido de substituição,0.9,0,1,1,0,1,0,0,0
civil,Direito Civil,Civil,MG,143829,Média,12,Ação de indenização por danos morais e materiais decorrente de acidente de trânsito,0.7,0,1,0,0,0,0,0,0
agrario,Direito Agrário,Agrário,MS,4869177,Alta,20,Ação de usucapião de imóvel rural,0.7,1,0,1,1,0,0,0,0
consumidor,Direito do Consumidor,Civil,RS,26921,Baixa,8,Negativação indevida do nome do consumidor,0.8,0,0,1,0,0,0,0,0
civil,Direito Civil,Civil,BA,253711,Alta,19,Ação de despejo por falta de pagamento,0.8,1,1,1,0,0,0,0,0
trabalhista,Direito Trabalhista,Trabalhista,MG,9954,Média,8,Cobrança de verbas rescisórias não pagas,0.85,1,1,0,0,1,0,0,0
trabalhista,Direito Trabalhista,Trabalhista,BA,92507,Baixa,4,Reclamação trabalhista com pedido de horas extras,0.8,1,1,0,0,0,0,0,0
penal,Direito Penal,Penal,MS,0,Alta,24,Processo por lesão corporal dolosa,0.5,0,0,1,0,0,0,0,0
consumidor,Direito do Consumidor,Civil,SP,23082,Média,10,Negativação indevida do nome do consumidor,0.9,0,1,1,0,1,0,0,0
empresarial,Direito Empresarial,Empresarial,GO,34034668,Baixa,10,Processo jurídico na área de empresarial,0.83,0,1,0,0,1,0,0,1
previdenciario,Direito Previdenciário,Previdenciário,BA,107214,Média,16,Processo jurídico na área de previdenciario,0.82,0,0,0,1,1,0,0,0
penal,Direito Penal,Penal,PE,0,Alta,22,Ação penal por crime ambiental,0.6,0,1,1,0,0,0,1,0
consumidor,Direito do Consumidor,Civil,MT,24760,Média,10,Cobrança indevida de tarifa bancária com pedido de repetição,0.85,0,0,1,0,1,0,0,0
civil,Direito Civil,Civil,SP,179378,Média,12,Ação de indenização por danos morais e materiais decorrente de acidente de trânsito,0.8,1,1,1,0,0,0,0,0
agrario,Direito Agrário,Agrário,MG,688916,Baixa,13,Conflito de terras entre posseiros,0.7,1,0,1,1,0,0,0,0
civil,Direito Civil,Civil,CE,39777,Baixa,9,Ação de indenização por danos morais e materiais decorrente de acidente de trânsito,0.7,0,0,1,0,0,0,0,0
consumidor,Direito do Consumidor,Civil,CE,37369,Alta,16,Propaganda enganosa com pedido de indenização,0.9,0,1,1,0,1,0,0,0
civil,Direito Civil,Civil,SP,47676,Média,12,Cobrança de dívida com pedido de penhora de bens,0.75,0,1,1,0,0,0,0,0
civil,Direito Civil,Civil,MG,295204,Baixa,8,Rescisão contratual com pedido de restituição de valores,0.8,1,1,1,0,0,0,0,0
agrario,Direito Agrário,Agrário,MS,839558,Alta,18,Regularização fundiária de propriedade rural,0.6,0,0,1,0,0,0,0,0
civil,Direito Civil,Civil,RS,439518,Média,12,Ação de indenização por danos morais e materiais decorrente de acidente de trânsito,0.7,1,0,0,0,0,0,0,0
administrativo,Direito Administrativo,Administrativo,RS,190351,Média,20,Processo jurídico na área de administrativo,0.62,0,0,1,0,0,0,1,0
tributario,Direito Tributário,Tributário,CE,6070017,Baixa,20,Repetição de indébito tributário,0.7,1,0,1,0,0,0,0,0
administrativo,Direito Administrativo,Administrativo,BA,383254,Baixa,16,Processo jurídico na área de administrativo,0.67,0,1,1,0,0,0,1,0
civil,Direito Civil,Civil,MT,336896,Média,12,Rescisão contratual com pedido de restituição de valores,0.8,1,1,1,0,0,0,0,0
tributario,Direito Tributário,Tributário,PE,7826435,Média,24,Repetição de indébito tributário,0.7,1,1,0,0,0,0,0,0
administrativo,Direito Administrativo,Administrativo,SC,254553,Média,20,Processo jurídico na área de administrativo,0.62,0,1,1,0,0,0,0,0
previdenciario,Direito Previdenciário,Previdenciário,ES,136533,Baixa,15,Processo jurídico na área de previdenciario,0.82,1,0,0,1,0,0,0,0
consumidor,Direito do Consumidor,Civil,RS,40407,Média,10,Propaganda enganosa com pedido de indenização,0.85,0,1,1,0,0,0,0,0
trabalhista,Direito Trabalhista,Trabalhista,MT,9654,Baixa,6,Cobrança de verbas rescisórias não pagas,0.85,1,1,0,0,1,0,0,0
civil,Direito Civil,Civil,SP,332375,Média,12,Rescisão contratual com pedido de restituição de valores,0.7,1,0,0,0,0,0,0,0
previdenciario,Direito Previdenciário,Previdenciário,BA,144577,Média,16,Processo jurídico na área de previdenciario,0.82,0,0,0,1,1,0,0,0
trabalhista,Direito Trabalhista,Trabalhista,PR,88392,Alta,16,Cobrança de verbas rescisórias não pagas,0.85,1,1,0,0,1,0,0,0
civil,Direito Civil,Civil,ES,393234,Média,12,Ação de despejo por falta de pagamento,0.7,0,0,1,0,0,0,0,0
trabalhista,Direito Trabalhista,Trabalhista,CE,6961,Alta,14,Cobrança de verbas rescisórias não pagas,0.85,1,1,0,0,1,0,0,0
penal,Direito Penal,Penal,SP,0,Alta,24,Processo por lesão corporal dolosa,0.5,0,1,0,0,0,0,0,0
civil,Direito Civil,Civil,GO,484212,Baixa,8,Ação de despejo por falta de pagamento,0.8,1,1,1,0,0,0,0,0
civil,Direito Civil,Civil,GO,22020,Baixa,8,Cobrança de dívida com pedido de penhora de bens,0.75,0,1,1,0,0,0,0,0
administrativo,Direito Administrativo,Administrativo,PE,66569,Média,20,Processo jurídico na área de administrativo,0.67,0,1,1,0,0,0,1,0
tributario,Direito Tributário,Tributário,RS,254978,Alta,32,Ação anulatória de auto de infração,0.65,1,0,0,0,0,0,0,0
civil,Direito Civil,Civil,PE,498623,Média,12,Ação de indenização por danos morais e materiais decorrente de acidente de trânsito,0.8,1,1,1,0,0,0,0,0
previdenciario,Direito Previdenciário,Previdenciário,RS,110028,Média,16,Processo jurídico na área de previdenciario,0.87,1,0,0,1,1,0,0,0
consumidor,Direito do Consumidor,Civil,MG,19858,Baixa,7,Cobrança indevida de tarifa bancária com pedido de repetição,0.8,0,0,0,0,1,0,0,0
trabalhista,Direito Trabalhista,Trabalhista,PR,17091,Média,8,Cobrança de verbas rescisórias não pagas,0.85,1,1,0,0,1,0,0,0
trabalhista,Direito Trabalhista,Trabalhista,PE,43079,Baixa,4,Reclamação trabalhista com pedido de horas extras,0.8,0,1,0,0,1,0,0,0
consumidor,Direito do Consumidor,Civil,MT,1384,Alta,14,Negativação indevida do nome do consumidor,0.8,0,0,0,0,1,0,0,0
civil,Direito Civil,Civil,BA,376691,Alta,16,Cobrança de dívida com pedido de penhora de bens,0.8,1,1,1,0,0,0,0,0
consumidor,Direito do Consumidor,Civil,PR,2824,Média,10,Negativação indevida do nome do consumidor,0.9,0,1,1,0,1,0,0,0
civil,Direito Civil,Civil,GO,305273,Alta,20,Ação de despejo por falta de pagamento,0.8,1,1,1,0,0,0,0,0
consumidor,Direito do Consumidor,Civil,DF,3212,Alta,15,Vício em produto com pedido de substituição,0.85,0,0,1,0,1,0,0,0
consumidor,Direito do Consumidor,Civil,BA,10925,Média,10,Negativação indevida do nome do consumidor,0.85,0,1,0,0,1,0,0,0
civil,Direito Civil,Civil,RJ,257164,Alta,15,Ação de indenização por danos morais e materiais decorrente de acidente de trânsito,0.7,0,0,1,0,0,0,0,0
trabalhista,Direito Trabalhista,Trabalhista,MG,92082,Média,8,Reclamação trabalhista com pedido de horas extras,0.75,0,0,0,0,1,0,0,0
trabalhista,Direito Trabalhista,Trabalhista,SC,19267,Alta,15,Equiparação salarial entre empregados,0.75,0,1,0,0,0,0,0,0
tributario,Direito Tributário,Tributário,RS,4183998,Média,24,Repetição de indébito tributário,0.75,1,1,1,0,0,0,0,0
tributario,Direito Tributário,Tributário,RJ,3783956,Média,24,Execução fiscal de débito previdenciário,0.75,1,1,1,0,0,0,0,0
consumidor,Direito do Consumidor,Civil,DF,21360,Baixa,6,Vício em produto com pedido de substituição,0.9,0,1,1,0,1,0,0,0
consumidor,Direito do Consumidor,Civil,GO,1160,Baixa,6,Propaganda enganosa com pedido de indenização,0.8,0,0,0,0,1,0,0,0
civil,Direito Civil,Civil,PR,269477,Média,12,Cobrança de dívida com pedido de penhora de bens,0.8,1,1,1,0,0,0,0,0
consumidor,Direito do Consumidor,Civil,GO,23578,Média,10,Vício em produto com pedido de substituição,0.9,0,1,1,0,1,0,0,0
penal,Direito Penal,Penal,PE,0,Alta,24,Processo por lesão corporal dolosa,0.55,0,1,0,0,0,0,1,0
agrario,Direito Agrário,Agrário,SP,4789954,Média,15,Conflito de terras entre posseiros,0.7,1,0,1,1,0,0,0,0
agrario,Direito Agrário,Agrário,ES,4536441,Alta,18,Regularização fundiária de propriedade rural,0.65,1,0,0,1,0,0,0,0
penal,Direito Penal,Penal,SP,0,Média,18,Processo por lesão corporal dolosa,0.55,0,1,1,0,0,0,0,0
civil,Direito Civil,Civil,RS,323157,Média,12,Cobrança de dívida com pedido de penhora de bens,0.75,1,1,0,0,0,0,0,0
empresarial,Direito Empresarial,Empresarial,PR,27894363,Média,14,Processo jurídico na área de empresarial,0.83,0,1,0,0,1,0,0,1
consumidor,Direito do Consumidor,Civil,GO,45601,Média,10,Vício em produto com pedido de substituição,0.85,0,1,1,0,0,0,0,0
consumidor,Direito do Consumidor,Civil,BA,19309,Média,10,Vício em produto com pedido de substituição,0.8,0,0,1,0,0,0,0,0
penal,Direito Penal,Penal,SP,0,Média,18,Processo por lesão corporal dolosa,0.5,0,1,0,0,0,0,0,0
agrario,Direito Agrário,Agrário,BA,4120088,Média,15,Conflito de terras entre posseiros,0.7,1,0,1,1,0,0,0,0
consumidor,Direito do Consumidor,Civil,MS,11970,Média,10,Vício em produto com pedido de substituição,0.85,0,1,0,0,1,0,0,0
tributario,Direito Tributário,Tributário,MT,796314,Alta,29,Ação anulatória de auto de infração,0.65,0,0,1,0,0,0,0,0
tributario,Direito Tributário,Tributário,MS,1496998,Alta,31,Mandado de segurança contra cobrança de ICMS,0.7,1,1,0,0,0,0,0,0
penal,Direito Penal,Penal,GO,0,Alta,21,Ação penal por crime contra o patrimônio,0.5,0,1,0,0,0,0,0,0
penal,Direito Penal,Penal,DF,0,Baixa,15,Processo por lesão corporal dolosa,0.6,0,1,1,0,0,0,1,0
tributario,Direito Tributário,Tributário,RJ,9558150,Média,24,Ação anulatória de auto de infração,0.7,1,0,1,0,0,0,0,0
previdenciario,Direito Previdenciário,Previdenciário,PE,112875,Média,16,Processo jurídico na área de previdenciario,0.82,0,0,0,1,1,0,0,0
consumidor,Direito do Consumidor,Civil,CE,42419,Alta,16,Vício em produto com pedido de substituição,0.8,0,1,0,0,0,0,0,0
administrativo,Direito Administrativo,Administrativo,PE,263976,Média,20,Processo jurídico na área de administrativo,0.67,0,1,1,0,0,0,1,0
consumidor,Direito do Consumidor,Civil,PR,43482,Baixa,8,Cobrança indevida de tarifa bancária com pedido de repetição,0.8,0,0,0,0,1,0,0,0
consumidor,Direito do Consumidor,Civil,RS,34895,Média,10,Negativação indevida do nome do consumidor,0.9,0,1,1,0,1,0,0,0
civil,Direito Civil,Civil,GO,382402,Baixa,11,Ação de despejo por falta de pagamento,0.75,0,1,1,0,0,0,0,0
previdenciario,Direito Previdenciário,Previdenciário,ES,191257,Baixa,14,Processo jurídico na área de previdenciario,0.82,0,0,0,1,1,0,0,0
penal,Direito Penal,Penal,RS,0,Média,18,Ação penal por crime ambiental,0.5,0,0,1,0,0,0,0,0
consumidor,Direito do Consumidor,Civil,DF,42737,Baixa,9,Propaganda enganosa com pedido de indenização,0.9,0,1,1,0,1,0,0,0
agrario,Direito Agrário,Agrário,MT,3336154,Alta,21,Regularização fundiária de propriedade rural,0.6,1,0,0,0,0,0,0,0
empresarial,Direito Empresarial,Empresarial,MS,49943335,Média,14,Processo jurídico na área de empresarial,0.73,0,0,0,0,1,0,0,0
consumidor,Direito do Consumidor,Civil,ES,11573,Baixa,8,Negativação indevida do nome do consumidor,0.85,0,0,1,0,1,0,0,0
consumidor,Direito do Consumidor,Civil,MT,35154,Baixa,9,Negativação indevida do nome do consumidor,0.85,0,1,1,0,0,0,0,0
consumidor,Direito do Consumidor,Civil,MT,29038,Baixa,7,Negativação indevida do nome do consumidor,0.8,0,0,0,0,1,0,0,0
empresarial,Direito Empresarial,Empresarial,MG,17017974,Média,14,Processo jurídico na área de empresarial,0.78,0,0,0,0,1,0,0,1
agrario,Direito Agrário,Agrário,MG,3025456,Alta,18,Regularização fundiária de propriedade rural,0.7,1,0,1,1,0,0,0,0
consumidor,Direito do Consumidor,Civil,ES,7915,Baixa,9,Propaganda enganosa com pedido de indenização,0.9,0,1,1,0,1,0,0,0
consumidor,Direito do Consumidor,Civil,PR,27905,Baixa,7,Negativação indevida do nome do consumidor,0.9,0,1,1,0,1,0,0,0
agrario,Direito Agrário,Agrário,SP,1163424,Alta,23,Desapropriação para fins de reforma agrária,0.65,1,0,1,0,0,0,0,0
tributario,Direito Tributário,Tributário,CE,5292557,Alta,30,Mandado de segurança contra cobrança de ICMS,0.65,0,0,1,0,0,0,0,0
trabalhista,Direito Trabalhista,Trabalhista,ES,3013,Alta,12,Cobrança de verbas rescisórias não pagas,0.85,1,1,0,0,1,0,0,0
penal,Direito Penal,Penal,CE,0,Baixa,16,Processo por lesão corporal dolosa,0.6,0,1,1,0,0,0,1,0
agrario,Direito Agrário,Agrário,SP,1420384,Baixa,13,Desapropriação para fins de reforma agrária,0.65,1,0,0,1,0,0,0,0
previdenciario,Direito Previdenciário,Previdenciário,GO,83265,Alta,19,Processo jurídico na área de previdenciario,0.82,0,0,0,1,1,0,0,0
empresarial,Direito Empresarial,Empresarial,CE,10827555,Baixa,11,Processo jurídico na área de empresarial,0.83,0,1,0,0,1,0,0,1
civil,Direito Civil,Civil,MS,378760,Média,12,Rescisão contratual com pedido de restituição de valores,0.75,1,0,1,0,0,0,0,0
agrario,Direito Agrário,Agrário,CE,789120,Alta,22,Desapropriação para fins de reforma agrária,0.7,1,0,1,1,0,0,0,0
civil,Direito Civil,Civil,MS,123636,Baixa,9,Ação de indenização por danos morais e materiais decorrente de acidente de trânsito,0.75,1,0,1,0,0,0,0,0
consumidor,Direito do Consumidor,Civil,SC,3791,Baixa,6,Negativação indevida do nome do consumidor,0.9,0,1,1,0,1,0,0,0
civil,Direito Civil,Civil,MT,64214,Média,12,Ação de indenização por danos morais e materiais decorrente de acidente de trânsito,0.8,1,1,1,0,0,0,0,0
civil,Direito Civil,Civil,MG,219905,Média,12,Cobrança de dívida com pedido de penhora de bens,0.8,1,1,1,0,0,0,0,0
trabalhista,Direito Trabalhista,Trabalhista,RS,38671,Baixa,7,Reclamação trabalhista com pedido de horas extras,0.8,1,0,0,0,1,0,0,0
civil,Direito Civil,Civil,BA,139738,Média,12,Ação de indenização por danos morais e materiais decorrente de acidente de trânsito,0.7,1,0,0,0,0,0,0,0
agrario,Direito Agrário,Agrário,MT,750623,Alta,23,Regularização fundiária de propriedade rural,0.7,1,0,1,1,0,0,0,0
trabalhista,Direito Trabalhista,Trabalhista,CE,36232,Média,8,Reclamação trabalhista com pedido de horas extras,0.8,1,1,0,0,0,0,0,0
consumidor,Direito do Consumidor,Civil,GO,14160,Baixa,8,Cobrança indevida de tarifa bancária com pedido de repetição,0.8,0,0,1,0,0,0,0,0
agrario,Direito Agrário,Agrário,MS,3172862,Média,15,Desapropriação para fins de reforma agrária,0.6,1,0,0,0,0,0,0,0
civil,Direito Civil,Civil,RS,30521,Média,12,Rescisão contratual com pedido de restituição de valores,0.75,0,1,1,0,0,0,0,0
ambiental,Direito Ambiental,Ambiental,RS,82202786,Alta,29,Processo jurídico na área de ambiental,0.63,0,0,0,0,0,0,0,1
tributario,Direito Tributário,Tributário,MT,4897955,Alta,31,Ação anulatória de auto de infração,0.65,1,0,0,0,0,0,0,0
consumidor,Direito do Consumidor,Civil,CE,6881,Baixa,6,Vício em produto com pedido de substituição,0.85,0,1,1,0,0,0,0,0
civil,Direito Civil,Civil,BA,367914,Média,12,Ação de indenização por danos morais e materiais decorrente de acidente de trânsito,0.8,1,1,1,0,0,0,0,0
consumidor,Direito do Consumidor,Civil,MS,6594,Baixa,6,Cobrança indevida de tarifa bancária com pedido de repetição,0.9,0,1,1,0,1,0,0,0
tributario,Direito Tributário,Tributário,RS,6716593,Alta,31,Execução fiscal de débito previdenciário,0.7,1,1,0,0,0,0,0,0
consumidor,Direito do Consumidor,Civil,DF,32783,Baixa,7,Propaganda enganosa com pedido de indenização,0.9,0,1,1,0,1,0,0,0
agrario,Direito Agrário,Agrário,RJ,364235,Alta,23,Desapropriação para fins de reforma agrária,0.7,1,0,1,1,0,0,0,0
empresarial,Direito Empresarial,Empresarial,SP,14744554,Média,14,Processo jurídico na área de empresarial,0.73,0,0,0,0,1,0,0,0
agrario,Direito Agrário,Agrário,ES,3400768,Baixa,13,Ação de usucapião de imóvel rural,0.7,1,0,1,1,0,0,0,0
penal,Direito Penal,Penal,SP,0,Baixa,16,Investigação de crime tributário,0.5,0,0,1,0,0,0,0,0
tributario,Direito Tributário,Tributário,BA,4613652,Alta,32,Mandado de segurança contra cobrança de ICMS,0.7,0,1,1,0,0,0,0,0
empresarial,Direito Empresarial,Empresarial,SC,27854068,Alta,18,Processo jurídico na área de empresarial,0.78,0,1,0,0,0,0,0,1
agrario,Direito Agrário,Agrário,SC,4056291,Média,15,Regularização fundiária de propriedade rural,0.6,0,0,1,0,0,0,0,0
empresarial,Direito Empresarial,Empresarial,MS,6117951,Baixa,12,Processo jurídico na área de empresarial,0.73,0,1,0,0,0,0,0,0
penal,Direito Penal,Penal,RJ,0,Alta,21,Ação penal por crime ambiental,0.6,0,1,1,0,0,0,1,0
civil,Direito Civil,Civil,MT,187965,Alta,19,Ação de despejo por falta de pagamento,0.8,1,1,1,0,0,0,0,0
tributario,Direito Tributário,Tributário,RJ,1108054,Alta,29,Repetição de indébito tributário,0.7,1,1,0,0,0,0,0,0
consumidor,Direito do Consumidor,Civil,BA,15262,Baixa,7,Propaganda enganosa com pedido de indenização,0.8,0,1,0,0,0,0,0,0
penal,Direito Penal,Penal,GO,0,Baixa,17,Ação penal por crime contra o patrimônio,0.5,0,1,0,0,0,0,0,0
trabalhista,Direito Trabalhista,Trabalhista,SP,7696,Baixa,7,Cobrança de verbas rescisórias não pagas,0.85,1,1,0,0,1,0,0,0
consumidor,Direito do Consumidor,Civil,MG,49215,Baixa,8,Vício em produto com pedido de substituição,0.9,0,1,1,0,1,0,0,0
agrario,Direito Agrário,Agrário,GO,4628903,Baixa,12,Regularização fundiária de propriedade rural,0.65,1,0,1,0,0,0,0,0
penal,Direito Penal,Penal,SC,0,Alta,22,Ação penal por crime ambiental,0.6,0,1,1,0,0,0,1,0
penal,Direito Penal,Penal,PE,0,Alta,25,Investigação de crime tributário,0.5,0,0,0,0,0,0,1,0
civil,Direito Civil,Civil,SC,37754,Média,12,Rescisão contratual com pedido de restituição de valores,0.75,1,1,0,0,0,0,0,0
penal,Direito Penal,Penal,RS,0,Alta,22,Investigação de crime tributário,0.5,0,0,1,0,0,0,0,0
civil,Direito Civil,Civil,ES,348561,Média,12,Cobrança de dívida com pedido de penhora de bens,0.8,1,1,1,0,0,0,0,0
tributario,Direito Tributário,Tributário,DF,7210772,Alta,30,Execução fiscal de débito previdenciário,0.75,1,1,1,0,0,0,0,0
civil,Direito Civil,Civil,CE,136853,Média,12,Cobrança de dívida com pedido de penhora de bens,0.75,1,1,0,0,0,0,0,0
civil,Direito Civil,Civil,PR,356589,Baixa,10,Ação de despejo por falta de pagamento,0.8,1,1,1,0,0,0,0,0
trabalhista,Direito Trabalhista,Trabalhista,MG,65212,Baixa,6,Ação de rescisão indireta por assédio moral,0.8,1,0,0,0,1,0,0,0
civil,Direito Civil,Civil,MG,345292,Baixa,8,Rescisão contratual com pedido de restituição de valores,0.7,0,0,1,0,0,0,0,0
penal,Direito Penal,Penal,MG,0,Média,18,Investigação de crime tributário,0.55,0,0,1,0,0,0,1,0
empresarial,Direito Empresarial,Empresarial,SC,33175403,Alta,17,Processo jurídico na área de empresarial,0.78,0,1,0,0,1,0,0,0
tributario,Direito Tributário,Tributário,SP,8868886,Alta,28,Repetição de indébito tributário,0.75,1,1,1,0,0,0,0,0
administrativo,Direito Administrativo,Administrativo,PE,810373,Alta,23,Processo jurídico na área de administrativo,0.62,0,1,0,0,0,0,1,0
trabalhista,Direito Trabalhista,Trabalhista,SP,37335,Baixa,4,Equiparação salarial entre empregados,0.8,0,1,0,0,1,0,0,0
penal,Direito Penal,Penal,ES,0,Média,18,Ação penal por crime ambiental,0.6,0,1,1,0,0,0,1,0
trabalhista,Direito Trabalhista,Trabalhista,PE,49764,Média,8,Reclamação trabalhista com pedido de horas extras,0.8,0,1,0,0,1,0,0,0
civil,Direito Civil,Civil,RJ,62978,Média,12,Ação de despejo por falta de pagamento,0.7,1,0,0,0,0,0,0,0
civil,Direito Civil,Civil,MS,286715,Baixa,11,Rescisão contratual com pedido de restituição de valores,0.75,1,1,0,0,0,0,0,0
civil,Direito Civil,Civil,MS,264084,Alta,20,Cobrança de dívida com pedido de penhora de bens,0.75,1,1,0,0,0,0,0,0
empresarial,Direito Empresarial,Empresarial,SP,17775853,Média,14,Processo jurídico na área de empresarial,0.78,0,1,0,0,1,0,0,0
civil,Direito Civil,Civil,MG,130599,Média,12,Ação de despejo por falta de pagamento,0.8,1,1,1,0,0,0,0,0
civil,Direito Civil,Civil,CE,325800,Média,12,Rescisão contratual com pedido de restituição de valores,0.8,1,1,1,0,0,0,0,0
trabalhista,Direito Trabalhista,Trabalhista,ES,54149,Média,8,Equiparação salarial entre empregados,0.85,1,1,0,0,1,0,0,0
consumidor,Direito do Consumidor,Civil,CE,26835,Alta,17,Propaganda enganosa com pedido de indenização,0.9,0,1,1,0,1,0,0,0
empresarial,Direito Empresarial,Empresarial,MT,10581871,Baixa,13,Processo jurídico na área de empresarial,0.83,0,1,0,0,1,0,0,1
civil,Direito Civil,Civil,RS,411124,Baixa,9,Ação de despejo por falta de pagamento,0.7,1,0,0,0,0,0,0,0
penal,Direito Penal,Penal,BA,0,Alta,21,Processo por lesão corporal dolosa,0.6,0,1,1,0,0,0,1,0
trabalhista,Direito Trabalhista,Trabalhista,MT,59271,Alta,16,Reclamação trabalhista com pedido de horas extras,0.85,1,1,0,0,1,0,0,0
civil,Direito Civil,Civil,ES,438987,Média,12,Rescisão contratual com pedido de restituição de valores,0.7,0,1,0,0,0,0,0,0
agrario,Direito Agrário,Agrário,MG,322419,Alta,21,Conflito de terras entre posseiros,0.6,0,0,0,1,0,0,0,0
administrativo,Direito Administrativo,Administrativo,SC,989982,Alta,24,Processo jurídico na área de administrativo,0.57,0,1,0,0,0,0,0,0
agrario,Direito Agrário,Agrário,RS,1014803,Média,15,Regularização fundiária de propriedade rural,0.7,1,0,1,1,0,0,0,0
trabalhista,Direito Trabalhista,Trabalhista,RJ,60157,Baixa,6,Ação de rescisão indireta por assédio moral,0.85,1,1,0,0,1,0,0,0
civil,Direito Civil,Civil,RS,480987,Média,12,Rescisão contratual com pedido de restituição de valores,0.75,1,1,0,0,0,0,0,0
civil,Direito Civil,Civil,MT,320524,Alta,19,Cobrança de dívida com pedido de penhora de bens,0.7,0,0,1,0,0,0,0,0
trabalhista,Direito Trabalhista,Trabalhista,GO,40945,Alta,12,Reclamação trabalhista com pedido de horas extras,0.8,1,1,0,0,0,0,0,0
trabalhista,Direito Trabalhista,Trabalhista,SP,69740,Baixa,6,Equiparação salarial entre empregados,0.8,1,0,0,0,1,0,0,0
trabalhista,Direito Trabalhista,Trabalhista,GO,20359,Média,8,Reclamação trabalhista com pedido de horas extras,0.75,0,1,0,0,0,0,0,0
trabalhista,Direito Trabalhista,Trabalhista,PE,84664,Média,8,Cobrança de verbas rescisórias não pagas,0.75,0,1,0,0,0,0,0,0
civil,Direito Civil,Civil,PR,78861,Baixa,8,Rescisão contratual com pedido de restituição de valores,0.7,0,1,0,0,0,0,0,0
agrario,Direito Agrário,Agrário,MG,4315113,Média,15,Desapropriação para fins de reforma agrária,0.7,1,0,1,1,0,0,0,0
civil,Direito Civil,Civil,PR,233453,Alta,16,Rescisão contratual com pedido de restituição de valores,0.75,0,1,1,0,0,0,0,0
civil,Direito Civil,Civil,CE,425760,Alta,18,Rescisão contratual com pedido de restituição de valores,0.75,1,1,0,0,0,0,0,0
penal,Direito Penal,Penal,PE,0,Média,18,Processo por lesão corporal dolosa,0.6,0,1,1,0,0,0,1,0
administrativo,Direito Administrativo,Administrativo,PR,784098,Baixa,18,Processo jurídico na área de administrativo,0.57,0,0,0,0,0,0,1,0
trabalhista,Direito Trabalhista,Trabalhista,RJ,18439,Média,8,Equiparação salarial entre empregados,0.8,0,1,0,0,1,0,0,0
civil,Direito Civil,Civil,RS,84174,Alta,17,Ação de despejo por falta de pagamento,0.8,1,1,1,0,0,0,0,0
trabalhista,Direito Trabalhista,Trabalhista,RJ,82060,Média,8,Equiparação salarial entre empregados,0.8,1,0,0,0,1,0,0,0
penal,Direito Penal,Penal,PE,0,Alta,21,Investigação de crime tributário,0.5,0,0,1,0,0,0,0,0
consumidor,Direito do Consumidor,Civil,BA,43236,Baixa,9,Negativação indevida do nome do consumidor,0.8,0,0,1,0,0,0,0,0
trabalhista,Direito Trabalhista,Trabalhista,RJ,52882,Baixa,4,Cobrança de verbas rescisórias não pagas,0.85,1,1,0,0,1,0,0,0
trabalhista,Direito Trabalhista,Trabalhista,SP,48158,Média,8,Ação de rescisão indireta por assédio moral,0.8,1,0,0,0,1,0,0,0
civil,Direito Civil,Civil,PR,235329,Média,12,Ação de indenização por danos morais e materiais decorrente de acidente de trânsito,0.7,0,1,0,0,0,0,0,0
trabalhista,Direito Trabalhista,Trabalhista,RS,78274,Média,8,Ação de rescisão indireta por assédio moral,0.85,1,1,0,0,1,0,0,0
consumidor,Direito do Consumidor,Civil,BA,16851,Média,10,Cobrança indevida de tarifa bancária com pedido de repetição,0.8,0,0,1,0,0,0,0,0
agrario,Direito Agrário,Agrário,RJ,1886050,Baixa,14,Desapropriação para fins de reforma agrária,0.65,0,0,1,1,0,0,0,0
civil,Direito Civil,Civil,DF,166840,Baixa,9,Ação de despejo por falta de pagamento,0.7,0,0,1,0,0,0,0,0
consumidor,Direito do Consumidor,Civil,RS,36185,Baixa,7,Propaganda enganosa com pedido de indenização,0.85,0,1,1,0,0,0,0,0
trabalhista,Direito Trabalhista,Trabalhista,PR,73817,Média,8,Cobrança de verbas rescisórias não pagas,0.8,0,1,0,0,1,0,0,0
civil,Direito Civil,Civil,RJ,336635,Média,12,Rescisão contratual com pedido de restituição de valores,0.7,0,0,1,0,0,0,0,0
penal,Direito Penal,Penal,ES,0,Alta,22,Processo por lesão corporal dolosa,0.5,0,0,1,0,0,0,0,0
tributario,Direito Tributário,Tributário,ES,4182176,Média,24,Mandado de segurança contra cobrança de ICMS,0.75,1,1,1,0,0,0,0,0
previdenciario,Direito Previdenciário,Previdenciário,PE,60121,Baixa,15,Processo jurídico na área de previdenciario,0.77,1,0,0,0,0,0,0,0
previdenciario,Direito Previdenciário,Previdenciário,BA,117867,Média,16,Processo jurídico na área de previdenciario,0.77,0,0,0,0,1,0,0,0
civil,Direito Civil,Civil,RS,390665,Alta,20,Rescisão contratual com pedido de restituição de valores,0.8,1,1,1,0,0,0,0,0
trabalhista,Direito Trabalhista,Trabalhista,MT,94353,Alta,12,Reclamação trabalhista com pedido de horas extras,0.75,0,0,0,0,1,0,0,0
civil,Direito Civil,Civil,DF,444112,Alta,16,Rescisão contratual com pedido de restituição de valores,0.8,1,1,1,0,0,0,0,0
civil,Direito Civil,Civil,MS,435290,Baixa,10,Cobrança de dívida com pedido de penhora de bens,0.7,0,1,0,0,0,0,0,0
civil,Direito Civil,Civil,SP,182658,Baixa,11,Ação de indenização por danos morais e materiais decorrente de acidente de trânsito,0.8,1,1,1,0,0,0,0,0
trabalhista,Direito Trabalhista,Trabalhista,SP,68238,Baixa,7,Equiparação salarial entre empregados,0.85,1,1,0,0,1,0,0,0
penal,Direito Penal,Penal,PR,0,Baixa,15,Processo por lesão corporal dolosa,0.55,0,0,1,0,0,0,1,0
civil,Direito Civil,Civil,MS,153486,Média,12,Cobrança de dívida com pedido de penhora de bens,0.7,0,0,1,0,0,0,0,0
trabalhista,Direito Trabalhista,Trabalhista,MS,8838,Alta,15,Reclamação trabalhista com pedido de horas extras,0.8,1,0,0,0,1,0,0,0
administrativo,Direito Administrativo,Administrativo,RJ,180124,Alta,28,Processo jurídico na área de administrativo,0.62,0,1,1,0,0,0,0,0
civil,Direito Civil,Civil,RS,398400,Média,12,Cobrança de dívida com pedido de penhora de bens,0.75,1,0,1,0,0,0,0,0
tributario,Direito Tributário,Tributário,CE,723987,Baixa,23,Mandado de segurança contra cobrança de ICMS,0.65,1,0,0,0,0,0,0,0
agrario,Direito Agrário,Agrário,GO,1196552,Média,15,Regularização fundiária de propriedade rural,0.7,1,0,1,1,0,0,0,0
agrario,Direito Agrário,Agrário,GO,3869283,Média,15,Ação de usucapião de imóvel rural,0.65,0,0,1,1,0,0,0,0
penal,Direito Penal,Penal,DF,0,Alta,24,Processo por lesão corporal dolosa,0.5,0,0,1,0,0,0,0,0
penal,Direito Penal,Penal,MT,0,Alta,23,Processo por lesão corporal dolosa,0.55,0,1,1,0,0,0,0,0
agrario,Direito Agrário,Agrário,MT,185284,Alta,20,Ação de usucapião de imóvel rural,0.7,1,0,1,1,0,0,0,0
consumidor,Direito do Consumidor,Civil,MT,5867,Baixa,6,Vício em produto com pedido de substituição,0.8,0,0,1,0,0,0,0,0
trabalhista,Direito Trabalhista,Trabalhista,SP,12371,Média,8,Equiparação salarial entre empregados,0.8,1,1,0,0,0,0,0,0
civil,Direito Civil,Civil,MG,74739,Baixa,11,Ação de indenização por danos morais e materiais decorrente de acidente de trânsito,0.7,0,1,0,0,0,0,0,0
civil,Direito Civil,Civil,MG,434968,Baixa,8,Cobrança de dívida com pedido de penhora de bens,0.7,0,1,0,0,0,0,0,0
agrario,Direito Agrário,Agrário,CE,3621926,Alta,22,Ação de usucapião de imóvel rural,0.6,0,0,1,0,0,0,0,0
penal,Direito Penal,Penal,ES,0,Alta,26,Processo por lesão corporal dolosa,0.55,0,1,1,0,0,0,0,0
previdenciario,Direito Previdenciário,Previdenciário,RJ,195664,Média,16,Processo jurídico na área de previdenciario,0.82,1,0,0,1,0,0,0,0
penal,Direito Penal,Penal,MG,0,Média,18,Ação penal por crime contra o patrimônio,0.6,0,1,1,0,0,0,1,0
consumidor,Direito do Consumidor,Civil,ES,7194,Baixa,7,Cobrança indevida de tarifa bancária com pedido de repetição,0.85,0,1,1,0,0,0,0,0
civil,Direito Civil,Civil,SC,267813,Média,12,Ação de indenização por danos morais e materiais decorrente de acidente de trânsito,0.8,1,1,1,0,0,0,0,0
penal,Direito Penal,Penal,RS,0,Média,18,Ação penal por crime ambiental,0.55,0,1,1,0,0,0,0,0
penal,Direito Penal,Penal,CE,0,Alta,24,Investigação de crime tributário,0.6,0,1,1,0,0,0,1,0
civil,Direito Civil,Civil,SP,244784,Média,12,Ação de despejo por falta de pagamento,0.75,1,0,1,0,0,0,0,0
civil,Direito Civil,Civil,BA,423146,Média,12,Rescisão contratual com pedido de restituição de valores,0.75,1,0,1,0,0,0,0,0
consumidor,Direito do Consumidor,Civil,DF,41144,Média,10,Negativação indevida do nome do consumidor,0.8,0,1,0,0,0,0,0,0
tributario,Direito Tributário,Tributário,MG,1452241,Média,24,Mandado de segurança contra cobrança de ICMS,0.75,1,1,1,0,0,0,0,0
administrativo,Direito Administrativo,Administrativo,RS,491394,Média,20,Processo jurídico na área de administrativo,0.62,0,0,1,0,0,0,1,0
penal,Direito Penal,Penal,MG,0,Baixa,14,Ação penal por crime contra o patrimônio,0.55,0,1,1,0,0,0,0,0
consumidor,Direito do Consumidor,Civil,MS,22757,Baixa,6,Cobrança indevida de tarifa bancária com pedido de repetição,0.9,0,1,1,0,1,0,0,0
trabalhista,Direito Trabalhista,Trabalhista,PR,74526,Média,8,Equiparação salarial entre empregados,0.75,1,0,0,0,0,0,0,0
trabalhista,Direito Trabalhista,Trabalhista,BA,3475,Média,8,Equiparação salarial entre empregados,0.8,1,1,0,0,0,0,0,0
agrario,Direito Agrário,Agrário,SP,790267,Alta,20,Conflito de terras entre posseiros,0.7,1,0,1,1,0,0,0,0
consumidor,Direito do Consumidor,Civil,ES,16877,Baixa,8,Negativação indevida do nome do consumidor,0.9,0,1,1,0,1,0,0,0
consumidor,Direito do Consumidor,Civil,BA,14556,Alta,13,Propaganda enganosa com pedido de indenização,0.9,0,1,1,0,1,0,0,0
tributario,Direito Tributário,Tributário,PR,7320385,Alta,28,Mandado de segurança contra cobrança de ICMS,0.7,1,1,0,0,0,0,0,0
civil,Direito Civil,Civil,MG,329798,Média,12,Ação de despejo por falta de pagamento,0.7,0,0,1,0,0,0,0,0
civil,Direito Civil,Civil,SP,303987,Média,12,Cobrança de dívida com pedido de penhora de bens,0.75,0,1,1,0,0,0,0,0
trabalhista,Direito Trabalhista,Trabalhista,MG,21867,Alta,15,Ação de rescisão indireta por assédio moral,0.75,0,0,0,0,1,0,0,0
agrario,Direito Agrário,Agrário,MT,4867806,Alta,22,Conflito de terras entre posseiros,0.6,0,0,1,0,0,0,0,0
civil,Direito Civil,Civil,RS,194390,Média,12,Rescisão contratual com pedido de restituição de valores,0.75,0,1,1,0,0,0,0,0
trabalhista,Direito Trabalhista,Trabalhista,PR,76381,Alta,13,Ação de rescisão indireta por assédio moral,0.8,1,1,0,0,0,0,0,0
trabalhista,Direito Trabalhista,Trabalhista,RJ,8573,Alta,13,Cobrança de verbas rescisórias não pagas,0.85,1,1,0,0,1,0,0,0
consumidor,Direito do Consumidor,Civil,CE,44643,Baixa,6,Vício em produto com pedido de substituição,0.9,0,1,1,0,1,0,0,0
civil,Direito Civil,Civil,GO,270633,Média,12,Rescisão contratual com pedido de restituição de valores,0.8,1,1,1,0,0,0,0,0
empresarial,Direito Empresarial,Empresarial,MS,21056016,Baixa,11,Processo jurídico na área de empresarial,0.78,0,1,0,0,0,0,0,1
penal,Direito Penal,Penal,RS,0,Média,18,Investigação de crime tributário,0.55,0,1,0,0,0,0,1,0
penal,Direito Penal,Penal,RS,0,Alta,26,Ação penal por crime ambiental,0.55,0,1,1,0,0,0,0,0
trabalhista,Direito Trabalhista,Trabalhista,RS,37533,Média,8,Ação de rescisão indireta por assédio moral,0.85,1,1,0,0,1,0,0,0
civil,Direito Civil,Civil,PE,211611,Baixa,9,Ação de indenização por danos morais e materiais decorrente de acidente de trânsito,0.75,0,1,1,0,0,0,0,0
empresarial,Direito Empresarial,Empresarial,MG,32939950,Média,14,Processo jurídico na área de empresarial,0.78,0,0,0,0,1,0,0,1
trabalhista,Direito Trabalhista,Trabalhista,PE,51885,Média,8,Reclamação trabalhista com pedido de horas extras,0.8,1,1,0,0,0,0,0,0
empresarial,Direito Empresarial,Empresarial,SC,23763658,Baixa,11,Processo jurídico na área de empresarial,0.83,0,1,0,0,1,0,0,1
civil,Direito Civil,Civil,CE,362156,Alta,20,Ação de despejo por falta de pagamento,0.7,0,0,1,0,0,0,0,0
penal,Direito Penal,Penal,BA,0,Alta,26,Ação penal por crime ambiental,0.55,0,1,1,0,0,0,0,0
trabalhista,Direito Trabalhista,Trabalhista,MT,9111,Média,8,Reclamação trabalhista com pedido de horas extras,0.85,1,1,0,0,1,0,0,0
civil,Direito Civil,Civil,RS,94635,Alta,18,Ação de despejo por falta de pagamento,0.8,1,1,1,0,0,0,0,0
empresarial,Direito Empresarial,Empresarial,PR,39276453,Baixa,11,Processo jurídico na área de empresarial,0.78,0,1,0,0,0,0,0,1
agrario,Direito Agrário,Agrário,PR,2977664,Alta,23,Regularização fundiária de propriedade rural,0.65,1,0,1,0,0,0,0,0
previdenciario,Direito Previdenciário,Previdenciário,RJ,115569,Média,16,Processo jurídico na área de previdenciario,0.87,1,0,0,1,1,0,0,0
civil,Direito Civil,Civil,GO,188497,Média,12,Cobrança de dívida com pedido de penhora de bens,0.75,0,1,1,0,0,0,0,0
tributario,Direito Tributário,Tributário,MG,9871552,Alta,29,Execução fiscal de débito previdenciário,0.75,1,1,1,0,0,0,0,0
civil,Direito Civil,Civil,CE,458326,Média,12,Cobrança de dívida com pedido de penhora de bens,0.75,1,1,0,0,0,0,0,0
empresarial,Direito Empresarial,Empresarial,ES,41951998,Média,14,Processo jurídico na área de empresarial,0.83,0,1,0,0,1,0,0,1
empresarial,Direito Empresarial,Empresarial,PR,40499785,Média,14,Processo jurídico na área de empresarial,0.73,0,0,0,0,1,0,0,0
trabalhista,Direito Trabalhista,Trabalhista,BA,55643,Média,8,Ação de rescisão indireta por assédio moral,0.75,1,0,0,0,0,0,0,0
trabalhista,Direito Trabalhista,Trabalhista,MG,13866,Baixa,4,Reclamação trabalhista com pedido de horas extras,0.85,1,1,0,0,1,0,0,0
penal,Direito Penal,Penal,SP,0,Média,18,Ação penal por crime contra o patrimônio,0.55,0,1,1,0,0,0,0,0
administrativo,Direito Administrativo,Administrativo,ES,910289,Alta,26,Processo jurídico na área de administrativo,0.62,0,1,1,0,0,0,0,0
consumidor,Direito do Consumidor,Civil,SC,18079,Baixa,8,Propaganda enganosa com pedido de indenização,0.8,0,0,0,0,1,0,0,0
consumidor,Direito do Consumidor,Civil,SC,38700,Baixa,7,Negativação indevida do nome do consumidor,0.8,0,0,0,0,1,0,0,0
consumidor,Direito do Consumidor,Civil,RJ,26092,Média,10,Vício em produto com pedido de substituição,0.85,0,1,1,0,0,0,0,0
trabalhista,Direito Trabalhista,Trabalhista,MG,43457,Baixa,7,Equiparação salarial entre empregados,0.8,1,1,0,0,0,0,0,0
civil,Direito Civil,Civil,ES,434489,Baixa,8,Rescisão contratual com pedido de restituição de valores,0.75,0,1,1,0,0,0,0,0
civil,Direito Civil,Civil,GO,232495,Alta,17,Ação de despejo por falta de pagamento,0.8,1,1,1,0,0,0,0,0
penal,Direito Penal,Penal,MS,0,Alta,21,Ação penal por crime contra o patrimônio,0.6,0,1,1,0,0,0,1,0
tributario,Direito Tributário,Tributário,RJ,8188950,Média,24,Ação anulatória de auto de infração,0.7,1,0,1,0,0,0,0,0
civil,Direito Civil,Civil,ES,195102,Alta,18,Cobrança de dívida com pedido de penhora de bens,0.8,1,1,1,0,0,0,0,0
agrario,Direito Agrário,Agrário,RS,2705274,Alta,22,Conflito de terras entre posseiros,0.6,1,0,0,0,0,0,0,0
agrario,Direito Agrário,Agrário,MG,2053657,Alta,22,Conflito de terras entre posseiros,0.65,1,0,1,0,0,0,0,0
civil,Direito Civil,Civil,MS,112967,Média,12,Ação de despejo por falta de pagamento,0.7,0,0,1,0,0,0,0,0
trabalhista,Direito Trabalhista,Trabalhista,DF,24425,Baixa,6,Cobrança de verbas rescisórias não pagas,0.8,0,1,0,0,1,0,0,0
trabalhista,Direito Trabalhista,Trabalhista,RJ,45866,Média,8,Ação de rescisão indireta por assédio moral,0.85,1,1,0,0,1,0,0,0
empresarial,Direito Empresarial,Empresarial,PE,45584054,Média,14,Processo jurídico na área de empresarial,0.78,0,1,0,0,1,0,0,0
agrario,Direito Agrário,Agrário,RS,221751,Alta,18,Ação de usucapião de imóvel rural,0.65,1,0,0,1,0,0,0,0
penal,Direito Penal,Penal,BA,0,Baixa,17,Ação penal por crime contra o patrimônio,0.6,0,1,1,0,0,0,1,0
trabalhista,Direito Trabalhista,Trabalhista,MT,22300,Alta,11,Ação de rescisão indireta por assédio moral,0.85,1,1,0,0,1,0,0,0
penal,Direito Penal,Penal,MS,0,Média,18,Investigação de crime tributário,0.6,0,1,1,0,0,0,1,0
tributario,Direito Tributário,Tributário,MS,9852175,Média,24,Ação anulatória de auto de infração,0.65,0,0,1,0,0,0,0,0
civil,Direito Civil,Civil,PR,440556,Alta,18,Cobrança de dívida com pedido de penhora de bens,0.75,1,1,0,0,0,0,0,0
trabalhista,Direito Trabalhista,Trabalhista,MS,40393,Média,8,Equiparação salarial entre empregados,0.75,1,0,0,0,0,0,0,0
civil,Direito Civil,Civil,SC,499049,Média,12,Ação de indenização por danos morais e materiais decorrente de acidente de trânsito,0.75,1,1,0,0,0,0,0,0
trabalhista,Direito Trabalhista,Trabalhista,SP,41707,Alta,11,Ação de rescisão indireta por assédio moral,0.8,0,1,0,0,1,0,0,0
penal,Direito Penal,Penal,MT,0,Baixa,16,Investigação de crime tributário,0.6,0,1,1,0,0,0,1,0
civil,Direito Civil,Civil,MS,128919,Média,12,Ação de despejo por falta de pagamento,0.75,1,1,0,0,0,0,0,0
consumidor,Direito do Consumidor,Civil,MG,22359,Baixa,8,Propaganda enganosa com pedido de indenização,0.85,0,1,0,0,1,0,0,0
trabalhista,Direito Trabalhista,Trabalhista,SC,75791,Média,8,Equiparação salarial entre empregados,0.85,1,1,0,0,1,0,0,0
administrativo,Direito Administrativo,Administrativo,PE,208044,Média,20,Processo jurídico na área de administrativo,0.57,0,0,0,0,0,0,1,0
consumidor,Direito do Consumidor,Civil,ES,19278,Baixa,9,Negativação indevida do nome do consumidor,0.85,0,0,1,0,1,0,0,0
agrario,Direito Agrário,Agrário,ES,165041,Alta,21,Desapropriação para fins de reforma agrária,0.6,1,0,0,0,0,0,0,0
consumidor,Direito do Consumidor,Civil,BA,16414,Baixa,6,Cobrança indevida de tarifa bancária com pedido de repetição,0.85,0,0,1,0,1,0,0,0
trabalhista,Direito Trabalhista,Trabalhista,ES,29717,Alta,14,Reclamação trabalhista com pedido de horas extras,0.8,0,1,0,0,1,0,0,0
penal,Direito Penal,Penal,MG,0,Alta,21,Ação penal por crime contra o patrimônio,0.5,0,0,1,0,0,0,0,0
tributario,Direito Tributário,Tributário,ES,5277872,Média,24,Ação anulatória de auto de infração,0.75,1,1,1,0,0,0,0,0
civil,Direito Civil,Civil,RJ,487456,Média,12,Cobrança de dívida com pedido de penhora de bens,0.7,0,1,0,0,0,0,0,0
consumidor,Direito do Consumidor,Civil,PE,16506,Baixa,6,Cobrança indevida de tarifa bancária com pedido de repetição,0.9,0,1,1,0,1,0,0,0
consumidor,Direito do Consumidor,Civil,RJ,35193,Baixa,7,Propaganda enganosa com pedido de indenização,0.8,0,0,0,0,1,0,0,0
consumidor,Direito do Consumidor,Civil,RJ,35351,Baixa,9,Cobrança indevida de tarifa bancária com pedido de repetição,0.8,0,1,0,0,0,0,0,0
consumidor,Direito do Consumidor,Civil,MS,24286,Baixa,9,Propaganda enganosa com pedido de indenização,0.8,0,0,0,0,1,0,0,0
civil,Direito Civil,Civil,GO,248485,Média,12,Rescisão contratual com pedido de restituição de valores,0.75,0,1,1,0,0,0,0,0
previdenciario,Direito Previdenciário,Previdenciário,PR,133312,Alta,23,Processo jurídico na área de previdenciario,0.82,1,0,0,1,0,0,0,0
agrario,Direito Agrário,Agrário,SC,1870772,Média,15,Desapropriação para fins de reforma agrária,0.65,1,0,0,1,0,0,0,0
civil,Direito Civil,Civil,RS,136461,Média,12,Cobrança de dívida com pedido de penhora de bens,0.7,0,1,0,0,0,0,0,0
trabalhista,Direito Trabalhista,Trabalhista,MS,58018,Média,8,Equiparação salarial entre empregados,0.8,1,1,0,0,0,0,0,0
civil,Direito Civil,Civil,PR,180314,Média,12,Cobrança de dívida com pedido de penhora de bens,0.75,1,1,0,0,0,0,0,0
consumidor,Direito do Consumidor,Civil,MT,38043,Baixa,9,Vício em produto com pedido de substituição,0.85,0,1,0,0,1,0,0,0
civil,Direito Civil,Civil,BA,93064,Média,12,Ação de indenização por danos morais e materiais decorrente de acidente de trânsito,0.7,1,0,0,0,0,0,0,0
tributario,Direito Tributário,Tributário,BA,4211748,Média,24,Mandado de segurança contra cobrança de ICMS,0.65,1,0,0,0,0,0,0,0
agrario,Direito Agrário,Agrário,MS,3272996,Alta,18,Desapropriação para fins de reforma agrária,0.6,0,0,0,1,0,0,0,0
consumidor,Direito do Consumidor,Civil,MS,8222,Baixa,8,Cobrança indevida de tarifa bancária com pedido de repetição,0.85,0,1,0,0,1,0,0,0
militar,Direito Militar,Militar,MG,0,Média,12,Processo jurídico na área de militar,0.55,0,0,1,0,0,0,0,0
trabalhista,Direito Trabalhista,Trabalhista,DF,41972,Alta,14,Cobrança de verbas rescisórias não pagas,0.85,1,1,0,0,1,0,0,0
penal,Direito Penal,Penal,MT,0,Alta,24,Investigação de crime tributário,0.55,0,0,1,0,0,0,1,0
administrativo,Direito Administrativo,Administrativo,SC,146684,Alta,28,Processo jurídico na área de administrativo,0.62,0,1,0,0,0,0,1,0
trabalhista,Direito Trabalhista,Trabalhista,MG,80453,Alta,16,Reclamação trabalhista com pedido de horas extras,0.8,1,0,0,0,1,0,0,0
tributario,Direito Tributário,Tributário,MG,1733134,Alta,29,Repetição de indébito tributário,0.7,1,1,0,0,0,0,0,0
tributario,Direito Tributário,Tributário,SP,7914415,Alta,29,Mandado de segurança contra cobrança de ICMS,0.75,1,1,1,0,0,0,0,0
penal,Direito Penal,Penal,RS,0,Média,18,Processo por lesão corporal dolosa,0.55,0,0,1,0,0,0,1,0
civil,Direito Civil,Civil,GO,431084,Média,12,Rescisão contratual com pedido de restituição de valores,0.7,0,1,0,0,0,0,0,0
agrario,Direito Agrário,Agrário,DF,4123263,Baixa,12,Regularização fundiária de propriedade rural,0.7,1,0,1,1,0,0,0,0
tributario,Direito Tributário,Tributário,SC,3156537,Alta,27,Mandado de segurança contra cobrança de ICMS,0.7,1,1,0,0,0,0,0,0
agrario,Direito Agrário,Agrário,DF,3470269,Alta,21,Desapropriação para fins de reforma agrária,0.7,1,0,1,1,0,0,0,0
civil,Direito Civil,Civil,RJ,375776,Média,12,Cobrança de dívida com pedido de penhora de bens,0.75,1,0,1,0,0,0,0,0
penal,Direito Penal,Penal,MT,0,Média,18,Ação penal por crime contra o patrimônio,0.6,0,1,1,0,0,0,1,0
consumidor,Direito do Consumidor,Civil,MG,18173,Baixa,7,Vício em produto com pedido de substituição,0.9,0,1,1,0,1,0,0,0
administrativo,Direito Administrativo,Administrativo,SP,402870,Média,20,Processo jurídico na área de administrativo,0.57,0,1,0,0,0,0,0,0
administrativo,Direito Administrativo,Administrativo,SC,184693,Média,20,Processo jurídico na área de administrativo,0.62,0,1,1,0,0,0,0,0
civil,Direito Civil,Civil,MS,399588,Alta,16,Ação de despejo por falta de pagamento,0.8,1,1,1,0,0,0,0,0
trabalhista,Direito Trabalhista,Trabalhista,RJ,17325,Baixa,4,Ação de rescisão indireta por assédio moral,0.75,1,0,0,0,0,0,0,0
consumidor,Direito do Consumidor,Civil,GO,5006,Baixa,9,Cobrança indevida de tarifa bancária com pedido de repetição,0.85,0,1,0,0,1,0,0,0
consumidor,Direito do Consumidor,Civil,MS,36154,Baixa,8,Vício em produto com pedido de substituição,0.85,0,0,1,0,1,0,0,0
empresarial,Direito Empresarial,Empresarial,RJ,9643546,Média,14,Processo jurídico na área de empresarial,0.73,0,1,0,0,0,0,0,0
penal,Direito Penal,Penal,ES,0,Alta,21,Ação penal por crime contra o patrimônio,0.6,0,1,1,0,0,0,1,0
administrativo,Direito Administrativo,Administrativo,ES,38992,Alta,26,Processo jurídico na área de administrativo,0.67,0,1,1,0,0,0,1,0
trabalhista,Direito Trabalhista,Trabalhista,PR,36497,Alta,13,Cobrança de verbas rescisórias não pagas,0.8,0,1,0,0,1,0,0,0
agrario,Direito Agrário,Agrário,PE,3594928,Alta,21,Regularização fundiária de propriedade rural,0.7,1,0,1,1,0,0,0,0
consumidor,Direito do Consumidor,Civil,RS,20740,Baixa,7,Negativação indevida do nome do consumidor,0.85,0,1,1,0,0,0,0,0
consumidor,Direito do Consumidor,Civil,BA,27857,Média,10,Vício em produto com pedido de substituição,0.8,0,0,1,0,0,0,0,0
administrativo,Direito Administrativo,Administrativo,MS,912521,Média,20,Processo jurídico na área de administrativo,0.67,0,1,1,0,0,0,1,0
tributario,Direito Tributário,Tributário,SP,6953232,Baixa,23,Ação anulatória de auto de infração,0.7,0,1,1,0,0,0,0,0
constitucional,Direito Constitucional,Constitucional,GO,0,Alta,36,Processo jurídico na área de constitucional,0.63,0,1,0,0,0,0,1,1
trabalhista,Direito Trabalhista,Trabalhista,DF,56993,Média,8,Ação de rescisão indireta por assédio moral,0.8,1,1,0,0,0,0,0,0
administrativo,Direito Administrativo,Administrativo,PR,563672,Alta,28,Processo jurídico na área de administrativo,0.67,0,1,1,0,0,0,1,0
penal,Direito Penal,Penal,ES,0,Alta,25,Investigação de crime tributário,0.6,0,1,1,0,0,0,1,0
trabalhista,Direito Trabalhista,Trabalhista,RJ,25352,Média,8,Equiparação salarial entre empregados,0.8,1,0,0,0,1,0,0,0
trabalhista,Direito Trabalhista,Trabalhista,MS,36555,Média,8,Ação de rescisão indireta por assédio moral,0.75,0,1,0,0,0,0,0,0
consumidor,Direito do Consumidor,Civil,MS,25759,Baixa,6,Cobrança indevida de tarifa bancária com pedido de repetição,0.85,0,1,0,0,1,0,0,0
previdenciario,Direito Previdenciário,Previdenciário,SC,76870,Alta,20,Processo jurídico na área de previdenciario,0.82,1,0,0,1,0,0,0,0
consumidor,Direito do Consumidor,Civil,MG,43958,Média,10,Cobrança indevida de tarifa bancária com pedido de repetição,0.9,0,1,1,0,1,0,0,0
administrativo,Direito Administrativo,Administrativo,GO,92177,Baixa,17,Processo jurídico na área de administrativo,0.67,0,1,1,0,0,0,1,0
agrario,Direito Agrário,Agrário,PR,674359,Alta,21,Conflito de terras entre posseiros,0.7,1,0,1,1,0,0,0,0
previdenciario,Direito Previdenciário,Previdenciário,MS,158800,Baixa,14,Processo jurídico na área de previdenciario,0.77,0,0,0,1,0,0,0,0
administrativo,Direito Administrativo,Administrativo,SP,167613,Baixa,17,Processo jurídico na área de administrativo,0.67,0,1,1,0,0,0,1,0
penal,Direito Penal,Penal,MS,0,Média,18,Ação penal por crime contra o patrimônio,0.6,0,1,1,0,0,0,1,0
administrativo,Direito Administrativo,Administrativo,PE,153410,Média,20,Processo jurídico na área de administrativo,0.67,0,1,1,0,0,0,1,0
civil,Direito Civil,Civil,ES,176800,Média,12,Rescisão contratual com pedido de restituição de valores,0.8,1,1,1,0,0,0,0,0
civil,Direito Civil,Civil,SP,318516,Média,12,Ação de indenização por danos morais e materiais decorrente de acidente de trânsito,0.75,0,1,1,0,0,0,0,0
consumidor,Direito do Consumidor,Civil,DF,17726,Baixa,9,Negativação indevida do nome do consumidor,0.8,0,0,0,0,1,0,0,0
trabalhista,Direito Trabalhista,Trabalhista,MG,25080,Média,8,Ação de rescisão indireta por assédio moral,0.85,1,1,0,0,1,0,0,0
agrario,Direito Agrário,Agrário,PR,4583418,Média,15,Desapropriação para fins de reforma agrária,0.65,0,0,1,1,0,0,0,0
trabalhista,Direito Trabalhista,Trabalhista,GO,94108,Média,8,Equiparação salarial entre empregados,0.85,1,1,0,0,1,0,0,0
civil,Direito Civil,Civil,GO,322822,Média,12,Rescisão contratual com pedido de restituição de valores,0.75,0,1,1,0,0,0,0,0
tributario,Direito Tributário,Tributário,CE,4825822,Alta,32,Execução fiscal de débito previdenciário,0.7,0,1,1,0,0,0,0,0
tributario,Direito Tributário,Tributário,RS,9466316,Alta,29,Mandado de segurança contra cobrança de ICMS,0.75,1,1,1,0,0,0,0,0
civil,Direito Civil,Civil,ES,349360,Média,12,Ação de despejo por falta de pagamento,0.75,0,1,1,0,0,0,0,0
consumidor,Direito do Consumidor,Civil,BA,15601,Média,10,Negativação indevida do nome do consumidor,0.85,0,1,0,0,1,0,0,0
civil,Direito Civil,Civil,DF,91406,Média,12,Ação de despejo por falta de pagamento,0.8,1,1,1,0,0,0,0,0
trabalhista,Direito Trabalhista,Trabalhista,MG,76416,Baixa,7,Ação de rescisão indireta por assédio moral,0.8,1,0,0,0,1,0,0,0
consumidor,Direito do Consumidor,Civil,BA,12701,Baixa,8,Cobrança indevida de tarifa bancária com pedido de repetição,0.8,0,1,0,0,0,0,0,0
consumidor,Direito do Consumidor,Civil,RS,12855,Baixa,8,Negativação indevida do nome do consumidor,0.85,0,0,1,0,1,0,0,0
tributario,Direito Tributário,Tributário,SP,79325,Alta,30,Execução fiscal de débito previdenciário,0.75,1,1,1,0,0,0,0,0
trabalhista,Direito Trabalhista,Trabalhista,DF,21831,Alta,12,Equiparação salarial entre empregados,0.8,1,1,0,0,0,0,0,0
trabalhista,Direito Trabalhista,Trabalhista,SP,4043,Alta,15,Ação de rescisão indireta por assédio moral,0.75,0,1,0,0,0,0,0,0
penal,Direito Penal,Penal,RJ,0,Média,18,Investigação de crime tributário,0.55,0,1,0,0,0,0,1,0
consumidor,Direito do Consumidor,Civil,RS,45980,Média,10,Negativação indevida do nome do consumidor,0.9,0,1,1,0,1,0,0,0
trabalhista,Direito Trabalhista,Trabalhista,RS,26447,Baixa,5,Equiparação salarial entre empregados,0.8,1,0,0,0,1,0,0,0
previdenciario,Direito Previdenciário,Previdenciário,ES,15359,Baixa,15,Processo jurídico na área de previdenciario,0.77,1,0,0,0,0,0,0,0
empresarial,Direito Empresarial,Empresarial,DF,24055521,Média,14,Processo jurídico na área de empresarial,0.83,0,1,0,0,1,0,0,1
consumidor,Direito do Consumidor,Civil,SP,36848,Baixa,7,Propaganda enganosa com pedido de indenização,0.8,0,1,0,0,0,0,0,0
civil,Direito Civil,Civil,DF,133998,Baixa,9,Ação de indenização por danos morais e materiais decorrente de acidente de trânsito,0.8,1,1,1,0,0,0,0,0
consumidor,Direito do Consumidor,Civil,MS,3324,Baixa,7,Cobrança indevida de tarifa bancária com pedido de repetição,0.8,0,1,0,0,0,0,0,0
trabalhista,Direito Trabalhista,Trabalhista,SP,56220,Alta,11,Ação de rescisão indireta por assédio moral,0.8,0,1,0,0,1,0,0,0
empresarial,Direito Empresarial,Empresarial,MS,3519800,Média,14,Processo jurídico na área de empresarial,0.73,0,1,0,0,0,0,0,0
consumidor,Direito do Consumidor,Civil,SC,22605,Baixa,6,Cobrança indevida de tarifa bancária com pedido de repetição,0.9,0,1,1,0,1,0,0,0
trabalhista,Direito Trabalhista,Trabalhista,CE,52901,Baixa,5,Equiparação salarial entre empregados,0.75,1,0,0,0,0,0,0,0
agrario,Direito Agrário,Agrário,CE,4051890,Alta,20,Conflito de terras entre posseiros,0.65,1,0,0,1,0,0,0,0
administrativo,Direito Administrativo,Administrativo,PE,143701,Alta,27,Processo jurídico na área de administrativo,0.67,0,1,1,0,0,0,1,0
consumidor,Direito do Consumidor,Civil,ES,23334,Média,10,Negativação indevida do nome do consumidor,0.9,0,1,1,0,1,0,0,0
consumidor,Direito do Consumidor,Civil,SC,16883,Baixa,6,Propaganda enganosa com pedido de indenização,0.9,0,1,1,0,1,0,0,0
empresarial,Direito Empresarial,Empresarial,CE,8795404,Baixa,12,Processo jurídico na área de empresarial,0.78,0,0,0,0,1,0,0,1
civil,Direito Civil,Civil,BA,479543,Média,12,Cobrança de dívida com pedido de penhora de bens,0.75,1,0,1,0,0,0,0,0
trabalhista,Direito Trabalhista,Trabalhista,RJ,21056,Baixa,7,Reclamação trabalhista com pedido de horas extras,0.75,0,1,0,0,0,0,0,0
consumidor,Direito do Consumidor,Civil,SP,28551,Baixa,7,Negativação indevida do nome do consumidor,0.9,0,1,1,0,1,0,0,0
civil,Direito Civil,Civil,GO,374140,Baixa,11,Ação de despejo por falta de pagamento,0.7,1,0,0,0,0,0,0,0
previdenciario,Direito Previdenciário,Previdenciário,MS,5343,Média,16,Processo jurídico na área de previdenciario,0.87,1,0,0,1,1,0,0,0
empresarial,Direito Empresarial,Empresarial,PE,28418390,Baixa,11,Processo jurídico na área de empresarial,0.83,0,1,0,0,1,0,0,1
agrario,Direito Agrário,Agrário,MS,75109,Alta,21,Conflito de terras entre posseiros,0.6,0,0,0,1,0,0,0,0
civil,Direito Civil,Civil,RJ,27089,Alta,17,Cobrança de dívida com pedido de penhora de bens,0.7,0,1,0,0,0,0,0,0
trabalhista,Direito Trabalhista,Trabalhista,PR,18959,Média,8,Ação de rescisão indireta por assédio moral,0.85,1,1,0,0,1,0,0,0
trabalhista,Direito Trabalhista,Trabalhista,CE,64463,Média,8,Cobrança de verbas rescisórias não pagas,0.8,1,1,0,0,0,0,0,0
empresarial,Direito Empresarial,Empresarial,SC,44471113,Média,14,Processo jurídico na área de empresarial,0.83,0,1,0,0,1,0,0,1
consumidor,Direito do Consumidor,Civil,MT,41482,Alta,17,Propaganda enganosa com pedido de indenização,0.9,0,1,1,0,1,0,0,0
consumidor,Direito do Consumidor,Civil,RS,23463,Baixa,8,Vício em produto com pedido de substituição,0.8,0,1,0,0,0,0,0,0
consumidor,Direito do Consumidor,Civil,DF,23134,Baixa,8,Vício em produto com pedido de substituição,0.8,0,0,1,0,0,0,0,0
empresarial,Direito Empresarial,Empresarial,MS,38383341,Baixa,10,Processo jurídico na área de empresarial,0.73,0,1,0,0,0,0,0,0
civil,Direito Civil,Civil,PE,189887,Média,12,Rescisão contratual com pedido de restituição de valores,0.8,1,1,1,0,0,0,0,0
civil,Direito Civil,Civil,DF,483434,Média,12,Ação de indenização por danos morais e materiais decorrente de acidente de trânsito,0.8,1,1,1,0,0,0,0,0
trabalhista,Direito Trabalhista,Trabalhista,RS,4142,Baixa,7,Equiparação salarial entre empregados,0.8,1,0,0,0,1,0,0,0
civil,Direito Civil,Civil,BA,274517,Média,12,Ação de indenização por danos morais e materiais decorrente de acidente de trânsito,0.8,1,1,1,0,0,0,0,0
administrativo,Direito Administrativo,Administrativo,PR,8742,Média,20,Processo jurídico na área de administrativo,0.57,0,0,1,0,0,0,0,0
consumidor,Direito do Consumidor,Civil,SP,26932,Baixa,8,Cobrança indevida de tarifa bancária com pedido de repetição,0.85,0,1,1,0,0,0,0,0
penal,Direito Penal,Penal,PE,0,Média,18,Processo por lesão corporal dolosa,0.55,0,1,0,0,0,0,1,0
consumidor,Direito do Consumidor,Civil,MG,12786,Baixa,9,Vício em produto com pedido de substituição,0.8,0,0,0,0,1,0,0,0
civil,Direito Civil,Civil,CE,212937,Média,12,Cobrança de dívida com pedido de penhora de bens,0.8,1,1,1,0,0,0,0,0
consumidor,Direito do Consumidor,Civil,MS,24683,Média,10,Vício em produto com pedido de substituição,0.9,0,1,1,0,1,0,0,0
agrario,Direito Agrário,Agrário,MS,3616132,Baixa,11,Conflito de terras entre posseiros,0.7,1,0,1,1,0,0,0,0
consumidor,Direito do Consumidor,Civil,GO,41033,Baixa,9,Propaganda enganosa com pedido de indenização,0.9,0,1,1,0,1,0,0,0
tributario,Direito Tributário,Tributário,PE,9534651,Alta,30,Mandado de segurança contra cobrança de ICMS,0.7,1,1,0,0,0,0,0,0
consumidor,Direito do Consumidor,Civil,RJ,5996,Alta,18,Vício em produto com pedido de substituição,0.85,0,1,0,0,1,0,0,0
consumidor,Direito do Consumidor,Civil,DF,15446,Alta,17,Negativação indevida do nome do consumidor,0.8,0,0,0,0,1,0,0,0
consumidor,Direito do Consumidor,Civil,RJ,48021,Alta,18,Vício em produto com pedido de substituição,0.9,0,1,1,0,1,0,0,0
empresarial,Direito Empresarial,Empresarial,GO,12298250,Alta,20,Processo jurídico na área de empresarial,0.78,0,1,0,0,0,0,0,1
trabalhista,Direito Trabalhista,Trabalhista,BA,82889,Média,8,Cobrança de verbas rescisórias não pagas,0.75,1,0,0,0,0,0,0,0
trabalhista,Direito Trabalhista,Trabalhista,SC,77869,Alta,12,Ação de rescisão indireta por assédio moral,0.8,1,1,0,0,0,0,0,0
consumidor,Direito do Consumidor,Civil,BA,48846,Baixa,7,Vício em produto com pedido de substituição,0.8,0,0,1,0,0,0,0,0
consumidor,Direito do Consumidor,Civil,MT,22296,Baixa,8,Cobrança indevida de tarifa bancária com pedido de repetição,0.8,0,1,0,0,0,0,0,0
trabalhista,Direito Trabalhista,Trabalhista,MT,57988,Baixa,6,Cobrança de verbas rescisórias não pagas,0.85,1,1,0,0,1,0,0,0
civil,Direito Civil,Civil,BA,287167,Média,12,Rescisão contratual com pedido de restituição de valores,0.8,1,1,1,0,0,0,0,0
trabalhista,Direito Trabalhista,Trabalhista,PE,98168,Baixa,5,Equiparação salarial entre empregados,0.85,1,1,0,0,1,0,0,0
civil,Direito Civil,Civil,DF,265315,Média,12,Rescisão contratual com pedido de restituição de valores,0.7,0,1,0,0,0,0,0,0
consumidor,Direito do Consumidor,Civil,RS,4634,Baixa,9,Vício em produto com pedido de substituição,0.9,0,1,1,0,1,0,0,0
administrativo,Direito Administrativo,Administrativo,MG,331414,Alta,23,Processo jurídico na área de administrativo,0.57,0,0,1,0,0,0,0,0
agrario,Direito Agrário,Agrário,MT,65386,Alta,20,Desapropriação para fins de reforma agrária,0.65,1,0,0,1,0,0,0,0
civil,Direito Civil,Civil,RJ,59614,Alta,15,Cobrança de dívida com pedido de penhora de bens,0.8,1,1,1,0,0,0,0,0
administrativo,Direito Administrativo,Administrativo,MT,298885,Alta,25,Processo jurídico na área de administrativo,0.62,0,1,0,0,0,0,1,0
previdenciario,Direito Previdenciário,Previdenciário,MS,41238,Média,16,Processo jurídico na área de previdenciario,0.82,0,0,0,1,1,0,0,0
agrario,Direito Agrário,Agrário,GO,3551561,Alta,23,Desapropriação para fins de reforma agrária,0.6,0,0,0,1,0,0,0,0
penal,Direito Penal,Penal,MT,0,Alta,25,Investigação de crime tributário,0.55,0,0,1,0,0,0,1,0
empresarial,Direito Empresarial,Empresarial,MG,24855292,Baixa,11,Processo jurídico na área de empresarial,0.78,0,1,0,0,0,0,0,1
tributario,Direito Tributário,Tributário,MS,8508609,Alta,31,Mandado de segurança contra cobrança de ICMS,0.65,0,0,1,0,0,0,0,0
trabalhista,Direito Trabalhista,Trabalhista,BA,31538,Baixa,5,Cobrança de verbas rescisórias não pagas,0.8,1,1,0,0,0,0,0,0
consumidor,Direito do Consumidor,Civil,RJ,33850,Média,10,Negativação indevida do nome do consumidor,0.9,0,1,1,0,1,0,0,0
consumidor,Direito do Consumidor,Civil,SC,35549,Baixa,6,Vício em produto com pedido de substituição,0.9,0,1,1,0,1,0,0,0
penal,Direito Penal,Penal,PE,0,Média,18,Investigação de crime tributário,0.55,0,0,1,0,0,0,1,0
agrario,Direito Agrário,Agrário,SP,2507251,Média,15,Desapropriação para fins de reforma agrária,0.6,0,0,1,0,0,0,0,0
penal,Direito Penal,Penal,RS,0,Baixa,14,Ação penal por crime contra o patrimônio,0.6,0,1,1,0,0,0,1,0
trabalhista,Direito Trabalhista,Trabalhista,RJ,10303,Média,8,Ação de rescisão indireta por assédio moral,0.75,1,0,0,0,0,0,0,0
civil,Direito Civil,Civil,DF,452448,Baixa,8,Cobrança de dívida com pedido de penhora de bens,0.7,1,0,0,0,0,0,0,0
empresarial,Direito Empresarial,Empresarial,CE,19685781,Baixa,13,Processo jurídico na área de empresarial,0.83,0,1,0,0,1,0,0,1
consumidor,Direito do Consumidor,Civil,DF,7640,Baixa,9,Cobrança indevida de tarifa bancária com pedido de repetição,0.8,0,0,0,0,1,0,0,0
civil,Direito Civil,Civil,MG,449290,Alta,18,Ação de indenização por danos morais e materiais decorrente de acidente de trânsito,0.75,0,1,1,0,0,0,0,0
trabalhista,Direito Trabalhista,Trabalhista,PR,92007,Alta,15,Reclamação trabalhista com pedido de horas extras,0.85,1,1,0,0,1,0,0,0
trabalhista,Direito Trabalhista,Trabalhista,SC,76576,Alta,14,Reclamação trabalhista com pedido de horas extras,0.75,0,0,0,0,1,0,0,0
consumidor,Direito do Consumidor,Civil,ES,16518,Baixa,8,Negativação indevida do nome do consumidor,0.85,0,0,1,0,1,0,0,0
trabalhista,Direito Trabalhista,Trabalhista,MT,42436,Baixa,4,Equiparação salarial entre empregados,0.8,1,1,0,0,0,0,0,0
consumidor,Direito do Consumidor,Civil,MT,19854,Baixa,6,Propaganda enganosa com pedido de indenização,0.9,0,1,1,0,1,0,0,0
civil,Direito Civil,Civil,BA,380196,Média,12,Rescisão contratual com pedido de restituição de valores,0.7,0,0,1,0,0,0,0,0
civil,Direito Civil,Civil,MT,339579,Baixa,11,Ação de indenização por danos morais e materiais decorrente de acidente de trânsito,0.7,0,1,0,0,0,0,0,0
civil,Direito Civil,Civil,CE,175220,Média,12,Cobrança de dívida com pedido de penhora de bens,0.75,1,1,0,0,0,0,0,0
civil,Direito Civil,Civil,RS,109854,Média,12,Rescisão contratual com pedido de restituição de valores,0.7,1,0,0,0,0,0,0,0
empresarial,Direito Empresarial,Empresarial,CE,15999181,Média,14,Processo jurídico na área de empresarial,0.73,0,0,0,0,0,0,0,1
consumidor,Direito do Consumidor,Civil,DF,4232,Baixa,7,Negativação indevida do nome do consumidor,0.8,0,0,1,0,0,0,0,0
civil,Direito Civil,Civil,ES,329418,Alta,20,Cobrança de dívida com pedido de penhora de bens,0.8,1,1,1,0,0,0,0,0
consumidor,Direito do Consumidor,Civil,SP,7573,Média,10,Cobrança indevida de tarifa bancária com pedido de repetição,0.9,0,1,1,0,1,0,0,0
trabalhista,Direito Trabalhista,Trabalhista,PR,51565,Alta,12,Ação de rescisão indireta por assédio moral,0.75,0,0,0,0,1,0,0,0
penal,Direito Penal,Penal,DF,0,Alta,22,Ação penal por crime contra o patrimônio,0.5,0,0,1,0,0,0,0,0
penal,Direito Penal,Penal,MS,0,Média,18,Ação penal por crime ambiental,0.6,0,1,1,0,0,0,1,0
agrario,Direito Agrário,Agrário,RJ,3215061,Média,15,Desapropriação para fins de reforma agrária,0.6,0,0,0,1,0,0,0,0
empresarial,Direito Empresarial,Empresarial,PR,47776036,Alta,22,Processo jurídico na área de empresarial,0.83,0,1,0,0,1,0,0,1
penal,Direito Penal,Penal,DF,0,Alta,24,Investigação de crime tributário,0.6,0,1,1,0,0,0,1,0
civil,Direito Civil,Civil,SC,53132,Média,12,Ação de indenização por danos morais e materiais decorrente de acidente de trânsito,0.8,1,1,1,0,0,0,0,0
trabalhista,Direito Trabalhista,Trabalhista,BA,39383,Média,8,Reclamação trabalhista com pedido de horas extras,0.85,1,1,0,0,1,0,0,0
agrario,Direito Agrário,Agrário,MG,1249748,Média,15,Desapropriação para fins de reforma agrária,0.6,0,0,1,0,0,0,0,0
tributario,Direito Tributário,Tributário,MG,6237787,Alta,32,Repetição de indébito tributário,0.65,0,0,1,0,0,0,0,0
trabalhista,Direito Trabalhista,Trabalhista,SP,85774,Média,8,Ação de rescisão indireta por assédio moral,0.85,1,1,0,0,1,0,0,0
trabalhista,Direito Trabalhista,Trabalhista,SP,82313,Média,8,Ação de rescisão indireta por assédio moral,0.85,1,1,0,0,1,0,0,0
empresarial,Direito Empresarial,Empresarial,MG,20941990,Baixa,12,Processo jurídico na área de empresarial,0.78,0,1,0,0,1,0,0,0
civil,Direito Civil,Civil,PR,226196,Baixa,11,Ação de indenização por danos morais e materiais decorrente de acidente de trânsito,0.8,1,1,1,0,0,0,0,0
consumidor,Direito do Consumidor,Civil,SP,32838,Baixa,8,Vício em produto com pedido de substituição,0.85,0,0,1,0,1,0,0,0
consumidor,Direito do Consumidor,Civil,SC,12816,Baixa,6,Propaganda enganosa com pedido de indenização,0.9,0,1,1,0,1,0,0,0
empresarial,Direito Empresarial,Empresarial,CE,40551221,Média,14,Processo jurídico na área de empresarial,0.73,0,1,0,0,0,0,0,0
agrario,Direito Agrário,Agrário,BA,124389,Média,15,Conflito de terras entre posseiros,0.7,1,0,1,1,0,0,0,0
trabalhista,Direito Trabalhista,Trabalhista,PR,57464,Alta,13,Cobrança de verbas rescisórias não pagas,0.85,1,1,0,0,1,0,0,0
trabalhista,Direito Trabalhista,Trabalhista,BA,28407,Alta,12,Equiparação salarial entre empregados,0.85,1,1,0,0,1,0,0,0
consumidor,Direito do Consumidor,Civil,BA,24980,Baixa,7,Vício em produto com pedido de substituição,0.85,0,1,1,0,0,0,0,0
trabalhista,Direito Trabalhista,Trabalhista,PR,14817,Média,8,Ação de rescisão indireta por assédio moral,0.8,1,0,0,0,1,0,0,0
civil,Direito Civil,Civil,DF,382845,Média,12,Rescisão contratual com pedido de restituição de valores,0.7,1,0,0,0,0,0,0,0
previdenciario,Direito Previdenciário,Previdenciário,RJ,22314,Baixa,14,Processo jurídico na área de previdenciario,0.77,1,0,0,0,0,0,0,0
civil,Direito Civil,Civil,SP,461906,Alta,16,Ação de despejo por falta de pagamento,0.75,1,1,0,0,0,0,0,0
administrativo,Direito Administrativo,Administrativo,BA,793986,Alta,23,Processo jurídico na área de administrativo,0.67,0,1,1,0,0,0,1,0
trabalhista,Direito Trabalhista,Trabalhista,RJ,82105,Alta,12,Reclamação trabalhista com pedido de horas extras,0.75,1,0,0,0,0,0,0,0
tributario,Direito Tributário,Tributário,SP,7551801,Média,24,Mandado de segurança contra cobrança de ICMS,0.75,1,1,1,0,0,0,0,0
trabalhista,Direito Trabalhista,Trabalhista,MT,4928,Baixa,4,Ação de rescisão indireta por assédio moral,0.75,0,0,0,0,1,0,0,0
civil,Direito Civil,Civil,GO,273462,Alta,20,Cobrança de dívida com pedido de penhora de bens,0.7,1,0,0,0,0,0,0,0
previdenciario,Direito Previdenciário,Previdenciário,GO,180173,Média,16,Processo jurídico na área de previdenciario,0.77,0,0,0,1,0,0,0,0
consumidor,Direito do Consumidor,Civil,PE,47352,Baixa,8,Propaganda enganosa com pedido de indenização,0.8,0,1,0,0,0,0,0,0
empresarial,Direito Empresarial,Empresarial,MG,34069646,Média,14,Processo jurídico na área de empresarial,0.78,0,1,0,0,1,0,0,0
agrario,Direito Agrário,Agrário,SC,4910163,Média,15,Desapropriação para fins de reforma agrária,0.6,0,0,1,0,0,0,0,0
consumidor,Direito do Consumidor,Civil,CE,32592,Média,10,Cobrança indevida de tarifa bancária com pedido de repetição,0.85,0,1,0,0,1,0,0,0
civil,Direito Civil,Civil,MT,200668,Baixa,10,Ação de despejo por falta de pagamento,0.8,1,1,1,0,0,0,0,0
civil,Direito Civil,Civil,RS,493393,Média,12,Cobrança de dívida com pedido de penhora de bens,0.7,0,0,1,0,0,0,0,0
previdenciario,Direito Previdenciário,Previdenciário,PR,70704,Média,16,Processo jurídico na área de previdenciario,0.82,1,0,0,0,1,0,0,0
empresarial,Direito Empresarial,Empresarial,BA,6719091,Baixa,10,Processo jurídico na área de empresarial,0.73,0,0,0,0,0,0,0,1
trabalhista,Direito Trabalhista,Trabalhista,MS,66586,Média,8,Ação de rescisão indireta por assédio moral,0.85,1,1,0,0,1,0,0,0
consumidor,Direito do Consumidor,Civil,GO,13031,Alta,16,Cobrança indevida de tarifa bancária com pedido de repetição,0.9,0,1,1,0,1,0,0,0
agrario,Direito Agrário,Agrário,PR,3328707,Alta,20,Ação de usucapião de imóvel rural,0.6,1,0,0,0,0,0,0,0
trabalhista,Direito Trabalhista,Trabalhista,PR,12185,Média,8,Cobrança de verbas rescisórias não pagas,0.85,1,1,0,0,1,0,0,0
consumidor,Direito do Consumidor,Civil,PR,14297,Baixa,8,Propaganda enganosa com pedido de indenização,0.9,0,1,1,0,1,0,0,0
civil,Direito Civil,Civil,RS,36872,Média,12,Cobrança de dívida com pedido de penhora de bens,0.8,1,1,1,0,0,0,0,0
consumidor,Direito do Consumidor,Civil,MS,35936,Baixa,6,Cobrança indevida de tarifa bancária com pedido de repetição,0.8,0,0,1,0,0,0,0,0
civil,Direito Civil,Civil,ES,406431,Alta,19,Ação de despejo por falta de pagamento,0.8,1,1,1,0,0,0,0,0
constitucional,Direito Constitucional,Constitucional,PR,0,Alta,37,Processo jurídico na área de constitucional,0.53,0,0,0,0,0,0,0,1
agrario,Direito Agrário,Agrário,PE,4151539,Baixa,13,Desapropriação para fins de reforma agrária,0.65,1,0,1,0,0,0,0,0
empresarial,Direito Empresarial,Empresarial,MS,26497530,Alta,17,Processo jurídico na área de empresarial,0.73,0,1,0,0,0,0,0,0
consumidor,Direito do Consumidor,Civil,SC,8017,Baixa,9,Propaganda enganosa com pedido de indenização,0.85,0,1,0,0,1,0,0,0
agrario,Direito Agrário,Agrário,SP,2207476,Média,15,Regularização fundiária de propriedade rural,0.65,1,0,0,1,0,0,0,0
consumidor,Direito do Consumidor,Civil,RJ,18941,Baixa,9,Negativação indevida do nome do consumidor,0.85,0,1,0,0,1,0,0,0
consumidor,Direito do Consumidor,Civil,MG,43207,Baixa,8,Vício em produto com pedido de substituição,0.8,0,0,1,0,0,0,0,0
ambiental,Direito Ambiental,Ambiental,BA,60300249,Média,22,Processo jurídico na área de ambiental,0.73,0,0,0,1,0,0,1,1
ambiental,Direito Ambiental,Ambiental,RS,51932458,Baixa,20,Processo jurídico na área de ambiental,0.73,0,0,0,1,0,0,1,1
consumidor,Direito do Consumidor,Civil,PE,37828,Baixa,6,Negativação indevida do nome do consumidor,0.8,0,0,0,0,1,0,0,0
civil,Direito Civil,Civil,ES,271407,Alta,17,Ação de despejo por falta de pagamento,0.8,1,1,1,0,0,0,0,0
consumidor,Direito do Consumidor,Civil,DF,29695,Média,10,Vício em produto com pedido de substituição,0.9,0,1,1,0,1,0,0,0
civil,Direito Civil,Civil,MS,195762,Média,12,Ação de indenização por danos morais e materiais decorrente de acidente de trânsito,0.7,1,0,0,0,0,0,0,0
civil,Direito Civil,Civil,MT,274673,Alta,15,Ação de indenização por danos morais e materiais decorrente de acidente de trânsito,0.7,0,0,1,0,0,0,0,0
civil,Direito Civil,Civil,RS,248446,Alta,20,Cobrança de dívida com pedido de penhora de bens,0.7,0,0,1,0,0,0,0,0
agrario,Direito Agrário,Agrário,MG,3460554,Média,15,Conflito de terras entre posseiros,0.6,0,0,0,1,0,0,0,0
eleitoral,Direito Eleitoral,Eleitoral,RS,0,Alta,14,Processo jurídico na área de eleitoral,0.77,0,1,0,0,0,1,1,0
consumidor,Direito do Consumidor,Civil,MS,39324,Média,10,Vício em produto com pedido de substituição,0.8,0,1,0,0,0,0,0,0
empresarial,Direito Empresarial,Empresarial,MT,28458409,Média,14,Processo jurídico na área de empresarial,0.73,0,0,0,0,1,0,0,0
tributario,Direito Tributário,Tributário,ES,8276746,Alta,27,Repetição de indébito tributário,0.75,1,1,1,0,0,0,0,0
agrario,Direito Agrário,Agrário,ES,1791651,Alta,23,Desapropriação para fins de reforma agrária,0.7,1,0,1,1,0,0,0,0
penal,Direito Penal,Penal,CE,0,Alta,22,Investigação de crime tributário,0.55,0,0,1,0,0,0,1,0
penal,Direito Penal,Penal,MG,0,Alta,26,Ação penal por crime contra o patrimônio,0.6,0,1,1,0,0,0,1,0
penal,Direito Penal,Penal,PE,0,Alta,24,Processo por lesão corporal dolosa,0.5,0,1,0,0,0,0,0,0
consumidor,Direito do Consumidor,Civil,RS,25286,Média,10,Vício em produto com pedido de substituição,0.85,0,1,1,0,0,0,0,0
trabalhista,Direito Trabalhista,Trabalhista,MG,31256,Alta,15,Cobrança de verbas rescisórias não pagas,0.75,0,0,0,0,1,0,0,0
civil,Direito Civil,Civil,CE,428887,Média,12,Ação de indenização por danos morais e materiais decorrente de acidente de trânsito,0.7,0,1,0,0,0,0,0,0
consumidor,Direito do Consumidor,Civil,ES,32438,Média,10,Cobrança indevida de tarifa bancária com pedido de repetição,0.85,0,1,1,0,0,0,0,0
agrario,Direito Agrário,Agrário,GO,4537812,Alta,22,Regularização fundiária de propriedade rural,0.7,1,0,1,1,0,0,0,0
consumidor,Direito do Consumidor,Civil,CE,28653,Baixa,8,Negativação indevida do nome do consumidor,0.85,0,1,1,0,0,0,0,0
agrario,Direito Agrário,Agrário,PR,4209983,Alta,23,Conflito de terras entre posseiros,0.65,1,0,1,0,0,0,0,0
civil,Direito Civil,Civil,MT,477514,Média,12,Rescisão contratual com pedido de restituição de valores,0.75,1,1,0,0,0,0,0,0
empresarial,Direito Empresarial,Empresarial,SC,35523175,Média,14,Processo jurídico na área de empresarial,0.83,0,1,0,0,1,0,0,1
empresarial,Direito Empresarial,Empresarial,RS,15467911,Alta,17,Processo jurídico na área de empresarial,0.78,0,1,0,0,0,0,0,1
civil,Direito Civil,Civil,DF,6583,Baixa,8,Ação de indenização por danos morais e materiais decorrente de acidente de trânsito,0.7,0,0,1,0,0,0,0,0
tributario,Direito Tributário,Tributário,BA,2956788,Alta,28,Execução fiscal de débito previdenciário,0.65,0,0,1,0,0,0,0,0
agrario,Direito Agrário,Agrário,RS,3802755,Média,15,Regularização fundiária de propriedade rural,0.6,0,0,1,0,0,0,0,0
trabalhista,Direito Trabalhista,Trabalhista,MS,34725,Alta,15,Ação de rescisão indireta por assédio moral,0.75,0,1,0,0,0,0,0,0
civil,Direito Civil,Civil,SP,409089,Média,12,Rescisão contratual com pedido de restituição de valores,0.8,1,1,1,0,0,0,0,0
tributario,Direito Tributário,Tributário,PE,155605,Média,24,Execução fiscal de débito previdenciário,0.65,1,0,0,0,0,0,0,0
civil,Direito Civil,Civil,MS,84507,Baixa,11,Rescisão contratual com pedido de restituição de valores,0.75,1,0,1,0,0,0,0,0
administrativo,Direito Administrativo,Administrativo,RJ,62295,Alta,26,Processo jurídico na área de administrativo,0.67,0,1,1,0,0,0,1,0
consumidor,Direito do Consumidor,Civil,DF,20685,Baixa,8,Vício em produto com pedido de substituição,0.8,0,1,0,0,0,0,0,0
agrario,Direito Agrário,Agrário,DF,2419690,Média,15,Regularização fundiária de propriedade rural,0.65,0,0,1,1,0,0,0,0
agrario,Direito Agrário,Agrário,RJ,4711314,Alta,19,Regularização fundiária de propriedade rural,0.7,1,0,1,1,0,0,0,0
trabalhista,Direito Trabalhista,Trabalhista,SC,47218,Alta,13,Equiparação salarial entre empregados,0.75,0,0,0,0,1,0,0,0
trabalhista,Direito Trabalhista,Trabalhista,RJ,95538,Alta,15,Ação de rescisão indireta por assédio moral,0.75,1,0,0,0,0,0,0,0
penal,Direito Penal,Penal,BA,0,Alta,25,Processo por lesão corporal dolosa,0.6,0,1,1,0,0,0,1,0
consumidor,Direito do Consumidor,Civil,CE,9738,Baixa,9,Propaganda enganosa com pedido de indenização,0.9,0,1,1,0,1,0,0,0
empresarial,Direito Empresarial,Empresarial,GO,20072516,Média,14,Processo jurídico na área de empresarial,0.83,0,1,0,0,1,0,0,1
consumidor,Direito do Consumidor,Civil,PE,22066,Baixa,8,Negativação indevida do nome do consumidor,0.8,0,0,1,0,0,0,0,0
trabalhista,Direito Trabalhista,Trabalhista,PR,31664,Média,8,Equiparação salarial entre empregados,0.75,0,1,0,0,0,0,0,0
trabalhista,Direito Trabalhista,Trabalhista,CE,6741,Média,8,Equiparação salarial entre empregados,0.85,1,1,0,0,1,0,0,0
civil,Direito Civil,Civil,CE,318408,Média,12,Cobrança de dívida com pedido de penhora de bens,0.7,0,1,0,0,0,0,0,0
tributario,Direito Tributário,Tributário,MS,1504517,Alta,32,Execução fiscal de débito previdenciário,0.7,0,1,1,0,0,0,0,0
agrario,Direito Agrário,Agrário,SP,556854,Alta,19,Regularização fundiária de propriedade rural,0.6,0,0,0,1,0,0,0,0
civil,Direito Civil,Civil,PR,268485,Média,12,Ação de indenização por danos morais e materiais decorrente de acidente de trânsito,0.75,1,0,1,0,0,0,0,0
civil,Direito Civil,Civil,GO,326270,Média,12,Ação de indenização por danos morais e materiais decorrente de acidente de trânsito,0.7,1,0,0,0,0,0,0,0
trabalhista,Direito Trabalhista,Trabalhista,GO,82250,Média,8,Ação de rescisão indireta por assédio moral,0.8,1,0,0,0,1,0,0,0
empresarial,Direito Empresarial,Empresarial,PE,39736457,Média,14,Processo jurídico na área de empresarial,0.73,0,0,0,0,0,0,0,1
previdenciario,Direito Previdenciário,Previdenciário,PE,38427,Alta,22,Processo jurídico na área de previdenciario,0.82,1,0,0,1,0,0,0,0
civil,Direito Civil,Civil,SC,207881,Alta,17,Ação de indenização por danos morais e materiais decorrente de acidente de trânsito,0.8,1,1,1,0,0,0,0,0
tributario,Direito Tributário,Tributário,DF,1725132,Alta,31,Repetição de indébito tributário,0.7,1,1,0,0,0,0,0,0
civil,Direito Civil,Civil,RS,295990,Média,12,Cobrança de dívida com pedido de penhora de bens,0.8,1,1,1,0,0,0,0,0
agrario,Direito Agrário,Agrário,SC,248528,Média,15,Regularização fundiária de propriedade rural,0.7,1,0,1,1,0,0,0,0
agrario,Direito Agrário,Agrário,CE,3645162,Alta,22,Regularização fundiária de propriedade rural,0.6,0,0,0,1,0,0,0,0
trabalhista,Direito Trabalhista,Trabalhista,MT,35841,Média,8,Reclamação trabalhista com pedido de horas extras,0.85,1,1,0,0,1,0,0,0
civil,Direito Civil,Civil,SP,34279,Alta,20,Cobrança de dívida com pedido de penhora de bens,0.7,0,1,0,0,0,0,0,0
civil,Direito Civil,Civil,ES,221234,Média,12,Cobrança de dívida com pedido de penhora de bens,0.75,1,0,1,0,0,0,0,0
civil,Direito Civil,Civil,GO,265542,Baixa,10,Rescisão contratual com pedido de restituição de valores,0.7,0,0,1,0,0,0,0,0
trabalhista,Direito Trabalhista,Trabalhista,MT,39423,Média,8,Cobrança de verbas rescisórias não pagas,0.8,1,1,0,0,0,0,0,0
trabalhista,Direito Trabalhista,Trabalhista,GO,28597,Baixa,6,Equiparação salarial entre empregados,0.75,0,0,0,0,1,0,0,0
trabalhista,Direito Trabalhista,Trabalhista,PE,16536,Alta,15,Cobrança de verbas rescisórias não pagas,0.8,0,1,0,0,1,0,0,0
penal,Direito Penal,Penal,PE,0,Alta,21,Investigação de crime tributário,0.55,0,1,0,0,0,0,1,0
trabalhista,Direito Trabalhista,Trabalhista,GO,80960,Baixa,6,Cobrança de verbas rescisórias não pagas,0.8,0,1,0,0,1,0,0,0
civil,Direito Civil,Civil,ES,163374,Alta,17,Ação de despejo por falta de pagamento,0.7,0,0,1,0,0,0,0,0
penal,Direito Penal,Penal,PR,0,Alta,24,Ação penal por crime ambiental,0.5,0,0,0,0,0,0,1,0
penal,Direito Penal,Penal,DF,0,Baixa,16,Ação penal por crime contra o patrimônio,0.6,0,1,1,0,0,0,1,0
consumidor,Direito do Consumidor,Civil,PR,49663,Baixa,7,Cobrança indevida de tarifa bancária com pedido de repetição,0.8,0,1,0,0,0,0,0,0
tributario,Direito Tributário,Tributário,DF,6694155,Alta,30,Execução fiscal de débito previdenciário,0.75,1,1,1,0,0,0,0,0
agrario,Direito Agrário,Agrário,DF,1161167,Média,15,Desapropriação para fins de reforma agrária,0.6,0,0,1,0,0,0,0,0
trabalhista,Direito Trabalhista,Trabalhista,RJ,37957,Média,8,Cobrança de verbas rescisórias não pagas,0.75,0,0,0,0,1,0,0,0
administrativo,Direito Administrativo,Administrativo,SP,211159,Média,20,Processo jurídico na área de administrativo,0.67,0,1,1,0,0,0,1,0
trabalhista,Direito Trabalhista,Trabalhista,GO,53693,Média,8,Cobrança de verbas rescisórias não pagas,0.85,1,1,0,0,1,0,0,0
trabalhista,Direito Trabalhista,Trabalhista,RS,13258,Média,8,Ação de rescisão indireta por assédio moral,0.8,0,1,0,0,1,0,0,0
trabalhista,Direito Trabalhista,Trabalhista,CE,77923,Alta,14,Equiparação salarial entre empregados,0.8,0,1,0,0,1,0,0,0
civil,Direito Civil,Civil,PR,214627,Média,12,Cobrança de dívida com pedido de penhora de bens,0.75,0,1,1,0,0,0,0,0
tributario,Direito Tributário,Tributário,DF,1520572,Alta,29,Execução fiscal de débito previdenciário,0.65,1,0,0,0,0,0,0,0
trabalhista,Direito Trabalhista,Trabalhista,RJ,27523,Alta,13,Reclamação trabalhista com pedido de horas extras,0.85,1,1,0,0,1,0,0,0
trabalhista,Direito Trabalhista,Trabalhista,RS,46550,Média,8,Reclamação trabalhista com pedido de horas extras,0.85,1,1,0,0,1,0,0,0
penal,Direito Penal,Penal,MG,0,Média,18,Ação penal por crime contra o patrimônio,0.55,0,1,1,0,0,0,0,0
trabalhista,Direito Trabalhista,Trabalhista,MG,64850,Alta,11,Reclamação trabalhista com pedido de horas extras,0.85,1,1,0,0,1,0,0,0
trabalhista,Direito Trabalhista,Trabalhista,ES,8827,Média,8,Cobrança de verbas rescisórias não pagas,0.75,0,0,0,0,1,0,0,0
previdenciario,Direito Previdenciário,Previdenciário,SC,170861,Média,16,Processo jurídico na área de previdenciario,0.77,0,0,0,1,0,0,0,0
trabalhista,Direito Trabalhista,Trabalhista,SC,63612,Média,8,Cobrança de verbas rescisórias não pagas,0.75,0,1,0,0,0,0,0,0
agrario,Direito Agrário,Agrário,SP,3123873,Alta,19,Ação de usucapião de imóvel rural,0.6,1,0,0,0,0,0,0,0
trabalhista,Direito Trabalhista,Trabalhista,PR,91821,Alta,14,Equiparação salarial entre empregados,0.75,0,1,0,0,0,0,0,0
trabalhista,Direito Trabalhista,Trabalhista,PE,39103,Alta,12,Cobrança de verbas rescisórias não pagas,0.75,0,0,0,0,1,0,0,0
tributario,Direito Tributário,Tributário,GO,3190149,Alta,31,Ação anulatória de auto de infração,0.7,0,1,1,0,0,0,0,0
trabalhista,Direito Trabalhista,Trabalhista,MT,77162,Alta,16,Equiparação salarial entre empregados,0.85,1,1,0,0,1,0,0,0
civil,Direito Civil,Civil,CE,354350,Média,12,Rescisão contratual com pedido de restituição de valores,0.7,1,0,0,0,0,0,0,0
administrativo,Direito Administrativo,Administrativo,RJ,7055,Alta,23,Processo jurídico na área de administrativo,0.62,0,1,0,0,0,0,1,0
penal,Direito Penal,Penal,SC,0,Alta,25,Processo por lesão corporal dolosa,0.55,0,1,1,0,0,0,0,0
penal,Direito Penal,Penal,RJ,0,Baixa,17,Ação penal por crime ambiental,0.6,0,1,1,0,0,0,1,0
penal,Direito Penal,Penal,SP,0,Alta,24,Ação penal por crime contra o patrimônio,0.55,0,1,0,0,0,0,1,0
agrario,Direito Agrário,Agrário,PE,4776435,Baixa,14,Ação de usucapião de imóvel rural,0.65,0,0,1,1,0,0,0,0
consumidor,Direito do Consumidor,Civil,DF,48650,Baixa,9,Vício em produto com pedido de substituição,0.8,0,0,0,0,1,0,0,0
previdenciario,Direito Previdenciário,Previdenciário,CE,166067,Média,16,Processo jurídico na área de previdenciario,0.87,1,0,0,1,1,0,0,0
penal,Direito Penal,Penal,MG,0,Alta,22,Processo por lesão corporal dolosa,0.5,0,0,1,0,0,0,0,0
penal,Direito Penal,Penal,PE,0,Média,18,Ação penal por crime contra o patrimônio,0.5,0,0,1,0,0,0,0,0
trabalhista,Direito Trabalhista,Trabalhista,MS,53382,Média,8,Equiparação salarial entre empregados,0.85,1,1,0,0,1,0,0,0
penal,Direito Penal,Penal,CE,0,Alta,22,Ação penal por crime ambiental,0.5,0,0,0,0,0,0,1,0
agrario,Direito Agrário,Agrário,PE,3777672,Alta,19,Desapropriação para fins de reforma agrária,0.7,1,0,1,1,0,0,0,0
trabalhista,Direito Trabalhista,Trabalhista,PR,47247,Média,8,Ação de rescisão indireta por assédio moral,0.85,1,1,0,0,1,0,0,0
penal,Direito Penal,Penal,CE,0,Média,18,Ação penal por crime contra o patrimônio,0.6,0,1,1,0,0,0,1,0
agrario,Direito Agrário,Agrário,SP,824272,Alta,22,Regularização fundiária de propriedade rural,0.6,0,0,1,0,0,0,0,0
penal,Direito Penal,Penal,GO,0,Baixa,17,Investigação de crime tributário,0.55,0,0,1,0,0,0,1,0
penal,Direito Penal,Penal,DF,0,Alta,26,Ação penal por crime contra o patrimônio,0.6,0,1,1,0,0,0,1,0
civil,Direito Civil,Civil,DF,227552,Baixa,8,Rescisão contratual com pedido de restituição de valores,0.7,0,1,0,0,0,0,0,0
consumidor,Direito do Consumidor,Civil,DF,34735,Alta,13,Propaganda enganosa com pedido de indenização,0.85,0,0,1,0,1,0,0,0
tributario,Direito Tributário,Tributário,MS,9904080,Alta,27,Execução fiscal de débito previdenciário,0.7,1,0,1,0,0,0,0,0
consumidor,Direito do Consumidor,Civil,SP,47493,Baixa,9,Vício em produto com pedido de substituição,0.8,0,1,0,0,0,0,0,0
empresarial,Direito Empresarial,Empresarial,MS,26128234,Alta,17,Processo jurídico na área de empresarial,0.73,0,0,0,0,1,0,0,0
empresarial,Direito Empresarial,Empresarial,SC,45357860,Média,14,Processo jurídico na área de empresarial,0.83,0,1,0,0,1,0,0,1
civil,Direito Civil,Civil,CE,16269,Baixa,8,Ação de indenização por danos morais e materiais decorrente de acidente de trânsito,0.75,0,1,1,0,0,0,0,0
trabalhista,Direito Trabalhista,Trabalhista,MT,89765,Alta,11,Cobrança de verbas rescisórias não pagas,0.75,0,1,0,0,0,0,0,0
civil,Direito Civil,Civil,GO,147157,Alta,20,Cobrança de dívida com pedido de penhora de bens,0.7,0,0,1,0,0,0,0,0
administrativo,Direito Administrativo,Administrativo,SP,760010,Alta,23,Processo jurídico na área de administrativo,0.62,0,1,0,0,0,0,1,0
civil,Direito Civil,Civil,CE,195150,Baixa,11,Ação de indenização por danos morais e materiais decorrente de acidente de trânsito,0.75,0,1,1,0,0,0,0,0
previdenciario,Direito Previdenciário,Previdenciário,GO,24600,Alta,21,Processo jurídico na área de previdenciario,0.82,1,0,0,1,0,0,0,0
ambiental,Direito Ambiental,Ambiental,MG,34376915,Alta,26,Processo jurídico na área de ambiental,0.68,0,0,0,1,0,0,0,1
civil,Direito Civil,Civil,ES,271722,Alta,19,Rescisão contratual com pedido de restituição de valores,0.8,1,1,1,0,0,0,0,0
empresarial,Direito Empresarial,Empresarial,CE,48961472,Média,14,Processo jurídico na área de empresarial,0.73,0,0,0,0,0,0,0,1
consumidor,Direito do Consumidor,Civil,RS,16039,Média,10,Cobrança indevida de tarifa bancária com pedido de repetição,0.8,0,1,0,0,0,0,0,0
previdenciario,Direito Previdenciário,Previdenciário,RS,183031,Média,16,Processo jurídico na área de previdenciario,0.87,1,0,0,1,1,0,0,0
tributario,Direito Tributário,Tributário,PE,4716411,Alta,29,Execução fiscal de débito previdenciário,0.65,0,0,1,0,0,0,0,0
trabalhista,Direito Trabalhista,Trabalhista,PR,22099,Baixa,6,Reclamação trabalhista com pedido de horas extras,0.8,1,1,0,0,0,0,0,0
agrario,Direito Agrário,Agrário,SC,3086061,Média,15,Regularização fundiária de propriedade rural,0.65,0,0,1,1,0,0,0,0
trabalhista,Direito Trabalhista,Trabalhista,SC,95531,Baixa,4,Ação de rescisão indireta por assédio moral,0.85,1,1,0,0,1,0,0,0
civil,Direito Civil,Civil,PE,382355,Alta,16,Rescisão contratual com pedido de restituição de valores,0.75,1,0,1,0,0,0,0,0
consumidor,Direito do Consumidor,Civil,RJ,37007,Média,10,Vício em produto com pedido de substituição,0.85,0,1,0,0,1,0,0,0
penal,Direito Penal,Penal,CE,0,Alta,26,Ação penal por crime contra o patrimônio,0.55,0,1,0,0,0,0,1,0
consumidor,Direito do Consumidor,Civil,BA,18415,Baixa,9,Cobrança indevida de tarifa bancária com pedido de repetição,0.85,0,1,1,0,0,0,0,0
tributario,Direito Tributário,Tributário,GO,1713309,Alta,27,Repetição de indébito tributário,0.65,0,0,1,0,0,0,0,0
agrario,Direito Agrário,Agrário,MT,3566701,Média,15,Regularização fundiária de propriedade rural,0.7,1,0,1,1,0,0,0,0
penal,Direito Penal,Penal,RJ,0,Alta,26,Ação penal por crime contra o patrimônio,0.5,0,0,1,0,0,0,0,0
trabalhista,Direito Trabalhista,Trabalhista,RS,40278,Média,8,Equiparação salarial entre empregados,0.75,1,0,0,0,0,0,0,0
agrario,Direito Agrário,Agrário,PE,3175612,Alta,18,Ação de usucapião de imóvel rural,0.65,0,0,1,1,0,0,0,0
penal,Direito Penal,Penal,SP,0,Alta,21,Processo por lesão corporal dolosa,0.6,0,1,1,0,0,0,1,0
agrario,Direito Agrário,Agrário,SC,2119473,Alta,20,Regularização fundiária de propriedade rural,0.65,0,0,1,1,0,0,0,0
civil,Direito Civil,Civil,PE,92775,Alta,18,Cobrança de dívida com pedido de penhora de bens,0.8,1,1,1,0,0,0,0,0
penal,Direito Penal,Penal,GO,0,Alta,22,Ação penal por crime contra o patrimônio,0.5,0,0,0,0,0,0,1,0
penal,Direito Penal,Penal,RJ,0,Alta,25,Processo por lesão corporal dolosa,0.5,0,1,0,0,0,0,0,0
administrativo,Direito Administrativo,Administrativo,MG,672265,Média,20,Processo jurídico na área de administrativo,0.57,0,0,1,0,0,0,0,0
empresarial,Direito Empresarial,Empresarial,RJ,46557358,Média,14,Processo jurídico na área de empresarial,0.78,0,0,0,0,1,0,0,1
penal,Direito Penal,Penal,SC,0,Baixa,15,Ação penal por crime ambiental,0.55,0,1,1,0,0,0,0,0
tributario,Direito Tributário,Tributário,RS,5473648,Alta,27,Repetição de indébito tributário,0.65,0,0,1,0,0,0,0,0
empresarial,Direito Empresarial,Empresarial,BA,33566331,Média,14,Processo jurídico na área de empresarial,0.73,0,0,0,0,0,0,0,1
civil,Direito Civil,Civil,SC,268411,Baixa,10,Ação de indenização por danos morais e materiais decorrente de acidente de trânsito,0.7,0,0,1,0,0,0,0,0
tributario,Direito Tributário,Tributário,PR,7364573,Alta,32,Ação anulatória de auto de infração,0.7,1,0,1,0,0,0,0,0
administrativo,Direito Administrativo,Administrativo,MG,209358,Alta,27,Processo jurídico na área de administrativo,0.57,0,1,0,0,0,0,0,0
civil,Direito Civil,Civil,MS,234955,Média,12,Ação de indenização por danos morais e materiais decorrente de acidente de trânsito,0.75,0,1,1,0,0,0,0,0
trabalhista,Direito Trabalhista,Trabalhista,BA,72129,Baixa,7,Equiparação salarial entre empregados,0.75,0,1,0,0,0,0,0,0
consumidor,Direito do Consumidor,Civil,GO,14578,Baixa,8,Cobrança indevida de tarifa bancária com pedido de repetição,0.9,0,1,1,0,1,0,0,0
trabalhista,Direito Trabalhista,Trabalhista,PR,18305,Alta,16,Equiparação salarial entre empregados,0.8,1,1,0,0,0,0,0,0
trabalhista,Direito Trabalhista,Trabalhista,RS,50071,Alta,13,Equiparação salarial entre empregados,0.8,1,0,0,0,1,0,0,0
agrario,Direito Agrário,Agrário,MS,1119070,Baixa,12,Desapropriação para fins de reforma agrária,0.6,1,0,0,0,0,0,0,0
consumidor,Direito do Consumidor,Civil,SC,25948,Média,10,Vício em produto com pedido de substituição,0.9,0,1,1,0,1,0,0,0
trabalhista,Direito Trabalhista,Trabalhista,SC,62666,Baixa,5,Reclamação trabalhista com pedido de horas extras,0.85,1,1,0,0,1,0,0,0
trabalhista,Direito Trabalhista,Trabalhista,PE,82466,Alta,16,Ação de rescisão indireta por assédio moral,0.8,1,0,0,0,1,0,0,0
agrario,Direito Agrário,Agrário,SC,1634137,Alta,19,Desapropriação para fins de reforma agrária,0.7,1,0,1,1,0,0,0,0
consumidor,Direito do Consumidor,Civil,DF,18204,Alta,15,Propaganda enganosa com pedido de indenização,0.9,0,1,1,0,1,0,0,0
consumidor,Direito do Consumidor,Civil,CE,21975,Baixa,8,Propaganda enganosa com pedido de indenização,0.8,0,0,0,0,1,0,0,0
consumidor,Direito do Consumidor,Civil,MT,32778,Média,10,Vício em produto com pedido de substituição,0.85,0,1,1,0,0,0,0,0
penal,Direito Penal,Penal,PR,0,Alta,23,Ação penal por crime contra o patrimônio,0.6,0,1,1,0,0,0,1,0
consumidor,Direito do Consumidor,Civil,CE,34263,Baixa,6,Cobrança indevida de tarifa bancária com pedido de repetição,0.8,0,1,0,0,0,0,0,0
civil,Direito Civil,Civil,CE,63257,Média,12,Rescisão contratual com pedido de restituição de valores,0.8,1,1,1,0,0,0,0,0
civil,Direito Civil,Civil,MS,461341,Média,12,Ação de indenização por danos morais e materiais decorrente de acidente de trânsito,0.8,1,1,1,0,0,0,0,0
consumidor,Direito do Consumidor,Civil,CE,49006,Baixa,7,Cobrança indevida de tarifa bancária com pedido de repetição,0.85,0,0,1,0,1,0,0,0
tributario,Direito Tributário,Tributário,MG,3015454,Baixa,21,Execução fiscal de débito previdenciário,0.75,1,1,1,0,0,0,0,0
agrario,Direito Agrário,Agrário,ES,1724536,Alta,22,Conflito de terras entre posseiros,0.6,1,0,0,0,0,0,0,0
penal,Direito Penal,Penal,MT,0,Alta,23,Investigação de crime tributário,0.6,0,1,1,0,0,0,1,0
penal,Direito Penal,Penal,SC,0,Alta,26,Processo por lesão corporal dolosa,0.5,0,1,0,0,0,0,0,0
agrario,Direito Agrário,Agrário,MT,3266320,Alta,21,Ação de usucapião de imóvel rural,0.65,1,0,1,0,0,0,0,0
empresarial,Direito Empresarial,Empresarial,MT,29956643,Baixa,11,Processo jurídico na área de empresarial,0.78,0,0,0,0,1,0,0,1
trabalhista,Direito Trabalhista,Trabalhista,MG,94244,Baixa,5,Cobrança de verbas rescisórias não pagas,0.75,0,1,0,0,0,0,0,0
agrario,Direito Agrário,Agrário,BA,522589,Alta,20,Desapropriação para fins de reforma agrária,0.6,0,0,1,0,0,0,0,0
administrativo,Direito Administrativo,Administrativo,BA,457335,Alta,25,Processo jurídico na área de administrativo,0.57,0,0,0,0,0,0,1,0
trabalhista,Direito Trabalhista,Trabalhista,RJ,77777,Alta,12,Reclamação trabalhista com pedido de horas extras,0.75,0,1,0,0,0,0,0,0
tributario,Direito Tributário,Tributário,DF,3020761,Alta,28,Ação anulatória de auto de infração,0.75,1,1,1,0,0,0,0,0
civil,Direito Civil,Civil,SP,441412,Alta,17,Ação de indenização por danos morais e materiais decorrente de acidente de trânsito,0.8,1,1,1,0,0,0,0,0
agrario,Direito Agrário,Agrário,MG,2983009,Baixa,11,Desapropriação para fins de reforma agrária,0.6,1,0,0,0,0,0,0,0
empresarial,Direito Empresarial,Empresarial,MS,49324422,Média,14,Processo jurídico na área de empresarial,0.78,0,0,0,0,1,0,0,1
civil,Direito Civil,Civil,PR,238454,Alta,20,Cobrança de dívida com pedido de penhora de bens,0.7,0,1,0,0,0,0,0,0
civil,Direito Civil,Civil,SC,109219,Média,12,Rescisão contratual com pedido de restituição de valores,0.8,1,1,1,0,0,0,0,0
civil,Direito Civil,Civil,GO,173478,Média,12,Ação de indenização por danos morais e materiais decorrente de acidente de trânsito,0.75,1,0,1,0,0,0,0,0
civil,Direito Civil,Civil,CE,368354,Média,12,Cobrança de dívida com pedido de penhora de bens,0.75,0,1,1,0,0,0,0,0
administrativo,Direito Administrativo,Administrativo,DF,214481,Alta,27,Processo jurídico na área de administrativo,0.57,0,0,0,0,0,0,1,0
administrativo,Direito Administrativo,Administrativo,RS,967204,Média,20,Processo jurídico na área de administrativo,0.67,0,1,1,0,0,0,1,0
consumidor,Direito do Consumidor,Civil,DF,8914,Baixa,6,Cobrança indevida de tarifa bancária com pedido de repetição,0.9,0,1,1,0,1,0,0,0
agrario,Direito Agrário,Agrário,SP,624801,Média,15,Ação de usucapião de imóvel rural,0.65,1,0,1,0,0,0,0,0
civil,Direito Civil,Civil,SP,5766,Média,12,Rescisão contratual com pedido de restituição de valores,0.8,1,1,1,0,0,0,0,0
administrativo,Direito Administrativo,Administrativo,GO,166300,Alta,25,Processo jurídico na área de administrativo,0.67,0,1,1,0,0,0,1,0
trabalhista,Direito Trabalhista,Trabalhista,SC,55952,Média,8,Cobrança de verbas rescisórias não pagas,0.8,1,1,0,0,0,0,0,0
consumidor,Direito do Consumidor,Civil,RJ,45644,Média,10,Cobrança indevida de tarifa bancária com pedido de repetição,0.85,0,0,1,0,1,0,0,0
consumidor,Direito do Consumidor,Civil,SP,27019,Baixa,8,Cobrança indevida de tarifa bancária com pedido de repetição,0.8,0,1,0,0,0,0,0,0
consumidor,Direito do Consumidor,Civil,RS,32588,Baixa,7,Negativação indevida do nome do consumidor,0.9,0,1,1,0,1,0,0,0
penal,Direito Penal,Penal,GO,0,Alta,23,Processo por lesão corporal dolosa,0.5,0,0,1,0,0,0,0,0
trabalhista,Direito Trabalhista,Trabalhista,SP,9794,Alta,11,Reclamação trabalhista com pedido de horas extras,0.8,1,1,0,0,0,0,0,0
civil,Direito Civil,Civil,BA,155840,Baixa,10,Ação de despejo por falta de pagamento,0.7,1,0,0,0,0,0,0,0
consumidor,Direito do Consumidor,Civil,MT,30586,Média,10,Propaganda enganosa com pedido de indenização,0.85,0,0,1,0,1,0,0,0
tributario,Direito Tributário,Tributário,MT,8447860,Baixa,20,Ação anulatória de auto de infração,0.7,1,1,0,0,0,0,0,0
civil,Direito Civil,Civil,PE,31027,Baixa,10,Cobrança de dívida com pedido de penhora de bens,0.8,1,1,1,0,0,0,0,0
empresarial,Direito Empresarial,Empresarial,DF,33830751,Média,14,Processo jurídico na área de empresarial,0.73,0,0,0,0,0,0,0,1
tributario,Direito Tributário,Tributário,PR,3387734,Média,24,Mandado de segurança contra cobrança de ICMS,0.7,1,1,0,0,0,0,0,0
consumidor,Direito do Consumidor,Civil,MS,46836,Baixa,8,Cobrança indevida de tarifa bancária com pedido de repetição,0.85,0,1,1,0,0,0,0,0
agrario,Direito Agrário,Agrário,RJ,4931112,Baixa,11,Conflito de terras entre posseiros,0.65,1,0,0,1,0,0,0,0
agrario,Direito Agrário,Agrário,CE,881241,Baixa,12,Conflito de terras entre posseiros,0.7,1,0,1,1,0,0,0,0
civil,Direito Civil,Civil,MT,94868,Baixa,10,Rescisão contratual com pedido de restituição de valores,0.8,1,1,1,0,0,0,0,0
penal,Direito Penal,Penal,GO,0,Alta,26,Processo por lesão corporal dolosa,0.5,0,0,1,0,0,0,0,0
previdenciario,Direito Previdenciário,Previdenciário,SC,130761,Média,16,Processo jurídico na área de previdenciario,0.82,0,0,0,1,1,0,0,0
civil,Direito Civil,Civil,SP,424598,Alta,15,Cobrança de dívida com pedido de penhora de bens,0.8,1,1,1,0,0,0,0,0
civil,Direito Civil,Civil,RS,370433,Média,12,Cobrança de dívida com pedido de penhora de bens,0.75,0,1,1,0,0,0,0,0
previdenciario,Direito Previdenciário,Previdenciário,RS,15319,Alta,20,Processo jurídico na área de previdenciario,0.82,0,0,0,1,1,0,0,0
trabalhista,Direito Trabalhista,Trabalhista,DF,99542,Média,8,Ação de rescisão indireta por assédio moral,0.75,0,1,0,0,0,0,0,0
consumidor,Direito do Consumidor,Civil,MT,36954,Média,10,Vício em produto com pedido de substituição,0.9,0,1,1,0,1,0,0,0
trabalhista,Direito Trabalhista,Trabalhista,RS,45307,Alta,15,Equiparação salarial entre empregados,0.8,0,1,0,0,1,0,0,0
empresarial,Direito Empresarial,Empresarial,MT,14119057,Média,14,Processo jurídico na área de empresarial,0.73,0,0,0,0,0,0,0,1
tributario,Direito Tributário,Tributário,PE,4925943,Alta,29,Mandado de segurança contra cobrança de ICMS,0.65,1,0,0,0,0,0,0,0
penal,Direito Penal,Penal,SC,0,Média,18,Ação penal por crime ambiental,0.6,0,1,1,0,0,0,1,0
civil,Direito Civil,Civil,MS,86098,Média,12,Ação de indenização por danos morais e materiais decorrente de acidente de trânsito,0.75,1,1,0,0,0,0,0,0
penal,Direito Penal,Penal,MT,0,Média,18,Ação penal por crime contra o patrimônio,0.5,0,0,0,0,0,0,1,0
trabalhista,Direito Trabalhista,Trabalhista,RJ,82076,Média,8,Equiparação salarial entre empregados,0.8,1,1,0,0,0,0,0,0
trabalhista,Direito Trabalhista,Trabalhista,SC,13703,Alta,12,Reclamação trabalhista com pedido de horas extras,0.75,0,0,0,0,1,0,0,0
administrativo,Direito Administrativo,Administrativo,ES,666536,Alta,24,Processo jurídico na área de administrativo,0.57,0,1,0,0,0,0,0,0
administrativo,Direito Administrativo,Administrativo,GO,953731,Média,20,Processo jurídico na área de administrativo,0.62,0,1,0,0,0,0,1,0
trabalhista,Direito Trabalhista,Trabalhista,DF,73552,Média,8,Reclamação trabalhista com pedido de horas extras,0.75,0,1,0,0,0,0,0,0
consumidor,Direito do Consumidor,Civil,MG,22484,Baixa,9,Negativação indevida do nome do consumidor,0.9,0,1,1,0,1,0,0,0
civil,Direito Civil,Civil,MT,284581,Média,12,Ação de despejo por falta de pagamento,0.75,1,1,0,0,0,0,0,0
consumidor,Direito do Consumidor,Civil,SC,42902,Média,10,Propaganda enganosa com pedido de indenização,0.9,0,1,1,0,1,0,0,0
civil,Direito Civil,Civil,MT,442658,Baixa,9,Rescisão contratual com pedido de restituição de valores,0.7,1,0,0,0,0,0,0,0
empresarial,Direito Empresarial,Empresarial,MS,2125251,Média,14,Processo jurídico na área de empresarial,0.73,0,0,0,0,1,0,0,0
empresarial,Direito Empresarial,Empresarial,MG,17111572,Média,14,Processo jurídico na área de empresarial,0.73,0,0,0,0,1,0,0,0
consumidor,Direito do Consumidor,Civil,MS,48167,Baixa,8,Cobrança indevida de tarifa bancária com pedido de repetição,0.85,0,0,1,0,1,0,0,0
civil,Direito Civil,Civil,MT,399677,Alta,15,Rescisão contratual com pedido de restituição de valores,0.8,1,1,1,0,0,0,0,0
civil,Direito Civil,Civil,RJ,232020,Baixa,10,Ação de despejo por falta de pagamento,0.75,1,0,1,0,0,0,0,0
administrativo,Direito Administrativo,Administrativo,ES,135333,Alta,23,Processo jurídico na área de administrativo,0.67,0,1,1,0,0,0,1,0
tributario,Direito Tributário,Tributário,MS,5707069,Média,24,Ação anulatória de auto de infração,0.75,1,1,1,0,0,0,0,0
tributario,Direito Tributário,Tributário,MS,2838885,Média,24,Execução fiscal de débito previdenciário,0.65,0,0,1,0,0,0,0,0
previdenciario,Direito Previdenciário,Previdenciário,DF,92653,Média,16,Processo jurídico na área de previdenciario,0.77,1,0,0,0,0,0,0,0
previdenciario,Direito Previdenciário,Previdenciário,BA,122280,Baixa,14,Processo jurídico na área de previdenciario,0.77,1,0,0,0,0,0,0,0
trabalhista,Direito Trabalhista,Trabalhista,ES,78718,Média,8,Cobrança de verbas rescisórias não pagas,0.75,0,1,0,0,0,0,0,0
civil,Direito Civil,Civil,CE,316847,Alta,17,Ação de despejo por falta de pagamento,0.8,1,1,1,0,0,0,0,0
trabalhista,Direito Trabalhista,Trabalhista,ES,33459,Média,8,Ação de rescisão indireta por assédio moral,0.8,0,1,0,0,1,0,0,0
empresarial,Direito Empresarial,Empresarial,ES,31959130,Baixa,12,Processo jurídico na área de empresarial,0.78,0,1,0,0,0,0,0,1
trabalhista,Direito Trabalhista,Trabalhista,MG,7753,Baixa,4,Cobrança de verbas rescisórias não pagas,0.75,0,0,0,0,1,0,0,0
civil,Direito Civil,Civil,MS,257314,Média,12,Ação de despejo por falta de pagamento,0.8,1,1,1,0,0,0,0,0
agrario,Direito Agrário,Agrário,SC,292052,Média,15,Regularização fundiária de propriedade rural,0.7,1,0,1,1,0,0,0,0
civil,Direito Civil,Civil,PR,357263,Baixa,10,Ação de indenização por danos morais e materiais decorrente de acidente de trânsito,0.75,1,1,0,0,0,0,0,0
trabalhista,Direito Trabalhista,Trabalhista,MG,68432,Média,8,Cobrança de verbas rescisórias não pagas,0.75,0,0,0,0,1,0,0,0
previdenciario,Direito Previdenciário,Previdenciário,MG,30849,Média,16,Processo jurídico na área de previdenciario,0.82,1,0,0,1,0,0,0,0
penal,Direito Penal,Penal,MS,0,Alta,21,Ação penal por crime contra o patrimônio,0.5,0,1,0,0,0,0,0,0
empresarial,Direito Empresarial,Empresarial,SC,11993701,Alta,22,Processo jurídico na área de empresarial,0.73,0,0,0,0,0,0,0,1
trabalhista,Direito Trabalhista,Trabalhista,RJ,92884,Baixa,7,Equiparação salarial entre empregados,0.85,1,1,0,0,1,0,0,0
trabalhista,Direito Trabalhista,Trabalhista,MG,82470,Média,8,Reclamação trabalhista com pedido de horas extras,0.8,1,0,0,0,1,0,0,0
agrario,Direito Agrário,Agrário,DF,3664519,Alta,19,Desapropriação para fins de reforma agrária,0.6,0,0,0,1,0,0,0,0
agrario,Direito Agrário,Agrário,MT,2626243,Média,15,Conflito de terras entre posseiros,0.7,1,0,1,1,0,0,0,0
civil,Direito Civil,Civil,PR,312738,Alta,16,Ação de despejo por falta de pagamento,0.75,1,1,0,0,0,0,0,0
penal,Direito Penal,Penal,PR,0,Alta,26,Processo por lesão corporal dolosa,0.5,0,0,1,0,0,0,0,0
trabalhista,Direito Trabalhista,Trabalhista,SC,33913,Média,8,Equiparação salarial entre empregados,0.85,1,1,0,0,1,0,0,0
previdenciario,Direito Previdenciário,Previdenciário,BA,185872,Média,16,Processo jurídico na área de previdenciario,0.82,1,0,0,1,0,0,0,0
administrativo,Direito Administrativo,Administrativo,GO,857160,Alta,24,Processo jurídico na área de administrativo,0.57,0,0,1,0,0,0,0,0
penal,Direito Penal,Penal,PE,0,Alta,25,Ação penal por crime contra o patrimônio,0.6,0,1,1,0,0,0,1,0
civil,Direito Civil,Civil,GO,473275,Média,12,Ação de despejo por falta de pagamento,0.75,1,1,0,0,0,0,0,0
empresarial,Direito Empresarial,Empresarial,MT,39165452,Média,14,Processo jurídico na área de empresarial,0.78,0,1,0,0,1,0,0,0
agrario,Direito Agrário,Agrário,ES,815521,Alta,22,Desapropriação para fins de reforma agrária,0.6,0,0,0,1,0,0,0,0
consumidor,Direito do Consumidor,Civil,SC,47556,Média,10,Cobrança indevida de tarifa bancária com pedido de repetição,0.85,0,1,0,0,1,0,0,0
trabalhista,Direito Trabalhista,Trabalhista,SP,77306,Alta,16,Ação de rescisão indireta por assédio moral,0.75,0,0,0,0,1,0,0,0
tributario,Direito Tributário,Tributário,BA,7823667,Média,24,Mandado de segurança contra cobrança de ICMS,0.75,1,1,1,0,0,0,0,0
penal,Direito Penal,Penal,SC,0,Alta,24,Ação penal por crime ambiental,0.55,0,1,0,0,0,0,1,0
agrario,Direito Agrário,Agrário,BA,2474487,Alta,23,Regularização fundiária de propriedade rural,0.6,0,0,0,1,0,0,0,0
consumidor,Direito do Consumidor,Civil,RJ,34945,Média,10,Cobrança indevida de tarifa bancária com pedido de repetição,0.85,0,0,1,0,1,0,0,0
consumidor,Direito do Consumidor,Civil,SP,28399,Baixa,8,Propaganda enganosa com pedido de indenização,0.8,0,0,0,0,1,0,0,0
administrativo,Direito Administrativo,Administrativo,MT,693345,Média,20,Processo jurídico na área de administrativo,0.67,0,1,1,0,0,0,1,0
trabalhista,Direito Trabalhista,Trabalhista,MG,71584,Alta,15,Equiparação salarial entre empregados,0.85,1,1,0,0,1,0,0,0
tributario,Direito Tributário,Tributário,SP,503808,Média,24,Repetição de indébito tributário,0.7,1,1,0,0,0,0,0,0
tributario,Direito Tributário,Tributário,PR,8820991,Alta,27,Execução fiscal de débito previdenciário,0.75,1,1,1,0,0,0,0,0
agrario,Direito Agrário,Agrário,DF,1996789,Alta,19,Ação de usucapião de imóvel rural,0.6,1,0,0,0,0,0,0,0
consumidor,Direito do Consumidor,Civil,BA,20280,Baixa,6,Vício em produto com pedido de substituição,0.9,0,1,1,0,1,0,0,0
agrario,Direito Agrário,Agrário,MS,344512,Baixa,12,Desapropriação para fins de reforma agrária,0.6,1,0,0,0,0,0,0,0
civil,Direito Civil,Civil,MS,134942,Média,12,Cobrança de dívida com pedido de penhora de bens,0.7,1,0,0,0,0,0,0,0
agrario,Direito Agrário,Agrário,MG,2025610,Alta,23,Desapropriação para fins de reforma agrária,0.6,0,0,0,1,0,0,0,0
civil,Direito Civil,Civil,SP,24428,Baixa,11,Ação de despejo por falta de pagamento,0.75,1,0,1,0,0,0,0,0
penal,Direito Penal,Penal,PE,0,Alta,23,Investigação de crime tributário,0.55,0,0,1,0,0,0,1,0
previdenciario,Direito Previdenciário,Previdenciário,SC,168893,Média,16,Processo jurídico na área de previdenciario,0.87,1,0,0,1,1,0,0,0
agrario,Direito Agrário,Agrário,MS,4878465,Alta,20,Regularização fundiária de propriedade rural,0.6,1,0,0,0,0,0,0,0
empresarial,Direito Empresarial,Empresarial,CE,16341933,Média,14,Processo jurídico na área de empresarial,0.73,0,0,0,0,0,0,0,1
trabalhista,Direito Trabalhista,Trabalhista,SP,65793,Média,8,Ação de rescisão indireta por assédio moral,0.85,1,1,0,0,1,0,0,0
consumidor,Direito do Consumidor,Civil,DF,32075,Baixa,8,Vício em produto com pedido de substituição,0.9,0,1,1,0,1,0,0,0
consumidor,Direito do Consumidor,Civil,MT,21669,Média,10,Vício em produto com pedido de substituição,0.85,0,1,1,0,0,0,0,0
penal,Direito Penal,Penal,ES,0,Alta,22,Processo por lesão corporal dolosa,0.6,0,1,1,0,0,0,1,0
penal,Direito Penal,Penal,PE,0,Baixa,14,Ação penal por crime ambiental,0.5,0,0,1,0,0,0,0,0
tributario,Direito Tributário,Tributário,MG,4735201,Alta,31,Ação anulatória de auto de infração,0.7,1,1,0,0,0,0,0,0
trabalhista,Direito Trabalhista,Trabalhista,MG,59039,Média,8,Cobrança de verbas rescisórias não pagas,0.85,1,1,0,0,1,0,0,0
trabalhista,Direito Trabalhista,Trabalhista,DF,65399,Média,8,Equiparação salarial entre empregados,0.8,0,1,0,0,1,0,0,0
agrario,Direito Agrário,Agrário,MG,1493441,Alta,23,Ação de usucapião de imóvel rural,0.7,1,0,1,1,0,0,0,0
trabalhista,Direito Trabalhista,Trabalhista,GO,53226,Média,8,Equiparação salarial entre empregados,0.8,0,1,0,0,1,0,0,0
trabalhista,Direito Trabalhista,Trabalhista,GO,97117,Alta,12,Ação de rescisão indireta por assédio moral,0.85,1,1,0,0,1,0,0,0
tributario,Direito Tributário,Tributário,PR,9101052,Alta,32,Mandado de segurança contra cobrança de ICMS,0.7,1,1,0,0,0,0,0,0
administrativo,Direito Administrativo,Administrativo,SP,145587,Alta,27,Processo jurídico na área de administrativo,0.67,0,1,1,0,0,0,1,0
penal,Direito Penal,Penal,MS,0,Alta,21,Investigação de crime tributário,0.6,0,1,1,0,0,0,1,0
agrario,Direito Agrário,Agrário,CE,3706062,Alta,21,Conflito de terras entre posseiros,0.65,0,0,1,1,0,0,0,0
penal,Direito Penal,Penal,SP,0,Média,18,Ação penal por crime contra o patrimônio,0.5,0,0,1,0,0,0,0,0
agrario,Direito Agrário,Agrário,RS,4042053,Média,15,Regularização fundiária de propriedade rural,0.65,1,0,0,1,0,0,0,0
consumidor,Direito do Consumidor,Civil,RJ,30233,Baixa,7,Propaganda enganosa com pedido de indenização,0.9,0,1,1,0,1,0,0,0
tributario,Direito Tributário,Tributário,PR,5360466,Alta,29,Execução fiscal de débito previdenciário,0.75,1,1,1,0,0,0,0,0
administrativo,Direito Administrativo,Administrativo,MG,731443,Média,20,Processo jurídico na área de administrativo,0.57,0,0,1,0,0,0,0,0
trabalhista,Direito Trabalhista,Trabalhista,DF,72823,Média,8,Equiparação salarial entre empregados,0.8,1,1,0,0,0,0,0,0
trabalhista,Direito Trabalhista,Trabalhista,SP,21911,Média,8,Cobrança de verbas rescisórias não pagas,0.8,1,0,0,0,1,0,0,0
agrario,Direito Agrário,Agrário,SP,4805501,Média,15,Conflito de terras entre posseiros,0.7,1,0,1,1,0,0,0,0
trabalhista,Direito Trabalhista,Trabalhista,GO,66257,Média,8,Equiparação salarial entre empregados,0.75,0,1,0,0,0,0,0,0
consumidor,Direito do Consumidor,Civil,BA,49728,Média,10,Propaganda enganosa com pedido de indenização,0.9,0,1,1,0,1,0,0,0
trabalhista,Direito Trabalhista,Trabalhista,SC,87390,Média,8,Ação de rescisão indireta por assédio moral,0.75,1,0,0,0,0,0,0,0
consumidor,Direito do Consumidor,Civil,PE,25344,Baixa,9,Cobrança indevida de tarifa bancária com pedido de repetição,0.9,0,1,1,0,1,0,0,0
consumidor,Direito do Consumidor,Civil,DF,13447,Baixa,9,Cobrança indevida de tarifa bancária com pedido de repetição,0.85,0,1,0,0,1,0,0,0
consumidor,Direito do Consumidor,Civil,SP,47952,Média,10,Cobrança indevida de tarifa bancária com pedido de repetição,0.8,0,1,0,0,0,0,0,0
trabalhista,Direito Trabalhista,Trabalhista,RS,12252,Média,8,Cobrança de verbas rescisórias não pagas,0.8,0,1,0,0,1,0,0,0
administrativo,Direito Administrativo,Administrativo,PE,180932,Alta,25,Processo jurídico na área de administrativo,0.62,0,1,0,0,0,0,1,0
civil,Direito Civil,Civil,MS,447634,Média,12,Cobrança de dívida com pedido de penhora de bens,0.7,0,0,1,0,0,0,0,0
trabalhista,Direito Trabalhista,Trabalhista,SP,51679,Alta,13,Ação de rescisão indireta por assédio moral,0.85,1,1,0,0,1,0,0,0
agrario,Direito Agrário,Agrário,ES,954307,Média,15,Conflito de terras entre posseiros,0.65,1,0,1,0,0,0,0,0
penal,Direito Penal,Penal,CE,0,Alta,26,Processo por lesão corporal dolosa,0.5,0,1,0,0,0,0,0,0
tributario,Direito Tributário,Tributário,DF,6257365,Alta,32,Repetição de indébito tributário,0.7,0,1,1,0,0,0,0,0
consumidor,Direito do Consumidor,Civil,RJ,48609,Baixa,7,Cobrança indevida de tarifa bancária com pedido de repetição,0.85,0,0,1,0,1,0,0,0
civil,Direito Civil,Civil,PR,249416,Média,12,Ação de despejo por falta de pagamento,0.75,1,0,1,0,0,0,0,0
civil,Direito Civil,Civil,MG,354324,Baixa,8,Ação de indenização por danos morais e materiais decorrente de acidente de trânsito,0.7,1,0,0,0,0,0,0,0
consumidor,Direito do Consumidor,Civil,BA,26291,Média,10,Cobrança indevida de tarifa bancária com pedido de repetição,0.8,0,1,0,0,0,0,0,0
tributario,Direito Tributário,Tributário,BA,7620052,Média,24,Repetição de indébito tributário,0.75,1,1,1,0,0,0,0,0
previdenciario,Direito Previdenciário,Previdenciário,RS,82548,Alta,23,Processo jurídico na área de previdenciario,0.87,1,0,0,1,1,0,0,0
trabalhista,Direito Trabalhista,Trabalhista,PR,58953,Média,8,Cobrança de verbas rescisórias não pagas,0.8,0,1,0,0,1,0,0,0
trabalhista,Direito Trabalhista,Trabalhista,CE,43405,Alta,16,Ação de rescisão indireta por assédio moral,0.8,1,1,0,0,0,0,0,0
empresarial,Direito Empresarial,Empresarial,GO,46542228,Média,14,Processo jurídico na área de empresarial,0.78,0,1,0,0,1,0,0,0
penal,Direito Penal,Penal,ES,0,Alta,24,Investigação de crime tributário,0.55,0,1,0,0,0,0,1,0
administrativo,Direito Administrativo,Administrativo,PR,810873,Média,20,Processo jurídico na área de administrativo,0.57,0,1,0,0,0,0,0,0
agrario,Direito Agrário,Agrário,RJ,4142842,Média,15,Conflito de terras entre posseiros,0.65,1,0,1,0,0,0,0,0
consumidor,Direito do Consumidor,Civil,MS,3822,Média,10,Cobrança indevida de tarifa bancária com pedido de repetição,0.9,0,1,1,0,1,0,0,0
trabalhista,Direito Trabalhista,Trabalhista,ES,84741,Média,8,Cobrança de verbas rescisórias não pagas,0.75,1,0,0,0,0,0,0,0
civil,Direito Civil,Civil,RS,316894,Média,12,Ação de indenização por danos morais e materiais decorrente de acidente de trânsito,0.75,1,1,0,0,0,0,0,0
consumidor,Direito do Consumidor,Civil,GO,15159,Alta,13,Cobrança indevida de tarifa bancária com pedido de repetição,0.85,0,1,0,0,1,0,0,0
trabalhista,Direito Trabalhista,Trabalhista,GO,95739,Média,8,Cobrança de verbas rescisórias não pagas,0.85,1,1,0,0,1,0,0,0
empresarial,Direito Empresarial,Empresarial,SP,16430116,Alta,18,Processo jurídico na área de empresarial,0.73,0,0,0,0,1,0,0,0
consumidor,Direito do Consumidor,Civil,RJ,21571,Baixa,8,Vício em produto com pedido de substituição,0.9,0,1,1,0,1,0,0,0
tributario,Direito Tributário,Tributário,CE,1933623,Média,24,Ação anulatória de auto de infração,0.7,1,1,0,0,0,0,0,0
penal,Direito Penal,Penal,RJ,0,Alta,26,Ação penal por crime contra o patrimônio,0.6,0,1,1,0,0,0,1,0
penal,Direito Penal,Penal,RS,0,Média,18,Ação penal por crime contra o patrimônio,0.6,0,1,1,0,0,0,1,0
trabalhista,Direito Trabalhista,Trabalhista,DF,19141,Média,8,Reclamação trabalhista com pedido de horas extras,0.75,1,0,0,0,0,0,0,0
empresarial,Direito Empresarial,Empresarial,SC,4251892,Média,14,Processo jurídico na área de empresarial,0.78,0,1,0,0,0,0,0,1
trabalhista,Direito Trabalhista,Trabalhista,MS,36361,Média,8,Ação de rescisão indireta por assédio moral,0.75,0,0,0,0,1,0,0,0
previdenciario,Direito Previdenciário,Previdenciário,GO,119431,Média,16,Processo jurídico na área de previdenciario,0.82,0,0,0,1,1,0,0,0
civil,Direito Civil,Civil,RS,31479,Baixa,11,Cobrança de dívida com pedido de penhora de bens,0.8,1,1,1,0,0,0,0,0
agrario,Direito Agrário,Agrário,DF,3094078,Média,15,Ação de usucapião de imóvel rural,0.6,0,0,0,1,0,0,0,0
civil,Direito Civil,Civil,MS,133663,Baixa,8,Ação de despejo por falta de pagamento,0.8,1,1,1,0,0,0,0,0
administrativo,Direito Administrativo,Administrativo,BA,816708,Alta,26,Processo jurídico na área de administrativo,0.57,0,0,1,0,0,0,0,0
administrativo,Direito Administrativo,Administrativo,SC,664702,Média,20,Processo jurídico na área de administrativo,0.57,0,0,0,0,0,0,1,0
trabalhista,Direito Trabalhista,Trabalhista,RS,10221,Baixa,4,Equiparação salarial entre empregados,0.85,1,1,0,0,1,0,0,0
tributario,Direito Tributário,Tributário,BA,2996626,Alta,27,Repetição de indébito tributário,0.65,0,0,1,0,0,0,0,0
previdenciario,Direito Previdenciário,Previdenciário,PR,98307,Baixa,15,Processo jurídico na área de previdenciario,0.82,0,0,0,1,1,0,0,0
civil,Direito Civil,Civil,PR,213897,Média,12,Rescisão contratual com pedido de restituição de valores,0.7,1,0,0,0,0,0,0,0
consumidor,Direito do Consumidor,Civil,DF,7068,Baixa,9,Negativação indevida do nome do consumidor,0.8,0,0,0,0,1,0,0,0
consumidor,Direito do Consumidor,Civil,CE,7127,Baixa,8,Cobrança indevida de tarifa bancária com pedido de repetição,0.9,0,1,1,0,1,0,0,0
civil,Direito Civil,Civil,SP,438272,Média,12,Ação de indenização por danos morais e materiais decorrente de acidente de trânsito,0.8,1,1,1,0,0,0,0,0
empresarial,Direito Empresarial,Empresarial,PE,9942044,Baixa,10,Processo jurídico na área de empresarial,0.83,0,1,0,0,1,0,0,1
agrario,Direito Agrário,Agrário,SP,232514,Alta,21,Conflito de terras entre posseiros,0.6,0,0,0,1,0,0,0,0
civil,Direito Civil,Civil,PR,41746,Média,12,Rescisão contratual com pedido de restituição de valores,0.8,1,1,1,0,0,0,0,0
empresarial,Direito Empresarial,Empresarial,RJ,46429798,Alta,21,Processo jurídico na área de empresarial,0.83,0,1,0,0,1,0,0,1
tributario,Direito Tributário,Tributário,RJ,3271672,Alta,30,Execução fiscal de débito previdenciário,0.65,0,1,0,0,0,0,0,0
consumidor,Direito do Consumidor,Civil,MT,20764,Baixa,6,Negativação indevida do nome do consumidor,0.8,0,0,0,0,1,0,0,0
administrativo,Direito Administrativo,Administrativo,ES,707131,Alta,27,Processo jurídico na área de administrativo,0.67,0,1,1,0,0,0,1,0
previdenciario,Direito Previdenciário,Previdenciário,RJ,6879,Baixa,12,Processo jurídico na área de previdenciario,0.77,0,0,0,1,0,0,0,0
penal,Direito Penal,Penal,MT,0,Média,18,Ação penal por crime ambiental,0.5,0,0,1,0,0,0,0,0
civil,Direito Civil,Civil,BA,48449,Média,12,Rescisão contratual com pedido de restituição de valores,0.7,0,1,0,0,0,0,0,0
agrario,Direito Agrário,Agrário,PE,2599640,Média,15,Ação de usucapião de imóvel rural,0.6,0,0,0,1,0,0,0,0
tributario,Direito Tributário,Tributário,MT,1278392,Média,24,Repetição de indébito tributário,0.75,1,1,1,0,0,0,0,0
civil,Direito Civil,Civil,MT,213111,Baixa,8,Ação de indenização por danos morais e materiais decorrente de acidente de trânsito,0.7,0,0,1,0,0,0,0,0
penal,Direito Penal,Penal,PR,0,Baixa,16,Investigação de crime tributário,0.6,0,1,1,0,0,0,1,0
civil,Direito Civil,Civil,PE,142330,Baixa,10,Ação de indenização por danos morais e materiais decorrente de acidente de trânsito,0.8,1,1,1,0,0,0,0,0
consumidor,Direito do Consumidor,Civil,MG,35001,Média,10,Negativação indevida do nome do consumidor,0.9,0,1,1,0,1,0,0,0
trabalhista,Direito Trabalhista,Trabalhista,MT,83793,Média,8,Ação de rescisão indireta por assédio moral,0.8,1,0,0,0,1,0,0,0
previdenciario,Direito Previdenciário,Previdenciário,GO,106404,Baixa,13,Processo jurídico na área de previdenciario,0.77,0,0,0,0,1,0,0,0
previdenciario,Direito Previdenciário,Previdenciário,RJ,77534,Média,16,Processo jurídico na área de previdenciario,0.82,1,0,0,0,1,0,0,0
agrario,Direito Agrário,Agrário,RJ,4518463,Baixa,13,Desapropriação para fins de reforma agrária,0.7,1,0,1,1,0,0,0,0
trabalhista,Direito Trabalhista,Trabalhista,MS,69407,Baixa,6,Equiparação salarial entre empregados,0.75,0,0,0,0,1,0,0,0
agrario,Direito Agrário,Agrário,CE,2208100,Alta,19,Regularização fundiária de propriedade rural,0.7,1,0,1,1,0,0,0,0
agrario,Direito Agrário,Agrário,GO,2343163,Alta,19,Regularização fundiária de propriedade rural,0.7,1,0,1,1,0,0,0,0
consumidor,Direito do Consumidor,Civil,SC,33839,Média,10,Vício em produto com pedido de substituição,0.85,0,1,0,0,1,0,0,0
consumidor,Direito do Consumidor,Civil,SP,33437,Média,10,Cobrança indevida de tarifa bancária com pedido de repetição,0.9,0,1,1,0,1,0,0,0
consumidor,Direito do Consumidor,Civil,CE,18605,Baixa,9,Propaganda enganosa com pedido de indenização,0.8,0,1,0,0,0,0,0,0
tributario,Direito Tributário,Tributário,GO,7156698,Média,24,Mandado de segurança contra cobrança de ICMS,0.75,1,1,1,0,0,0,0,0
trabalhista,Direito Trabalhista,Trabalhista,GO,13322,Média,8,Reclamação trabalhista com pedido de horas extras,0.85,1,1,0,0,1,0,0,0
trabalhista,Direito Trabalhista,Trabalhista,RJ,14190,Alta,12,Reclamação trabalhista com pedido de horas extras,0.75,0,1,0,0,0,0,0,0
previdenciario,Direito Previdenciário,Previdenciário,MS,40525,Média,16,Processo jurídico na área de previdenciario,0.77,1,0,0,0,0,0,0,0
consumidor,Direito do Consumidor,Civil,PR,34834,Baixa,7,Cobrança indevida de tarifa bancária com pedido de repetição,0.8,0,0,1,0,0,0,0,0
consumidor,Direito do Consumidor,Civil,MG,25533,Alta,16,Propaganda enganosa com pedido de indenização,0.9,0,1,1,0,1,0,0,0
empresarial,Direito Empresarial,Empresarial,SC,26763559,Baixa,11,Processo jurídico na área de empresarial,0.78,0,1,0,0,1,0,0,0
consumidor,Direito do Consumidor,Civil,SP,48507,Alta,14,Propaganda enganosa com pedido de indenização,0.85,0,0,1,0,1,0,0,0
consumidor,Direito do Consumidor,Civil,MG,35325,Baixa,8,Negativação indevida do nome do consumidor,0.85,0,0,1,0,1,0,0,0
trabalhista,Direito Trabalhista,Trabalhista,CE,2532,Alta,11,Equiparação salarial entre empregados,0.8,0,1,0,0,1,0,0,0
trabalhista,Direito Trabalhista,Trabalhista,RS,63965,Alta,15,Cobrança de verbas rescisórias não pagas,0.75,1,0,0,0,0,0,0,0
tributario,Direito Tributário,Tributário,ES,332560,Média,24,Repetição de indébito tributário,0.65,1,0,0,0,0,0,0,0
trabalhista,Direito Trabalhista,Trabalhista,SP,74209,Alta,11,Ação de rescisão indireta por assédio moral,0.85,1,1,0,0,1,0,0,0
tributario,Direito Tributário,Tributário,MT,480612,Média,24,Ação anulatória de auto de infração,0.65,0,1,0,0,0,0,0,0
civil,Direito Civil,Civil,PR,40942,Média,12,Cobrança de dívida com pedido de penhora de bens,0.75,1,0,1,0,0,0,0,0
penal,Direito Penal,Penal,MS,0,Alta,24,Ação penal por crime contra o patrimônio,0.6,0,1,1,0,0,0,1,0
agrario,Direito Agrário,Agrário,BA,3851662,Média,15,Conflito de terras entre posseiros,0.7,1,0,1,1,0,0,0,0
tributario,Direito Tributário,Tributário,CE,8894793,Alta,29,Execução fiscal de débito previdenciário,0.65,1,0,0,0,0,0,0,0
trabalhista,Direito Trabalhista,Trabalhista,DF,11521,Baixa,7,Reclamação trabalhista com pedido de horas extras,0.85,1,1,0,0,1,0,0,0
civil,Direito Civil,Civil,RJ,122204,Média,12,Ação de despejo por falta de pagamento,0.7,0,1,0,0,0,0,0,0
civil,Direito Civil,Civil,GO,181509,Baixa,10,Cobrança de dívida com pedido de penhora de bens,0.7,0,1,0,0,0,0,0,0
civil,Direito Civil,Civil,SP,144895,Média,12,Cobrança de dívida com pedido de penhora de bens,0.8,1,1,1,0,0,0,0,0
agrario,Direito Agrário,Agrário,MT,3988568,Alta,23,Desapropriação para fins de reforma agrária,0.7,1,0,1,1,0,0,0,0
tributario,Direito Tributário,Tributário,MG,9546305,Alta,32,Repetição de indébito tributário,0.7,1,1,0,0,0,0,0,0
trabalhista,Direito Trabalhista,Trabalhista,SP,21086,Média,8,Cobrança de verbas rescisórias não pagas,0.8,1,0,0,0,1,0,0,0
consumidor,Direito do Consumidor,Civil,SC,13875,Baixa,8,Negativação indevida do nome do consumidor,0.9,0,1,1,0,1,0,0,0
trabalhista,Direito Trabalhista,Trabalhista,SP,94023,Média,8,Ação de rescisão indireta por assédio moral,0.8,0,1,0,0,1,0,0,0
trabalhista,Direito Trabalhista,Trabalhista,BA,2236,Média,8,Reclamação trabalhista com pedido de horas extras,0.85,1,1,0,0,1,0,0,0
administrativo,Direito Administrativo,Administrativo,DF,792288,Média,20,Processo jurídico na área de administrativo,0.62,0,1,0,0,0,0,1,0
civil,Direito Civil,Civil,DF,136004,Baixa,9,Ação de indenização por danos morais e materiais decorrente de acidente de trânsito,0.7,0,1,0,0,0,0,0,0
consumidor,Direito do Consumidor,Civil,MT,12530,Baixa,9,Negativação indevida do nome do consumidor,0.9,0,1,1,0,1,0,0,0
consumidor,Direito do Consumidor,Civil,PE,33621,Baixa,9,Vício em produto com pedido de substituição,0.8,0,1,0,0,0,0,0,0
civil,Direito Civil,Civil,MT,359850,Média,12,Rescisão contratual com pedido de restituição de valores,0.8,1,1,1,0,0,0,0,0
trabalhista,Direito Trabalhista,Trabalhista,PE,56831,Média,8,Cobrança de verbas rescisórias não pagas,0.8,1,0,0,0,1,0,0,0
trabalhista,Direito Trabalhista,Trabalhista,DF,55119,Baixa,4,Reclamação trabalhista com pedido de horas extras,0.85,1,1,0,0,1,0,0,0
agrario,Direito Agrário,Agrário,MG,1116122,Média,15,Regularização fundiária de propriedade rural,0.6,0,0,1,0,0,0,0,0
penal,Direito Penal,Penal,DF,0,Alta,24,Investigação de crime tributário,0.6,0,1,1,0,0,0,1,0
agrario,Direito Agrário,Agrário,SC,3041902,Alta,18,Ação de usucapião de imóvel rural,0.6,0,0,1,0,0,0,0,0
civil,Direito Civil,Civil,BA,259619,Baixa,8,Ação de despejo por falta de pagamento,0.7,0,1,0,0,0,0,0,0
civil,Direito Civil,Civil,PE,197411,Média,12,Ação de indenização por danos morais e materiais decorrente de acidente de trânsito,0.7,1,0,0,0,0,0,0,0
civil,Direito Civil,Civil,PE,453473,Média,12,Cobrança de dívida com pedido de penhora de bens,0.75,0,1,1,0,0,0,0,0
consumidor,Direito do Consumidor,Civil,BA,20237,Baixa,6,Cobrança indevida de tarifa bancária com pedido de repetição,0.8,0,0,0,0,1,0,0,0
consumidor,Direito do Consumidor,Civil,MT,5015,Média,10,Negativação indevida do nome do consumidor,0.85,0,1,0,0,1,0,0,0
civil,Direito Civil,Civil,MT,166677,Média,12,Ação de indenização por danos morais e materiais decorrente de acidente de trânsito,0.8,1,1,1,0,0,0,0,0
trabalhista,Direito Trabalhista,Trabalhista,PE,65821,Média,8,Cobrança de verbas rescisórias não pagas,0.8,1,0,0,0,1,0,0,0
agrario,Direito Agrário,Agrário,BA,180179,Alta,19,Regularização fundiária de propriedade rural,0.6,0,0,1,0,0,0,0,0
civil,Direito Civil,Civil,ES,305020,Alta,16,Cobrança de dívida com pedido de penhora de bens,0.7,0,0,1,0,0,0,0,0
tributario,Direito Tributário,Tributário,MS,3739541,Alta,28,Repetição de indébito tributário,0.7,0,1,1,0,0,0,0,0
administrativo,Direito Administrativo,Administrativo,PE,995095,Alta,28,Processo jurídico na área de administrativo,0.57,0,1,0,0,0,0,0,0
administrativo,Direito Administrativo,Administrativo,RS,302127,Baixa,17,Processo jurídico na área de administrativo,0.67,0,1,1,0,0,0,1,0
civil,Direito Civil,Civil,PR,140266,Média,12,Cobrança de dívida com pedido de penhora de bens,0.7,1,0,0,0,0,0,0,0
tributario,Direito Tributário,Tributário,ES,6856186,Média,24,Repetição de indébito tributário,0.65,0,0,1,0,0,0,0,0
consumidor,Direito do Consumidor,Civil,PR,28458,Média,10,Vício em produto com pedido de substituição,0.8,0,0,1,0,0,0,0,0
agrario,Direito Agrário,Agrário,CE,4053558,Média,15,Conflito de terras entre posseiros,0.65,0,0,1,1,0,0,0,0
civil,Direito Civil,Civil,RS,22483,Média,12,Ação de indenização por danos morais e materiais decorrente de acidente de trânsito,0.8,1,1,1,0,0,0,0,0
tributario,Direito Tributário,Tributário,RJ,2498617,Média,24,Mandado de segurança contra cobrança de ICMS,0.75,1,1,1,0,0,0,0,0
tributario,Direito Tributário,Tributário,DF,3862632,Alta,28,Execução fiscal de débito previdenciário,0.65,0,0,1,0,0,0,0,0
ambiental,Direito Ambiental,Ambiental,ES,7633476,Média,22,Processo jurídico na área de ambiental,0.73,0,0,0,1,0,0,1,1
agrario,Direito Agrário,Agrário,SC,3177745,Média,15,Ação de usucapião de imóvel rural,0.6,0,0,0,1,0,0,0,0
civil,Direito Civil,Civil,BA,308516,Alta,16,Rescisão contratual com pedido de restituição de valores,0.7,1,0,0,0,0,0,0,0
agrario,Direito Agrário,Agrário,RJ,1893859,Alta,19,Regularização fundiária de propriedade rural,0.7,1,0,1,1,0,0,0,0
trabalhista,Direito Trabalhista,Trabalhista,DF,30787,Média,8,Cobrança de verbas rescisórias não pagas,0.85,1,1,0,0,1,0,0,0
administrativo,Direito Administrativo,Administrativo,SP,911311,Média,20,Processo jurídico na área de administrativo,0.62,0,1,0,0,0,0,1,0
civil,Direito Civil,Civil,DF,300192,Baixa,11,Rescisão contratual com pedido de restituição de valores,0.75,1,0,1,0,0,0,0,0
civil,Direito Civil,Civil,RJ,22480,Média,12,Rescisão contratual com pedido de restituição de valores,0.8,1,1,1,0,0,0,0,0
penal,Direito Penal,Penal,SC,0,Média,18,Processo por lesão corporal dolosa,0.6,0,1,1,0,0,0,1,0
civil,Direito Civil,Civil,PR,266470,Baixa,8,Cobrança de dívida com pedido de penhora de bens,0.8,1,1,1,0,0,0,0,0
civil,Direito Civil,Civil,PE,392360,Média,12,Ação de despejo por falta de pagamento,0.8,1,1,1,0,0,0,0,0
agrario,Direito Agrário,Agrário,PR,2990710,Alta,21,Conflito de terras entre posseiros,0.7,1,0,1,1,0,0,0,0
trabalhista,Direito Trabalhista,Trabalhista,PR,10064,Alta,13,Cobrança de verbas rescisórias não pagas,0.8,1,0,0,0,1,0,0,0
civil,Direito Civil,Civil,MT,280947,Média,12,Rescisão contratual com pedido de restituição de valores,0.8,1,1,1,0,0,0,0,0
trabalhista,Direito Trabalhista,Trabalhista,CE,22171,Média,8,Equiparação salarial entre empregados,0.8,1,0,0,0,1,0,0,0
penal,Direito Penal,Penal,ES,0,Média,18,Ação penal por crime contra o patrimônio,0.6,0,1,1,0,0,0,1,0
consumidor,Direito do Consumidor,Civil,PE,13858,Baixa,8,Cobrança indevida de tarifa bancária com pedido de repetição,0.8,0,0,0,0,1,0,0,0
penal,Direito Penal,Penal,RS,0,Alta,24,Investigação de crime tributário,0.6,0,1,1,0,0,0,1,0
trabalhista,Direito Trabalhista,Trabalhista,ES,4264,Baixa,5,Ação de rescisão indireta por assédio moral,0.85,1,1,0,0,1,0,0,0
civil,Direito Civil,Civil,DF,339529,Alta,19,Ação de despejo por falta de pagamento,0.7,0,1,0,0,0,0,0,0
tributario,Direito Tributário,Tributário,MG,190683,Alta,30,Ação anulatória de auto de infração,0.7,0,1,1,0,0,0,0,0
civil,Direito Civil,Civil,GO,235053,Média,12,Ação de despejo por falta de pagamento,0.75,1,0,1,0,0,0,0,0
trabalhista,Direito Trabalhista,Trabalhista,SC,38498,Média,8,Ação de rescisão indireta por assédio moral,0.8,1,0,0,0,1,0,0,0
penal,Direito Penal,Penal,MS,0,Alta,21,Investigação de crime tributário,0.6,0,1,1,0,0,0,1,0
tributario,Direito Tributário,Tributário,RJ,1263553,Alta,27,Repetição de indébito tributário,0.7,1,1,0,0,0,0,0,0
penal,Direito Penal,Penal,MS,0,Baixa,16,Investigação de crime tributário,0.5,0,0,0,0,0,0,1,0
trabalhista,Direito Trabalhista,Trabalhista,PE,68719,Baixa,5,Cobrança de verbas rescisórias não pagas,0.75,1,0,0,0,0,0,0,0
tributario,Direito Tributário,Tributário,SC,2885851,Alta,31,Mandado de segurança contra cobrança de ICMS,0.75,1,1,1,0,0,0,0,0
consumidor,Direito do Consumidor,Civil,MS,34075,Baixa,8,Negativação indevida do nome do consumidor,0.8,0,0,0,0,1,0,0,0
penal,Direito Penal,Penal,RJ,0,Baixa,16,Processo por lesão corporal dolosa,0.5,0,1,0,0,0,0,0,0
empresarial,Direito Empresarial,Empresarial,RS,10179080,Média,14,Processo jurídico na área de empresarial,0.78,0,0,0,0,1,0,0,1
empresarial,Direito Empresarial,Empresarial,MG,8750567,Alta,18,Processo jurídico na área de empresarial,0.73,0,1,0,0,0,0,0,0
civil,Direito Civil,Civil,ES,472242,Média,12,Ação de indenização por danos morais e materiais decorrente de acidente de trânsito,0.8,1,1,1,0,0,0,0,0
consumidor,Direito do Consumidor,Civil,BA,38887,Baixa,6,Propaganda enganosa com pedido de indenização,0.9,0,1,1,0,1,0,0,0
tributario,Direito Tributário,Tributário,GO,6478921,Alta,30,Ação anulatória de auto de infração,0.65,0,1,0,0,0,0,0,0
penal,Direito Penal,Penal,MG,0,Média,18,Investigação de crime tributário,0.5,0,0,0,0,0,0,1,0
civil,Direito Civil,Civil,ES,392023,Média,12,Rescisão contratual com pedido de restituição de valores,0.7,1,0,0,0,0,0,0,0
agrario,Direito Agrário,Agrário,MT,3046504,Alta,20,Conflito de terras entre posseiros,0.65,0,0,1,1,0,0,0,0
civil,Direito Civil,Civil,BA,297502,Baixa,11,Ação de despejo por falta de pagamento,0.8,1,1,1,0,0,0,0,0
civil,Direito Civil,Civil,RJ,39043,Média,12,Ação de despejo por falta de pagamento,0.75,1,0,1,0,0,0,0,0
agrario,Direito Agrário,Agrário,MS,2842781,Alta,20,Conflito de terras entre posseiros,0.65,0,0,1,1,0,0,0,0
civil,Direito Civil,Civil,ES,50401,Média,12,Ação de despejo por falta de pagamento,0.7,0,1,0,0,0,0,0,0
agrario,Direito Agrário,Agrário,PE,2496575,Alta,22,Regularização fundiária de propriedade rural,0.7,1,0,1,1,0,0,0,0
civil,Direito Civil,Civil,MS,466196,Média,12,Ação de indenização por danos morais e materiais decorrente de acidente de trânsito,0.7,1,0,0,0,0,0,0,0
civil,Direito Civil,Civil,MG,226588,Média,12,Cobrança de dívida com pedido de penhora de bens,0.7,0,0,1,0,0,0,0,0
agrario,Direito Agrário,Agrário,MT,1297689,Alta,20,Conflito de terras entre posseiros,0.7,1,0,1,1,0,0,0,0
agrario,Direito Agrário,Agrário,RS,2444142,Alta,19,Regularização fundiária de propriedade rural,0.7,1,0,1,1,0,0,0,0
tributario,Direito Tributário,Tributário,ES,8718442,Baixa,23,Mandado de segurança contra cobrança de ICMS,0.75,1,1,1,0,0,0,0,0
civil,Direito Civil,Civil,RS,42718,Baixa,8,Cobrança de dívida com pedido de penhora de bens,0.8,1,1,1,0,0,0,0,0
administrativo,Direito Administrativo,Administrativo,GO,346123,Alta,28,Processo jurídico na área de administrativo,0.62,0,0,1,0,0,0,1,0
penal,Direito Penal,Penal,PR,0,Alta,22,Investigação de crime tributário,0.6,0,1,1,0,0,0,1,0
agrario,Direito Agrário,Agrário,SP,1345698,Alta,23,Conflito de terras entre posseiros,0.6,0,0,1,0,0,0,0,0
penal,Direito Penal,Penal,GO,0,Alta,25,Investigação de crime tributário,0.6,0,1,1,0,0,0,1,0
trabalhista,Direito Trabalhista,Trabalhista,MG,91502,Média,8,Cobrança de verbas rescisórias não pagas,0.85,1,1,0,0,1,0,0,0
agrario,Direito Agrário,Agrário,BA,2144006,Alta,18,Desapropriação para fins de reforma agrária,0.6,1,0,0,0,0,0,0,0
civil,Direito Civil,Civil,SP,121553,Baixa,9,Cobrança de dívida com pedido de penhora de bens,0.7,1,0,0,0,0,0,0,0
civil,Direito Civil,Civil,SC,240217,Média,12,Ação de indenização por danos morais e materiais decorrente de acidente de trânsito,0.75,1,0,1,0,0,0,0,0
penal,Direito Penal,Penal,BA,0,Baixa,14,Investigação de crime tributário,0.55,0,1,0,0,0,0,1,0
civil,Direito Civil,Civil,DF,257571,Média,12,Ação de indenização por danos morais e materiais decorrente de acidente de trânsito,0.75,1,1,0,0,0,0,0,0
previdenciario,Direito Previdenciário,Previdenciário,MS,86517,Média,16,Processo jurídico na área de previdenciario,0.82,1,0,0,1,0,0,0,0
trabalhista,Direito Trabalhista,Trabalhista,SC,80161,Média,8,Reclamação trabalhista com pedido de horas extras,0.85,1,1,0,0,1,0,0,0
trabalhista,Direito Trabalhista,Trabalhista,RS,73666,Baixa,6,Cobrança de verbas rescisórias não pagas,0.8,1,1,0,0,0,0,0,0
agrario,Direito Agrário,Agrário,DF,4678110,Alta,23,Regularização fundiária de propriedade rural,0.6,0,0,1,0,0,0,0,0
penal,Direito Penal,Penal,ES,0,Alta,23,Ação penal por crime ambiental,0.55,0,1,1,0,0,0,0,0
civil,Direito Civil,Civil,DF,233299,Média,12,Cobrança de dívida com pedido de penhora de bens,0.7,0,1,0,0,0,0,0,0
previdenciario,Direito Previdenciário,Previdenciário,MS,95635,Baixa,12,Processo jurídico na área de previdenciario,0.77,0,0,0,1,0,0,0,0
agrario,Direito Agrário,Agrário,BA,1524574,Baixa,12,Conflito de terras entre posseiros,0.7,1,0,1,1,0,0,0,0
trabalhista,Direito Trabalhista,Trabalhista,MT,28393,Média,8,Cobrança de verbas rescisórias não pagas,0.8,1,0,0,0,1,0,0,0
trabalhista,Direito Trabalhista,Trabalhista,SC,66177,Média,8,Reclamação trabalhista com pedido de horas extras,0.75,0,1,0,0,0,0,0,0
agrario,Direito Agrário,Agrário,DF,3975726,Média,15,Regularização fundiária de propriedade rural,0.7,1,0,1,1,0,0,0,0
consumidor,Direito do Consumidor,Civil,GO,9709,Baixa,9,Vício em produto com pedido de substituição,0.9,0,1,1,0,1,0,0,0
trabalhista,Direito Trabalhista,Trabalhista,MG,73096,Baixa,7,Ação de rescisão indireta por assédio moral,0.85,1,1,0,0,1,0,0,0
tributario,Direito Tributário,Tributário,SC,5612400,Alta,32,Repetição de indébito tributário,0.75,1,1,1,0,0,0,0,0
previdenciario,Direito Previdenciário,Previdenciário,MG,14268,Média,16,Processo jurídico na área de previdenciario,0.82,0,0,0,1,1,0,0,0
trabalhista,Direito Trabalhista,Trabalhista,CE,75991,Baixa,5,Reclamação trabalhista com pedido de horas extras,0.75,0,0,0,0,1,0,0,0
tributario,Direito Tributário,Tributário,RJ,7835363,Alta,32,Ação anulatória de auto de infração,0.75,1,1,1,0,0,0,0,0
administrativo,Direito Administrativo,Administrativo,MG,837785,Média,20,Processo jurídico na área de administrativo,0.57,0,0,1,0,0,0,0,0
previdenciario,Direito Previdenciário,Previdenciário,RJ,90272,Média,16,Processo jurídico na área de previdenciario,0.87,1,0,0,1,1,0,0,0
penal,Direito Penal,Penal,GO,0,Média,18,Processo por lesão corporal dolosa,0.5,0,1,0,0,0,0,0,0
consumidor,Direito do Consumidor,Civil,MT,3932,Alta,13,Propaganda enganosa com pedido de indenização,0.8,0,0,0,0,1,0,0,0
civil,Direito Civil,Civil,MG,378846,Média,12,Rescisão contratual com pedido de restituição de valores,0.8,1,1,1,0,0,0,0,0
civil,Direito Civil,Civil,GO,244028,Alta,16,Ação de indenização por danos morais e materiais decorrente de acidente de trânsito,0.75,1,0,1,0,0,0,0,0
trabalhista,Direito Trabalhista,Trabalhista,RJ,79625,Média,8,Equiparação salarial entre empregados,0.8,0,1,0,0,1,0,0,0
tributario,Direito Tributário,Tributário,MT,380559,Alta,32,Execução fiscal de débito previdenciário,0.7,0,1,1,0,0,0,0,0
trabalhista,Direito Trabalhista,Trabalhista,MT,84166,Média,8,Equiparação salarial entre empregados,0.75,0,1,0,0,0,0,0,0
civil,Direito Civil,Civil,BA,302875,Alta,16,Ação de indenização por danos morais e materiais decorrente de acidente de trânsito,0.75,0,1,1,0,0,0,0,0
trabalhista,Direito Trabalhista,Trabalhista,PR,32070,Média,8,Cobrança de verbas rescisórias não pagas,0.75,0,1,0,0,0,0,0,0
consumidor,Direito do Consumidor,Civil,SC,25560,Baixa,8,Vício em produto com pedido de substituição,0.9,0,1,1,0,1,0,0,0
civil,Direito Civil,Civil,SP,333335,Média,12,Cobrança de dívida com pedido de penhora de bens,0.8,1,1,1,0,0,0,0,0
agrario,Direito Agrário,Agrário,CE,2600073,Alta,23,Desapropriação para fins de reforma agrária,0.6,0,0,1,0,0,0,0,0
trabalhista,Direito Trabalhista,Trabalhista,MG,36556,Média,8,Ação de rescisão indireta por assédio moral,0.75,1,0,0,0,0,0,0,0
trabalhista,Direito Trabalhista,Trabalhista,DF,52168,Alta,12,Ação de rescisão indireta por assédio moral,0.75,0,0,0,0,1,0,0,0
agrario,Direito Agrário,Agrário,MT,2250842,Alta,22,Regularização fundiária de propriedade rural,0.7,1,0,1,1,0,0,0,0
empresarial,Direito Empresarial,Empresarial,PR,14407660,Alta,17,Processo jurídico na área de empresarial,0.78,0,1,0,0,1,0,0,0
agrario,Direito Agrário,Agrário,RS,853326,Alta,19,Conflito de terras entre posseiros,0.65,1,0,1,0,0,0,0,0
agrario,Direito Agrário,Agrário,CE,4955378,Média,15,Desapropriação para fins de reforma agrária,0.7,1,0,1,1,0,0,0,0
civil,Direito Civil,Civil,DF,460053,Baixa,10,Rescisão contratual com pedido de restituição de valores,0.75,0,1,1,0,0,0,0,0
civil,Direito Civil,Civil,DF,357500,Baixa,11,Rescisão contratual com pedido de restituição de valores,0.8,1,1,1,0,0,0,0,0
trabalhista,Direito Trabalhista,Trabalhista,RJ,91006,Média,8,Reclamação trabalhista com pedido de horas extras,0.85,1,1,0,0,1,0,0,0
civil,Direito Civil,Civil,DF,75556,Alta,18,Ação de indenização por danos morais e materiais decorrente de acidente de trânsito,0.75,0,1,1,0,0,0,0,0
trabalhista,Direito Trabalhista,Trabalhista,ES,18846,Média,8,Reclamação trabalhista com pedido de horas extras,0.85,1,1,0,0,1,0,0,0
trabalhista,Direito Trabalhista,Trabalhista,SC,40496,Alta,16,Ação de rescisão indireta por assédio moral,0.85,1,1,0,0,1,0,0,0
agrario,Direito Agrário,Agrário,PE,4817083,Alta,22,Conflito de terras entre posseiros,0.6,1,0,0,0,0,0,0,0
consumidor,Direito do Consumidor,Civil,DF,23631,Baixa,6,Propaganda enganosa com pedido de indenização,0.8,0,0,1,0,0,0,0,0
tributario,Direito Tributário,Tributário,ES,1000605,Alta,27,Ação anulatória de auto de infração,0.7,1,1,0,0,0,0,0,0
consumidor,Direito do Consumidor,Civil,MG,43274,Alta,16,Negativação indevida do nome do consumidor,0.85,0,0,1,0,1,0,0,0
consumidor,Direito do Consumidor,Civil,ES,44163,Baixa,8,Cobrança indevida de tarifa bancária com pedido de repetição,0.85,0,1,1,0,0,0,0,0
empresarial,Direito Empresarial,Empresarial,GO,38853699,Média,14,Processo jurídico na área de empresarial,0.78,0,0,0,0,1,0,0,1
tributario,Direito Tributário,Tributário,CE,2686969,Alta,27,Repetição de indébito tributário,0.7,1,0,1,0,0,0,0,0
consumidor,Direito do Consumidor,Civil,DF,10733,Baixa,7,Propaganda enganosa com pedido de indenização,0.9,0,1,1,0,1,0,0,0
agrario,Direito Agrário,Agrário,RJ,2404762,Média,15,Ação de usucapião de imóvel rural,0.6,0,0,0,1,0,0,0,0
trabalhista,Direito Trabalhista,Trabalhista,SC,90423,Alta,13,Cobrança de verbas rescisórias não pagas,0.75,0,0,0,0,1,0,0,0
trabalhista,Direito Trabalhista,Trabalhista,CE,28773,Baixa,7,Equiparação salarial entre empregados,0.85,1,1,0,0,1,0,0,0
consumidor,Direito do Consumidor,Civil,RS,23958,Baixa,7,Propaganda enganosa com pedido de indenização,0.9,0,1,1,0,1,0,0,0
penal,Direito Penal,Penal,PR,0,Alta,26,Ação penal por crime contra o patrimônio,0.5,0,0,1,0,0,0,0,0
civil,Direito Civil,Civil,BA,213525,Média,12,Ação de indenização por danos morais e materiais decorrente de acidente de trânsito,0.7,1,0,0,0,0,0,0,0
consumidor,Direito do Consumidor,Civil,GO,11308,Média,10,Vício em produto com pedido de substituição,0.9,0,1,1,0,1,0,0,0
administrativo,Direito Administrativo,Administrativo,RS,340252,Alta,25,Processo jurídico na área de administrativo,0.62,0,1,0,0,0,0,1,0
tributario,Direito Tributário,Tributário,MS,7635947,Alta,28,Mandado de segurança contra cobrança de ICMS,0.7,0,1,1,0,0,0,0,0
tributario,Direito Tributário,Tributário,GO,8215133,Alta,29,Execução fiscal de débito previdenciário,0.7,1,0,1,0,0,0,0,0
civil,Direito Civil,Civil,SP,319381,Média,12,Rescisão contratual com pedido de restituição de valores,0.7,1,0,0,0,0,0,0,0
consumidor,Direito do Consumidor,Civil,CE,12510,Baixa,8,Vício em produto com pedido de substituição,0.8,0,0,1,0,0,0,0,0
tributario,Direito Tributário,Tributário,RS,5327575,Alta,30,Repetição de indébito tributário,0.7,1,0,1,0,0,0,0,0
civil,Direito Civil,Civil,ES,238018,Alta,19,Ação de indenização por danos morais e materiais decorrente de acidente de trânsito,0.7,0,0,1,0,0,0,0,0
penal,Direito Penal,Penal,DF,0,Média,18,Ação penal por crime contra o patrimônio,0.6,0,1,1,0,0,0,1,0
consumidor,Direito do Consumidor,Civil,PR,41457,Média,10,Cobrança indevida de tarifa bancária com pedido de repetição,0.85,0,0,1,0,1,0,0,0
agrario,Direito Agrário,Agrário,RS,3028647,Alta,23,Conflito de terras entre posseiros,0.65,0,0,1,1,0,0,0,0
agrario,Direito Agrário,Agrário,MG,4791575,Baixa,14,Desapropriação para fins de reforma agrária,0.6,0,0,1,0,0,0,0,0
administrativo,Direito Administrativo,Administrativo,DF,664347,Alta,23,Processo jurídico na área de administrativo,0.67,0,1,1,0,0,0,1,0
administrativo,Direito Administrativo,Administrativo,MG,889773,Alta,23,Processo jurídico na área de administrativo,0.67,0,1,1,0,0,0,1,0
empresarial,Direito Empresarial,Empresarial,RS,13396437,Baixa,12,Processo jurídico na área de empresarial,0.73,0,1,0,0,0,0,0,0
penal,Direito Penal,Penal,SP,0,Alta,26,Processo por lesão corporal dolosa,0.5,0,0,0,0,0,0,1,0
civil,Direito Civil,Civil,DF,174354,Média,12,Cobrança de dívida com pedido de penhora de bens,0.8,1,1,1,0,0,0,0,0
civil,Direito Civil,Civil,SP,499515,Média,12,Rescisão contratual com pedido de restituição de valores,0.7,0,1,0,0,0,0,0,0
agrario,Direito Agrário,Agrário,PR,4160303,Alta,19,Ação de usucapião de imóvel rural,0.7,1,0,1,1,0,0,0,0
civil,Direito Civil,Civil,CE,353743,Alta,20,Rescisão contratual com pedido de restituição de valores,0.8,1,1,1,0,0,0,0,0
empresarial,Direito Empresarial,Empresarial,DF,28153267,Alta,19,Processo jurídico na área de empresarial,0.78,0,0,0,0,1,0,0,1
trabalhista,Direito Trabalhista,Trabalhista,SP,52403,Média,8,Ação de rescisão indireta por assédio moral,0.85,1,1,0,0,1,0,0,0
trabalhista,Direito Trabalhista,Trabalhista,PR,58816,Média,8,Cobrança de verbas rescisórias não pagas,0.75,0,1,0,0,0,0,0,0
administrativo,Direito Administrativo,Administrativo,RJ,88890,Alta,27,Processo jurídico na área de administrativo,0.57,0,1,0,0,0,0,0,0
penal,Direito Penal,Penal,MT,0,Baixa,17,Ação penal por crime contra o patrimônio,0.6,0,1,1,0,0,0,1,0
tributario,Direito Tributário,Tributário,ES,1282585,Alta,28,Mandado de segurança contra cobrança de ICMS,0.75,1,1,1,0,0,0,0,0
consumidor,Direito do Consumidor,Civil,SP,43676,Baixa,8,Propaganda enganosa com pedido de indenização,0.85,0,0,1,0,1,0,0,0
administrativo,Direito Administrativo,Administrativo,PR,29476,Média,20,Processo jurídico na área de administrativo,0.67,0,1,1,0,0,0,1,0
penal,Direito Penal,Penal,MT,0,Alta,22,Investigação de crime tributário,0.6,0,1,1,0,0,0,1,0
trabalhista,Direito Trabalhista,Trabalhista,CE,88120,Média,8,Cobrança de verbas rescisórias não pagas,0.85,1,1,0,0,1,0,0,0
trabalhista,Direito Trabalhista,Trabalhista,MT,80085,Média,8,Ação de rescisão indireta por assédio moral,0.85,1,1,0,0,1,0,0,0
agrario,Direito Agrário,Agrário,SC,2680218,Média,15,Conflito de terras entre posseiros,0.65,1,0,0,1,0,0,0,0
tributario,Direito Tributário,Tributário,GO,1979998,Alta,29,Mandado de segurança contra cobrança de ICMS,0.7,0,1,1,0,0,0,0,0
tributario,Direito Tributário,Tributário,SP,5759350,Alta,31,Repetição de indébito tributário,0.7,0,1,1,0,0,0,0,0
civil,Direito Civil,Civil,CE,424979,Média,12,Ação de despejo por falta de pagamento,0.75,1,0,1,0,0,0,0,0
tributario,Direito Tributário,Tributário,DF,8759170,Média,24,Repetição de indébito tributário,0.7,1,1,0,0,0,0,0,0
administrativo,Direito Administrativo,Administrativo,SC,836999,Média,20,Processo jurídico na área de administrativo,0.57,0,0,0,0,0,0,1,0
administrativo,Direito Administrativo,Administrativo,GO,756922,Média,20,Processo jurídico na área de administrativo,0.57,0,0,0,0,0,0,1,0
administrativo,Direito Administrativo,Administrativo,RS,108320,Alta,28,Processo jurídico na área de administrativo,0.57,0,0,1,0,0,0,0,0
agrario,Direito Agrário,Agrário,RJ,2003474,Média,15,Desapropriação para fins de reforma agrária,0.65,1,0,0,1,0,0,0,0
administrativo,Direito Administrativo,Administrativo,CE,880798,Alta,23,Processo jurídico na área de administrativo,0.62,0,0,1,0,0,0,1,0
agrario,Direito Agrário,Agrário,CE,72241,Média,15,Conflito de terras entre posseiros,0.7,1,0,1,1,0,0,0,0
tributario,Direito Tributário,Tributário,SP,1264062,Alta,29,Execução fiscal de débito previdenciário,0.7,1,0,1,0,0,0,0,0
penal,Direito Penal,Penal,MG,0,Alta,24,Investigação de crime tributário,0.55,0,0,1,0,0,0,1,0
empresarial,Direito Empresarial,Empresarial,SC,42029586,Alta,18,Processo jurídico na área de empresarial,0.73,0,0,0,0,1,0,0,0
civil,Direito Civil,Civil,SC,182116,Baixa,11,Ação de indenização por danos morais e materiais decorrente de acidente de trânsito,0.7,0,0,1,0,0,0,0,0
trabalhista,Direito Trabalhista,Trabalhista,CE,61626,Baixa,6,Reclamação trabalhista com pedido de horas extras,0.75,0,1,0,0,0,0,0,0
consumidor,Direito do Consumidor,Civil,RS,31921,Baixa,6,Negativação indevida do nome do consumidor,0.8,0,0,1,0,0,0,0,0
civil,Direito Civil,Civil,GO,125425,Baixa,8,Rescisão contratual com pedido de restituição de valores,0.7,0,0,1,0,0,0,0,0
agrario,Direito Agrário,Agrário,MG,2746113,Média,15,Desapropriação para fins de reforma agrária,0.65,1,0,1,0,0,0,0,0
tributario,Direito Tributário,Tributário,RJ,4904100,Alta,32,Execução fiscal de débito previdenciário,0.75,1,1,1,0,0,0,0,0
trabalhista,Direito Trabalhista,Trabalhista,MT,32726,Média,8,Cobrança de verbas rescisórias não pagas,0.85,1,1,0,0,1,0,0,0
civil,Direito Civil,Civil,SP,268715,Baixa,9,Ação de indenização por danos morais e materiais decorrente de acidente de trânsito,0.8,1,1,1,0,0,0,0,0
consumidor,Direito do Consumidor,Civil,MG,28503,Baixa,6,Negativação indevida do nome do consumidor,0.8,0,1,0,0,0,0,0,0
penal,Direito Penal,Penal,MG,0,Alta,22,Ação penal por crime ambiental,0.55,0,1,1,0,0,0,0,0
trabalhista,Direito Trabalhista,Trabalhista,PE,65137,Média,8,Equiparação salarial entre empregados,0.85,1,1,0,0,1,0,0,0
previdenciario,Direito Previdenciário,Previdenciário,RJ,176851,Baixa,14,Processo jurídico na área de previdenciario,0.77,0,0,0,1,0,0,0,0
consumidor,Direito do Consumidor,Civil,PE,6735,Média,10,Vício em produto com pedido de substituição,0.8,0,0,1,0,0,0,0,0
agrario,Direito Agrário,Agrário,GO,2855655,Média,15,Ação de usucapião de imóvel rural,0.65,1,0,1,0,0,0,0,0
civil,Direito Civil,Civil,PE,212717,Média,12,Ação de despejo por falta de pagamento,0.7,0,0,1,0,0,0,0,0
agrario,Direito Agrário,Agrário,MS,1262499,Média,15,Regularização fundiária de propriedade rural,0.7,1,0,1,1,0,0,0,0
empresarial,Direito Empresarial,Empresarial,PR,31998544,Baixa,10,Processo jurídico na área de empresarial,0.83,0,1,0,0,1,0,0,1
civil,Direito Civil,Civil,SP,414147,Média,12,Cobrança de dívida com pedido de penhora de bens,0.7,0,1,0,0,0,0,0,0
previdenciario,Direito Previdenciário,Previdenciário,MS,50318,Média,16,Processo jurídico na área de previdenciario,0.82,1,0,0,1,0,0,0,0
empresarial,Direito Empresarial,Empresarial,MS,40605663,Média,14,Processo jurídico na área de empresarial,0.78,0,1,0,0,0,0,0,1
empresarial,Direito Empresarial,Empresarial,PR,42272398,Média,14,Processo jurídico na área de empresarial,0.78,0,1,0,0,0,0,0,1
agrario,Direito Agrário,Agrário,RS,1921936,Alta,20,Ação de usucapião de imóvel rural,0.7,1,0,1,1,0,0,0,0
trabalhista,Direito Trabalhista,Trabalhista,SP,95087,Média,8,Ação de rescisão indireta por assédio moral,0.8,0,1,0,0,1,0,0,0
trabalhista,Direito Trabalhista,Trabalhista,RS,33142,Média,8,Cobrança de verbas rescisórias não pagas,0.8,0,1,0,0,1,0,0,0
civil,Direito Civil,Civil,MS,259670,Média,12,Cobrança de dívida com pedido de penhora de bens,0.75,0,1,1,0,0,0,0,0
consumidor,Direito do Consumidor,Civil,SC,34795,Baixa,8,Vício em produto com pedido de substituição,0.9,0,1,1,0,1,0,0,0
consumidor,Direito do Consumidor,Civil,SC,33920,Baixa,7,Vício em produto com pedido de substituição,0.85,0,1,1,0,0,0,0,0
agrario,Direito Agrário,Agrário,RS,228533,Alta,20,Ação de usucapião de imóvel rural,0.65,1,0,1,0,0,0,0,0
ambiental,Direito Ambiental,Ambiental,CE,58831316,Alta,30,Processo jurídico na área de ambiental,0.68,0,0,0,1,0,0,1,0
tributario,Direito Tributário,Tributário,ES,5827370,Baixa,20,Mandado de segurança contra cobrança de ICMS,0.65,0,1,0,0,0,0,0,0
civil,Direito Civil,Civil,ES,265637,Média,12,Ação de despejo por falta de pagamento,0.75,1,0,1,0,0,0,0,0
penal,Direito Penal,Penal,SP,0,Média,18,Ação penal por crime ambiental,0.55,0,1,1,0,0,0,0,0
empresarial,Direito Empresarial,Empresarial,SP,8837332,Alta,19,Processo jurídico na área de empresarial,0.83,0,1,0,0,1,0,0,1
agrario,Direito Agrário,Agrário,MT,3699839,Alta,19,Ação de usucapião de imóvel rural,0.6,0,0,1,0,0,0,0,0
agrario,Direito Agrário,Agrário,RS,4426074,Baixa,11,Regularização fundiária de propriedade rural,0.7,1,0,1,1,0,0,0,0
ambiental,Direito Ambiental,Ambiental,MS,16027682,Média,22,Processo jurídico na área de ambiental,0.68,0,0,0,1,0,0,0,1
empresarial,Direito Empresarial,Empresarial,ES,8074679,Média,14,Processo jurídico na área de empresarial,0.73,0,0,0,0,0,0,0,1
eleitoral,Direito Eleitoral,Eleitoral,SP,0,Média,6,Processo jurídico na área de eleitoral,0.67,0,1,0,0,0,0,0,0
trabalhista,Direito Trabalhista,Trabalhista,ES,6197,Média,8,Equiparação salarial entre empregados,0.8,0,1,0,0,1,0,0,0
trabalhista,Direito Trabalhista,Trabalhista,ES,95443,Média,8,Reclamação trabalhista com pedido de horas extras,0.75,0,1,0,0,0,0,0,0
civil,Direito Civil,Civil,DF,410431,Alta,15,Rescisão contratual com pedido de restituição de valores,0.75,1,1,0,0,0,0,0,0
consumidor,Direito do Consumidor,Civil,CE,42458,Alta,18,Negativação indevida do nome do consumidor,0.9,0,1,1,0,1,0,0,0
consumidor,Direito do Consumidor,Civil,PE,36085,Baixa,7,Vício em produto com pedido de substituição,0.9,0,1,1,0,1,0,0,0
administrativo,Direito Administrativo,Administrativo,MT,975761,Média,20,Processo jurídico na área de administrativo,0.62,0,1,0,0,0,0,1,0
tributario,Direito Tributário,Tributário,CE,4711619,Média,24,Ação anulatória de auto de infração,0.75,1,1,1,0,0,0,0,0
civil,Direito Civil,Civil,GO,449355,Média,12,Ação de indenização por danos morais e materiais decorrente de acidente de trânsito,0.75,1,1,0,0,0,0,0,0
tributario,Direito Tributário,Tributário,MS,3626126,Alta,32,Ação anulatória de auto de infração,0.7,1,1,0,0,0,0,0,0
trabalhista,Direito Trabalhista,Trabalhista,ES,4684,Baixa,5,Cobrança de verbas rescisórias não pagas,0.85,1,1,0,0,1,0,0,0
civil,Direito Civil,Civil,RS,120622,Alta,19,Ação de indenização por danos morais e materiais decorrente de acidente de trânsito,0.8,1,1,1,0,0,0,0,0
civil,Direito Civil,Civil,PE,368484,Média,12,Rescisão contratual com pedido de restituição de valores,0.75,1,1,0,0,0,0,0,0
tributario,Direito Tributário,Tributário,MS,2672647,Alta,32,Mandado de segurança contra cobrança de ICMS,0.75,1,1,1,0,0,0,0,0
consumidor,Direito do Consumidor,Civil,PR,23728,Baixa,6,Cobrança indevida de tarifa bancária com pedido de repetição,0.9,0,1,1,0,1,0,0,0
consumidor,Direito do Consumidor,Civil,DF,4663,Média,10,Negativação indevida do nome do consumidor,0.9,0,1,1,0,1,0,0,0
tributario,Direito Tributário,Tributário,MG,9648694,Alta,32,Repetição de indébito tributário,0.75,1,1,1,0,0,0,0,0
consumidor,Direito do Consumidor,Civil,DF,24281,Baixa,9,Cobrança indevida de tarifa bancária com pedido de repetição,0.8,0,0,0,0,1,0,0,0
previdenciario,Direito Previdenciário,Previdenciário,RJ,98706,Média,16,Processo jurídico na área de previdenciario,0.87,1,0,0,1,1,0,0,0
trabalhista,Direito Trabalhista,Trabalhista,ES,29314,Alta,13,Equiparação salarial entre empregados,0.75,0,1,0,0,0,0,0,0
civil,Direito Civil,Civil,MT,119056,Alta,17,Ação de despejo por falta de pagamento,0.75,1,0,1,0,0,0,0,0
consumidor,Direito do Consumidor,Civil,CE,44838,Média,10,Propaganda enganosa com pedido de indenização,0.85,0,1,0,0,1,0,0,0
penal,Direito Penal,Penal,RS,0,Alta,24,Ação penal por crime contra o patrimônio,0.55,0,0,1,0,0,0,1,0
penal,Direito Penal,Penal,CE,0,Alta,22,Ação penal por crime contra o patrimônio,0.55,0,0,1,0,0,0,1,0
civil,Direito Civil,Civil,RS,175293,Média,12,Rescisão contratual com pedido de restituição de valores,0.7,1,0,0,0,0,0,0,0
consumidor,Direito do Consumidor,Civil,BA,43241,Baixa,9,Vício em produto com pedido de substituição,0.85,0,1,1,0,0,0,0,0
previdenciario,Direito Previdenciário,Previdenciário,SP,112072,Alta,21,Processo jurídico na área de previdenciario,0.87,1,0,0,1,1,0,0,0
agrario,Direito Agrário,Agrário,RS,1700561,Alta,23,Regularização fundiária de propriedade rural,0.7,1,0,1,1,0,0,0,0
agrario,Direito Agrário,Agrário,CE,3235435,Média,15,Desapropriação para fins de reforma agrária,0.7,1,0,1,1,0,0,0,0
penal,Direito Penal,Penal,RJ,0,Média,18,Ação penal por crime contra o patrimônio,0.55,0,1,0,0,0,0,1,0
consumidor,Direito do Consumidor,Civil,RS,11688,Baixa,7,Cobrança indevida de tarifa bancária com pedido de repetição,0.8,0,1,0,0,0,0,0,0
civil,Direito Civil,Civil,RS,282470,Alta,17,Cobrança de dívida com pedido de penhora de bens,0.7,1,0,0,0,0,0,0,0
trabalhista,Direito Trabalhista,Trabalhista,SC,35102,Média,8,Ação de rescisão indireta por assédio moral,0.85,1,1,0,0,1,0,0,0
penal,Direito Penal,Penal,PR,0,Alta,22,Ação penal por crime ambiental,0.55,0,1,0,0,0,0,1,0
empresarial,Direito Empresarial,Empresarial,RS,49987369,Média,14,Processo jurídico na área de empresarial,0.73,0,1,0,0,0,0,0,0
penal,Direito Penal,Penal,SC,0,Alta,26,Ação penal por crime contra o patrimônio,0.55,0,1,1,0,0,0,0,0
trabalhista,Direito Trabalhista,Trabalhista,DF,80905,Média,8,Equiparação salarial entre empregados,0.8,1,1,0,0,0,0,0,0
agrario,Direito Agrário,Agrário,RJ,116893,Alta,20,Regularização fundiária de propriedade rural,0.6,0,0,1,0,0,0,0,0
previdenciario,Direito Previdenciário,Previdenciário,MT,80693,Baixa,13,Processo jurídico na área de previdenciario,0.87,1,0,0,1,1,0,0,0
tributario,Direito Tributário,Tributário,CE,436555,Alta,29,Mandado de segurança contra cobrança de ICMS,0.65,0,0,1,0,0,0,0,0
trabalhista,Direito Trabalhista,Trabalhista,MS,56062,Baixa,6,Equiparação salarial entre empregados,0.85,1,1,0,0,1,0,0,0
empresarial,Direito Empresarial,Empresarial,CE,29334952,Média,14,Processo jurídico na área de empresarial,0.83,0,1,0,0,1,0,0,1
ambiental,Direito Ambiental,Ambiental,PE,16281624,Média,22,Processo jurídico na área de ambiental,0.63,0,0,0,1,0,0,0,0
trabalhista,Direito Trabalhista,Trabalhista,MG,63847,Média,8,Cobrança de verbas rescisórias não pagas,0.75,0,1,0,0,0,0,0,0
civil,Direito Civil,Civil,DF,309635,Média,12,Ação de despejo por falta de pagamento,0.8,1,1,1,0,0,0,0,0
empresarial,Direito Empresarial,Empresarial,MS,3003079,Média,14,Processo jurídico na área de empresarial,0.83,0,1,0,0,1,0,0,1
civil,Direito Civil,Civil,ES,146836,Média,12,Ação de despejo por falta de pagamento,0.75,1,0,1,0,0,0,0,0
civil,Direito Civil,Civil,SC,130764,Baixa,9,Cobrança de dívida com pedido de penhora de bens,0.8,1,1,1,0,0,0,0,0
trabalhista,Direito Trabalhista,Trabalhista,SC,35385,Média,8,Cobrança de verbas rescisórias não pagas,0.75,1,0,0,0,0,0,0,0
trabalhista,Direito Trabalhista,Trabalhista,RS,96986,Alta,13,Cobrança de verbas rescisórias não pagas,0.75,1,0,0,0,0,0,0,0
penal,Direito Penal,Penal,RJ,0,Alta,23,Ação penal por crime ambiental,0.55,0,0,1,0,0,0,1,0
agrario,Direito Agrário,Agrário,ES,2278857,Alta,22,Regularização fundiária de propriedade rural,0.6,0,0,1,0,0,0,0,0
consumidor,Direito do Consumidor,Civil,MS,14939,Média,10,Propaganda enganosa com pedido de indenização,0.8,0,0,0,0,1,0,0,0
tributario,Direito Tributário,Tributário,ES,6095907,Média,24,Ação anulatória de auto de infração,0.7,0,1,1,0,0,0,0,0
penal,Direito Penal,Penal,PE,0,Alta,21,Ação penal por crime contra o patrimônio,0.55,0,1,0,0,0,0,1,0
trabalhista,Direito Trabalhista,Trabalhista,CE,34388,Média,8,Ação de rescisão indireta por assédio moral,0.8,1,1,0,0,0,0,0,0
penal,Direito Penal,Penal,PE,0,Alta,22,Ação penal por crime contra o patrimônio,0.6,0,1,1,0,0,0,1,0
empresarial,Direito Empresarial,Empresarial,MG,7789929,Média,14,Processo jurídico na área de empresarial,0.78,0,1,0,0,1,0,0,0
empresarial,Direito Empresarial,Empresarial,RJ,38560253,Média,14,Processo jurídico na área de empresarial,0.73,0,0,0,0,1,0,0,0
civil,Direito Civil,Civil,MG,84320,Baixa,11,Rescisão contratual com pedido de restituição de valores,0.8,1,1,1,0,0,0,0,0
consumidor,Direito do Consumidor,Civil,PR,29316,Média,10,Propaganda enganosa com pedido de indenização,0.8,0,1,0,0,0,0,0,0
civil,Direito Civil,Civil,MT,31065,Média,12,Cobrança de dívida com pedido de penhora de bens,0.8,1,1,1,0,0,0,0,0
trabalhista,Direito Trabalhista,Trabalhista,GO,69146,Média,8,Cobrança de verbas rescisórias não pagas,0.75,0,1,0,0,0,0,0,0
agrario,Direito Agrário,Agrário,RJ,612959,Média,15,Ação de usucapião de imóvel rural,0.65,0,0,1,1,0,0,0,0
trabalhista,Direito Trabalhista,Trabalhista,RJ,75467,Baixa,7,Cobrança de verbas rescisórias não pagas,0.8,0,1,0,0,1,0,0,0
constitucional,Direito Constitucional,Constitucional,RS,0,Média,30,Processo jurídico na área de constitucional,0.53,0,1,0,0,0,0,0,0
trabalhista,Direito Trabalhista,Trabalhista,MT,29743,Média,8,Cobrança de verbas rescisórias não pagas,0.75,1,0,0,0,0,0,0,0
penal,Direito Penal,Penal,RJ,0,Alta,25,Processo por lesão corporal dolosa,0.55,0,1,0,0,0,0,1,0
agrario,Direito Agrário,Agrário,DF,125633,Alta,20,Conflito de terras entre posseiros,0.65,0,0,1,1,0,0,0,0
empresarial,Direito Empresarial,Empresarial,PR,43989779,Baixa,13,Processo jurídico na área de empresarial,0.78,0,1,0,0,1,0,0,0
civil,Direito Civil,Civil,DF,433472,Média,12,Cobrança de dívida com pedido de penhora de bens,0.7,1,0,0,0,0,0,0,0
consumidor,Direito do Consumidor,Civil,MS,8503,Média,10,Vício em produto com pedido de substituição,0.9,0,1,1,0,1,0,0,0
agrario,Direito Agrário,Agrário,RS,2742846,Alta,18,Ação de usucapião de imóvel rural,0.65,1,0,1,0,0,0,0,0
trabalhista,Direito Trabalhista,Trabalhista,DF,69763,Baixa,6,Ação de rescisão indireta por assédio moral,0.75,0,0,0,0,1,0,0,0
consumidor,Direito do Consumidor,Civil,RJ,39063,Baixa,7,Cobrança indevida de tarifa bancária com pedido de repetição,0.9,0,1,1,0,1,0,0,0
agrario,Direito Agrário,Agrário,RJ,2650297,Alta,21,Desapropriação para fins de reforma agrária,0.6,1,0,0,0,0,0,0,0
trabalhista,Direito Trabalhista,Trabalhista,PR,80678,Baixa,7,Cobrança de verbas rescisórias não pagas,0.75,0,0,0,0,1,0,0,0
empresarial,Direito Empresarial,Empresarial,GO,28897241,Alta,20,Processo jurídico na área de empresarial,0.83,0,1,0,0,1,0,0,1
empresarial,Direito Empresarial,Empresarial,MS,44689328,Baixa,10,Processo jurídico na área de empresarial,0.73,0,1,0,0,0,0,0,0
trabalhista,Direito Trabalhista,Trabalhista,RS,39528,Baixa,4,Ação de rescisão indireta por assédio moral,0.85,1,1,0,0,1,0,0,0
tributario,Direito Tributário,Tributário,RS,6366247,Média,24,Ação anulatória de auto de infração,0.75,1,1,1,0,0,0,0,0
empresarial,Direito Empresarial,Empresarial,MS,2088110,Baixa,10,Processo jurídico na área de empresarial,0.73,0,0,0,0,1,0,0,0
agrario,Direito Agrário,Agrário,GO,1623960,Alta,19,Regularização fundiária de propriedade rural,0.65,0,0,1,1,0,0,0,0
consumidor,Direito do Consumidor,Civil,PE,16241,Baixa,6,Negativação indevida do nome do consumidor,0.8,0,1,0,0,0,0,0,0
civil,Direito Civil,Civil,MT,401864,Média,12,Rescisão contratual com pedido de restituição de valores,0.8,1,1,1,0,0,0,0,0
agrario,Direito Agrário,Agrário,DF,4916887,Alta,21,Conflito de terras entre posseiros,0.65,1,0,1,0,0,0,0,0
consumidor,Direito do Consumidor,Civil,BA,8253,Baixa,9,Propaganda enganosa com pedido de indenização,0.9,0,1,1,0,1,0,0,0
trabalhista,Direito Trabalhista,Trabalhista,CE,95527,Média,8,Ação de rescisão indireta por assédio moral,0.85,1,1,0,0,1,0,0,0
trabalhista,Direito Trabalhista,Trabalhista,SP,83216,Média,8,Cobrança de verbas rescisórias não pagas,0.75,1,0,0,0,0,0,0,0
agrario,Direito Agrário,Agrário,PE,2064644,Média,15,Regularização fundiária de propriedade rural,0.65,1,0,1,0,0,0,0,0
empresarial,Direito Empresarial,Empresarial,RS,36439746,Alta,21,Processo jurídico na área de empresarial,0.83,0,1,0,0,1,0,0,1
penal,Direito Penal,Penal,PE,0,Alta,24,Processo por lesão corporal dolosa,0.55,0,0,1,0,0,0,1,0
consumidor,Direito do Consumidor,Civil,ES,13084,Média,10,Vício em produto com pedido de substituição,0.8,0,1,0,0,0,0,0,0
trabalhista,Direito Trabalhista,Trabalhista,MT,69861,Média,8,Equiparação salarial entre empregados,0.85,1,1,0,0,1,0,0,0
trabalhista,Direito Trabalhista,Trabalhista,CE,71621,Alta,14,Cobrança de verbas rescisórias não pagas,0.85,1,1,0,0,1,0,0,0
tributario,Direito Tributário,Tributário,BA,6142589,Alta,30,Ação anulatória de auto de infração,0.65,0,1,0,0,0,0,0,0
tributario,Direito Tributário,Tributário,MS,336788,Alta,32,Repetição de indébito tributário,0.75,1,1,1,0,0,0,0,0
tributario,Direito Tributário,Tributário,MS,7278203,Baixa,21,Execução fiscal de débito previdenciário,0.7,1,1,0,0,0,0,0,0
penal,Direito Penal,Penal,SC,0,Alta,21,Ação penal por crime ambiental,0.6,0,1,1,0,0,0,1,0
agrario,Direito Agrário,Agrário,BA,690823,Média,15,Conflito de terras entre posseiros,0.65,0,0,1,1,0,0,0,0
consumidor,Direito do Consumidor,Civil,ES,22752,Alta,18,Vício em produto com pedido de substituição,0.85,0,0,1,0,1,0,0,0
tributario,Direito Tributário,Tributário,PE,5971593,Média,24,Mandado de segurança contra cobrança de ICMS,0.75,1,1,1,0,0,0,0,0
previdenciario,Direito Previdenciário,Previdenciário,DF,19435,Média,16,Processo jurídico na área de previdenciario,0.77,0,0,0,1,0,0,0,0
civil,Direito Civil,Civil,RJ,460345,Alta,17,Ação de indenização por danos morais e materiais decorrente de acidente de trânsito,0.7,0,1,0,0,0,0,0,0
agrario,Direito Agrário,Agrário,SP,3458214,Baixa,13,Regularização fundiária de propriedade rural,0.7,1,0,1,1,0,0,0,0
tributario,Direito Tributário,Tributário,GO,4297690,Média,24,Ação anulatória de auto de infração,0.75,1,1,1,0,0,0,0,0
administrativo,Direito Administrativo,Administrativo,DF,148719,Alta,25,Processo jurídico na área de administrativo,0.62,0,1,1,0,0,0,0,0
civil,Direito Civil,Civil,SC,29110,Baixa,8,Ação de despejo por falta de pagamento,0.8,1,1,1,0,0,0,0,0
trabalhista,Direito Trabalhista,Trabalhista,RS,77951,Média,8,Equiparação salarial entre empregados,0.75,0,0,0,0,1,0,0,0
penal,Direito Penal,Penal,SP,0,Baixa,16,Ação penal por crime ambiental,0.5,0,0,1,0,0,0,0,0
empresarial,Direito Empresarial,Empresarial,BA,33871060,Baixa,13,Processo jurídico na área de empresarial,0.83,0,1,0,0,1,0,0,1
trabalhista,Direito Trabalhista,Trabalhista,MG,15549,Média,8,Equiparação salarial entre empregados,0.75,0,0,0,0,1,0,0,0
trabalhista,Direito Trabalhista,Trabalhista,GO,5414,Baixa,6,Cobrança de verbas rescisórias não pagas,0.85,1,1,0,0,1,0,0,0
tributario,Direito Tributário,Tributário,SC,8242998,Alta,28,Mandado de segurança contra cobrança de ICMS,0.75,1,1,1,0,0,0,0,0
consumidor,Direito do Consumidor,Civil,SP,19658,Baixa,6,Cobrança indevida de tarifa bancária com pedido de repetição,0.85,0,1,0,0,1,0,0,0
administrativo,Direito Administrativo,Administrativo,CE,636593,Alta,23,Processo jurídico na área de administrativo,0.67,0,1,1,0,0,0,1,0
agrario,Direito Agrário,Agrário,SP,4499207,Média,15,Desapropriação para fins de reforma agrária,0.65,1,0,0,1,0,0,0,0
tributario,Direito Tributário,Tributário,PE,7499259,Alta,28,Ação anulatória de auto de infração,0.65,1,0,0,0,0,0,0,0
tributario,Direito Tributário,Tributário,SC,413931,Alta,27,Execução fiscal de débito previdenciário,0.75,1,1,1,0,0,0,0,0
trabalhista,Direito Trabalhista,Trabalhista,RJ,27663,Alta,16,Reclamação trabalhista com pedido de horas extras,0.75,0,1,0,0,0,0,0,0
agrario,Direito Agrário,Agrário,ES,366225,Baixa,11,Regularização fundiária de propriedade rural,0.65,1,0,1,0,0,0,0,0
agrario,Direito Agrário,Agrário,RS,3778280,Média,15,Regularização fundiária de propriedade rural,0.7,1,0,1,1,0,0,0,0
trabalhista,Direito Trabalhista,Trabalhista,MS,8941,Média,8,Reclamação trabalhista com pedido de horas extras,0.8,1,0,0,0,1,0,0,0
trabalhista,Direito Trabalhista,Trabalhista,RS,83977,Média,8,Ação de rescisão indireta por assédio moral,0.8,0,1,0,0,1,0,0,0
agrario,Direito Agrário,Agrário,MG,990202,Média,15,Regularização fundiária de propriedade rural,0.7,1,0,1,1,0,0,0,0
trabalhista,Direito Trabalhista,Trabalhista,RJ,90832,Média,8,Reclamação trabalhista com pedido de horas extras,0.85,1,1,0,0,1,0,0,0
civil,Direito Civil,Civil,DF,493848,Média,12,Ação de indenização por danos morais e materiais decorrente de acidente de trânsito,0.75,1,1,0,0,0,0,0,0
agrario,Direito Agrário,Agrário,MS,1850497,Média,15,Regularização fundiária de propriedade rural,0.65,0,0,1,1,0,0,0,0
previdenciario,Direito Previdenciário,Previdenciário,PE,129527,Alta,22,Processo jurídico na área de previdenciario,0.82,1,0,0,0,1,0,0,0
civil,Direito Civil,Civil,ES,89410,Média,12,Ação de despejo por falta de pagamento,0.8,1,1,1,0,0,0,0,0
consumidor,Direito do Consumidor,Civil,SC,43078,Baixa,9,Negativação indevida do nome do consumidor,0.85,0,1,0,0,1,0,0,0
civil,Direito Civil,Civil,RJ,167088,Alta,18,Ação de despejo por falta de pagamento,0.7,0,1,0,0,0,0,0,0
civil,Direito Civil,Civil,MT,96479,Média,12,Ação de indenização por danos morais e materiais decorrente de acidente de trânsito,0.75,1,1,0,0,0,0,0,0
civil,Direito Civil,Civil,RJ,166815,Média,12,Rescisão contratual com pedido de restituição de valores,0.7,1,0,0,0,0,0,0,0
civil,Direito Civil,Civil,DF,283693,Alta,19,Rescisão contratual com pedido de restituição de valores,0.7,1,0,0,0,0,0,0,0
agrario,Direito Agrário,Agrário,RS,1926863,Alta,23,Regularização fundiária de propriedade rural,0.65,0,0,1,1,0,0,0,0
agrario,Direito Agrário,Agrário,MS,3546797,Alta,23,Ação de usucapião de imóvel rural,0.6,0,0,1,0,0,0,0,0
civil,Direito Civil,Civil,PR,295053,Média,12,Cobrança de dívida com pedido de penhora de bens,0.75,0,1,1,0,0,0,0,0
civil,Direito Civil,Civil,PR,127872,Média,12,Ação de despejo por falta de pagamento,0.75,1,0,1,0,0,0,0,0
consumidor,Direito do Consumidor,Civil,PR,27822,Alta,16,Cobrança indevida de tarifa bancária com pedido de repetição,0.9,0,1,1,0,1,0,0,0
penal,Direito Penal,Penal,MT,0,Média,18,Processo por lesão corporal dolosa,0.6,0,1,1,0,0,0,1,0
agrario,Direito Agrário,Agrário,ES,1812422,Média,15,Regularização fundiária de propriedade rural,0.7,1,0,1,1,0,0,0,0
agrario,Direito Agrário,Agrário,MT,3758748,Baixa,14,Ação de usucapião de imóvel rural,0.65,0,0,1,1,0,0,0,0
trabalhista,Direito Trabalhista,Trabalhista,CE,54031,Média,8,Ação de rescisão indireta por assédio moral,0.85,1,1,0,0,1,0,0,0
constitucional,Direito Constitucional,Constitucional,GO,0,Alta,38,Processo jurídico na área de constitucional,0.53,0,0,0,0,0,0,1,0
trabalhista,Direito Trabalhista,Trabalhista,SP,13045,Alta,11,Cobrança de verbas rescisórias não pagas,0.85,1,1,0,0,1,0,0,0
consumidor,Direito do Consumidor,Civil,PE,19634,Baixa,9,Cobrança indevida de tarifa bancária com pedido de repetição,0.8,0,0,0,0,1,0,0,0
agrario,Direito Agrário,Agrário,PR,1628235,Alta,22,Regularização fundiária de propriedade rural,0.65,0,0,1,1,0,0,0,0
administrativo,Direito Administrativo,Administrativo,DF,915704,Média,20,Processo jurídico na área de administrativo,0.67,0,1,1,0,0,0,1,0
trabalhista,Direito Trabalhista,Trabalhista,PR,18050,Baixa,4,Cobrança de verbas rescisórias não pagas,0.75,0,0,0,0,1,0,0,0
trabalhista,Direito Trabalhista,Trabalhista,MT,58688,Média,8,Reclamação trabalhista com pedido de horas extras,0.85,1,1,0,0,1,0,0,0
tributario,Direito Tributário,Tributário,MS,4106461,Média,24,Repetição de indébito tributário,0.65,1,0,0,0,0,0,0,0
consumidor,Direito do Consumidor,Civil,GO,32949,Alta,13,Cobrança indevida de tarifa bancária com pedido de repetição,0.85,0,0,1,0,1,0,0,0
consumidor,Direito do Consumidor,Civil,CE,38582,Baixa,9,Negativação indevida do nome do consumidor,0.8,0,0,1,0,0,0,0,0
civil,Direito Civil,Civil,PR,335601,Alta,15,Rescisão contratual com pedido de restituição de valores,0.7,0,1,0,0,0,0,0,0
civil,Direito Civil,Civil,RJ,188918,Média,12,Ação de despejo por falta de pagamento,0.8,1,1,1,0,0,0,0,0
administrativo,Direito Administrativo,Administrativo,ES,509565,Alta,27,Processo jurídico na área de administrativo,0.62,0,1,0,0,0,0,1,0
penal,Direito Penal,Penal,SP,0,Média,18,Processo por lesão corporal dolosa,0.6,0,1,1,0,0,0,1,0
penal,Direito Penal,Penal,RJ,0,Alta,23,Processo por lesão corporal dolosa,0.6,0,1,1,0,0,0,1,0
agrario,Direito Agrário,Agrário,PR,4694596,Média,15,Conflito de terras entre posseiros,0.65,1,0,1,0,0,0,0,0
consumidor,Direito do Consumidor,Civil,PE,22941,Baixa,7,Vício em produto com pedido de substituição,0.8,0,0,0,0,1,0,0,0
agrario,Direito Agrário,Agrário,ES,3630884,Alta,20,Conflito de terras entre posseiros,0.6,0,0,0,1,0,0,0,0
tributario,Direito Tributário,Tributário,RS,1515169,Alta,31,Ação anulatória de auto de infração,0.75,1,1,1,0,0,0,0,0
consumidor,Direito do Consumidor,Civil,SP,1803,Média,10,Negativação indevida do nome do consumidor,0.85,0,1,1,0,0,0,0,0
agrario,Direito Agrário,Agrário,RS,566964,Alta,19,Ação de usucapião de imóvel rural,0.65,1,0,1,0,0,0,0,0
trabalhista,Direito Trabalhista,Trabalhista,ES,57839,Média,8,Ação de rescisão indireta por assédio moral,0.8,1,1,0,0,0,0,0,0
empresarial,Direito Empresarial,Empresarial,RJ,24226548,Alta,18,Processo jurídico na área de empresarial,0.78,0,1,0,0,1,0,0,0
consumidor,Direito do Consumidor,Civil,CE,49656,Baixa,7,Vício em produto com pedido de substituição,0.8,0,1,0,0,0,0,0,0
trabalhista,Direito Trabalhista,Trabalhista,SP,88108,Média,8,Ação de rescisão indireta por assédio moral,0.75,0,0,0,0,1,0,0,0
empresarial,Direito Empresarial,Empresarial,MS,16337579,Alta,19,Processo jurídico na área de empresarial,0.78,0,0,0,0,1,0,0,1
constitucional,Direito Constitucional,Constitucional,SP,0,Alta,36,Processo jurídico na área de constitucional,0.53,0,1,0,0,0,0,0,0
penal,Direito Penal,Penal,RJ,0,Média,18,Ação penal por crime ambiental,0.55,0,1,1,0,0,0,0,0
trabalhista,Direito Trabalhista,Trabalhista,GO,77523,Média,8,Equiparação salarial entre empregados,0.8,1,0,0,0,1,0,0,0
empresarial,Direito Empresarial,Empresarial,MG,3812500,Alta,17,Processo jurídico na área de empresarial,0.83,0,1,0,0,1,0,0,1
trabalhista,Direito Trabalhista,Trabalhista,CE,6545,Média,8,Cobrança de verbas rescisórias não pagas,0.8,1,0,0,0,1,0,0,0
tributario,Direito Tributário,Tributário,MG,9207539,Média,24,Ação anulatória de auto de infração,0.65,0,1,0,0,0,0,0,0
penal,Direito Penal,Penal,CE,0,Alta,24,Ação penal por crime ambiental,0.6,0,1,1,0,0,0,1,0
previdenciario,Direito Previdenciário,Previdenciário,PR,93021,Média,16,Processo jurídico na área de previdenciario,0.82,0,0,0,1,1,0,0,0
civil,Direito Civil,Civil,DF,60343,Baixa,9,Ação de indenização por danos morais e materiais decorrente de acidente de trânsito,0.75,1,1,0,0,0,0,0,0
agrario,Direito Agrário,Agrário,RJ,4912943,Alta,18,Regularização fundiária de propriedade rural,0.6,1,0,0,0,0,0,0,0
trabalhista,Direito Trabalhista,Trabalhista,RJ,61819,Baixa,6,Ação de rescisão indireta por assédio moral,0.8,1,1,0,0,0,0,0,0
consumidor,Direito do Consumidor,Civil,ES,49724,Média,10,Cobrança indevida de tarifa bancária com pedido de repetição,0.9,0,1,1,0,1,0,0,0
consumidor,Direito do Consumidor,Civil,PR,39794,Baixa,7,Vício em produto com pedido de substituição,0.9,0,1,1,0,1,0,0,0
trabalhista,Direito Trabalhista,Trabalhista,SC,40782,Média,8,Equiparação salarial entre empregados,0.75,1,0,0,0,0,0,0,0
civil,Direito Civil,Civil,ES,279224,Alta,17,Cobrança de dívida com pedido de penhora de bens,0.8,1,1,1,0,0,0,0,0
empresarial,Direito Empresarial,Empresarial,BA,687766,Alta,18,Processo jurídico na área de empresarial,0.78,0,1,0,0,1,0,0,0
trabalhista,Direito Trabalhista,Trabalhista,MG,21318,Baixa,7,Cobrança de verbas rescisórias não pagas,0.75,0,0,0,0,1,0,0,0
penal,Direito Penal,Penal,SP,0,Baixa,16,Ação penal por crime contra o patrimônio,0.55,0,1,0,0,0,0,1,0
penal,Direito Penal,Penal,MG,0,Média,18,Ação penal por crime ambiental,0.5,0,0,0,0,0,0,1,0
empresarial,Direito Empresarial,Empresarial,BA,44071944,Média,14,Processo jurídico na área de empresarial,0.73,0,0,0,0,1,0,0,0
civil,Direito Civil,Civil,MG,234176,Alta,17,Cobrança de dívida com pedido de penhora de bens,0.75,0,1,1,0,0,0,0,0
civil,Direito Civil,Civil,MT,128125,Média,12,Cobrança de dívida com pedido de penhora de bens,0.8,1,1,1,0,0,0,0,0
consumidor,Direito do Consumidor,Civil,GO,8723,Média,10,Vício em produto com pedido de substituição,0.8,0,0,0,0,1,0,0,0
consumidor,Direito do Consumidor,Civil,SP,6973,Baixa,9,Cobrança indevida de tarifa bancária com pedido de repetição,0.85,0,1,1,0,0,0,0,0
penal,Direito Penal,Penal,CE,0,Alta,22,Processo por lesão corporal dolosa,0.6,0,1,1,0,0,0,1,0
civil,Direito Civil,Civil,MT,201667,Média,12,Ação de indenização por danos morais e materiais decorrente de acidente de trânsito,0.75,0,1,1,0,0,0,0,0
penal,Direito Penal,Penal,MG,0,Alta,22,Investigação de crime tributário,0.5,0,0,1,0,0,0,0,0
tributario,Direito Tributário,Tributário,MS,4452955,Alta,29,Mandado de segurança contra cobrança de ICMS,0.7,1,0,1,0,0,0,0,0
consumidor,Direito do Consumidor,Civil,MG,23340,Baixa,7,Propaganda enganosa com pedido de indenização,0.9,0,1,1,0,1,0,0,0
penal,Direito Penal,Penal,SC,0,Alta,24,Investigação de crime tributário,0.55,0,1,0,0,0,0,1,0
civil,Direito Civil,Civil,MT,76825,Média,12,Ação de indenização por danos morais e materiais decorrente de acidente de trânsito,0.75,1,1,0,0,0,0,0,0
civil,Direito Civil,Civil,SP,446735,Alta,15,Cobrança de dívida com pedido de penhora de bens,0.7,0,1,0,0,0,0,0,0
civil,Direito Civil,Civil,BA,394787,Média,12,Cobrança de dívida com pedido de penhora de bens,0.75,0,1,1,0,0,0,0,0
consumidor,Direito do Consumidor,Civil,RS,2923,Baixa,8,Cobrança indevida de tarifa bancária com pedido de repetição,0.85,0,1,0,0,1,0,0,0
agrario,Direito Agrário,Agrário,CE,2667855,Média,15,Desapropriação para fins de reforma agrária,0.7,1,0,1,1,0,0,0,0
ambiental,Direito Ambiental,Ambiental,MS,50250934,Média,22,Processo jurídico na área de ambiental,0.63,0,0,0,1,0,0,0,0
trabalhista,Direito Trabalhista,Trabalhista,CE,7137,Média,8,Ação de rescisão indireta por assédio moral,0.75,0,1,0,0,0,0,0,0
administrativo,Direito Administrativo,Administrativo,RS,801413,Alta,27,Processo jurídico na área de administrativo,0.57,0,1,0,0,0,0,0,0
agrario,Direito Agrário,Agrário,RS,431392,Média,15,Regularização fundiária de propriedade rural,0.65,1,0,0,1,0,0,0,0
penal,Direito Penal,Penal,SC,0,Média,18,Investigação de crime tributário,0.6,0,1,1,0,0,0,1,0
civil,Direito Civil,Civil,PR,468920,Média,12,Rescisão contratual com pedido de restituição de valores,0.7,0,1,0,0,0,0,0,0
tributario,Direito Tributário,Tributário,RJ,8600810,Média,24,Ação anulatória de auto de infração,0.75,1,1,1,0,0,0,0,0
penal,Direito Penal,Penal,DF,0,Alta,24,Processo por lesão corporal dolosa,0.6,0,1,1,0,0,0,1,0
civil,Direito Civil,Civil,GO,457438,Média,12,Ação de despejo por falta de pagamento,0.75,0,1,1,0,0,0,0,0
civil,Direito Civil,Civil,CE,213522,Baixa,10,Ação de indenização por danos morais e materiais decorrente de acidente de trânsito,0.8,1,1,1,0,0,0,0,0
trabalhista,Direito Trabalhista,Trabalhista,MS,40310,Média,8,Equiparação salarial entre empregados,0.75,0,1,0,0,0,0,0,0
civil,Direito Civil,Civil,MG,344378,Média,12,Ação de despejo por falta de pagamento,0.8,1,1,1,0,0,0,0,0
administrativo,Direito Administrativo,Administrativo,ES,888661,Alta,28,Processo jurídico na área de administrativo,0.62,0,1,0,0,0,0,1,0
civil,Direito Civil,Civil,SP,113900,Baixa,9,Ação de indenização por danos morais e materiais decorrente de acidente de trânsito,0.8,1,1,1,0,0,0,0,0
consumidor,Direito do Consumidor,Civil,ES,37023,Baixa,7,Negativação indevida do nome do consumidor,0.9,0,1,1,0,1,0,0,0
agrario,Direito Agrário,Agrário,RJ,4231005,Alta,20,Ação de usucapião de imóvel rural,0.7,1,0,1,1,0,0,0,0
agrario,Direito Agrário,Agrário,RJ,4605265,Média,15,Regularização fundiária de propriedade rural,0.6,0,0,0,1,0,0,0,0
tributario,Direito Tributário,Tributário,RJ,3677255,Alta,29,Ação anulatória de auto de infração,0.7,1,0,1,0,0,0,0,0
agrario,Direito Agrário,Agrário,SP,556151,Alta,22,Conflito de terras entre posseiros,0.65,1,0,1,0,0,0,0,0
consumidor,Direito do Consumidor,Civil,GO,26351,Média,10,Negativação indevida do nome do consumidor,0.85,0,0,1,0,1,0,0,0
civil,Direito Civil,Civil,GO,474281,Média,12,Ação de indenização por danos morais e materiais decorrente de acidente de trânsito,0.7,1,0,0,0,0,0,0,0
empresarial,Direito Empresarial,Empresarial,MG,42084935,Baixa,12,Processo jurídico na área de empresarial,0.78,0,1,0,0,1,0,0,0
civil,Direito Civil,Civil,ES,455574,Baixa,11,Cobrança de dívida com pedido de penhora de bens,0.75,0,1,1,0,0,0,0,0
trabalhista,Direito Trabalhista,Trabalhista,RS,64703,Média,8,Cobrança de verbas rescisórias não pagas,0.8,1,1,0,0,0,0,0,0
consumidor,Direito do Consumidor,Civil,MS,27353,Baixa,7,Vício em produto com pedido de substituição,0.9,0,1,1,0,1,0,0,0
agrario,Direito Agrário,Agrário,BA,4145489,Média,15,Regularização fundiária de propriedade rural,0.7,1,0,1,1,0,0,0,0
previdenciario,Direito Previdenciário,Previdenciário,SC,63480,Média,16,Processo jurídico na área de previdenciario,0.82,1,0,0,1,0,0,0,0
civil,Direito Civil,Civil,GO,31436,Baixa,8,Rescisão contratual com pedido de restituição de valores,0.7,1,0,0,0,0,0,0,0
agrario,Direito Agrário,Agrário,SC,1782932,Baixa,14,Conflito de terras entre posseiros,0.6,0,0,1,0,0,0,0,0
trabalhista,Direito Trabalhista,Trabalhista,PE,29359,Média,8,Equiparação salarial entre empregados,0.8,1,1,0,0,0,0,0,0
consumidor,Direito do Consumidor,Civil,GO,33100,Média,10,Cobrança indevida de tarifa bancária com pedido de repetição,0.9,0,1,1,0,1,0,0,0
trabalhista,Direito Trabalhista,Trabalhista,DF,12266,Baixa,5,Ação de rescisão indireta por assédio moral,0.8,0,1,0,0,1,0,0,0
ambiental,Direito Ambiental,Ambiental,RS,81031923,Alta,26,Processo jurídico na área de ambiental,0.63,0,0,0,0,0,0,0,1
agrario,Direito Agrário,Agrário,MG,4875920,Média,15,Desapropriação para fins de reforma agrária,0.6,0,0,1,0,0,0,0,0
penal,Direito Penal,Penal,SC,0,Média,18,Investigação de crime tributário,0.5,0,1,0,0,0,0,0,0
civil,Direito Civil,Civil,BA,460852,Média,12,Rescisão contratual com pedido de restituição de valores,0.7,0,0,1,0,0,0,0,0
empresarial,Direito Empresarial,Empresarial,RJ,34198254,Baixa,12,Processo jurídico na área de empresarial,0.83,0,1,0,0,1,0,0,1
penal,Direito Penal,Penal,SC,0,Alta,24,Ação penal por crime contra o patrimônio,0.5,0,1,0,0,0,0,0,0
civil,Direito Civil,Civil,RJ,311017,Média,12,Ação de indenização por danos morais e materiais decorrente de acidente de trânsito,0.7,0,0,1,0,0,0,0,0
administrativo,Direito Administrativo,Administrativo,SP,175348,Alta,23,Processo jurídico na área de administrativo,0.57,0,0,1,0,0,0,0,0
trabalhista,Direito Trabalhista,Trabalhista,PE,37042,Baixa,4,Equiparação salarial entre empregados,0.8,1,0,0,0,1,0,0,0
consumidor,Direito do Consumidor,Civil,MT,32425,Média,10,Vício em produto com pedido de substituição,0.9,0,1,1,0,1,0,0,0
consumidor,Direito do Consumidor,Civil,BA,18248,Baixa,8,Cobrança indevida de tarifa bancária com pedido de repetição,0.9,0,1,1,0,1,0,0,0
civil,Direito Civil,Civil,MT,240634,Média,12,Ação de indenização por danos morais e materiais decorrente de acidente de trânsito,0.75,0,1,1,0,0,0,0,0
penal,Direito Penal,Penal,DF,0,Média,18,Processo por lesão corporal dolosa,0.6,0,1,1,0,0,0,1,0
agrario,Direito Agrário,Agrário,ES,4107755,Alta,21,Regularização fundiária de propriedade rural,0.6,1,0,0,0,0,0,0,0
civil,Direito Civil,Civil,RS,178957,Baixa,8,Cobrança de dívida com pedido de penhora de bens,0.8,1,1,1,0,0,0,0,0
agrario,Direito Agrário,Agrário,BA,2496831,Baixa,13,Conflito de terras entre posseiros,0.7,1,0,1,1,0,0,0,0
consumidor,Direito do Consumidor,Civil,PE,17969,Média,10,Cobrança indevida de tarifa bancária com pedido de repetição,0.85,0,1,1,0,0,0,0,0
agrario,Direito Agrário,Agrário,SC,1882170,Média,15,Regularização fundiária de propriedade rural,0.7,1,0,1,1,0,0,0,0
penal,Direito Penal,Penal,BA,0,Média,18,Processo por lesão corporal dolosa,0.6,0,1,1,0,0,0,1,0
agrario,Direito Agrário,Agrário,MS,2827060,Alta,19,Conflito de terras entre posseiros,0.6,0,0,1,0,0,0,0,0
agrario,Direito Agrário,Agrário,GO,2298262,Alta,23,Regularização fundiária de propriedade rural,0.7,1,0,1,1,0,0,0,0
previdenciario,Direito Previdenciário,Previdenciário,RS,149980,Baixa,15,Processo jurídico na área de previdenciario,0.82,0,0,0,1,1,0,0,0
civil,Direito Civil,Civil,ES,20387,Média,12,Ação de despejo por falta de pagamento,0.75,1,1,0,0,0,0,0,0
civil,Direito Civil,Civil,GO,382630,Média,12,Cobrança de dívida com pedido de penhora de bens,0.75,1,0,1,0,0,0,0,0
trabalhista,Direito Trabalhista,Trabalhista,RS,27847,Média,8,Reclamação trabalhista com pedido de horas extras,0.75,0,1,0,0,0,0,0,0
previdenciario,Direito Previdenciário,Previdenciário,DF,17446,Média,16,Processo jurídico na área de previdenciario,0.87,1,0,0,1,1,0,0,0
penal,Direito Penal,Penal,RS,0,Alta,25,Ação penal por crime contra o patrimônio,0.5,0,1,0,0,0,0,0,0
trabalhista,Direito Trabalhista,Trabalhista,MS,51554,Baixa,7,Equiparação salarial entre empregados,0.75,0,0,0,0,1,0,0,0
tributario,Direito Tributário,Tributário,DF,156596,Alta,31,Mandado de segurança contra cobrança de ICMS,0.75,1,1,1,0,0,0,0,0
tributario,Direito Tributário,Tributário,DF,8370818,Média,24,Mandado de segurança contra cobrança de ICMS,0.7,0,1,1,0,0,0,0,0
administrativo,Direito Administrativo,Administrativo,GO,87476,Alta,24,Processo jurídico na área de administrativo,0.62,0,1,0,0,0,0,1,0
trabalhista,Direito Trabalhista,Trabalhista,MT,40740,Alta,11,Reclamação trabalhista com pedido de horas extras,0.85,1,1,0,0,1,0,0,0
previdenciario,Direito Previdenciário,Previdenciário,PE,14693,Média,16,Processo jurídico na área de previdenciario,0.87,1,0,0,1,1,0,0,0
agrario,Direito Agrário,Agrário,MT,1741573,Alta,20,Ação de usucapião de imóvel rural,0.65,1,0,1,0,0,0,0,0
civil,Direito Civil,Civil,PE,429707,Alta,18,Ação de despejo por falta de pagamento,0.8,1,1,1,0,0,0,0,0
consumidor,Direito do Consumidor,Civil,PE,29626,Baixa,6,Propaganda enganosa com pedido de indenização,0.8,0,0,0,0,1,0,0,0
tributario,Direito Tributário,Tributário,MT,6808394,Alta,30,Mandado de segurança contra cobrança de ICMS,0.65,1,0,0,0,0,0,0,0
penal,Direito Penal,Penal,ES,0,Alta,21,Ação penal por crime contra o patrimônio,0.6,0,1,1,0,0,0,1,0
penal,Direito Penal,Penal,DF,0,Alta,24,Ação penal por crime contra o patrimônio,0.5,0,0,0,0,0,0,1,0
consumidor,Direito do Consumidor,Civil,GO,47241,Baixa,8,Cobrança indevida de tarifa bancária com pedido de repetição,0.9,0,1,1,0,1,0,0,0
civil,Direito Civil,Civil,PE,218042,Média,12,Ação de despejo por falta de pagamento,0.7,0,1,0,0,0,0,0,0
consumidor,Direito do Consumidor,Civil,MT,20409,Alta,16,Negativação indevida do nome do consumidor,0.8,0,0,0,0,1,0,0,0
empresarial,Direito Empresarial,Empresarial,GO,45569559,Alta,22,Processo jurídico na área de empresarial,0.83,0,1,0,0,1,0,0,1
trabalhista,Direito Trabalhista,Trabalhista,SC,77661,Média,8,Cobrança de verbas rescisórias não pagas,0.75,1,0,0,0,0,0,0,0
tributario,Direito Tributário,Tributário,MS,8294025,Alta,30,Execução fiscal de débito previdenciário,0.75,1,1,1,0,0,0,0,0
civil,Direito Civil,Civil,PR,226614,Baixa,11,Cobrança de dívida com pedido de penhora de bens,0.7,0,0,1,0,0,0,0,0
agrario,Direito Agrário,Agrário,ES,708831,Média,15,Ação de usucapião de imóvel rural,0.6,0,0,1,0,0,0,0,0
agrario,Direito Agrário,Agrário,BA,3513748,Alta,20,Regularização fundiária de propriedade rural,0.7,1,0,1,1,0,0,0,0
civil,Direito Civil,Civil,MG,435138,Média,12,Cobrança de dívida com pedido de penhora de bens,0.7,1,0,0,0,0,0,0,0
agrario,Direito Agrário,Agrário,CE,1630614,Média,15,Regularização fundiária de propriedade rural,0.65,1,0,1,0,0,0,0,0
penal,Direito Penal,Penal,PE,0,Alta,23,Ação penal por crime ambiental,0.55,0,1,0,0,0,0,1,0
agrario,Direito Agrário,Agrário,MS,1549736,Alta,23,Regularização fundiária de propriedade rural,0.6,0,0,0,1,0,0,0,0
trabalhista,Direito Trabalhista,Trabalhista,PR,69468,Média,8,Equiparação salarial entre empregados,0.85,1,1,0,0,1,0,0,0
civil,Direito Civil,Civil,SC,351043,Média,12,Rescisão contratual com pedido de restituição de valores,0.8,1,1,1,0,0,0,0,0
trabalhista,Direito Trabalhista,Trabalhista,RS,22257,Alta,14,Reclamação trabalhista com pedido de horas extras,0.75,0,0,0,0,1,0,0,0
empresarial,Direito Empresarial,Empresarial,ES,23072243,Alta,17,Processo jurídico na área de empresarial,0.78,0,1,0,0,0,0,0,1
trabalhista,Direito Trabalhista,Trabalhista,ES,57926,Baixa,5,Cobrança de verbas rescisórias não pagas,0.75,0,1,0,0,0,0,0,0
penal,Direito Penal,Penal,MT,0,Baixa,17,Processo por lesão corporal dolosa,0.6,0,1,1,0,0,0,1,0
trabalhista,Direito Trabalhista,Trabalhista,BA,82428,Média,8,Cobrança de verbas rescisórias não pagas,0.85,1,1,0,0,1,0,0,0
previdenciario,Direito Previdenciário,Previdenciário,SC,47998,Média,16,Processo jurídico na área de previdenciario,0.87,1,0,0,1,1,0,0,0
civil,Direito Civil,Civil,MG,229250,Baixa,8,Cobrança de dívida com pedido de penhora de bens,0.7,1,0,0,0,0,0,0,0
administrativo,Direito Administrativo,Administrativo,RS,716303,Alta,28,Processo jurídico na área de administrativo,0.62,0,0,1,0,0,0,1,0
penal,Direito Penal,Penal,ES,0,Alta,23,Processo por lesão corporal dolosa,0.5,0,1,0,0,0,0,0,0
consumidor,Direito do Consumidor,Civil,RS,37817,Baixa,8,Cobrança indevida de tarifa bancária com pedido de repetição,0.9,0,1,1,0,1,0,0,0
trabalhista,Direito Trabalhista,Trabalhista,PE,31560,Média,8,Ação de rescisão indireta por assédio moral,0.85,1,1,0,0,1,0,0,0
constitucional,Direito Constitucional,Constitucional,RS,0,Baixa,27,Processo jurídico na área de constitucional,0.63,0,1,0,0,0,0,1,1
tributario,Direito Tributário,Tributário,SC,8118305,Média,24,Mandado de segurança contra cobrança de ICMS,0.65,0,0,1,0,0,0,0,0
civil,Direito Civil,Civil,MT,149014,Média,12,Ação de despejo por falta de pagamento,0.75,0,1,1,0,0,0,0,0
consumidor,Direito do Consumidor,Civil,MG,17260,Baixa,7,Propaganda enganosa com pedido de indenização,0.85,0,0,1,0,1,0,0,0
trabalhista,Direito Trabalhista,Trabalhista,MT,18070,Baixa,7,Equiparação salarial entre empregados,0.75,1,0,0,0,0,0,0,0
trabalhista,Direito Trabalhista,Trabalhista,SC,14443,Média,8,Reclamação trabalhista com pedido de horas extras,0.75,1,0,0,0,0,0,0,0
penal,Direito Penal,Penal,DF,0,Média,18,Ação penal por crime ambiental,0.5,0,1,0,0,0,0,0,0
consumidor,Direito do Consumidor,Civil,PE,10764,Média,10,Vício em produto com pedido de substituição,0.85,0,0,1,0,1,0,0,0
consumidor,Direito do Consumidor,Civil,CE,33821,Alta,15,Propaganda enganosa com pedido de indenização,0.8,0,0,0,0,1,0,0,0
tributario,Direito Tributário,Tributário,CE,1723928,Baixa,21,Ação anulatória de auto de infração,0.65,0,1,0,0,0,0,0,0
agrario,Direito Agrário,Agrário,MG,1625766,Alta,19,Ação de usucapião de imóvel rural,0.6,1,0,0,0,0,0,0,0
consumidor,Direito do Consumidor,Civil,DF,38565,Baixa,6,Negativação indevida do nome do consumidor,0.9,0,1,1,0,1,0,0,0
penal,Direito Penal,Penal,RJ,0,Alta,24,Ação penal por crime ambiental,0.6,0,1,1,0,0,0,1,0
civil,Direito Civil,Civil,PR,316267,Média,12,Rescisão contratual com pedido de restituição de valores,0.8,1,1,1,0,0,0,0,0
trabalhista,Direito Trabalhista,Trabalhista,RJ,62074,Média,8,Reclamação trabalhista com pedido de horas extras,0.8,0,1,0,0,1,0,0,0
previdenciario,Direito Previdenciário,Previdenciário,CE,36959,Média,16,Processo jurídico na área de previdenciario,0.77,1,0,0,0,0,0,0,0
trabalhista,Direito Trabalhista,Trabalhista,PR,45485,Média,8,Cobrança de verbas rescisórias não pagas,0.75,0,1,0,0,0,0,0,0
empresarial,Direito Empresarial,Empresarial,SC,30386239,Alta,22,Processo jurídico na área de empresarial,0.83,0,1,0,0,1,0,0,1
tributario,Direito Tributário,Tributário,PE,821150,Alta,32,Repetição de indébito tributário,0.65,0,1,0,0,0,0,0,0
penal,Direito Penal,Penal,SC,0,Alta,23,Processo por lesão corporal dolosa,0.5,0,1,0,0,0,0,0,0
civil,Direito Civil,Civil,MT,41550,Média,12,Ação de indenização por danos morais e materiais decorrente de acidente de trânsito,0.75,0,1,1,0,0,0,0,0
agrario,Direito Agrário,Agrário,ES,1783586,Alta,18,Regularização fundiária de propriedade rural,0.65,1,0,1,0,0,0,0,0
penal,Direito Penal,Penal,CE,0,Alta,21,Investigação de crime tributário,0.55,0,1,0,0,0,0,1,0
trabalhista,Direito Trabalhista,Trabalhista,SP,4327,Média,8,Cobrança de verbas rescisórias não pagas,0.85,1,1,0,0,1,0,0,0
consumidor,Direito do Consumidor,Civil,SP,45909,Baixa,6,Propaganda enganosa com pedido de indenização,0.85,0,1,1,0,0,0,0,0
penal,Direito Penal,Penal,MT,0,Alta,24,Ação penal por crime contra o patrimônio,0.6,0,1,1,0,0,0,1,0
consumidor,Direito do Consumidor,Civil,GO,49716,Baixa,7,Cobrança indevida de tarifa bancária com pedido de repetição,0.85,0,0,1,0,1,0,0,0
trabalhista,Direito Trabalhista,Trabalhista,RJ,84582,Baixa,6,Ação de rescisão indireta por assédio moral,0.75,0,1,0,0,0,0,0,0
civil,Direito Civil,Civil,MT,245718,Alta,15,Ação de despejo por falta de pagamento,0.8,1,1,1,0,0,0,0,0
penal,Direito Penal,Penal,MS,0,Alta,24,Ação penal por crime contra o patrimônio,0.5,0,1,0,0,0,0,0,0
trabalhista,Direito Trabalhista,Trabalhista,PR,2017,Média,8,Cobrança de verbas rescisórias não pagas,0.75,1,0,0,0,0,0,0,0
trabalhista,Direito Trabalhista,Trabalhista,SP,40211,Média,8,Reclamação trabalhista com pedido de horas extras,0.75,1,0,0,0,0,0,0,0
civil,Direito Civil,Civil,SC,486084,Média,12,Rescisão contratual com pedido de restituição de valores,0.7,1,0,0,0,0,0,0,0
administrativo,Direito Administrativo,Administrativo,DF,27553,Alta,25,Processo jurídico na área de administrativo,0.57,0,0,1,0,0,0,0,0
empresarial,Direito Empresarial,Empresarial,MS,30554386,Baixa,12,Processo jurídico na área de empresarial,0.83,0,1,0,0,1,0,0,1
penal,Direito Penal,Penal,BA,0,Alta,24,Ação penal por crime contra o patrimônio,0.6,0,1,1,0,0,0,1,0
civil,Direito Civil,Civil,RS,237393,Baixa,8,Ação de indenização por danos morais e materiais decorrente de acidente de trânsito,0.8,1,1,1,0,0,0,0,0
empresarial,Direito Empresarial,Empresarial,DF,37797870,Baixa,12,Processo jurídico na área de empresarial,0.83,0,1,0,0,1,0,0,1
trabalhista,Direito Trabalhista,Trabalhista,ES,69806,Média,8,Reclamação trabalhista com pedido de horas extras,0.85,1,1,0,0,1,0,0,0
consumidor,Direito do Consumidor,Civil,DF,7692,Média,10,Cobrança indevida de tarifa bancária com pedido de repetição,0.85,0,1,0,0,1,0,0,0
trabalhista,Direito Trabalhista,Trabalhista,SC,14760,Média,8,Reclamação trabalhista com pedido de horas extras,0.85,1,1,0,0,1,0,0,0
consumidor,Direito do Consumidor,Civil,MT,20007,Baixa,7,Propaganda enganosa com pedido de indenização,0.9,0,1,1,0,1,0,0,0
civil,Direito Civil,Civil,RJ,416217,Média,12,Ação de indenização por danos morais e materiais decorrente de acidente de trânsito,0.75,1,0,1,0,0,0,0,0
penal,Direito Penal,Penal,BA,0,Alta,26,Ação penal por crime ambiental,0.55,0,1,0,0,0,0,1,0
trabalhista,Direito Trabalhista,Trabalhista,SC,12836,Baixa,7,Equiparação salarial entre empregados,0.85,1,1,0,0,1,0,0,0
penal,Direito Penal,Penal,GO,0,Média,18,Investigação de crime tributário,0.5,0,0,0,0,0,0,1,0
consumidor,Direito do Consumidor,Civil,RS,40669,Média,10,Cobrança indevida de tarifa bancária com pedido de repetição,0.9,0,1,1,0,1,0,0,0
civil,Direito Civil,Civil,MT,334617,Média,12,Ação de indenização por danos morais e materiais decorrente de acidente de trânsito,0.75,1,1,0,0,0,0,0,0
constitucional,Direito Constitucional,Constitucional,ES,0,Alta,36,Processo jurídico na área de constitucional,0.63,0,1,0,0,0,0,1,1
tributario,Direito Tributário,Tributário,RJ,1835478,Alta,28,Execução fiscal de débito previdenciário,0.7,1,1,0,0,0,0,0,0
trabalhista,Direito Trabalhista,Trabalhista,PE,56071,Baixa,4,Reclamação trabalhista com pedido de horas extras,0.85,1,1,0,0,1,0,0,0
penal,Direito Penal,Penal,MS,0,Alta,24,Ação penal por crime contra o patrimônio,0.6,0,1,1,0,0,0,1,0
trabalhista,Direito Trabalhista,Trabalhista,PE,56033,Média,8,Cobrança de verbas rescisórias não pagas,0.85,1,1,0,0,1,0,0,0
trabalhista,Direito Trabalhista,Trabalhista,SC,57003,Média,8,Equiparação salarial entre empregados,0.75,0,1,0,0,0,0,0,0
previdenciario,Direito Previdenciário,Previdenciário,MS,15382,Alta,19,Processo jurídico na área de previdenciario,0.82,1,0,0,1,0,0,0,0
tributario,Direito Tributário,Tributário,PE,6214808,Alta,28,Repetição de indébito tributário,0.65,0,0,1,0,0,0,0,0
trabalhista,Direito Trabalhista,Trabalhista,BA,80055,Baixa,4,Cobrança de verbas rescisórias não pagas,0.75,1,0,0,0,0,0,0,0
administrativo,Direito Administrativo,Administrativo,MT,115002,Baixa,16,Processo jurídico na área de administrativo,0.57,0,1,0,0,0,0,0,0
consumidor,Direito do Consumidor,Civil,BA,45262,Média,10,Propaganda enganosa com pedido de indenização,0.8,0,1,0,0,0,0,0,0
penal,Direito Penal,Penal,MT,0,Média,18,Ação penal por crime ambiental,0.5,0,0,0,0,0,0,1,0
trabalhista,Direito Trabalhista,Trabalhista,MS,96844,Média,8,Reclamação trabalhista com pedido de horas extras,0.8,0,1,0,0,1,0,0,0
trabalhista,Direito Trabalhista,Trabalhista,DF,81871,Média,8,Reclamação trabalhista com pedido de horas extras,0.75,1,0,0,0,0,0,0,0
administrativo,Direito Administrativo,Administrativo,BA,298782,Alta,23,Processo jurídico na área de administrativo,0.57,0,0,0,0,0,0,1,0
consumidor,Direito do Consumidor,Civil,MG,14165,Baixa,7,Propaganda enganosa com pedido de indenização,0.8,0,1,0,0,0,0,0,0
eleitoral,Direito Eleitoral,Eleitoral,SC,0,Baixa,4,Processo jurídico na área de eleitoral,0.72,0,1,0,0,0,0,1,0
civil,Direito Civil,Civil,MT,147207,Média,12,Ação de indenização por danos morais e materiais decorrente de acidente de trânsito,0.8,1,1,1,0,0,0,0,0
consumidor,Direito do Consumidor,Civil,MS,3290,Baixa,6,Propaganda enganosa com pedido de indenização,0.9,0,1,1,0,1,0,0,0
trabalhista,Direito Trabalhista,Trabalhista,MS,82327,Alta,12,Equiparação salarial entre empregados,0.85,1,1,0,0,1,0,0,0
administrativo,Direito Administrativo,Administrativo,MG,95978,Média,20,Processo jurídico na área de administrativo,0.67,0,1,1,0,0,0,1,0
penal,Direito Penal,Penal,MT,0,Média,18,Ação penal por crime ambiental,0.6,0,1,1,0,0,0,1,0
trabalhista,Direito Trabalhista,Trabalhista,PE,46117,Média,8,Cobrança de verbas rescisórias não pagas,0.75,0,0,0,0,1,0,0,0
penal,Direito Penal,Penal,RJ,0,Alta,22,Processo por lesão corporal dolosa,0.55,0,0,1,0,0,0,1,0
penal,Direito Penal,Penal,ES,0,Média,18,Ação penal por crime ambiental,0.55,0,0,1,0,0,0,1,0
civil,Direito Civil,Civil,GO,124244,Média,12,Rescisão contratual com pedido de restituição de valores,0.75,0,1,1,0,0,0,0,0
consumidor,Direito do Consumidor,Civil,CE,16978,Baixa,9,Negativação indevida do nome do consumidor,0.9,0,1,1,0,1,0,0,0
penal,Direito Penal,Penal,MG,0,Média,18,Ação penal por crime contra o patrimônio,0.6,0,1,1,0,0,0,1,0
consumidor,Direito do Consumidor,Civil,PR,4243,Baixa,7,Negativação indevida do nome do consumidor,0.85,0,1,1,0,0,0,0,0
administrativo,Direito Administrativo,Administrativo,PE,853902,Média,20,Processo jurídico na área de administrativo,0.67,0,1,1,0,0,0,1,0
trabalhista,Direito Trabalhista,Trabalhista,RJ,73445,Alta,14,Reclamação trabalhista com pedido de horas extras,0.85,1,1,0,0,1,0,0,0
civil,Direito Civil,Civil,RS,480160,Alta,20,Ação de indenização por danos morais e materiais decorrente de acidente de trânsito,0.7,1,0,0,0,0,0,0,0
consumidor,Direito do Consumidor,Civil,ES,11554,Média,10,Vício em produto com pedido de substituição,0.9,0,1,1,0,1,0,0,0
consumidor,Direito do Consumidor,Civil,SC,1877,Média,10,Propaganda enganosa com pedido de indenização,0.85,0,1,1,0,0,0,0,0
civil,Direito Civil,Civil,MS,114549,Baixa,8,Rescisão contratual com pedido de restituição de valores,0.7,0,0,1,0,0,0,0,0
consumidor,Direito do Consumidor,Civil,ES,44307,Baixa,8,Negativação indevida do nome do consumidor,0.8,0,1,0,0,0,0,0,0
civil,Direito Civil,Civil,BA,342126,Média,12,Cobrança de dívida com pedido de penhora de bens,0.8,1,1,1,0,0,0,0,0
trabalhista,Direito Trabalhista,Trabalhista,SP,67617,Média,8,Reclamação trabalhista com pedido de horas extras,0.8,1,1,0,0,0,0,0,0
administrativo,Direito Administrativo,Administrativo,SP,94276,Média,20,Processo jurídico na área de administrativo,0.57,0,1,0,0,0,0,0,0
penal,Direito Penal,Penal,BA,0,Baixa,17,Ação penal por crime ambiental,0.6,0,1,1,0,0,0,1,0
trabalhista,Direito Trabalhista,Trabalhista,RJ,60594,Média,8,Ação de rescisão indireta por assédio moral,0.85,1,1,0,0,1,0,0,0
consumidor,Direito do Consumidor,Civil,PE,40068,Alta,14,Negativação indevida do nome do consumidor,0.8,0,0,0,0,1,0,0,0
penal,Direito Penal,Penal,MS,0,Média,18,Ação penal por crime ambiental,0.5,0,1,0,0,0,0,0,0
civil,Direito Civil,Civil,MG,415308,Baixa,8,Rescisão contratual com pedido de restituição de valores,0.7,1,0,0,0,0,0,0,0
tributario,Direito Tributário,Tributário,GO,9003096,Alta,28,Execução fiscal de débito previdenciário,0.75,1,1,1,0,0,0,0,0
eleitoral,Direito Eleitoral,Eleitoral,BA,0,Baixa,3,Processo jurídico na área de eleitoral,0.72,0,1,0,0,0,1,0,0
agrario,Direito Agrário,Agrário,MG,4976871,Média,15,Desapropriação para fins de reforma agrária,0.6,1,0,0,0,0,0,0,0
civil,Direito Civil,Civil,MT,296740,Média,12,Rescisão contratual com pedido de restituição de valores,0.7,0,0,1,0,0,0,0,0
trabalhista,Direito Trabalhista,Trabalhista,CE,99920,Média,8,Ação de rescisão indireta por assédio moral,0.75,0,1,0,0,0,0,0,0
penal,Direito Penal,Penal,CE,0,Alta,24,Processo por lesão corporal dolosa,0.55,0,1,1,0,0,0,0,0
trabalhista,Direito Trabalhista,Trabalhista,PR,37458,Baixa,4,Ação de rescisão indireta por assédio moral,0.85,1,1,0,0,1,0,0,0
civil,Direito Civil,Civil,MG,93982,Média,12,Ação de indenização por danos morais e materiais decorrente de acidente de trânsito,0.75,0,1,1,0,0,0,0,0
penal,Direito Penal,Penal,GO,0,Alta,23,Processo por lesão corporal dolosa,0.6,0,1,1,0,0,0,1,0
trabalhista,Direito Trabalhista,Trabalhista,RJ,16526,Média,8,Reclamação trabalhista com pedido de horas extras,0.75,1,0,0,0,0,0,0,0
consumidor,Direito do Consumidor,Civil,MG,26484,Baixa,7,Vício em produto com pedido de substituição,0.8,0,0,1,0,0,0,0,0
administrativo,Direito Administrativo,Administrativo,CE,199101,Média,20,Processo jurídico na área de administrativo,0.62,0,0,1,0,0,0,1,0
constitucional,Direito Constitucional,Constitucional,RS,0,Alta,35,Processo jurídico na área de constitucional,0.58,0,1,0,0,0,0,0,1
administrativo,Direito Administrativo,Administrativo,ES,948345,Média,20,Processo jurídico na área de administrativo,0.67,0,1,1,0,0,0,1,0
civil,Direito Civil,Civil,RJ,318252,Alta,20,Rescisão contratual com pedido de restituição de valores,0.7,1,0,0,0,0,0,0,0
consumidor,Direito do Consumidor,Civil,SC,40371,Alta,15,Negativação indevida do nome do consumidor,0.9,0,1,1,0,1,0,0,0
tributario,Direito Tributário,Tributário,RS,3871942,Alta,30,Repetição de indébito tributário,0.75,1,1,1,0,0,0,0,0
trabalhista,Direito Trabalhista,Trabalhista,GO,53119,Alta,13,Equiparação salarial entre empregados,0.75,0,0,0,0,1,0,0,0
empresarial,Direito Empresarial,Empresarial,GO,10538939,Média,14,Processo jurídico na área de empresarial,0.73,0,1,0,0,0,0,0,0
trabalhista,Direito Trabalhista,Trabalhista,BA,40170,Média,8,Equiparação salarial entre empregados,0.75,0,0,0,0,1,0,0,0
consumidor,Direito do Consumidor,Civil,PR,23323,Alta,17,Propaganda enganosa com pedido de indenização,0.85,0,0,1,0,1,0,0,0
agrario,Direito Agrário,Agrário,PR,2408890,Média,15,Desapropriação para fins de reforma agrária,0.6,0,0,0,1,0,0,0,0
trabalhista,Direito Trabalhista,Trabalhista,SC,73445,Média,8,Cobrança de verbas rescisórias não pagas,0.75,0,0,0,0,1,0,0,0
agrario,Direito Agrário,Agrário,RJ,2166765,Alta,20,Conflito de terras entre posseiros,0.6,0,0,1,0,0,0,0,0
tributario,Direito Tributário,Tributário,GO,9351443,Média,24,Repetição de indébito tributário,0.65,0,1,0,0,0,0,0,0
civil,Direito Civil,Civil,SP,438060,Baixa,10,Ação de despejo por falta de pagamento,0.75,0,1,1,0,0,0,0,0
civil,Direito Civil,Civil,DF,230768,Baixa,8,Ação de despejo por falta de pagamento,0.8,1,1,1,0,0,0,0,0
tributario,Direito Tributário,Tributário,BA,9055784,Alta,31,Repetição de indébito tributário,0.7,1,0,1,0,0,0,0,0
consumidor,Direito do Consumidor,Civil,CE,19366,Baixa,9,Propaganda enganosa com pedido de indenização,0.9,0,1,1,0,1,0,0,0
consumidor,Direito do Consumidor,Civil,GO,44265,Baixa,8,Negativação indevida do nome do consumidor,0.9,0,1,1,0,1,0,0,0
agrario,Direito Agrário,Agrário,SP,3914666,Baixa,13,Ação de usucapião de imóvel rural,0.6,0,0,1,0,0,0,0,0
penal,Direito Penal,Penal,ES,0,Alta,25,Ação penal por crime contra o patrimônio,0.5,0,0,0,0,0,0,1,0
consumidor,Direito do Consumidor,Civil,MG,38869,Baixa,9,Vício em produto com pedido de substituição,0.8,0,0,1,0,0,0,0,0
consumidor,Direito do Consumidor,Civil,PR,32245,Baixa,7,Negativação indevida do nome do consumidor,0.9,0,1,1,0,1,0,0,0
trabalhista,Direito Trabalhista,Trabalhista,DF,47784,Média,8,Ação de rescisão indireta por assédio moral,0.75,1,0,0,0,0,0,0,0
civil,Direito Civil,Civil,BA,324931,Média,12,Ação de despejo por falta de pagamento,0.7,1,0,0,0,0,0,0,0
trabalhista,Direito Trabalhista,Trabalhista,PE,89878,Baixa,4,Cobrança de verbas rescisórias não pagas,0.75,0,0,0,0,1,0,0,0
civil,Direito Civil,Civil,ES,250977,Alta,16,Rescisão contratual com pedido de restituição de valores,0.8,1,1,1,0,0,0,0,0
consumidor,Direito do Consumidor,Civil,GO,18877,Média,10,Vício em produto com pedido de substituição,0.9,0,1,1,0,1,0,0,0
ambiental,Direito Ambiental,Ambiental,PR,48386257,Alta,27,Processo jurídico na área de ambiental,0.68,0,0,0,1,0,0,0,1
empresarial,Direito Empresarial,Empresarial,BA,36958292,Média,14,Processo jurídico na área de empresarial,0.83,0,1,0,0,1,0,0,1
consumidor,Direito do Consumidor,Civil,CE,14432,Baixa,8,Cobrança indevida de tarifa bancária com pedido de repetição,0.85,0,0,1,0,1,0,0,0
tributario,Direito Tributário,Tributário,RJ,1070279,Alta,30,Execução fiscal de débito previdenciário,0.7,0,1,1,0,0,0,0,0
trabalhista,Direito Trabalhista,Trabalhista,RJ,35767,Alta,12,Ação de rescisão indireta por assédio moral,0.85,1,1,0,0,1,0,0,0
agrario,Direito Agrário,Agrário,RS,4039828,Baixa,11,Desapropriação para fins de reforma agrária,0.7,1,0,1,1,0,0,0,0
empresarial,Direito Empresarial,Empresarial,BA,11658411,Média,14,Processo jurídico na área de empresarial,0.83,0,1,0,0,1,0,0,1
previdenciario,Direito Previdenciário,Previdenciário,DF,182897,Baixa,14,Processo jurídico na área de previdenciario,0.87,1,0,0,1,1,0,0,0
trabalhista,Direito Trabalhista,Trabalhista,MS,31204,Alta,11,Reclamação trabalhista com pedido de horas extras,0.8,0,1,0,0,1,0,0,0
civil,Direito Civil,Civil,MT,385542,Baixa,10,Ação de despejo por falta de pagamento,0.7,0,1,0,0,0,0,0,0
agrario,Direito Agrário,Agrário,PR,2731688,Média,15,Ação de usucapião de imóvel rural,0.7,1,0,1,1,0,0,0,0
trabalhista,Direito Trabalhista,Trabalhista,GO,16897,Média,8,Ação de rescisão indireta por assédio moral,0.85,1,1,0,0,1,0,0,0
penal,Direito Penal,Penal,PE,0,Alta,23,Processo por lesão corporal dolosa,0.55,0,0,1,0,0,0,1,0
civil,Direito Civil,Civil,PE,231615,Baixa,11,Rescisão contratual com pedido de restituição de valores,0.8,1,1,1,0,0,0,0,0
tributario,Direito Tributário,Tributário,SC,3895299,Média,24,Ação anulatória de auto de infração,0.75,1,1,1,0,0,0,0,0
trabalhista,Direito Trabalhista,Trabalhista,PE,61625,Média,8,Equiparação salarial entre empregados,0.75,1,0,0,0,0,0,0,0
consumidor,Direito do Consumidor,Civil,ES,14645,Alta,18,Vício em produto com pedido de substituição,0.9,0,1,1,0,1,0,0,0
trabalhista,Direito Trabalhista,Trabalhista,SC,49891,Baixa,5,Equiparação salarial entre empregados,0.8,1,0,0,0,1,0,0,0
consumidor,Direito do Consumidor,Civil,MG,36287,Média,10,Negativação indevida do nome do consumidor,0.8,0,0,1,0,0,0,0,0
agrario,Direito Agrário,Agrário,GO,3464804,Alta,19,Conflito de terras entre posseiros,0.7,1,0,1,1,0,0,0,0
trabalhista,Direito Trabalhista,Trabalhista,DF,75631,Média,8,Equiparação salarial entre empregados,0.75,1,0,0,0,0,0,0,0
civil,Direito Civil,Civil,MT,153832,Média,12,Ação de indenização por danos morais e materiais decorrente de acidente de trânsito,0.75,1,0,1,0,0,0,0,0
tributario,Direito Tributário,Tributário,DF,3775566,Alta,29,Repetição de indébito tributário,0.7,1,0,1,0,0,0,0,0
trabalhista,Direito Trabalhista,Trabalhista,MG,47953,Baixa,7,Cobrança de verbas rescisórias não pagas,0.85,1,1,0,0,1,0,0,0
penal,Direito Penal,Penal,ES,0,Alta,22,Ação penal por crime ambiental,0.5,0,1,0,0,0,0,0,0
previdenciario,Direito Previdenciário,Previdenciário,SC,125195,Média,16,Processo jurídico na área de previdenciario,0.77,1,0,0,0,0,0,0,0
tributario,Direito Tributário,Tributário,SC,660983,Alta,31,Ação anulatória de auto de infração,0.7,0,1,1,0,0,0,0,0
consumidor,Direito do Consumidor,Civil,ES,11205,Média,10,Propaganda enganosa com pedido de indenização,0.85,0,1,0,0,1,0,0,0
consumidor,Direito do Consumidor,Civil,RS,8546,Baixa,8,Negativação indevida do nome do consumidor,0.9,0,1,1,0,1,0,0,0
penal,Direito Penal,Penal,RJ,0,Alta,25,Investigação de crime tributário,0.6,0,1,1,0,0,0,1,0
consumidor,Direito do Consumidor,Civil,PR,12472,Média,10,Vício em produto com pedido de substituição,0.9,0,1,1,0,1,0,0,0
civil,Direito Civil,Civil,BA,260762,Baixa,8,Ação de indenização por danos morais e materiais decorrente de acidente de trânsito,0.75,0,1,1,0,0,0,0,0
trabalhista,Direito Trabalhista,Trabalhista,RJ,83496,Baixa,5,Ação de rescisão indireta por assédio moral,0.8,1,0,0,0,1,0,0,0
trabalhista,Direito Trabalhista,Trabalhista,MG,84284,Alta,16,Cobrança de verbas rescisórias não pagas,0.8,1,1,0,0,0,0,0,0
civil,Direito Civil,Civil,BA,240086,Alta,18,Rescisão contratual com pedido de restituição de valores,0.8,1,1,1,0,0,0,0,0
agrario,Direito Agrário,Agrário,DF,885345,Alta,18,Regularização fundiária de propriedade rural,0.7,1,0,1,1,0,0,0,0
penal,Direito Penal,Penal,MG,0,Alta,21,Investigação de crime tributário,0.55,0,1,0,0,0,0,1,0
trabalhista,Direito Trabalhista,Trabalhista,PR,32284,Média,8,Ação de rescisão indireta por assédio moral,0.85,1,1,0,0,1,0,0,0
penal,Direito Penal,Penal,CE,0,Alta,22,Ação penal por crime ambiental,0.55,0,1,0,0,0,0,1,0
civil,Direito Civil,Civil,DF,335975,Média,12,Rescisão contratual com pedido de restituição de valores,0.75,1,0,1,0,0,0,0,0
tributario,Direito Tributário,Tributário,SP,8055724,Média,24,Ação anulatória de auto de infração,0.7,0,1,1,0,0,0,0,0
civil,Direito Civil,Civil,MT,147127,Baixa,8,Rescisão contratual com pedido de restituição de valores,0.7,1,0,0,0,0,0,0,0
penal,Direito Penal,Penal,CE,0,Alta,21,Investigação de crime tributário,0.55,0,1,0,0,0,0,1,0
consumidor,Direito do Consumidor,Civil,BA,14311,Alta,13,Vício em produto com pedido de substituição,0.9,0,1,1,0,1,0,0,0
civil,Direito Civil,Civil,SC,298273,Média,12,Cobrança de dívida com pedido de penhora de bens,0.8,1,1,1,0,0,0,0,0
penal,Direito Penal,Penal,PE,0,Alta,24,Ação penal por crime ambiental,0.6,0,1,1,0,0,0,1,0
empresarial,Direito Empresarial,Empresarial,SP,843089,Alta,19,Processo jurídico na área de empresarial,0.83,0,1,0,0,1,0,0,1
agrario,Direito Agrário,Agrário,BA,242609,Alta,22,Conflito de terras entre posseiros,0.6,0,0,0,1,0,0,0,0
tributario,Direito Tributário,Tributário,DF,3991465,Alta,32,Ação anulatória de auto de infração,0.7,1,1,0,0,0,0,0,0
agrario,Direito Agrário,Agrário,PE,3083641,Média,15,Regularização fundiária de propriedade rural,0.7,1,0,1,1,0,0,0,0
consumidor,Direito do Consumidor,Civil,RS,31850,Baixa,7,Vício em produto com pedido de substituição,0.9,0,1,1,0,1,0,0,0
trabalhista,Direito Trabalhista,Trabalhista,SP,55451,Baixa,4,Ação de rescisão indireta por assédio moral,0.8,1,1,0,0,0,0,0,0
civil,Direito Civil,Civil,RS,441288,Média,12,Ação de despejo por falta de pagamento,0.7,0,0,1,0,0,0,0,0
consumidor,Direito do Consumidor,Civil,GO,7443,Média,10,Vício em produto com pedido de substituição,0.8,0,1,0,0,0,0,0,0
tributario,Direito Tributário,Tributário,DF,7157993,Alta,27,Execução fiscal de débito previdenciário,0.7,0,1,1,0,0,0,0,0
penal,Direito Penal,Penal,SP,0,Baixa,14,Processo por lesão corporal dolosa,0.6,0,1,1,0,0,0,1,0
previdenciario,Direito Previdenciário,Previdenciário,SC,138718,Média,16,Processo jurídico na área de previdenciario,0.82,0,0,0,1,1,0,0,0
consumidor,Direito do Consumidor,Civil,CE,22812,Baixa,9,Cobrança indevida de tarifa bancária com pedido de repetição,0.9,0,1,1,0,1,0,0,0
consumidor,Direito do Consumidor,Civil,SC,17526,Baixa,6,Propaganda enganosa com pedido de indenização,0.8,0,1,0,0,0,0,0,0
civil,Direito Civil,Civil,CE,159498,Baixa,10,Cobrança de dívida com pedido de penhora de bens,0.75,0,1,1,0,0,0,0,0
penal,Direito Penal,Penal,PR,0,Alta,23,Investigação de crime tributário,0.6,0,1,1,0,0,0,1,0
tributario,Direito Tributário,Tributário,GO,2723338,Alta,30,Mandado de segurança contra cobrança de ICMS,0.75,1,1,1,0,0,0,0,0
agrario,Direito Agrário,Agrário,MG,2873461,Alta,20,Desapropriação para fins de reforma agrária,0.6,1,0,0,0,0,0,0,0
trabalhista,Direito Trabalhista,Trabalhista,RJ,42052,Alta,14,Cobrança de verbas rescisórias não pagas,0.8,1,0,0,0,1,0,0,0
agrario,Direito Agrário,Agrário,ES,1766540,Baixa,14,Regularização fundiária de propriedade rural,0.6,1,0,0,0,0,0,0,0
civil,Direito Civil,Civil,PE,97339,Média,12,Rescisão contratual com pedido de restituição de valores,0.75,0,1,1,0,0,0,0,0
trabalhista,Direito Trabalhista,Trabalhista,RS,96561,Média,8,Cobrança de verbas rescisórias não pagas,0.8,1,0,0,0,1,0,0,0
trabalhista,Direito Trabalhista,Trabalhista,MS,76179,Média,8,Ação de rescisão indireta por assédio moral,0.75,0,1,0,0,0,0,0,0
trabalhista,Direito Trabalhista,Trabalhista,ES,97368,Alta,16,Ação de rescisão indireta por assédio moral,0.75,1,0,0,0,0,0,0,0
administrativo,Direito Administrativo,Administrativo,PE,328668,Alta,26,Processo jurídico na área de administrativo,0.62,0,1,0,0,0,0,1,0
previdenciario,Direito Previdenciário,Previdenciário,MS,62132,Alta,24,Processo jurídico na área de previdenciario,0.87,1,0,0,1,1,0,0,0
agrario,Direito Agrário,Agrário,CE,2727161,Alta,22,Conflito de terras entre posseiros,0.65,1,0,0,1,0,0,0,0
administrativo,Direito Administrativo,Administrativo,MG,862041,Média,20,Processo jurídico na área de administrativo,0.62,0,0,1,0,0,0,1,0
civil,Direito Civil,Civil,DF,134965,Baixa,8,Cobrança de dívida com pedido de penhora de bens,0.7,0,0,1,0,0,0,0,0
trabalhista,Direito Trabalhista,Trabalhista,PE,42018,Alta,12,Cobrança de verbas rescisórias não pagas,0.75,0,1,0,0,0,0,0,0
penal,Direito Penal,Penal,MS,0,Média,18,Ação penal por crime contra o patrimônio,0.55,0,1,0,0,0,0,1,0
consumidor,Direito do Consumidor,Civil,RJ,1694,Baixa,8,Cobrança indevida de tarifa bancária com pedido de repetição,0.9,0,1,1,0,1,0,0,0
penal,Direito Penal,Penal,GO,0,Alta,25,Processo por lesão corporal dolosa,0.5,0,0,0,0,0,0,1,0
tributario,Direito Tributário,Tributário,SP,1338269,Baixa,22,Ação anulatória de auto de infração,0.65,0,1,0,0,0,0,0,0
civil,Direito Civil,Civil,SC,66459,Baixa,8,Ação de despejo por falta de pagamento,0.75,1,0,1,0,0,0,0,0
trabalhista,Direito Trabalhista,Trabalhista,CE,83582,Alta,11,Cobrança de verbas rescisórias não pagas,0.8,1,1,0,0,0,0,0,0
civil,Direito Civil,Civil,MT,259553,Média,12,Ação de despejo por falta de pagamento,0.7,0,0,1,0,0,0,0,0
administrativo,Direito Administrativo,Administrativo,DF,404939,Média,20,Processo jurídico na área de administrativo,0.67,0,1,1,0,0,0,1,0
trabalhista,Direito Trabalhista,Trabalhista,SC,36632,Alta,11,Ação de rescisão indireta por assédio moral,0.75,0,0,0,0,1,0,0,0
penal,Direito Penal,Penal,BA,0,Baixa,14,Ação penal por crime ambiental,0.5,0,0,1,0,0,0,0,0
civil,Direito Civil,Civil,RJ,50809,Alta,16,Ação de indenização por danos morais e materiais decorrente de acidente de trânsito,0.75,1,1,0,0,0,0,0,0
agrario,Direito Agrário,Agrário,PE,3053948,Alta,21,Regularização fundiária de propriedade rural,0.65,1,0,0,1,0,0,0,0
civil,Direito Civil,Civil,PR,386749,Média,12,Rescisão contratual com pedido de restituição de valores,0.8,1,1,1,0,0,0,0,0
militar,Direito Militar,Militar,MG,0,Alta,20,Processo jurídico na área de militar,0.6,0,0,1,0,0,0,1,0
civil,Direito Civil,Civil,MT,282280,Média,12,Ação de despejo por falta de pagamento,0.7,1,0,0,0,0,0,0,0
civil,Direito Civil,Civil,SP,7970,Média,12,Ação de indenização por danos morais e materiais decorrente de acidente de trânsito,0.7,0,0,1,0,0,0,0,0
trabalhista,Direito Trabalhista,Trabalhista,PE,98549,Média,8,Equiparação salarial entre empregados,0.75,0,1,0,0,0,0,0,0
civil,Direito Civil,Civil,RJ,66441,Média,12,Ação de despejo por falta de pagamento,0.7,0,1,0,0,0,0,0,0
trabalhista,Direito Trabalhista,Trabalhista,CE,65787,Média,8,Equiparação salarial entre empregados,0.8,1,0,0,0,1,0,0,0
civil,Direito Civil,Civil,GO,276679,Baixa,11,Ação de indenização por danos morais e materiais decorrente de acidente de trânsito,0.75,1,1,0,0,0,0,0,0
trabalhista,Direito Trabalhista,Trabalhista,CE,77245,Média,8,Cobrança de verbas rescisórias não pagas,0.8,0,1,0,0,1,0,0,0
consumidor,Direito do Consumidor,Civil,RJ,31627,Média,10,Cobrança indevida de tarifa bancária com pedido de repetição,0.9,0,1,1,0,1,0,0,0
trabalhista,Direito Trabalhista,Trabalhista,PR,50989,Alta,14,Cobrança de verbas rescisórias não pagas,0.75,0,1,0,0,0,0,0,0
penal,Direito Penal,Penal,SC,0,Média,18,Processo por lesão corporal dolosa,0.55,0,0,1,0,0,0,1,0
consumidor,Direito do Consumidor,Civil,ES,23836,Média,10,Propaganda enganosa com pedido de indenização,0.9,0,1,1,0,1,0,0,0
agrario,Direito Agrário,Agrário,SP,4534194,Alta,18,Ação de usucapião de imóvel rural,0.7,1,0,1,1,0,0,0,0
penal,Direito Penal,Penal,MT,0,Alta,23,Ação penal por crime ambiental,0.5,0,0,1,0,0,0,0,0
penal,Direito Penal,Penal,MT,0,Alta,22,Ação penal por crime ambiental,0.55,0,0,1,0,0,0,1,0
civil,Direito Civil,Civil,MS,225730,Média,12,Cobrança de dívida com pedido de penhora de bens,0.8,1,1,1,0,0,0,0,0
consumidor,Direito do Consumidor,Civil,SP,39607,Baixa,7,Cobrança indevida de tarifa bancária com pedido de repetição,0.9,0,1,1,0,1,0,0,0
consumidor,Direito do Consumidor,Civil,RJ,31427,Baixa,8,Vício em produto com pedido de substituição,0.8,0,1,0,0,0,0,0,0
civil,Direito Civil,Civil,DF,53844,Média,12,Rescisão contratual com pedido de restituição de valores,0.7,0,0,1,0,0,0,0,0
trabalhista,Direito Trabalhista,Trabalhista,RS,70294,Média,8,Ação de rescisão indireta por assédio moral,0.75,0,1,0,0,0,0,0,0
tributario,Direito Tributário,Tributário,SP,8467442,Média,24,Execução fiscal de débito previdenciário,0.75,1,1,1,0,0,0,0,0
trabalhista,Direito Trabalhista,Trabalhista,MS,34909,Baixa,7,Ação de rescisão indireta por assédio moral,0.75,0,1,0,0,0,0,0,0
trabalhista,Direito Trabalhista,Trabalhista,MS,95801,Baixa,7,Reclamação trabalhista com pedido de horas extras,0.8,1,1,0,0,0,0,0,0
tributario,Direito Tributário,Tributário,GO,8858286,Baixa,21,Execução fiscal de débito previdenciário,0.65,1,0,0,0,0,0,0,0
consumidor,Direito do Consumidor,Civil,SC,47561,Média,10,Propaganda enganosa com pedido de indenização,0.9,0,1,1,0,1,0,0,0
consumidor,Direito do Consumidor,Civil,ES,30950,Baixa,6,Negativação indevida do nome do consumidor,0.9,0,1,1,0,1,0,0,0
consumidor,Direito do Consumidor,Civil,GO,24326,Baixa,8,Cobrança indevida de tarifa bancária com pedido de repetição,0.9,0,1,1,0,1,0,0,0
trabalhista,Direito Trabalhista,Trabalhista,MG,26191,Baixa,5,Ação de rescisão indireta por assédio moral,0.75,1,0,0,0,0,0,0,0
tributario,Direito Tributário,Tributário,RJ,5999218,Alta,27,Execução fiscal de débito previdenciário,0.7,1,1,0,0,0,0,0,0
civil,Direito Civil,Civil,MS,450570,Baixa,8,Ação de despejo por falta de pagamento,0.7,0,1,0,0,0,0,0,0
empresarial,Direito Empresarial,Empresarial,RS,34128712,Média,14,Processo jurídico na área de empresarial,0.78,0,0,0,0,1,0,0,1
penal,Direito Penal,Penal,MT,0,Média,18,Ação penal por crime ambiental,0.55,0,1,0,0,0,0,1,0
consumidor,Direito do Consumidor,Civil,RJ,5916,Média,10,Cobrança indevida de tarifa bancária com pedido de repetição,0.85,0,1,0,0,1,0,0,0
trabalhista,Direito Trabalhista,Trabalhista,SP,53370,Baixa,4,Ação de rescisão indireta por assédio moral,0.8,0,1,0,0,1,0,0,0
penal,Direito Penal,Penal,CE,0,Alta,26,Ação penal por crime contra o patrimônio,0.5,0,0,0,0,0,0,1,0
agrario,Direito Agrário,Agrário,CE,662297,Baixa,11,Regularização fundiária de propriedade rural,0.6,0,0,1,0,0,0,0,0
tributario,Direito Tributário,Tributário,DF,9137336,Média,24,Repetição de indébito tributário,0.7,1,1,0,0,0,0,0,0
tributario,Direito Tributário,Tributário,RJ,1733261,Baixa,23,Repetição de indébito tributário,0.7,1,1,0,0,0,0,0,0
agrario,Direito Agrário,Agrário,SP,2588447,Alta,23,Regularização fundiária de propriedade rural,0.65,1,0,0,1,0,0,0,0
civil,Direito Civil,Civil,RJ,318732,Baixa,9,Ação de indenização por danos morais e materiais decorrente de acidente de trânsito,0.75,1,0,1,0,0,0,0,0
consumidor,Direito do Consumidor,Civil,RJ,39778,Baixa,6,Vício em produto com pedido de substituição,0.9,0,1,1,0,1,0,0,0
civil,Direito Civil,Civil,PE,250503,Média,12,Ação de indenização por danos morais e materiais decorrente de acidente de trânsito,0.75,1,0,1,0,0,0,0,0
agrario,Direito Agrário,Agrário,SP,1528258,Alta,21,Ação de usucapião de imóvel rural,0.6,1,0,0,0,0,0,0,0
civil,Direito Civil,Civil,DF,175527,Baixa,10,Ação de indenização por danos morais e materiais decorrente de acidente de trânsito,0.8,1,1,1,0,0,0,0,0
ambiental,Direito Ambiental,Ambiental,PR,13473087,Média,22,Processo jurídico na área de ambiental,0.68,0,0,0,1,0,0,1,0
civil,Direito Civil,Civil,PE,267591,Média,12,Ação de indenização por danos morais e materiais decorrente de acidente de trânsito,0.75,1,0,1,0,0,0,0,0
civil,Direito Civil,Civil,RS,140095,Baixa,11,Rescisão contratual com pedido de restituição de valores,0.7,0,1,0,0,0,0,0,0
previdenciario,Direito Previdenciário,Previdenciário,MG,170312,Média,16,Processo jurídico na área de previdenciario,0.77,0,0,0,1,0,0,0,0
civil,Direito Civil,Civil,ES,90800,Média,12,Rescisão contratual com pedido de restituição de valores,0.75,1,0,1,0,0,0,0,0
previdenciario,Direito Previdenciário,Previdenciário,SP,163970,Média,16,Processo jurídico na área de previdenciario,0.82,0,0,0,1,1,0,0,0
agrario,Direito Agrário,Agrário,PR,2525468,Média,15,Regularização fundiária de propriedade rural,0.7,1,0,1,1,0,0,0,0
empresarial,Direito Empresarial,Empresarial,RS,35541309,Alta,18,Processo jurídico na área de empresarial,0.78,0,0,0,0,1,0,0,1
civil,Direito Civil,Civil,RS,454828,Média,12,Ação de indenização por danos morais e materiais decorrente de acidente de trânsito,0.8,1,1,1,0,0,0,0,0
civil,Direito Civil,Civil,DF,210080,Baixa,11,Ação de indenização por danos morais e materiais decorrente de acidente de trânsito,0.75,1,1,0,0,0,0,0,0
agrario,Direito Agrário,Agrário,RS,4632132,Baixa,11,Regularização fundiária de propriedade rural,0.6,1,0,0,0,0,0,0,0
consumidor,Direito do Consumidor,Civil,SC,43361,Média,10,Negativação indevida do nome do consumidor,0.8,0,0,0,0,1,0,0,0
previdenciario,Direito Previdenciário,Previdenciário,MG,51710,Alta,21,Processo jurídico na área de previdenciario,0.87,1,0,0,1,1,0,0,0
agrario,Direito Agrário,Agrário,CE,1992480,Alta,22,Ação de usucapião de imóvel rural,0.65,1,0,1,0,0,0,0,0
tributario,Direito Tributário,Tributário,SC,8779900,Baixa,23,Execução fiscal de débito previdenciário,0.7,0,1,1,0,0,0,0,0
empresarial,Direito Empresarial,Empresarial,CE,16015817,Alta,21,Processo jurídico na área de empresarial,0.78,0,0,0,0,1,0,0,1
empresarial,Direito Empresarial,Empresarial,SP,23703981,Alta,21,Processo jurídico na área de empresarial,0.73,0,0,0,0,1,0,0,0
agrario,Direito Agrário,Agrário,GO,4203941,Alta,18,Ação de usucapião de imóvel rural,0.7,1,0,1,1,0,0,0,0
previdenciario,Direito Previdenciário,Previdenciário,GO,164227,Média,16,Processo jurídico na área de previdenciario,0.87,1,0,0,1,1,0,0,0
civil,Direito Civil,Civil,MG,380541,Média,12,Ação de despejo por falta de pagamento,0.8,1,1,1,0,0,0,0,0
civil,Direito Civil,Civil,RJ,236633,Média,12,Ação de despejo por falta de pagamento,0.8,1,1,1,0,0,0,0,0
consumidor,Direito do Consumidor,Civil,CE,41390,Baixa,7,Propaganda enganosa com pedido de indenização,0.8,0,0,1,0,0,0,0,0
administrativo,Direito Administrativo,Administrativo,MS,612775,Média,20,Processo jurídico na área de administrativo,0.67,0,1,1,0,0,0,1,0
penal,Direito Penal,Penal,PE,0,Alta,23,Processo por lesão corporal dolosa,0.55,0,1,1,0,0,0,0,0
administrativo,Direito Administrativo,Administrativo,SC,931639,Média,20,Processo jurídico na área de administrativo,0.67,0,1,1,0,0,0,1,0
civil,Direito Civil,Civil,MS,139694,Média,12,Rescisão contratual com pedido de restituição de valores,0.8,1,1,1,0,0,0,0,0
agrario,Direito Agrário,Agrário,MT,3311892,Baixa,12,Ação de usucapião de imóvel rural,0.6,0,0,1,0,0,0,0,0
civil,Direito Civil,Civil,MS,44811,Baixa,11,Rescisão contratual com pedido de restituição de valores,0.75,0,1,1,0,0,0,0,0
civil,Direito Civil,Civil,DF,376031,Média,12,Ação de indenização por danos morais e materiais decorrente de acidente de trânsito,0.7,1,0,0,0,0,0,0,0
civil,Direito Civil,Civil,BA,196233,Média,12,Ação de indenização por danos morais e materiais decorrente de acidente de trânsito,0.8,1,1,1,0,0,0,0,0
trabalhista,Direito Trabalhista,Trabalhista,MG,11747,Média,8,Equiparação salarial entre empregados,0.85,1,1,0,0,1,0,0,0
consumidor,Direito do Consumidor,Civil,MS,43767,Média,10,Vício em produto com pedido de substituição,0.8,0,0,0,0,1,0,0,0
ambiental,Direito Ambiental,Ambiental,RJ,79557604,Baixa,20,Processo jurídico na área de ambiental,0.68,0,0,0,1,0,0,0,1
civil,Direito Civil,Civil,RJ,396190,Baixa,8,Cobrança de dívida com pedido de penhora de bens,0.75,0,1,1,0,0,0,0,0
empresarial,Direito Empresarial,Empresarial,RJ,31228449,Média,14,Processo jurídico na área de empresarial,0.83,0,1,0,0,1,0,0,1
consumidor,Direito do Consumidor,Civil,MG,1950,Média,10,Cobrança indevida de tarifa bancária com pedido de repetição,0.9,0,1,1,0,1,0,0,0
civil,Direito Civil,Civil,RJ,39457,Baixa,9,Rescisão contratual com pedido de restituição de valores,0.75,1,1,0,0,0,0,0,0
trabalhista,Direito Trabalhista,Trabalhista,SC,90996,Média,8,Equiparação salarial entre empregados,0.85,1,1,0,0,1,0,0,0
civil,Direito Civil,Civil,SP,109472,Média,12,Cobrança de dívida com pedido de penhora de bens,0.7,1,0,0,0,0,0,0,0
consumidor,Direito do Consumidor,Civil,MS,29121,Baixa,8,Propaganda enganosa com pedido de indenização,0.85,0,0,1,0,1,0,0,0
penal,Direito Penal,Penal,MS,0,Baixa,14,Investigação de crime tributário,0.55,0,0,1,0,0,0,1,0
penal,Direito Penal,Penal,BA,0,Alta,25,Ação penal por crime ambiental,0.6,0,1,1,0,0,0,1,0
trabalhista,Direito Trabalhista,Trabalhista,BA,26639,Baixa,6,Cobrança de verbas rescisórias não pagas,0.75,0,0,0,0,1,0,0,0
trabalhista,Direito Trabalhista,Trabalhista,ES,69561,Alta,12,Reclamação trabalhista com pedido de horas extras,0.85,1,1,0,0,1,0,0,0
administrativo,Direito Administrativo,Administrativo,BA,302877,Média,20,Processo jurídico na área de administrativo,0.67,0,1,1,0,0,0,1,0
tributario,Direito Tributário,Tributário,BA,2802052,Alta,29,Ação anulatória de auto de infração,0.65,0,1,0,0,0,0,0,0
administrativo,Direito Administrativo,Administrativo,MG,831415,Média,20,Processo jurídico na área de administrativo,0.67,0,1,1,0,0,0,1,0
penal,Direito Penal,Penal,SP,0,Alta,21,Ação penal por crime ambiental,0.6,0,1,1,0,0,0,1,0
trabalhista,Direito Trabalhista,Trabalhista,MT,59030,Baixa,7,Cobrança de verbas rescisórias não pagas,0.75,0,0,0,0,1,0,0,0
civil,Direito Civil,Civil,MT,397464,Alta,17,Cobrança de dívida com pedido de penhora de bens,0.75,0,1,1,0,0,0,0,0
civil,Direito Civil,Civil,MG,403134,Baixa,10,Ação de despejo por falta de pagamento,0.8,1,1,1,0,0,0,0,0
civil,Direito Civil,Civil,SC,67891,Média,12,Rescisão contratual com pedido de restituição de valores,0.8,1,1,1,0,0,0,0,0
penal,Direito Penal,Penal,MS,0,Média,18,Processo por lesão corporal dolosa,0.55,0,1,0,0,0,0,1,0
civil,Direito Civil,Civil,SP,11274,Média,12,Cobrança de dívida com pedido de penhora de bens,0.8,1,1,1,0,0,0,0,0
trabalhista,Direito Trabalhista,Trabalhista,GO,39359,Alta,13,Equiparação salarial entre empregados,0.8,1,0,0,0,1,0,0,0
civil,Direito Civil,Civil,CE,153276,Alta,19,Cobrança de dívida com pedido de penhora de bens,0.7,0,0,1,0,0,0,0,0
tributario,Direito Tributário,Tributário,SP,924644,Baixa,21,Mandado de segurança contra cobrança de ICMS,0.7,1,1,0,0,0,0,0,0
trabalhista,Direito Trabalhista,Trabalhista,ES,96732,Média,8,Cobrança de verbas rescisórias não pagas,0.8,0,1,0,0,1,0,0,0
consumidor,Direito do Consumidor,Civil,RS,47396,Alta,16,Cobrança indevida de tarifa bancária com pedido de repetição,0.85,0,1,1,0,0,0,0,0
previdenciario,Direito Previdenciário,Previdenciário,RS,66810,Média,16,Processo jurídico na área de previdenciario,0.82,1,0,0,0,1,0,0,0
administrativo,Direito Administrativo,Administrativo,PR,576125,Alta,28,Processo jurídico na área de administrativo,0.62,0,0,1,0,0,0,1,0
trabalhista,Direito Trabalhista,Trabalhista,GO,37761,Média,8,Equiparação salarial entre empregados,0.8,0,1,0,0,1,0,0,0
penal,Direito Penal,Penal,CE,0,Alta,26,Ação penal por crime ambiental,0.6,0,1,1,0,0,0,1,0
agrario,Direito Agrário,Agrário,MS,2892557,Média,15,Ação de usucapião de imóvel rural,0.7,1,0,1,1,0,0,0,0
empresarial,Direito Empresarial,Empresarial,RS,16223679,Alta,21,Processo jurídico na área de empresarial,0.73,0,0,0,0,0,0,0,1
penal,Direito Penal,Penal,RS,0,Alta,23,Ação penal por crime ambiental,0.55,0,1,1,0,0,0,0,0
previdenciario,Direito Previdenciário,Previdenciário,BA,193744,Média,16,Processo jurídico na área de previdenciario,0.77,0,0,0,1,0,0,0,0
trabalhista,Direito Trabalhista,Trabalhista,SC,56086,Alta,16,Equiparação salarial entre empregados,0.8,1,0,0,0,1,0,0,0
trabalhista,Direito Trabalhista,Trabalhista,DF,71898,Alta,11,Equiparação salarial entre empregados,0.85,1,1,0,0,1,0,0,0
penal,Direito Penal,Penal,PE,0,Alta,25,Processo por lesão corporal dolosa,0.55,0,1,0,0,0,0,1,0
agrario,Direito Agrário,Agrário,MS,107959,Média,15,Regularização fundiária de propriedade rural,0.6,0,0,1,0,0,0,0,0
penal,Direito Penal,Penal,SP,0,Alta,25,Ação penal por crime contra o patrimônio,0.5,0,1,0,0,0,0,0,0
consumidor,Direito do Consumidor,Civil,DF,35572,Alta,16,Propaganda enganosa com pedido de indenização,0.8,0,0,1,0,0,0,0,0
administrativo,Direito Administrativo,Administrativo,RS,761083,Baixa,17,Processo jurídico na área de administrativo,0.67,0,1,1,0,0,0,1,0
agrario,Direito Agrário,Agrário,DF,4729407,Alta,19,Ação de usucapião de imóvel rural,0.6,0,0,0,1,0,0,0,0
trabalhista,Direito Trabalhista,Trabalhista,RS,66256,Média,8,Cobrança de verbas rescisórias não pagas,0.85,1,1,0,0,1,0,0,0
consumidor,Direito do Consumidor,Civil,PE,30325,Média,10,Negativação indevida do nome do consumidor,0.8,0,1,0,0,0,0,0,0
penal,Direito Penal,Penal,DF,0,Média,18,Ação penal por crime contra o patrimônio,0.55,0,1,0,0,0,0,1,0
tributario,Direito Tributário,Tributário,SC,8455346,Alta,28,Execução fiscal de débito previdenciário,0.65,1,0,0,0,0,0,0,0
trabalhista,Direito Trabalhista,Trabalhista,DF,7945,Média,8,Cobrança de verbas rescisórias não pagas,0.85,1,1,0,0,1,0,0,0
civil,Direito Civil,Civil,PE,422111,Média,12,Cobrança de dívida com pedido de penhora de bens,0.7,1,0,0,0,0,0,0,0
tributario,Direito Tributário,Tributário,SP,9048390,Alta,32,Ação anulatória de auto de infração,0.65,1,0,0,0,0,0,0,0
previdenciario,Direito Previdenciário,Previdenciário,CE,18056,Média,16,Processo jurídico na área de previdenciario,0.82,0,0,0,1,1,0,0,0
penal,Direito Penal,Penal,SC,0,Alta,26,Ação penal por crime contra o patrimônio,0.55,0,1,1,0,0,0,0,0
civil,Direito Civil,Civil,GO,290989,Baixa,8,Cobrança de dívida com pedido de penhora de bens,0.7,0,0,1,0,0,0,0,0
consumidor,Direito do Consumidor,Civil,MG,40867,Baixa,6,Cobrança indevida de tarifa bancária com pedido de repetição,0.85,0,1,1,0,0,0,0,0
civil,Direito Civil,Civil,RJ,124875,Média,12,Ação de despejo por falta de pagamento,0.7,1,0,0,0,0,0,0,0
consumidor,Direito do Consumidor,Civil,SP,38933,Baixa,8,Propaganda enganosa com pedido de indenização,0.8,0,1,0,0,0,0,0,0
agrario,Direito Agrário,Agrário,SP,4580752,Média,15,Desapropriação para fins de reforma agrária,0.7,1,0,1,1,0,0,0,0
civil,Direito Civil,Civil,PE,199711,Alta,20,Ação de despejo por falta de pagamento,0.7,1,0,0,0,0,0,0,0
penal,Direito Penal,Penal,SC,0,Alta,22,Ação penal por crime contra o patrimônio,0.5,0,0,0,0,0,0,1,0
consumidor,Direito do Consumidor,Civil,GO,34009,Baixa,7,Cobrança indevida de tarifa bancária com pedido de repetição,0.85,0,1,0,0,1,0,0,0
ambiental,Direito Ambiental,Ambiental,MS,43107732,Média,22,Processo jurídico na área de ambiental,0.73,0,0,0,1,0,0,1,1
civil,Direito Civil,Civil,CE,395070,Média,12,Cobrança de dívida com pedido de penhora de bens,0.8,1,1,1,0,0,0,0,0
civil,Direito Civil,Civil,SP,305932,Média,12,Rescisão contratual com pedido de restituição de valores,0.8,1,1,1,0,0,0,0,0
trabalhista,Direito Trabalhista,Trabalhista,PE,83954,Média,8,Ação de rescisão indireta por assédio moral,0.8,1,1,0,0,0,0,0,0
administrativo,Direito Administrativo,Administrativo,RJ,352792,Alta,23,Processo jurídico na área de administrativo,0.67,0,1,1,0,0,0,1,0
trabalhista,Direito Trabalhista,Trabalhista,MS,99606,Média,8,Reclamação trabalhista com pedido de horas extras,0.75,0,1,0,0,0,0,0,0
tributario,Direito Tributário,Tributário,PR,3184898,Alta,28,Ação anulatória de auto de infração,0.65,0,1,0,0,0,0,0,0
trabalhista,Direito Trabalhista,Trabalhista,RS,35411,Média,8,Ação de rescisão indireta por assédio moral,0.8,1,0,0,0,1,0,0,0
civil,Direito Civil,Civil,SP,424796,Alta,17,Rescisão contratual com pedido de restituição de valores,0.75,0,1,1,0,0,0,0,0
civil,Direito Civil,Civil,PE,425509,Média,12,Cobrança de dívida com pedido de penhora de bens,0.7,0,0,1,0,0,0,0,0
tributario,Direito Tributário,Tributário,GO,7627614,Alta,31,Ação anulatória de auto de infração,0.65,0,1,0,0,0,0,0,0
trabalhista,Direito Trabalhista,Trabalhista,CE,38520,Média,8,Reclamação trabalhista com pedido de horas extras,0.8,0,1,0,0,1,0,0,0
trabalhista,Direito Trabalhista,Trabalhista,MG,86787,Baixa,5,Ação de rescisão indireta por assédio moral,0.8,1,1,0,0,0,0,0,0
trabalhista,Direito Trabalhista,Trabalhista,ES,10435,Alta,14,Reclamação trabalhista com pedido de horas extras,0.75,1,0,0,0,0,0,0,0
civil,Direito Civil,Civil,CE,445385,Alta,16,Rescisão contratual com pedido de restituição de valores,0.7,0,1,0,0,0,0,0,0
civil,Direito Civil,Civil,GO,15797,Média,12,Ação de despejo por falta de pagamento,0.7,0,0,1,0,0,0,0,0
agrario,Direito Agrário,Agrário,PR,1194043,Média,15,Regularização fundiária de propriedade rural,0.6,1,0,0,0,0,0,0,0
penal,Direito Penal,Penal,PE,0,Média,18,Ação penal por crime ambiental,0.55,0,1,1,0,0,0,0,0
trabalhista,Direito Trabalhista,Trabalhista,SP,55650,Alta,16,Ação de rescisão indireta por assédio moral,0.75,1,0,0,0,0,0,0,0
civil,Direito Civil,Civil,SP,374318,Baixa,10,Ação de despejo por falta de pagamento,0.8,1,1,1,0,0,0,0,0
administrativo,Direito Administrativo,Administrativo,SC,508990,Média,20,Processo jurídico na área de administrativo,0.62,0,0,1,0,0,0,1,0
administrativo,Direito Administrativo,Administrativo,BA,336868,Média,20,Processo jurídico na área de administrativo,0.62,0,1,0,0,0,0,1,0
empresarial,Direito Empresarial,Empresarial,GO,29773000,Média,14,Processo jurídico na área de empresarial,0.78,0,1,0,0,0,0,0,1
agrario,Direito Agrário,Agrário,PE,3120388,Média,15,Conflito de terras entre posseiros,0.6,0,0,1,0,0,0,0,0
trabalhista,Direito Trabalhista,Trabalhista,PE,63580,Média,8,Ação de rescisão indireta por assédio moral,0.8,1,1,0,0,0,0,0,0
agrario,Direito Agrário,Agrário,SP,4001995,Média,15,Regularização fundiária de propriedade rural,0.7,1,0,1,1,0,0,0,0
consumidor,Direito do Consumidor,Civil,MS,14361,Baixa,7,Vício em produto com pedido de substituição,0.9,0,1,1,0,1,0,0,0
civil,Direito Civil,Civil,MT,320683,Alta,18,Ação de indenização por danos morais e materiais decorrente de acidente de trânsito,0.75,0,1,1,0,0,0,0,0
trabalhista,Direito Trabalhista,Trabalhista,SC,82574,Alta,14,Reclamação trabalhista com pedido de horas extras,0.8,1,0,0,0,1,0,0,0
administrativo,Direito Administrativo,Administrativo,PR,436827,Alta,23,Processo jurídico na área de administrativo,0.57,0,0,1,0,0,0,0,0
civil,Direito Civil,Civil,MT,12105,Baixa,10,Cobrança de dívida com pedido de penhora de bens,0.7,1,0,0,0,0,0,0,0
penal,Direito Penal,Penal,PR,0,Média,18,Ação penal por crime contra o patrimônio,0.55,0,0,1,0,0,0,1,0
civil,Direito Civil,Civil,RS,226357,Média,12,Ação de despejo por falta de pagamento,0.75,1,1,0,0,0,0,0,0
previdenciario,Direito Previdenciário,Previdenciário,MT,29469,Média,16,Processo jurídico na área de previdenciario,0.82,1,0,0,0,1,0,0,0
previdenciario,Direito Previdenciário,Previdenciário,DF,109380,Média,16,Processo jurídico na área de previdenciario,0.77,0,0,0,1,0,0,0,0
agrario,Direito Agrário,Agrário,CE,871163,Alta,18,Ação de usucapião de imóvel rural,0.65,1,0,1,0,0,0,0,0
tributario,Direito Tributário,Tributário,PE,9606594,Alta,29,Ação anulatória de auto de infração,0.65,0,1,0,0,0,0,0,0
administrativo,Direito Administrativo,Administrativo,BA,708816,Alta,27,Processo jurídico na área de administrativo,0.67,0,1,1,0,0,0,1,0
empresarial,Direito Empresarial,Empresarial,SC,27062672,Média,14,Processo jurídico na área de empresarial,0.73,0,0,0,0,1,0,0,0
civil,Direito Civil,Civil,DF,46925,Baixa,10,Rescisão contratual com pedido de restituição de valores,0.7,0,0,1,0,0,0,0,0
consumidor,Direito do Consumidor,Civil,GO,42935,Baixa,9,Cobrança indevida de tarifa bancária com pedido de repetição,0.85,0,1,0,0,1,0,0,0
civil,Direito Civil,Civil,GO,34606,Alta,15,Ação de despejo por falta de pagamento,0.7,1,0,0,0,0,0,0,0
civil,Direito Civil,Civil,ES,51387,Média,12,Ação de indenização por danos morais e materiais decorrente de acidente de trânsito,0.75,1,1,0,0,0,0,0,0
empresarial,Direito Empresarial,Empresarial,DF,10068034,Média,14,Processo jurídico na área de empresarial,0.73,0,1,0,0,0,0,0,0
trabalhista,Direito Trabalhista,Trabalhista,DF,81950,Média,8,Ação de rescisão indireta por assédio moral,0.75,0,0,0,0,1,0,0,0
empresarial,Direito Empresarial,Empresarial,MT,30788347,Baixa,13,Processo jurídico na área de empresarial,0.73,0,0,0,0,1,0,0,0
trabalhista,Direito Trabalhista,Trabalhista,MT,70694,Média,8,Ação de rescisão indireta por assédio moral,0.85,1,1,0,0,1,0,0,0
penal,Direito Penal,Penal,RJ,0,Baixa,16,Ação penal por crime ambiental,0.6,0,1,1,0,0,0,1,0
administrativo,Direito Administrativo,Administrativo,BA,324622,Baixa,16,Processo jurídico na área de administrativo,0.67,0,1,1,0,0,0,1,0
consumidor,Direito do Consumidor,Civil,PE,43703,Média,10,Propaganda enganosa com pedido de indenização,0.9,0,1,1,0,1,0,0,0
penal,Direito Penal,Penal,GO,0,Alta,25,Processo por lesão corporal dolosa,0.55,0,1,0,0,0,0,1,0
previdenciario,Direito Previdenciário,Previdenciário,GO,85489,Média,16,Processo jurídico na área de previdenciario,0.82,0,0,0,1,1,0,0,0
consumidor,Direito do Consumidor,Civil,GO,31494,Média,10,Cobrança indevida de tarifa bancária com pedido de repetição,0.85,0,0,1,0,1,0,0,0
trabalhista,Direito Trabalhista,Trabalhista,CE,40004,Alta,15,Equiparação salarial entre empregados,0.8,1,1,0,0,0,0,0,0
empresarial,Direito Empresarial,Empresarial,RS,18700387,Média,14,Processo jurídico na área de empresarial,0.73,0,1,0,0,0,0,0,0
empresarial,Direito Empresarial,Empresarial,MG,42553810,Média,14,Processo jurídico na área de empresarial,0.78,0,0,0,0,1,0,0,1
trabalhista,Direito Trabalhista,Trabalhista,MG,34917,Baixa,7,Reclamação trabalhista com pedido de horas extras,0.8,1,1,0,0,0,0,0,0
agrario,Direito Agrário,Agrário,ES,798329,Alta,21,Regularização fundiária de propriedade rural,0.6,1,0,0,0,0,0,0,0
trabalhista,Direito Trabalhista,Trabalhista,SP,76222,Média,8,Ação de rescisão indireta por assédio moral,0.75,0,0,0,0,1,0,0,0
penal,Direito Penal,Penal,MS,0,Média,18,Processo por lesão corporal dolosa,0.6,0,1,1,0,0,0,1,0
consumidor,Direito do Consumidor,Civil,CE,30513,Baixa,9,Cobrança indevida de tarifa bancária com pedido de repetição,0.85,0,0,1,0,1,0,0,0
empresarial,Direito Empresarial,Empresarial,RS,41439468,Alta,18,Processo jurídico na área de empresarial,0.83,0,1,0,0,1,0,0,1
empresarial,Direito Empresarial,Empresarial,SC,33389163,Alta,18,Processo jurídico na área de empresarial,0.78,0,1,0,0,0,0,0,1
administrativo,Direito Administrativo,Administrativo,MS,882710,Alta,28,Processo jurídico na área de administrativo,0.62,0,1,1,0,0,0,0,0
consumidor,Direito do Consumidor,Civil,ES,46030,Baixa,7,Cobrança indevida de tarifa bancária com pedido de repetição,0.85,0,1,1,0,0,0,0,0
trabalhista,Direito Trabalhista,Trabalhista,SP,18000,Média,8,Cobrança de verbas rescisórias não pagas,0.75,1,0,0,0,0,0,0,0
agrario,Direito Agrário,Agrário,ES,180306,Alta,19,Regularização fundiária de propriedade rural,0.7,1,0,1,1,0,0,0,0
trabalhista,Direito Trabalhista,Trabalhista,GO,13205,Baixa,7,Ação de rescisão indireta por assédio moral,0.75,1,0,0,0,0,0,0,0
civil,Direito Civil,Civil,MG,328949,Alta,15,Cobrança de dívida com pedido de penhora de bens,0.75,1,1,0,0,0,0,0,0
trabalhista,Direito Trabalhista,Trabalhista,SC,70140,Média,8,Equiparação salarial entre empregados,0.75,1,0,0,0,0,0,0,0
trabalhista,Direito Trabalhista,Trabalhista,PR,40837,Alta,15,Equiparação salarial entre empregados,0.85,1,1,0,0,1,0,0,0
agrario,Direito Agrário,Agrário,PR,4199493,Alta,18,Conflito de terras entre posseiros,0.7,1,0,1,1,0,0,0,0
administrativo,Direito Administrativo,Administrativo,CE,291381,Alta,28,Processo jurídico na área de administrativo,0.67,0,1,1,0,0,0,1,0
penal,Direito Penal,Penal,BA,0,Média,18,Ação penal por crime ambiental,0.55,0,0,1,0,0,0,1,0
penal,Direito Penal,Penal,RJ,0,Alta,22,Ação penal por crime contra o patrimônio,0.5,0,0,1,0,0,0,0,0
trabalhista,Direito Trabalhista,Trabalhista,RJ,76058,Alta,12,Cobrança de verbas rescisórias não pagas,0.85,1,1,0,0,1,0,0,0
tributario,Direito Tributário,Tributário,BA,4328950,Alta,29,Mandado de segurança contra cobrança de ICMS,0.65,0,0,1,0,0,0,0,0
trabalhista,Direito Trabalhista,Trabalhista,MT,6665,Baixa,7,Reclamação trabalhista com pedido de horas extras,0.85,1,1,0,0,1,0,0,0
civil,Direito Civil,Civil,GO,335157,Média,12,Ação de despejo por falta de pagamento,0.8,1,1,1,0,0,0,0,0
trabalhista,Direito Trabalhista,Trabalhista,DF,29805,Média,8,Reclamação trabalhista com pedido de horas extras,0.8,1,1,0,0,0,0,0,0
consumidor,Direito do Consumidor,Civil,RS,36211,Alta,13,Vício em produto com pedido de substituição,0.85,0,1,0,0,1,0,0,0
civil,Direito Civil,Civil,RS,64857,Baixa,10,Rescisão contratual com pedido de restituição de valores,0.7,1,0,0,0,0,0,0,0
consumidor,Direito do Consumidor,Civil,GO,29251,Alta,17,Propaganda enganosa com pedido de indenização,0.9,0,1,1,0,1,0,0,0
agrario,Direito Agrário,Agrário,RS,2309164,Média,15,Ação de usucapião de imóvel rural,0.65,0,0,1,1,0,0,0,0
previdenciario,Direito Previdenciário,Previdenciário,PE,3724,Alta,22,Processo jurídico na área de previdenciario,0.77,0,0,0,1,0,0,0,0
civil,Direito Civil,Civil,BA,472400,Média,12,Ação de despejo por falta de pagamento,0.8,1,1,1,0,0,0,0,0
consumidor,Direito do Consumidor,Civil,BA,47557,Baixa,8,Cobrança indevida de tarifa bancária com pedido de repetição,0.9,0,1,1,0,1,0,0,0
agrario,Direito Agrário,Agrário,SP,2551700,Baixa,13,Ação de usucapião de imóvel rural,0.7,1,0,1,1,0,0,0,0
previdenciario,Direito Previdenciário,Previdenciário,BA,172737,Baixa,15,Processo jurídico na área de previdenciario,0.82,1,0,0,1,0,0,0,0
empresarial,Direito Empresarial,Empresarial,GO,1945313,Média,14,Processo jurídico na área de empresarial,0.78,0,1,0,0,1,0,0,0
civil,Direito Civil,Civil,DF,420489,Alta,15,Ação de despejo por falta de pagamento,0.7,0,1,0,0,0,0,0,0
administrativo,Direito Administrativo,Administrativo,GO,551531,Média,20,Processo jurídico na área de administrativo,0.62,0,1,1,0,0,0,0,0
agrario,Direito Agrário,Agrário,GO,1016029,Alta,21,Ação de usucapião de imóvel rural,0.65,0,0,1,1,0,0,0,0
civil,Direito Civil,Civil,GO,475163,Média,12,Rescisão contratual com pedido de restituição de valores,0.8,1,1,1,0,0,0,0,0
civil,Direito Civil,Civil,RJ,182596,Média,12,Ação de indenização por danos morais e materiais decorrente de acidente de trânsito,0.75,1,1,0,0,0,0,0,0
consumidor,Direito do Consumidor,Civil,SC,1085,Baixa,7,Propaganda enganosa com pedido de indenização,0.85,0,1,0,0,1,0,0,0
civil,Direito Civil,Civil,MS,419867,Média,12,Ação de indenização por danos morais e materiais decorrente de acidente de trânsito,0.75,1,0,1,0,0,0,0,0
administrativo,Direito Administrativo,Administrativo,MS,540169,Alta,25,Processo jurídico na área de administrativo,0.67,0,1,1,0,0,0,1,0
tributario,Direito Tributário,Tributário,SC,4650987,Alta,30,Execução fiscal de débito previdenciário,0.65,1,0,0,0,0,0,0,0
trabalhista,Direito Trabalhista,Trabalhista,PE,5250,Média,8,Equiparação salarial entre empregados,0.85,1,1,0,0,1,0,0,0
previdenciario,Direito Previdenciário,Previdenciário,PR,47444,Alta,21,Processo jurídico na área de previdenciario,0.77,0,0,0,1,0,0,0,0
civil,Direito Civil,Civil,DF,54457,Baixa,9,Ação de indenização por danos morais e materiais decorrente de acidente de trânsito,0.8,1,1,1,0,0,0,0,0
trabalhista,Direito Trabalhista,Trabalhista,RJ,80407,Alta,14,Ação de rescisão indireta por assédio moral,0.8,1,1,0,0,0,0,0,0
consumidor,Direito do Consumidor,Civil,MS,43969,Baixa,9,Propaganda enganosa com pedido de indenização,0.85,0,1,0,0,1,0,0,0
agrario,Direito Agrário,Agrário,DF,3437756,Alta,20,Ação de usucapião de imóvel rural,0.6,1,0,0,0,0,0,0,0
civil,Direito Civil,Civil,MS,107998,Alta,16,Ação de despejo por falta de pagamento,0.8,1,1,1,0,0,0,0,0
penal,Direito Penal,Penal,MS,0,Alta,21,Processo por lesão corporal dolosa,0.55,0,1,1,0,0,0,0,0
agrario,Direito Agrário,Agrário,BA,4050155,Alta,20,Desapropriação para fins de reforma agrária,0.65,1,0,1,0,0,0,0,0
empresarial,Direito Empresarial,Empresarial,PE,43031763,Média,14,Processo jurídico na área de empresarial,0.73,0,0,0,0,0,0,0,1
administrativo,Direito Administrativo,Administrativo,MS,432564,Alta,28,Processo jurídico na área de administrativo,0.67,0,1,1,0,0,0,1,0
civil,Direito Civil,Civil,PR,239366,Média,12,Ação de despejo por falta de pagamento,0.75,1,1,0,0,0,0,0,0
agrario,Direito Agrário,Agrário,PR,4481136,Alta,22,Conflito de terras entre posseiros,0.65,0,0,1,1,0,0,0,0
tributario,Direito Tributário,Tributário,PE,4907970,Média,24,Ação anulatória de auto de infração,0.75,1,1,1,0,0,0,0,0
tributario,Direito Tributário,Tributário,ES,7764813,Média,24,Execução fiscal de débito previdenciário,0.7,1,1,0,0,0,0,0,0
trabalhista,Direito Trabalhista,Trabalhista,MS,32535,Baixa,4,Cobrança de verbas rescisórias não pagas,0.85,1,1,0,0,1,0,0,0
administrativo,Direito Administrativo,Administrativo,ES,958141,Baixa,19,Processo jurídico na área de administrativo,0.67,0,1,1,0,0,0,1,0
empresarial,Direito Empresarial,Empresarial,MS,48973417,Alta,22,Processo jurídico na área de empresarial,0.73,0,1,0,0,0,0,0,0
agrario,Direito Agrário,Agrário,CE,3216534,Alta,19,Conflito de terras entre posseiros,0.65,1,0,0,1,0,0,0,0
consumidor,Direito do Consumidor,Civil,GO,30114,Baixa,6,Cobrança indevida de tarifa bancária com pedido de repetição,0.8,0,0,0,0,1,0,0,0
trabalhista,Direito Trabalhista,Trabalhista,ES,93343,Média,8,Equiparação salarial entre empregados,0.85,1,1,0,0,1,0,0,0
agrario,Direito Agrário,Agrário,DF,285730,Alta,22,Desapropriação para fins de reforma agrária,0.65,1,0,1,0,0,0,0,0
agrario,Direito Agrário,Agrário,MG,3804856,Alta,18,Regularização fundiária de propriedade rural,0.65,1,0,1,0,0,0,0,0
agrario,Direito Agrário,Agrário,GO,3282351,Média,15,Desapropriação para fins de reforma agrária,0.6,1,0,0,0,0,0,0,0
civil,Direito Civil,Civil,SP,280314,Média,12,Ação de indenização por danos morais e materiais decorrente de acidente de trânsito,0.7,0,0,1,0,0,0,0,0
trabalhista,Direito Trabalhista,Trabalhista,CE,68395,Alta,12,Equiparação salarial entre empregados,0.8,1,1,0,0,0,0,0,0
civil,Direito Civil,Civil,BA,384551,Média,12,Rescisão contratual com pedido de restituição de valores,0.8,1,1,1,0,0,0,0,0
consumidor,Direito do Consumidor,Civil,ES,36334,Baixa,6,Vício em produto com pedido de substituição,0.85,0,1,0,0,1,0,0,0
empresarial,Direito Empresarial,Empresarial,RS,8009197,Média,14,Processo jurídico na área de empresarial,0.73,0,0,0,0,0,0,0,1
agrario,Direito Agrário,Agrário,SC,440838,Baixa,13,Desapropriação para fins de reforma agrária,0.7,1,0,1,1,0,0,0,0
civil,Direito Civil,Civil,GO,139225,Média,12,Rescisão contratual com pedido de restituição de valores,0.7,0,0,1,0,0,0,0,0
civil,Direito Civil,Civil,PE,401847,Média,12,Cobrança de dívida com pedido de penhora de bens,0.75,0,1,1,0,0,0,0,0
trabalhista,Direito Trabalhista,Trabalhista,CE,22273,Média,8,Equiparação salarial entre empregados,0.8,0,1,0,0,1,0,0,0
trabalhista,Direito Trabalhista,Trabalhista,PR,81966,Alta,12,Ação de rescisão indireta por assédio moral,0.85,1,1,0,0,1,0,0,0
agrario,Direito Agrário,Agrário,RS,1729944,Alta,19,Desapropriação para fins de reforma agrária,0.7,1,0,1,1,0,0,0,0
penal,Direito Penal,Penal,DF,0,Alta,22,Ação penal por crime contra o patrimônio,0.5,0,0,0,0,0,0,1,0
civil,Direito Civil,Civil,BA,349207,Alta,19,Ação de indenização por danos morais e materiais decorrente de acidente de trânsito,0.8,1,1,1,0,0,0,0,0
penal,Direito Penal,Penal,BA,0,Alta,24,Processo por lesão corporal dolosa,0.55,0,1,0,0,0,0,1,0
trabalhista,Direito Trabalhista,Trabalhista,ES,42236,Média,8,Equiparação salarial entre empregados,0.75,0,0,0,0,1,0,0,0
penal,Direito Penal,Penal,DF,0,Alta,21,Ação penal por crime ambiental,0.55,0,0,1,0,0,0,1,0
consumidor,Direito do Consumidor,Civil,PR,22879,Baixa,8,Negativação indevida do nome do consumidor,0.85,0,0,1,0,1,0,0,0
administrativo,Direito Administrativo,Administrativo,DF,944057,Alta,24,Processo jurídico na área de administrativo,0.62,0,1,0,0,0,0,1,0
administrativo,Direito Administrativo,Administrativo,ES,678935,Alta,28,Processo jurídico na área de administrativo,0.57,0,0,1,0,0,0,0,0
trabalhista,Direito Trabalhista,Trabalhista,PR,84224,Média,8,Reclamação trabalhista com pedido de horas extras,0.85,1,1,0,0,1,0,0,0
civil,Direito Civil,Civil,PR,39867,Baixa,11,Cobrança de dívida com pedido de penhora de bens,0.7,0,1,0,0,0,0,0,0
trabalhista,Direito Trabalhista,Trabalhista,MS,23227,Média,8,Cobrança de verbas rescisórias não pagas,0.8,1,1,0,0,0,0,0,0
civil,Direito Civil,Civil,DF,343396,Alta,19,Ação de indenização por danos morais e materiais decorrente de acidente de trânsito,0.7,0,0,1,0,0,0,0,0
penal,Direito Penal,Penal,CE,0,Alta,23,Ação penal por crime contra o patrimônio,0.5,0,0,0,0,0,0,1,0
consumidor,Direito do Consumidor,Civil,CE,38149,Média,10,Vício em produto com pedido de substituição,0.85,0,1,1,0,0,0,0,0
consumidor,Direito do Consumidor,Civil,RJ,29431,Baixa,8,Cobrança indevida de tarifa bancária com pedido de repetição,0.85,0,0,1,0,1,0,0,0
civil,Direito Civil,Civil,SP,327695,Alta,18,Rescisão contratual com pedido de restituição de valores,0.7,1,0,0,0,0,0,0,0
civil,Direito Civil,Civil,MG,28377,Média,12,Rescisão contratual com pedido de restituição de valores,0.8,1,1,1,0,0,0,0,0
penal,Direito Penal,Penal,MS,0,Média,18,Processo por lesão corporal dolosa,0.5,0,0,0,0,0,0,1,0
civil,Direito Civil,Civil,BA,316490,Baixa,9,Rescisão contratual com pedido de restituição de valores,0.8,1,1,1,0,0,0,0,0
trabalhista,Direito Trabalhista,Trabalhista,MG,2783,Baixa,7,Ação de rescisão indireta por assédio moral,0.85,1,1,0,0,1,0,0,0
agrario,Direito Agrário,Agrário,MT,4860592,Média,15,Regularização fundiária de propriedade rural,0.7,1,0,1,1,0,0,0,0
civil,Direito Civil,Civil,GO,218508,Baixa,10,Ação de despejo por falta de pagamento,0.7,0,1,0,0,0,0,0,0
agrario,Direito Agrário,Agrário,RS,1633617,Média,15,Conflito de terras entre posseiros,0.6,0,0,1,0,0,0,0,0
trabalhista,Direito Trabalhista,Trabalhista,PR,34786,Alta,14,Ação de rescisão indireta por assédio moral,0.8,0,1,0,0,1,0,0,0
previdenciario,Direito Previdenciário,Previdenciário,BA,102906,Alta,23,Processo jurídico na área de previdenciario,0.87,1,0,0,1,1,0,0,0
trabalhista,Direito Trabalhista,Trabalhista,BA,74096,Baixa,5,Reclamação trabalhista com pedido de horas extras,0.75,1,0,0,0,0,0,0,0
empresarial,Direito Empresarial,Empresarial,SC,25650823,Média,14,Processo jurídico na área de empresarial,0.73,0,0,0,0,0,0,0,1
civil,Direito Civil,Civil,GO,302548,Média,12,Rescisão contratual com pedido de restituição de valores,0.7,0,0,1,0,0,0,0,0
tributario,Direito Tributário,Tributário,RS,2968494,Alta,29,Repetição de indébito tributário,0.75,1,1,1,0,0,0,0,0
tributario,Direito Tributário,Tributário,GO,9443166,Alta,30,Ação anulatória de auto de infração,0.75,1,1,1,0,0,0,0,0
trabalhista,Direito Trabalhista,Trabalhista,RJ,57464,Alta,12,Cobrança de verbas rescisórias não pagas,0.75,0,1,0,0,0,0,0,0
administrativo,Direito Administrativo,Administrativo,SC,175403,Alta,23,Processo jurídico na área de administrativo,0.67,0,1,1,0,0,0,1,0
trabalhista,Direito Trabalhista,Trabalhista,RS,24596,Baixa,7,Cobrança de verbas rescisórias não pagas,0.8,1,1,0,0,0,0,0,0
penal,Direito Penal,Penal,MS,0,Média,18,Ação penal por crime contra o patrimônio,0.5,0,0,0,0,0,0,1,0
consumidor,Direito do Consumidor,Civil,RJ,37210,Baixa,6,Cobrança indevida de tarifa bancária com pedido de repetição,0.9,0,1,1,0,1,0,0,0
consumidor,Direito do Consumidor,Civil,MG,34245,Baixa,6,Negativação indevida do nome do consumidor,0.9,0,1,1,0,1,0,0,0
previdenciario,Direito Previdenciário,Previdenciário,PR,131923,Alta,24,Processo jurídico na área de previdenciario,0.87,1,0,0,1,1,0,0,0
trabalhista,Direito Trabalhista,Trabalhista,PR,42003,Média,8,Equiparação salarial entre empregados,0.85,1,1,0,0,1,0,0,0
agrario,Direito Agrário,Agrário,SC,898203,Alta,20,Ação de usucapião de imóvel rural,0.6,0,0,1,0,0,0,0,0
penal,Direito Penal,Penal,RJ,0,Alta,25,Ação penal por crime ambiental,0.55,0,0,1,0,0,0,1,0
consumidor,Direito do Consumidor,Civil,GO,47623,Baixa,6,Propaganda enganosa com pedido de indenização,0.9,0,1,1,0,1,0,0,0
empresarial,Direito Empresarial,Empresarial,GO,42813858,Alta,18,Processo jurídico na área de empresarial,0.83,0,1,0,0,1,0,0,1
tributario,Direito Tributário,Tributário,GO,1112481,Alta,28,Ação anulatória de auto de infração,0.65,0,0,1,0,0,0,0,0
agrario,Direito Agrário,Agrário,CE,2144638,Alta,21,Desapropriação para fins de reforma agrária,0.7,1,0,1,1,0,0,0,0
agrario,Direito Agrário,Agrário,MG,1847521,Alta,22,Regularização fundiária de propriedade rural,0.6,0,0,0,1,0,0,0,0
consumidor,Direito do Consumidor,Civil,ES,39777,Baixa,6,Vício em produto com pedido de substituição,0.8,0,1,0,0,0,0,0,0
trabalhista,Direito Trabalhista,Trabalhista,RS,30969,Média,8,Ação de rescisão indireta por assédio moral,0.8,1,0,0,0,1,0,0,0
penal,Direito Penal,Penal,DF,0,Alta,22,Processo por lesão corporal dolosa,0.55,0,1,1,0,0,0,0,0
civil,Direito Civil,Civil,ES,288462,Baixa,8,Rescisão contratual com pedido de restituição de valores,0.7,0,1,0,0,0,0,0,0
trabalhista,Direito Trabalhista,Trabalhista,GO,82138,Alta,12,Reclamação trabalhista com pedido de horas extras,0.8,1,0,0,0,1,0,0,0
trabalhista,Direito Trabalhista,Trabalhista,GO,92723,Baixa,6,Cobrança de verbas rescisórias não pagas,0.75,0,1,0,0,0,0,0,0
trabalhista,Direito Trabalhista,Trabalhista,PR,28625,Alta,11,Reclamação trabalhista com pedido de horas extras,0.75,0,0,0,0,1,0,0,0
penal,Direito Penal,Penal,SP,0,Alta,22,Ação penal por crime contra o patrimônio,0.5,0,0,1,0,0,0,0,0
penal,Direito Penal,Penal,MG,0,Alta,25,Processo por lesão corporal dolosa,0.55,0,1,0,0,0,0,1,0
agrario,Direito Agrário,Agrário,RJ,285946,Média,15,Conflito de terras entre posseiros,0.65,0,0,1,1,0,0,0,0
trabalhista,Direito Trabalhista,Trabalhista,MG,7039,Baixa,4,Ação de rescisão indireta por assédio moral,0.8,1,1,0,0,0,0,0,0
trabalhista,Direito Trabalhista,Trabalhista,GO,76332,Alta,12,Equiparação salarial entre empregados,0.8,1,0,0,0,1,0,0,0
tributario,Direito Tributário,Tributário,MG,9307706,Média,24,Repetição de indébito tributário,0.7,1,0,1,0,0,0,0,0
consumidor,Direito do Consumidor,Civil,PE,45503,Alta,13,Cobrança indevida de tarifa bancária com pedido de repetição,0.85,0,1,1,0,0,0,0,0
tributario,Direito Tributário,Tributário,MS,1297127,Média,24,Execução fiscal de débito previdenciário,0.7,0,1,1,0,0,0,0,0
agrario,Direito Agrário,Agrário,SP,3464120,Alta,22,Conflito de terras entre posseiros,0.65,0,0,1,1,0,0,0,0
consumidor,Direito do Consumidor,Civil,MS,43773,Baixa,7,Negativação indevida do nome do consumidor,0.8,0,0,0,0,1,0,0,0
ambiental,Direito Ambiental,Ambiental,BA,80338015,Alta,26,Processo jurídico na área de ambiental,0.73,0,0,0,1,0,0,1,1
consumidor,Direito do Consumidor,Civil,MT,26439,Baixa,6,Negativação indevida do nome do consumidor,0.9,0,1,1,0,1,0,0,0
tributario,Direito Tributário,Tributário,PE,9535240,Média,24,Execução fiscal de débito previdenciário,0.75,1,1,1,0,0,0,0,0
previdenciario,Direito Previdenciário,Previdenciário,ES,129730,Baixa,12,Processo jurídico na área de previdenciario,0.77,0,0,0,0,1,0,0,0
consumidor,Direito do Consumidor,Civil,ES,17650,Alta,15,Negativação indevida do nome do consumidor,0.8,0,0,0,0,1,0,0,0
ambiental,Direito Ambiental,Ambiental,BA,47277926,Alta,25,Processo jurídico na área de ambiental,0.73,0,0,0,1,0,0,1,1
agrario,Direito Agrário,Agrário,BA,3974655,Média,15,Desapropriação para fins de reforma agrária,0.7,1,0,1,1,0,0,0,0
empresarial,Direito Empresarial,Empresarial,BA,47236397,Média,14,Processo jurídico na área de empresarial,0.78,0,1,0,0,1,0,0,0
tributario,Direito Tributário,Tributário,SP,6888450,Média,24,Repetição de indébito tributário,0.7,1,1,0,0,0,0,0,0
agrario,Direito Agrário,Agrário,GO,1579864,Alta,19,Regularização fundiária de propriedade rural,0.65,1,0,1,0,0,0,0,0
agrario,Direito Agrário,Agrário,RJ,3531618,Média,15,Ação de usucapião de imóvel rural,0.7,1,0,1,1,0,0,0,0
trabalhista,Direito Trabalhista,Trabalhista,MG,53728,Média,8,Ação de rescisão indireta por assédio moral,0.85,1,1,0,0,1,0,0,0
civil,Direito Civil,Civil,PR,454940,Média,12,Ação de indenização por danos morais e materiais decorrente de acidente de trânsito,0.7,0,0,1,0,0,0,0,0
administrativo,Direito Administrativo,Administrativo,MT,566844,Alta,24,Processo jurídico na área de administrativo,0.57,0,1,0,0,0,0,0,0
tributario,Direito Tributário,Tributário,BA,6309125,Alta,29,Execução fiscal de débito previdenciário,0.75,1,1,1,0,0,0,0,0
previdenciario,Direito Previdenciário,Previdenciário,RJ,148652,Alta,19,Processo jurídico na área de previdenciario,0.82,1,0,0,1,0,0,0,0
tributario,Direito Tributário,Tributário,GO,6202639,Alta,28,Repetição de indébito tributário,0.7,1,1,0,0,0,0,0,0
consumidor,Direito do Consumidor,Civil,MS,34584,Média,10,Cobrança indevida de tarifa bancária com pedido de repetição,0.8,0,0,0,0,1,0,0,0
civil,Direito Civil,Civil,DF,154000,Média,12,Ação de despejo por falta de pagamento,0.7,0,1,0,0,0,0,0,0
civil,Direito Civil,Civil,SP,310552,Baixa,8,Cobrança de dívida com pedido de penhora de bens,0.7,0,1,0,0,0,0,0,0
consumidor,Direito do Consumidor,Civil,GO,4200,Alta,15,Vício em produto com pedido de substituição,0.85,0,1,0,0,1,0,0,0
penal,Direito Penal,Penal,MS,0,Média,18,Investigação de crime tributário,0.5,0,0,1,0,0,0,0,0
agrario,Direito Agrário,Agrário,MT,2046579,Alta,21,Conflito de terras entre posseiros,0.7,1,0,1,1,0,0,0,0
agrario,Direito Agrário,Agrário,DF,1795674,Alta,18,Conflito de terras entre posseiros,0.65,1,0,1,0,0,0,0,0
tributario,Direito Tributário,Tributário,PE,8252831,Alta,30,Mandado de segurança contra cobrança de ICMS,0.7,0,1,1,0,0,0,0,0
eleitoral,Direito Eleitoral,Eleitoral,GO,0,Média,6,Processo jurídico na área de eleitoral,0.67,0,1,0,0,0,0,0,0
empresarial,Direito Empresarial,Empresarial,RS,8913181,Média,14,Processo jurídico na área de empresarial,0.83,0,1,0,0,1,0,0,1
penal,Direito Penal,Penal,PR,0,Média,18,Investigação de crime tributário,0.5,0,0,0,0,0,0,1,0
agrario,Direito Agrário,Agrário,RJ,4441007,Média,15,Regularização fundiária de propriedade rural,0.6,0,0,1,0,0,0,0,0
agrario,Direito Agrário,Agrário,MG,3291428,Alta,20,Desapropriação para fins de reforma agrária,0.7,1,0,1,1,0,0,0,0
agrario,Direito Agrário,Agrário,GO,2286966,Alta,23,Ação de usucapião de imóvel rural,0.7,1,0,1,1,0,0,0,0
empresarial,Direito Empresarial,Empresarial,BA,17340529,Média,14,Processo jurídico na área de empresarial,0.83,0,1,0,0,1,0,0,1
agrario,Direito Agrário,Agrário,BA,3585883,Média,15,Desapropriação para fins de reforma agrária,0.6,1,0,0,0,0,0,0,0
consumidor,Direito do Consumidor,Civil,SP,46913,Baixa,9,Propaganda enganosa com pedido de indenização,0.85,0,1,0,0,1,0,0,0
civil,Direito Civil,Civil,RS,48232,Alta,16,Rescisão contratual com pedido de restituição de valores,0.75,1,0,1,0,0,0,0,0
tributario,Direito Tributário,Tributário,MT,3973576,Alta,28,Execução fiscal de débito previdenciário,0.7,1,0,1,0,0,0,0,0
penal,Direito Penal,Penal,MS,0,Média,18,Ação penal por crime contra o patrimônio,0.55,0,1,0,0,0,0,1,0
civil,Direito Civil,Civil,SC,497459,Alta,15,Ação de despejo por falta de pagamento,0.8,1,1,1,0,0,0,0,0
civil,Direito Civil,Civil,CE,332644,Baixa,8,Rescisão contratual com pedido de restituição de valores,0.75,0,1,1,0,0,0,0,0
empresarial,Direito Empresarial,Empresarial,RS,30920400,Média,14,Processo jurídico na área de empresarial,0.83,0,1,0,0,1,0,0,1
civil,Direito Civil,Civil,SC,272273,Baixa,10,Ação de despejo por falta de pagamento,0.7,0,1,0,0,0,0,0,0
trabalhista,Direito Trabalhista,Trabalhista,RJ,35438,Média,8,Ação de rescisão indireta por assédio moral,0.75,1,0,0,0,0,0,0,0
trabalhista,Direito Trabalhista,Trabalhista,SC,62022,Média,8,Reclamação trabalhista com pedido de horas extras,0.8,1,1,0,0,0,0,0,0
tributario,Direito Tributário,Tributário,DF,841597,Alta,30,Mandado de segurança contra cobrança de ICMS,0.65,1,0,0,0,0,0,0,0
trabalhista,Direito Trabalhista,Trabalhista,MG,47403,Baixa,7,Cobrança de verbas rescisórias não pagas,0.75,0,0,0,0,1,0,0,0
civil,Direito Civil,Civil,RJ,334532,Baixa,10,Rescisão contratual com pedido de restituição de valores,0.8,1,1,1,0,0,0,0,0
consumidor,Direito do Consumidor,Civil,GO,19667,Média,10,Propaganda enganosa com pedido de indenização,0.9,0,1,1,0,1,0,0,0
civil,Direito Civil,Civil,DF,415283,Baixa,10,Ação de indenização por danos morais e materiais decorrente de acidente de trânsito,0.75,1,0,1,0,0,0,0,0
civil,Direito Civil,Civil,ES,169769,Baixa,8,Ação de indenização por danos morais e materiais decorrente de acidente de trânsito,0.7,0,1,0,0,0,0,0,0
civil,Direito Civil,Civil,ES,458865,Média,12,Cobrança de dívida com pedido de penhora de bens,0.75,0,1,1,0,0,0,0,0
civil,Direito Civil,Civil,PE,252763,Alta,17,Rescisão contratual com pedido de restituição de valores,0.8,1,1,1,0,0,0,0,0
penal,Direito Penal,Penal,SC,0,Média,18,Processo por lesão corporal dolosa,0.55,0,1,1,0,0,0,0,0
previdenciario,Direito Previdenciário,Previdenciário,CE,123405,Média,16,Processo jurídico na área de previdenciario,0.82,1,0,0,1,0,0,0,0
consumidor,Direito do Consumidor,Civil,PE,39837,Baixa,9,Cobrança indevida de tarifa bancária com pedido de repetição,0.85,0,1,1,0,0,0,0,0
civil,Direito Civil,Civil,DF,270588,Baixa,9,Cobrança de dívida com pedido de penhora de bens,0.7,0,1,0,0,0,0,0,0
agrario,Direito Agrário,Agrário,SC,3265361,Média,15,Conflito de terras entre posseiros,0.7,1,0,1,1,0,0,0,0
agrario,Direito Agrário,Agrário,MS,1172117,Alta,20,Ação de usucapião de imóvel rural,0.65,1,0,0,1,0,0,0,0
tributario,Direito Tributário,Tributário,CE,2326014,Alta,31,Mandado de segurança contra cobrança de ICMS,0.65,1,0,0,0,0,0,0,0
agrario,Direito Agrário,Agrário,MT,2577977,Média,15,Conflito de terras entre posseiros,0.7,1,0,1,1,0,0,0,0
consumidor,Direito do Consumidor,Civil,MS,31807,Baixa,9,Negativação indevida do nome do consumidor,0.8,0,1,0,0,0,0,0,0
agrario,Direito Agrário,Agrário,CE,1277778,Alta,23,Ação de usucapião de imóvel rural,0.65,1,0,0,1,0,0,0,0
civil,Direito Civil,Civil,SP,77860,Média,12,Ação de despejo por falta de pagamento,0.8,1,1,1,0,0,0,0,0
tributario,Direito Tributário,Tributário,SC,4244770,Média,24,Execução fiscal de débito previdenciário,0.65,1,0,0,0,0,0,0,0
consumidor,Direito do Consumidor,Civil,DF,28318,Baixa,7,Propaganda enganosa com pedido de indenização,0.8,0,0,0,0,1,0,0,0
trabalhista,Direito Trabalhista,Trabalhista,CE,81378,Baixa,6,Equiparação salarial entre empregados,0.75,1,0,0,0,0,0,0,0
civil,Direito Civil,Civil,PR,273234,Média,12,Rescisão contratual com pedido de restituição de valores,0.75,1,0,1,0,0,0,0,0
tributario,Direito Tributário,Tributário,MG,9147022,Baixa,20,Execução fiscal de débito previdenciário,0.7,1,1,0,0,0,0,0,0
trabalhista,Direito Trabalhista,Trabalhista,PR,82884,Média,8,Equiparação salarial entre empregados,0.85,1,1,0,0,1,0,0,0
consumidor,Direito do Consumidor,Civil,ES,26517,Baixa,9,Cobrança indevida de tarifa bancária com pedido de repetição,0.8,0,0,0,0,1,0,0,0
consumidor,Direito do Consumidor,Civil,GO,47282,Baixa,8,Negativação indevida do nome do consumidor,0.85,0,0,1,0,1,0,0,0
trabalhista,Direito Trabalhista,Trabalhista,GO,40450,Média,8,Equiparação salarial entre empregados,0.75,0,0,0,0,1,0,0,0
consumidor,Direito do Consumidor,Civil,CE,7624,Média,10,Vício em produto com pedido de substituição,0.8,0,1,0,0,0,0,0,0
consumidor,Direito do Consumidor,Civil,CE,28719,Baixa,7,Vício em produto com pedido de substituição,0.8,0,0,0,0,1,0,0,0
tributario,Direito Tributário,Tributário,PE,3512764,Média,24,Repetição de indébito tributário,0.65,0,1,0,0,0,0,0,0
civil,Direito Civil,Civil,PE,463216,Alta,18,Cobrança de dívida com pedido de penhora de bens,0.75,1,1,0,0,0,0,0,0
trabalhista,Direito Trabalhista,Trabalhista,RS,19158,Baixa,4,Equiparação salarial entre empregados,0.75,0,0,0,0,1,0,0,0
administrativo,Direito Administrativo,Administrativo,CE,257670,Alta,25,Processo jurídico na área de administrativo,0.67,0,1,1,0,0,0,1,0
penal,Direito Penal,Penal,MS,0,Alta,21,Processo por lesão corporal dolosa,0.6,0,1,1,0,0,0,1,0
penal,Direito Penal,Penal,RJ,0,Alta,24,Investigação de crime tributário,0.55,0,1,0,0,0,0,1,0
civil,Direito Civil,Civil,MS,303771,Alta,16,Ação de despejo por falta de pagamento,0.7,0,0,1,0,0,0,0,0
empresarial,Direito Empresarial,Empresarial,BA,11678082,Baixa,13,Processo jurídico na área de empresarial,0.78,0,0,0,0,1,0,0,1
previdenciario,Direito Previdenciário,Previdenciário,DF,25939,Média,16,Processo jurídico na área de previdenciario,0.87,1,0,0,1,1,0,0,0
agrario,Direito Agrário,Agrário,RS,4572985,Média,15,Ação de usucapião de imóvel rural,0.65,0,0,1,1,0,0,0,0
penal,Direito Penal,Penal,SC,0,Alta,26,Ação penal por crime ambiental,0.55,0,0,1,0,0,0,1,0
ambiental,Direito Ambiental,Ambiental,MG,36945530,Alta,28,Processo jurídico na área de ambiental,0.63,0,0,0,1,0,0,0,0
consumidor,Direito do Consumidor,Civil,DF,13244,Baixa,9,Cobrança indevida de tarifa bancária com pedido de repetição,0.8,0,0,0,0,1,0,0,0
penal,Direito Penal,Penal,PE,0,Alta,25,Ação penal por crime ambiental,0.6,0,1,1,0,0,0,1,0
agrario,Direito Agrário,Agrário,MS,3774929,Alta,20,Regularização fundiária de propriedade rural,0.65,0,0,1,1,0,0,0,0
penal,Direito Penal,Penal,PR,0,Alta,23,Ação penal por crime ambiental,0.5,0,1,0,0,0,0,0,0
agrario,Direito Agrário,Agrário,PR,2248311,Baixa,11,Desapropriação para fins de reforma agrária,0.65,1,0,0,1,0,0,0,0
trabalhista,Direito Trabalhista,Trabalhista,RJ,24393,Baixa,7,Cobrança de verbas rescisórias não pagas,0.8,0,1,0,0,1,0,0,0
agrario,Direito Agrário,Agrário,DF,327056,Alta,23,Regularização fundiária de propriedade rural,0.65,1,0,0,1,0,0,0,0
trabalhista,Direito Trabalhista,Trabalhista,SP,58201,Baixa,6,Reclamação trabalhista com pedido de horas extras,0.8,1,0,0,0,1,0,0,0
consumidor,Direito do Consumidor,Civil,MG,9053,Baixa,6,Propaganda enganosa com pedido de indenização,0.85,0,1,0,0,1,0,0,0
civil,Direito Civil,Civil,CE,32535,Baixa,9,Rescisão contratual com pedido de restituição de valores,0.75,1,0,1,0,0,0,0,0
trabalhista,Direito Trabalhista,Trabalhista,PE,50854,Baixa,4,Cobrança de verbas rescisórias não pagas,0.85,1,1,0,0,1,0,0,0
trabalhista,Direito Trabalhista,Trabalhista,DF,46756,Baixa,7,Reclamação trabalhista com pedido de horas extras,0.8,0,1,0,0,1,0,0,0
civil,Direito Civil,Civil,RJ,117032,Média,12,Cobrança de dívida com pedido de penhora de bens,0.8,1,1,1,0,0,0,0,0
trabalhista,Direito Trabalhista,Trabalhista,PE,56121,Alta,13,Ação de rescisão indireta por assédio moral,0.8,0,1,0,0,1,0,0,0
consumidor,Direito do Consumidor,Civil,RS,16097,Alta,17,Cobrança indevida de tarifa bancária com pedido de repetição,0.8,0,0,1,0,0,0,0,0
trabalhista,Direito Trabalhista,Trabalhista,RJ,27225,Alta,11,Ação de rescisão indireta por assédio moral,0.8,1,0,0,0,1,0,0,0
trabalhista,Direito Trabalhista,Trabalhista,MS,63019,Baixa,6,Equiparação salarial entre empregados,0.85,1,1,0,0,1,0,0,0
penal,Direito Penal,Penal,CE,0,Alta,24,Processo por lesão corporal dolosa,0.6,0,1,1,0,0,0,1,0
agrario,Direito Agrário,Agrário,GO,2655772,Alta,21,Regularização fundiária de propriedade rural,0.65,1,0,1,0,0,0,0,0
consumidor,Direito do Consumidor,Civil,ES,19822,Baixa,9,Cobrança indevida de tarifa bancária com pedido de repetição,0.9,0,1,1,0,1,0,0,0
consumidor,Direito do Consumidor,Civil,MS,40200,Alta,18,Propaganda enganosa com pedido de indenização,0.85,0,1,0,0,1,0,0,0
previdenciario,Direito Previdenciário,Previdenciário,PE,73721,Alta,24,Processo jurídico na área de previdenciario,0.77,0,0,0,0,1,0,0,0
tributario,Direito Tributário,Tributário,PE,5720608,Baixa,23,Repetição de indébito tributário,0.65,0,1,0,0,0,0,0,0
consumidor,Direito do Consumidor,Civil,MS,41220,Baixa,6,Vício em produto com pedido de substituição,0.85,0,0,1,0,1,0,0,0
agrario,Direito Agrário,Agrário,BA,4382376,Alta,22,Regularização fundiária de propriedade rural,0.7,1,0,1,1,0,0,0,0
civil,Direito Civil,Civil,GO,394620,Média,12,Cobrança de dívida com pedido de penhora de bens,0.7,0,0,1,0,0,0,0,0
empresarial,Direito Empresarial,Empresarial,MS,39679903,Baixa,10,Processo jurídico na área de empresarial,0.83,0,1,0,0,1,0,0,1
empresarial,Direito Empresarial,Empresarial,PR,27836145,Baixa,11,Processo jurídico na área de empresarial,0.73,0,0,0,0,0,0,0,1
penal,Direito Penal,Penal,MG,0,Alta,25,Ação penal por crime ambiental,0.55,0,1,0,0,0,0,1,0
trabalhista,Direito Trabalhista,Trabalhista,DF,79882,Média,8,Ação de rescisão indireta por assédio moral,0.85,1,1,0,0,1,0,0,0
administrativo,Direito Administrativo,Administrativo,BA,299103,Alta,27,Processo jurídico na área de administrativo,0.62,0,0,1,0,0,0,1,0
penal,Direito Penal,Penal,CE,0,Média,18,Ação penal por crime ambiental,0.5,0,1,0,0,0,0,0,0
penal,Direito Penal,Penal,MS,0,Média,18,Processo por lesão corporal dolosa,0.5,0,0,1,0,0,0,0,0
civil,Direito Civil,Civil,RS,426246,Baixa,9,Rescisão contratual com pedido de restituição de valores,0.7,0,0,1,0,0,0,0,0
civil,Direito Civil,Civil,PR,77623,Média,12,Rescisão contratual com pedido de restituição de valores,0.75,1,1,0,0,0,0,0,0
agrario,Direito Agrário,Agrário,PR,4717713,Alta,20,Ação de usucapião de imóvel rural,0.6,0,0,1,0,0,0,0,0
trabalhista,Direito Trabalhista,Trabalhista,RJ,5918,Baixa,4,Cobrança de verbas rescisórias não pagas,0.8,1,1,0,0,0,0,0,0
civil,Direito Civil,Civil,DF,298560,Alta,16,Ação de despejo por falta de pagamento,0.8,1,1,1,0,0,0,0,0
trabalhista,Direito Trabalhista,Trabalhista,PE,65221,Média,8,Equiparação salarial entre empregados,0.75,1,0,0,0,0,0,0,0
civil,Direito Civil,Civil,MS,338910,Alta,17,Ação de indenização por danos morais e materiais decorrente de acidente de trânsito,0.8,1,1,1,0,0,0,0,0
consumidor,Direito do Consumidor,Civil,SC,30274,Baixa,8,Cobrança indevida de tarifa bancária com pedido de repetição,0.8,0,0,0,0,1,0,0,0
penal,Direito Penal,Penal,MS,0,Média,18,Ação penal por crime contra o patrimônio,0.55,0,1,1,0,0,0,0,0
agrario,Direito Agrário,Agrário,MG,1597462,Alta,18,Ação de usucapião de imóvel rural,0.7,1,0,1,1,0,0,0,0
trabalhista,Direito Trabalhista,Trabalhista,SP,29532,Baixa,7,Cobrança de verbas rescisórias não pagas,0.75,1,0,0,0,0,0,0,0
agrario,Direito Agrário,Agrário,GO,2026309,Média,15,Ação de usucapião de imóvel rural,0.7,1,0,1,1,0,0,0,0
trabalhista,Direito Trabalhista,Trabalhista,MT,86955,Alta,11,Equiparação salarial entre empregados,0.85,1,1,0,0,1,0,0,0
trabalhista,Direito Trabalhista,Trabalhista,ES,75028,Média,8,Ação de rescisão indireta por assédio moral,0.75,0,1,0,0,0,0,0,0
empresarial,Direito Empresarial,Empresarial,DF,40659738,Média,14,Processo jurídico na área de empresarial,0.83,0,1,0,0,1,0,0,1
empresarial,Direito Empresarial,Empresarial,GO,3015351,Média,14,Processo jurídico na área de empresarial,0.78,0,1,0,0,1,0,0,0
consumidor,Direito do Consumidor,Civil,GO,16054,Baixa,6,Propaganda enganosa com pedido de indenização,0.8,0,0,1,0,0,0,0,0
consumidor,Direito do Consumidor,Civil,BA,20621,Média,10,Negativação indevida do nome do consumidor,0.8,0,0,1,0,0,0,0,0
consumidor,Direito do Consumidor,Civil,DF,38886,Baixa,9,Propaganda enganosa com pedido de indenização,0.8,0,0,1,0,0,0,0,0
consumidor,Direito do Consumidor,Civil,PR,49154,Alta,16,Negativação indevida do nome do consumidor,0.8,0,0,0,0,1,0,0,0
consumidor,Direito do Consumidor,Civil,PE,8540,Baixa,7,Propaganda enganosa com pedido de indenização,0.8,0,0,0,0,1,0,0,0
agrario,Direito Agrário,Agrário,MG,2199727,Alta,21,Ação de usucapião de imóvel rural,0.6,0,0,1,0,0,0,0,0
civil,Direito Civil,Civil,GO,483579,Baixa,10,Cobrança de dívida com pedido de penhora de bens,0.8,1,1,1,0,0,0,0,0
civil,Direito Civil,Civil,PR,128105,Média,12,Cobrança de dívida com pedido de penhora de bens,0.75,0,1,1,0,0,0,0,0
trabalhista,Direito Trabalhista,Trabalhista,RJ,43257,Baixa,7,Cobrança de verbas rescisórias não pagas,0.85,1,1,0,0,1,0,0,0
trabalhista,Direito Trabalhista,Trabalhista,CE,92787,Baixa,6,Ação de rescisão indireta por assédio moral,0.75,0,0,0,0,1,0,0,0
eleitoral,Direito Eleitoral,Eleitoral,BA,0,Média,6,Processo jurídico na área de eleitoral,0.72,0,0,0,0,0,1,1,0
agrario,Direito Agrário,Agrário,RS,3450032,Média,15,Ação de usucapião de imóvel rural,0.6,0,0,1,0,0,0,0,0
agrario,Direito Agrário,Agrário,PR,1707042,Baixa,11,Conflito de terras entre posseiros,0.7,1,0,1,1,0,0,0,0
agrario,Direito Agrário,Agrário,RJ,470757,Alta,19,Ação de usucapião de imóvel rural,0.65,1,0,1,0,0,0,0,0
civil,Direito Civil,Civil,DF,172505,Baixa,10,Ação de indenização por danos morais e materiais decorrente de acidente de trânsito,0.7,0,0,1,0,0,0,0,0
trabalhista,Direito Trabalhista,Trabalhista,SP,50017,Baixa,4,Reclamação trabalhista com pedido de horas extras,0.75,0,1,0,0,0,0,0,0
agrario,Direito Agrário,Agrário,MS,1297185,Alta,18,Conflito de terras entre posseiros,0.65,1,0,0,1,0,0,0,0
civil,Direito Civil,Civil,MT,445465,Alta,18,Ação de indenização por danos morais e materiais decorrente de acidente de trânsito,0.7,0,0,1,0,0,0,0,0
penal,Direito Penal,Penal,PE,0,Média,18,Ação penal por crime contra o patrimônio,0.6,0,1,1,0,0,0,1,0
tributario,Direito Tributário,Tributário,MG,5230812,Alta,30,Mandado de segurança contra cobrança de ICMS,0.7,1,0,1,0,0,0,0,0
consumidor,Direito do Consumidor,Civil,MG,14156,Média,10,Cobrança indevida de tarifa bancária com pedido de repetição,0.8,0,1,0,0,0,0,0,0
civil,Direito Civil,Civil,MG,66915,Alta,16,Ação de despejo por falta de pagamento,0.8,1,1,1,0,0,0,0,0
empresarial,Direito Empresarial,Empresarial,BA,46313599,Média,14,Processo jurídico na área de empresarial,0.83,0,1,0,0,1,0,0,1
tributario,Direito Tributário,Tributário,BA,6519519,Alta,29,Ação anulatória de auto de infração,0.65,0,1,0,0,0,0,0,0
agrario,Direito Agrário,Agrário,MS,2404368,Alta,22,Conflito de terras entre posseiros,0.6,1,0,0,0,0,0,0,0
consumidor,Direito do Consumidor,Civil,CE,46718,Alta,16,Vício em produto com pedido de substituição,0.85,0,1,0,0,1,0,0,0
civil,Direito Civil,Civil,BA,6592,Média,12,Rescisão contratual com pedido de restituição de valores,0.8,1,1,1,0,0,0,0,0
agrario,Direito Agrário,Agrário,PE,3431236,Alta,20,Regularização fundiária de propriedade rural,0.6,1,0,0,0,0,0,0,0
administrativo,Direito Administrativo,Administrativo,BA,942116,Alta,24,Processo jurídico na área de administrativo,0.67,0,1,1,0,0,0,1,0
consumidor,Direito do Consumidor,Civil,CE,8742,Baixa,6,Vício em produto com pedido de substituição,0.85,0,0,1,0,1,0,0,0
consumidor,Direito do Consumidor,Civil,MS,30939,Baixa,7,Propaganda enganosa com pedido de indenização,0.8,0,1,0,0,0,0,0,0
previdenciario,Direito Previdenciário,Previdenciário,GO,32574,Média,16,Processo jurídico na área de previdenciario,0.87,1,0,0,1,1,0,0,0
penal,Direito Penal,Penal,SP,0,Alta,26,Processo por lesão corporal dolosa,0.55,0,0,1,0,0,0,1,0
previdenciario,Direito Previdenciário,Previdenciário,PE,79870,Média,16,Processo jurídico na área de previdenciario,0.87,1,0,0,1,1,0,0,0
agrario,Direito Agrário,Agrário,DF,3546867,Alta,23,Conflito de terras entre posseiros,0.7,1,0,1,1,0,0,0,0
consumidor,Direito do Consumidor,Civil,GO,21834,Baixa,9,Propaganda enganosa com pedido de indenização,0.9,0,1,1,0,1,0,0,0
civil,Direito Civil,Civil,SP,208652,Média,12,Cobrança de dívida com pedido de penhora de bens,0.75,1,0,1,0,0,0,0,0
empresarial,Direito Empresarial,Empresarial,SP,35131465,Baixa,12,Processo jurídico na área de empresarial,0.78,0,1,0,0,0,0,0,1
consumidor,Direito do Consumidor,Civil,PE,14520,Baixa,6,Negativação indevida do nome do consumidor,0.85,0,0,1,0,1,0,0,0
consumidor,Direito do Consumidor,Civil,PE,47608,Baixa,9,Propaganda enganosa com pedido de indenização,0.9,0,1,1,0,1,0,0,0
agrario,Direito Agrário,Agrário,RJ,313895,Alta,21,Conflito de terras entre posseiros,0.6,1,0,0,0,0,0,0,0
consumidor,Direito do Consumidor,Civil,SP,43759,Média,10,Vício em produto com pedido de substituição,0.8,0,1,0,0,0,0,0,0
penal,Direito Penal,Penal,PR,0,Média,18,Ação penal por crime ambiental,0.5,0,1,0,0,0,0,0,0
tributario,Direito Tributário,Tributário,RS,5067383,Alta,31,Ação anulatória de auto de infração,0.7,1,0,1,0,0,0,0,0
consumidor,Direito do Consumidor,Civil,GO,26340,Baixa,6,Cobrança indevida de tarifa bancária com pedido de repetição,0.8,0,0,1,0,0,0,0,0
consumidor,Direito do Consumidor,Civil,MS,1918,Baixa,9,Propaganda enganosa com pedido de indenização,0.9,0,1,1,0,1,0,0,0
civil,Direito Civil,Civil,SC,452071,Média,12,Rescisão contratual com pedido de restituição de valores,0.7,1,0,0,0,0,0,0,0
civil,Direito Civil,Civil,SP,423590,Média,12,Rescisão contratual com pedido de restituição de valores,0.8,1,1,1,0,0,0,0,0
consumidor,Direito do Consumidor,Civil,PR,35938,Baixa,9,Vício em produto com pedido de substituição,0.85,0,1,1,0,0,0,0,0
constitucional,Direito Constitucional,Constitucional,RJ,0,Média,30,Processo jurídico na área de constitucional,0.58,0,1,0,0,0,0,0,1
civil,Direito Civil,Civil,RJ,194391,Média,12,Rescisão contratual com pedido de restituição de valores,0.75,0,1,1,0,0,0,0,0
civil,Direito Civil,Civil,PE,308354,Alta,19,Ação de indenização por danos morais e materiais decorrente de acidente de trânsito,0.7,1,0,0,0,0,0,0,0
penal,Direito Penal,Penal,SC,0,Média,18,Ação penal por crime ambiental,0.55,0,0,1,0,0,0,1,0
civil,Direito Civil,Civil,SC,5241,Baixa,9,Cobrança de dívida com pedido de penhora de bens,0.7,1,0,0,0,0,0,0,0
civil,Direito Civil,Civil,MS,156849,Média,12,Ação de indenização por danos morais e materiais decorrente de acidente de trânsito,0.8,1,1,1,0,0,0,0,0
agrario,Direito Agrário,Agrário,BA,602470,Média,15,Conflito de terras entre posseiros,0.65,1,0,1,0,0,0,0,0
trabalhista,Direito Trabalhista,Trabalhista,PE,45973,Média,8,Equiparação salarial entre empregados,0.75,0,0,0,0,1,0,0,0
tributario,Direito Tributário,Tributário,RS,9681446,Alta,30,Ação anulatória de auto de infração,0.65,0,0,1,0,0,0,0,0
civil,Direito Civil,Civil,RJ,222469,Alta,18,Ação de despejo por falta de pagamento,0.75,0,1,1,0,0,0,0,0
civil,Direito Civil,Civil,PR,108462,Média,12,Ação de despejo por falta de pagamento,0.8,1,1,1,0,0,0,0,0
empresarial,Direito Empresarial,Empresarial,PE,15372276,Média,14,Processo jurídico na área de empresarial,0.83,0,1,0,0,1,0,0,1
penal,Direito Penal,Penal,BA,0,Média,18,Ação penal por crime contra o patrimônio,0.55,0,1,0,0,0,0,1,0
civil,Direito Civil,Civil,BA,148156,Média,12,Cobrança de dívida com pedido de penhora de bens,0.7,0,1,0,0,0,0,0,0
previdenciario,Direito Previdenciário,Previdenciário,GO,175897,Alta,20,Processo jurídico na área de previdenciario,0.87,1,0,0,1,1,0,0,0
trabalhista,Direito Trabalhista,Trabalhista,PE,86644,Alta,13,Ação de rescisão indireta por assédio moral,0.85,1,1,0,0,1,0,0,0
trabalhista,Direito Trabalhista,Trabalhista,MT,35303,Baixa,7,Reclamação trabalhista com pedido de horas extras,0.85,1,1,0,0,1,0,0,0
agrario,Direito Agrário,Agrário,CE,419888,Alta,23,Conflito de terras entre posseiros,0.7,1,0,1,1,0,0,0,0
empresarial,Direito Empresarial,Empresarial,MS,11874533,Alta,18,Processo jurídico na área de empresarial,0.78,0,1,0,0,1,0,0,0
civil,Direito Civil,Civil,GO,410380,Baixa,8,Cobrança de dívida com pedido de penhora de bens,0.8,1,1,1,0,0,0,0,0
consumidor,Direito do Consumidor,Civil,ES,9806,Média,10,Vício em produto com pedido de substituição,0.85,0,1,0,0,1,0,0,0
administrativo,Direito Administrativo,Administrativo,SC,302234,Alta,27,Processo jurídico na área de administrativo,0.62,0,1,1,0,0,0,0,0
agrario,Direito Agrário,Agrário,BA,2618213,Alta,20,Desapropriação para fins de reforma agrária,0.7,1,0,1,1,0,0,0,0
consumidor,Direito do Consumidor,Civil,MG,8921,Baixa,9,Vício em produto com pedido de substituição,0.85,0,1,0,0,1,0,0,0
administrativo,Direito Administrativo,Administrativo,DF,285383,Alta,27,Processo jurídico na área de administrativo,0.57,0,1,0,0,0,0,0,0
trabalhista,Direito Trabalhista,Trabalhista,PR,90567,Alta,13,Cobrança de verbas rescisórias não pagas,0.75,0,1,0,0,0,0,0,0
agrario,Direito Agrário,Agrário,BA,1244997,Baixa,11,Ação de usucapião de imóvel rural,0.6,0,0,0,1,0,0,0,0
previdenciario,Direito Previdenciário,Previdenciário,PE,21432,Baixa,13,Processo jurídico na área de previdenciario,0.82,1,0,0,0,1,0,0,0
consumidor,Direito do Consumidor,Civil,ES,25988,Média,10,Negativação indevida do nome do consumidor,0.8,0,1,0,0,0,0,0,0
penal,Direito Penal,Penal,GO,0,Baixa,15,Investigação de crime tributário,0.5,0,0,0,0,0,0,1,0
civil,Direito Civil,Civil,RJ,373076,Alta,17,Rescisão contratual com pedido de restituição de valores,0.8,1,1,1,0,0,0,0,0
civil,Direito Civil,Civil,RJ,374536,Média,12,Ação de despejo por falta de pagamento,0.7,0,0,1,0,0,0,0,0
penal,Direito Penal,Penal,RJ,0,Alta,26,Ação penal por crime ambiental,0.55,0,1,0,0,0,0,1,0
penal,Direito Penal,Penal,CE,0,Alta,24,Investigação de crime tributário,0.5,0,0,0,0,0,0,1,0
tributario,Direito Tributário,Tributário,BA,5858432,Alta,30,Mandado de segurança contra cobrança de ICMS,0.65,0,1,0,0,0,0,0,0
empresarial,Direito Empresarial,Empresarial,MT,28642881,Baixa,11,Processo jurídico na área de empresarial,0.73,0,0,0,0,0,0,0,1
civil,Direito Civil,Civil,SP,412530,Alta,19,Ação de indenização por danos morais e materiais decorrente de acidente de trânsito,0.75,1,0,1,0,0,0,0,0
previdenciario,Direito Previdenciário,Previdenciário,RJ,36559,Média,16,Processo jurídico na área de previdenciario,0.87,1,0,0,1,1,0,0,0
empresarial,Direito Empresarial,Empresarial,PE,42097112,Média,14,Processo jurídico na área de empresarial,0.73,0,0,0,0,0,0,0,1
agrario,Direito Agrário,Agrário,MS,3692860,Baixa,13,Ação de usucapião de imóvel rural,0.7,1,0,1,1,0,0,0,0
empresarial,Direito Empresarial,Empresarial,MG,29393917,Alta,21,Processo jurídico na área de empresarial,0.73,0,0,0,0,1,0,0,0
ambiental,Direito Ambiental,Ambiental,BA,39237434,Alta,27,Processo jurídico na área de ambiental,0.73,0,0,0,1,0,0,1,1
consumidor,Direito do Consumidor,Civil,RS,14528,Baixa,7,Vício em produto com pedido de substituição,0.8,0,0,1,0,0,0,0,0
trabalhista,Direito Trabalhista,Trabalhista,PE,66463,Baixa,5,Ação de rescisão indireta por assédio moral,0.85,1,1,0,0,1,0,0,0
civil,Direito Civil,Civil,ES,379787,Alta,16,Ação de despejo por falta de pagamento,0.7,1,0,0,0,0,0,0,0
civil,Direito Civil,Civil,MG,49595,Média,12,Rescisão contratual com pedido de restituição de valores,0.75,1,1,0,0,0,0,0,0
agrario,Direito Agrário,Agrário,RS,66956,Média,15,Ação de usucapião de imóvel rural,0.7,1,0,1,1,0,0,0,0
tributario,Direito Tributário,Tributário,GO,8104408,Alta,28,Mandado de segurança contra cobrança de ICMS,0.7,1,0,1,0,0,0,0,0
civil,Direito Civil,Civil,SP,318936,Média,12,Rescisão contratual com pedido de restituição de valores,0.7,0,1,0,0,0,0,0,0
penal,Direito Penal,Penal,PR,0,Média,18,Ação penal por crime contra o patrimônio,0.6,0,1,1,0,0,0,1,0
trabalhista,Direito Trabalhista,Trabalhista,SP,20923,Baixa,7,Equiparação salarial entre empregados,0.85,1,1,0,0,1,0,0,0
civil,Direito Civil,Civil,DF,184547,Média,12,Ação de indenização por danos morais e materiais decorrente de acidente de trânsito,0.8,1,1,1,0,0,0,0,0
tributario,Direito Tributário,Tributário,MG,3636760,Média,24,Ação anulatória de auto de infração,0.75,1,1,1,0,0,0,0,0
agrario,Direito Agrário,Agrário,SP,1642982,Média,15,Conflito de terras entre posseiros,0.7,1,0,1,1,0,0,0,0
civil,Direito Civil,Civil,GO,444929,Alta,17,Cobrança de dívida com pedido de penhora de bens,0.7,1,0,0,0,0,0,0,0
agrario,Direito Agrário,Agrário,RS,560922,Média,15,Conflito de terras entre posseiros,0.6,0,0,0,1,0,0,0,0
penal,Direito Penal,Penal,SP,0,Alta,25,Processo por lesão corporal dolosa,0.5,0,1,0,0,0,0,0,0
civil,Direito Civil,Civil,MS,446413,Média,12,Rescisão contratual com pedido de restituição de valores,0.8,1,1,1,0,0,0,0,0
tributario,Direito Tributário,Tributário,ES,9425600,Baixa,22,Ação anulatória de auto de infração,0.65,1,0,0,0,0,0,0,0
penal,Direito Penal,Penal,RS,0,Alta,23,Ação penal por crime ambiental,0.5,0,0,0,0,0,0,1,0
trabalhista,Direito Trabalhista,Trabalhista,MG,23423,Média,8,Cobrança de verbas rescisórias não pagas,0.8,0,1,0,0,1,0,0,0
civil,Direito Civil,Civil,ES,222662,Alta,15,Ação de indenização por danos morais e materiais decorrente de acidente de trânsito,0.7,0,0,1,0,0,0,0,0
consumidor,Direito do Consumidor,Civil,MT,27617,Baixa,6,Propaganda enganosa com pedido de indenização,0.85,0,1,0,0,1,0,0,0
trabalhista,Direito Trabalhista,Trabalhista,RJ,79558,Média,8,Reclamação trabalhista com pedido de horas extras,0.75,0,1,0,0,0,0,0,0
agrario,Direito Agrário,Agrário,GO,2777966,Alta,18,Ação de usucapião de imóvel rural,0.6,0,0,1,0,0,0,0,0
civil,Direito Civil,Civil,CE,450858,Baixa,8,Rescisão contratual com pedido de restituição de valores,0.8,1,1,1,0,0,0,0,0
civil,Direito Civil,Civil,RS,414036,Alta,18,Ação de despejo por falta de pagamento,0.75,1,0,1,0,0,0,0,0
tributario,Direito Tributário,Tributário,SP,2793382,Alta,29,Execução fiscal de débito previdenciário,0.75,1,1,1,0,0,0,0,0
trabalhista,Direito Trabalhista,Trabalhista,PR,42862,Alta,14,Cobrança de verbas rescisórias não pagas,0.8,1,0,0,0,1,0,0,0
agrario,Direito Agrário,Agrário,CE,4473749,Alta,22,Regularização fundiária de propriedade rural,0.7,1,0,1,1,0,0,0,0
agrario,Direito Agrário,Agrário,PR,2548165,Alta,20,Desapropriação para fins de reforma agrária,0.7,1,0,1,1,0,0,0,0
tributario,Direito Tributário,Tributário,MS,4565011,Média,24,Mandado de segurança contra cobrança de ICMS,0.65,0,1,0,0,0,0,0,0
civil,Direito Civil,Civil,SP,128798,Média,12,Cobrança de dívida com pedido de penhora de bens,0.8,1,1,1,0,0,0,0,0
previdenciario,Direito Previdenciário,Previdenciário,GO,14490,Média,16,Processo jurídico na área de previdenciario,0.77,0,0,0,1,0,0,0,0
trabalhista,Direito Trabalhista,Trabalhista,MG,80258,Média,8,Reclamação trabalhista com pedido de horas extras,0.85,1,1,0,0,1,0,0,0
civil,Direito Civil,Civil,MS,114095,Média,12,Ação de indenização por danos morais e materiais decorrente de acidente de trânsito,0.8,1,1,1,0,0,0,0,0
ambiental,Direito Ambiental,Ambiental,RJ,35536216,Média,22,Processo jurídico na área de ambiental,0.73,0,0,0,1,0,0,1,1
trabalhista,Direito Trabalhista,Trabalhista,PR,26440,Média,8,Ação de rescisão indireta por assédio moral,0.85,1,1,0,0,1,0,0,0
ambiental,Direito Ambiental,Ambiental,RS,29832715,Alta,27,Processo jurídico na área de ambiental,0.73,0,0,0,1,0,0,1,1
previdenciario,Direito Previdenciário,Previdenciário,ES,128534,Média,16,Processo jurídico na área de previdenciario,0.87,1,0,0,1,1,0,0,0
trabalhista,Direito Trabalhista,Trabalhista,MT,71731,Média,8,Reclamação trabalhista com pedido de horas extras,0.85,1,1,0,0,1,0,0,0
agrario,Direito Agrário,Agrário,PR,1150257,Média,15,Ação de usucapião de imóvel rural,0.6,1,0,0,0,0,0,0,0
civil,Direito Civil,Civil,CE,397281,Baixa,11,Rescisão contratual com pedido de restituição de valores,0.75,1,1,0,0,0,0,0,0
consumidor,Direito do Consumidor,Civil,BA,7773,Média,10,Propaganda enganosa com pedido de indenização,0.8,0,1,0,0,0,0,0,0
trabalhista,Direito Trabalhista,Trabalhista,PR,16949,Alta,16,Equiparação salarial entre empregados,0.75,0,0,0,0,1,0,0,0
penal,Direito Penal,Penal,MS,0,Média,18,Investigação de crime tributário,0.55,0,0,1,0,0,0,1,0
civil,Direito Civil,Civil,BA,182279,Média,12,Rescisão contratual com pedido de restituição de valores,0.8,1,1,1,0,0,0,0,0
consumidor,Direito do Consumidor,Civil,CE,18417,Alta,17,Cobrança indevida de tarifa bancária com pedido de repetição,0.9,0,1,1,0,1,0,0,0
agrario,Direito Agrário,Agrário,BA,4105439,Alta,22,Regularização fundiária de propriedade rural,0.7,1,0,1,1,0,0,0,0
tributario,Direito Tributário,Tributário,PR,5158072,Alta,32,Execução fiscal de débito previdenciário,0.75,1,1,1,0,0,0,0,0
trabalhista,Direito Trabalhista,Trabalhista,DF,74334,Alta,14,Equiparação salarial entre empregados,0.85,1,1,0,0,1,0,0,0
trabalhista,Direito Trabalhista,Trabalhista,PE,12354,Média,8,Equiparação salarial entre empregados,0.8,1,1,0,0,0,0,0,0
trabalhista,Direito Trabalhista,Trabalhista,SP,7235,Média,8,Cobrança de verbas rescisórias não pagas,0.75,1,0,0,0,0,0,0,0
empresarial,Direito Empresarial,Empresarial,MT,2509339,Alta,19,Processo jurídico na área de empresarial,0.78,0,0,0,0,1,0,0,1
trabalhista,Direito Trabalhista,Trabalhista,BA,68612,Alta,13,Ação de rescisão indireta por assédio moral,0.8,1,0,0,0,1,0,0,0
civil,Direito Civil,Civil,MS,312694,Alta,18,Ação de despejo por falta de pagamento,0.8,1,1,1,0,0,0,0,0
tributario,Direito Tributário,Tributário,GO,6249795,Média,24,Repetição de indébito tributário,0.75,1,1,1,0,0,0,0,0
trabalhista,Direito Trabalhista,Trabalhista,SP,5875,Média,8,Ação de rescisão indireta por assédio moral,0.75,0,1,0,0,0,0,0,0
tributario,Direito Tributário,Tributário,MG,5335697,Alta,29,Repetição de indébito tributário,0.65,1,0,0,0,0,0,0,0
trabalhista,Direito Trabalhista,Trabalhista,SP,94745,Baixa,6,Equiparação salarial entre empregados,0.8,1,1,0,0,0,0,0,0
penal,Direito Penal,Penal,SP,0,Alta,25,Investigação de crime tributário,0.5,0,1,0,0,0,0,0,0
penal,Direito Penal,Penal,PE,0,Alta,23,Investigação de crime tributário,0.6,0,1,1,0,0,0,1,0
civil,Direito Civil,Civil,PE,392475,Média,12,Ação de despejo por falta de pagamento,0.75,0,1,1,0,0,0,0,0
agrario,Direito Agrário,Agrário,CE,3278390,Alta,20,Conflito de terras entre posseiros,0.65,0,0,1,1,0,0,0,0
agrario,Direito Agrário,Agrário,SP,3780949,Baixa,14,Desapropriação para fins de reforma agrária,0.6,0,0,0,1,0,0,0,0
trabalhista,Direito Trabalhista,Trabalhista,PE,43813,Alta,14,Ação de rescisão indireta por assédio moral,0.75,1,0,0,0,0,0,0,0
penal,Direito Penal,Penal,RJ,0,Alta,23,Investigação de crime tributário,0.55,0,1,1,0,0,0,0,0
consumidor,Direito do Consumidor,Civil,PE,49179,Média,10,Negativação indevida do nome do consumidor,0.9,0,1,1,0,1,0,0,0
trabalhista,Direito Trabalhista,Trabalhista,SC,54898,Média,8,Ação de rescisão indireta por assédio moral,0.75,0,1,0,0,0,0,0,0
trabalhista,Direito Trabalhista,Trabalhista,SC,26299,Baixa,6,Ação de rescisão indireta por assédio moral,0.75,1,0,0,0,0,0,0,0
consumidor,Direito do Consumidor,Civil,PE,28280,Baixa,8,Negativação indevida do nome do consumidor,0.9,0,1,1,0,1,0,0,0
civil,Direito Civil,Civil,CE,333748,Média,12,Ação de indenização por danos morais e materiais decorrente de acidente de trânsito,0.7,0,0,1,0,0,0,0,0
agrario,Direito Agrário,Agrário,SP,2409980,Alta,21,Ação de usucapião de imóvel rural,0.6,1,0,0,0,0,0,0,0
agrario,Direito Agrário,Agrário,PE,3922755,Alta,21,Ação de usucapião de imóvel rural,0.7,1,0,1,1,0,0,0,0
civil,Direito Civil,Civil,SP,376008,Média,12,Ação de indenização por danos morais e materiais decorrente de acidente de trânsito,0.7,0,1,0,0,0,0,0,0
tributario,Direito Tributário,Tributário,SP,7848228,Alta,29,Mandado de segurança contra cobrança de ICMS,0.7,1,1,0,0,0,0,0,0
civil,Direito Civil,Civil,BA,188847,Baixa,11,Cobrança de dívida com pedido de penhora de bens,0.75,0,1,1,0,0,0,0,0
civil,Direito Civil,Civil,PR,6465,Baixa,9,Ação de indenização por danos morais e materiais decorrente de acidente de trânsito,0.75,1,1,0,0,0,0,0,0
militar,Direito Militar,Militar,RS,0,Alta,16,Processo jurídico na área de militar,0.55,0,0,1,0,0,0,0,0
civil,Direito Civil,Civil,PR,358783,Média,12,Ação de despejo por falta de pagamento,0.75,1,1,0,0,0,0,0,0
agrario,Direito Agrário,Agrário,SP,2746499,Alta,22,Conflito de terras entre posseiros,0.6,1,0,0,0,0,0,0,0
agrario,Direito Agrário,Agrário,PR,2865084,Média,15,Conflito de terras entre posseiros,0.6,1,0,0,0,0,0,0,0
tributario,Direito Tributário,Tributário,BA,1722592,Média,24,Execução fiscal de débito previdenciário,0.75,1,1,1,0,0,0,0,0
tributario,Direito Tributário,Tributário,GO,8339789,Alta,28,Ação anulatória de auto de infração,0.65,0,1,0,0,0,0,0,0
consumidor,Direito do Consumidor,Civil,MS,42939,Média,10,Cobrança indevida de tarifa bancária com pedido de repetição,0.85,0,1,0,0,1,0,0,0
trabalhista,Direito Trabalhista,Trabalhista,SP,71381,Baixa,7,Cobrança de verbas rescisórias não pagas,0.75,0,1,0,0,0,0,0,0
empresarial,Direito Empresarial,Empresarial,SP,2292911,Média,14,Processo jurídico na área de empresarial,0.78,0,0,0,0,1,0,0,1
consumidor,Direito do Consumidor,Civil,PE,32744,Média,10,Propaganda enganosa com pedido de indenização,0.9,0,1,1,0,1,0,0,0
penal,Direito Penal,Penal,BA,0,Média,18,Ação penal por crime ambiental,0.55,0,1,0,0,0,0,1,0
civil,Direito Civil,Civil,BA,282756,Baixa,8,Rescisão contratual com pedido de restituição de valores,0.75,1,0,1,0,0,0,0,0
civil,Direito Civil,Civil,SP,66489,Média,12,Cobrança de dívida com pedido de penhora de bens,0.7,0,1,0,0,0,0,0,0
agrario,Direito Agrário,Agrário,SP,1980181,Média,15,Regularização fundiária de propriedade rural,0.7,1,0,1,1,0,0,0,0
previdenciario,Direito Previdenciário,Previdenciário,RJ,73279,Baixa,13,Processo jurídico na área de previdenciario,0.82,1,0,0,0,1,0,0,0
previdenciario,Direito Previdenciário,Previdenciário,ES,147155,Alta,19,Processo jurídico na área de previdenciario,0.77,0,0,0,1,0,0,0,0
civil,Direito Civil,Civil,MT,269698,Alta,20,Ação de despejo por falta de pagamento,0.8,1,1,1,0,0,0,0,0
penal,Direito Penal,Penal,RJ,0,Média,18,Processo por lesão corporal dolosa,0.6,0,1,1,0,0,0,1,0
civil,Direito Civil,Civil,GO,239451,Média,12,Ação de indenização por danos morais e materiais decorrente de acidente de trânsito,0.8,1,1,1,0,0,0,0,0
trabalhista,Direito Trabalhista,Trabalhista,DF,34683,Média,8,Equiparação salarial entre empregados,0.75,0,0,0,0,1,0,0,0
previdenciario,Direito Previdenciário,Previdenciário,CE,112625,Baixa,14,Processo jurídico na área de previdenciario,0.82,1,0,0,0,1,0,0,0
agrario,Direito Agrário,Agrário,PE,4490483,Alta,21,Regularização fundiária de propriedade rural,0.7,1,0,1,1,0,0,0,0
penal,Direito Penal,Penal,CE,0,Alta,21,Ação penal por crime ambiental,0.5,0,0,1,0,0,0,0,0
penal,Direito Penal,Penal,ES,0,Média,18,Investigação de crime tributário,0.5,0,1,0,0,0,0,0,0
penal,Direito Penal,Penal,BA,0,Alta,25,Investigação de crime tributário,0.6,0,1,1,0,0,0,1,0
agrario,Direito Agrário,Agrário,CE,4412117,Alta,22,Desapropriação para fins de reforma agrária,0.7,1,0,1,1,0,0,0,0
tributario,Direito Tributário,Tributário,MS,6255534,Alta,29,Mandado de segurança contra cobrança de ICMS,0.65,0,1,0,0,0,0,0,0
consumidor,Direito do Consumidor,Civil,DF,1470,Baixa,8,Vício em produto com pedido de substituição,0.8,0,1,0,0,0,0,0,0
empresarial,Direito Empresarial,Empresarial,CE,41363790,Baixa,13,Processo jurídico na área de empresarial,0.73,0,0,0,0,1,0,0,0
penal,Direito Penal,Penal,SP,0,Alta,25,Ação penal por crime contra o patrimônio,0.5,0,0,0,0,0,0,1,0
trabalhista,Direito Trabalhista,Trabalhista,CE,69847,Baixa,6,Reclamação trabalhista com pedido de horas extras,0.75,0,1,0,0,0,0,0,0
trabalhista,Direito Trabalhista,Trabalhista,DF,32144,Baixa,7,Cobrança de verbas rescisórias não pagas,0.8,1,0,0,0,1,0,0,0
agrario,Direito Agrário,Agrário,BA,138038,Alta,23,Regularização fundiária de propriedade rural,0.65,1,0,1,0,0,0,0,0
agrario,Direito Agrário,Agrário,PR,3832487,Alta,21,Conflito de terras entre posseiros,0.6,1,0,0,0,0,0,0,0
trabalhista,Direito Trabalhista,Trabalhista,PE,91170,Média,8,Ação de rescisão indireta por assédio moral,0.8,1,0,0,0,1,0,0,0
civil,Direito Civil,Civil,MG,212676,Alta,19,Rescisão contratual com pedido de restituição de valores,0.75,1,0,1,0,0,0,0,0
tributario,Direito Tributário,Tributário,RS,3870078,Alta,29,Ação anulatória de auto de infração,0.7,1,0,1,0,0,0,0,0
consumidor,Direito do Consumidor,Civil,SC,41713,Baixa,8,Vício em produto com pedido de substituição,0.9,0,1,1,0,1,0,0,0
trabalhista,Direito Trabalhista,Trabalhista,RJ,72446,Alta,11,Ação de rescisão indireta por assédio moral,0.75,0,1,0,0,0,0,0,0
empresarial,Direito Empresarial,Empresarial,ES,16019661,Baixa,13,Processo jurídico na área de empresarial,0.78,0,1,0,0,0,0,0,1
consumidor,Direito do Consumidor,Civil,RJ,10681,Baixa,9,Vício em produto com pedido de substituição,0.9,0,1,1,0,1,0,0,0
trabalhista,Direito Trabalhista,Trabalhista,MT,97349,Média,8,Ação de rescisão indireta por assédio moral,0.85,1,1,0,0,1,0,0,0
consumidor,Direito do Consumidor,Civil,MG,17009,Baixa,7,Cobrança indevida de tarifa bancária com pedido de repetição,0.9,0,1,1,0,1,0,0,0
constitucional,Direito Constitucional,Constitucional,MS,0,Média,30,Processo jurídico na área de constitucional,0.53,0,0,0,0,0,0,1,0
consumidor,Direito do Consumidor,Civil,MT,29675,Média,10,Propaganda enganosa com pedido de indenização,0.8,0,0,0,0,1,0,0,0
empresarial,Direito Empresarial,Empresarial,MS,31700751,Média,14,Processo jurídico na área de empresarial,0.73,0,0,0,0,1,0,0,0
civil,Direito Civil,Civil,PE,212291,Média,12,Rescisão contratual com pedido de restituição de valores,0.75,1,1,0,0,0,0,0,0
consumidor,Direito do Consumidor,Civil,RS,32981,Baixa,9,Propaganda enganosa com pedido de indenização,0.8,0,0,1,0,0,0,0,0
consumidor,Direito do Consumidor,Civil,MG,10917,Baixa,7,Vício em produto com pedido de substituição,0.85,0,0,1,0,1,0,0,0
empresarial,Direito Empresarial,Empresarial,MS,33224495,Média,14,Processo jurídico na área de empresarial,0.73,0,0,0,0,1,0,0,0
consumidor,Direito do Consumidor,Civil,SC,4792,Média,10,Cobrança indevida de tarifa bancária com pedido de repetição,0.85,0,1,1,0,0,0,0,0
consumidor,Direito do Consumidor,Civil,MG,16938,Baixa,8,Cobrança indevida de tarifa bancária com pedido de repetição,0.8,0,1,0,0,0,0,0,0
consumidor,Direito do Consumidor,Civil,MG,22479,Média,10,Propaganda enganosa com pedido de indenização,0.9,0,1,1,0,1,0,0,0
consumidor,Direito do Consumidor,Civil,MS,36735,Baixa,6,Propaganda enganosa com pedido de indenização,0.9,0,1,1,0,1,0,0,0
agrario,Direito Agrário,Agrário,SC,82752,Baixa,11,Conflito de terras entre posseiros,0.6,0,0,0,1,0,0,0,0
penal,Direito Penal,Penal,CE,0,Baixa,15,Investigação de crime tributário,0.5,0,1,0,0,0,0,0,0
consumidor,Direito do Consumidor,Civil,SP,21329,Baixa,7,Cobrança indevida de tarifa bancária com pedido de repetição,0.85,0,1,1,0,0,0,0,0
agrario,Direito Agrário,Agrário,PR,1415990,Média,15,Regularização fundiária de propriedade rural,0.65,1,0,0,1,0,0,0,0
empresarial,Direito Empresarial,Empresarial,GO,6032892,Média,14,Processo jurídico na área de empresarial,0.83,0,1,0,0,1,0,0,1
trabalhista,Direito Trabalhista,Trabalhista,SC,31861,Alta,13,Ação de rescisão indireta por assédio moral,0.8,0,1,0,0,1,0,0,0
tributario,Direito Tributário,Tributário,BA,7958427,Baixa,20,Ação anulatória de auto de infração,0.65,1,0,0,0,0,0,0,0
militar,Direito Militar,Militar,BA,0,Alta,18,Processo jurídico na área de militar,0.55,0,1,0,0,0,0,0,0
agrario,Direito Agrário,Agrário,MT,4012923,Baixa,11,Regularização fundiária de propriedade rural,0.6,0,0,1,0,0,0,0,0
tributario,Direito Tributário,Tributário,CE,2641578,Alta,28,Ação anulatória de auto de infração,0.75,1,1,1,0,0,0,0,0
penal,Direito Penal,Penal,PE,0,Alta,25,Investigação de crime tributário,0.55,0,1,1,0,0,0,0,0
trabalhista,Direito Trabalhista,Trabalhista,ES,65474,Baixa,6,Ação de rescisão indireta por assédio moral,0.85,1,1,0,0,1,0,0,0
agrario,Direito Agrário,Agrário,MG,590751,Alta,19,Desapropriação para fins de reforma agrária,0.7,1,0,1,1,0,0,0,0
penal,Direito Penal,Penal,ES,0,Alta,24,Ação penal por crime contra o patrimônio,0.6,0,1,1,0,0,0,1,0
consumidor,Direito do Consumidor,Civil,CE,30512,Baixa,7,Vício em produto com pedido de substituição,0.8,0,0,1,0,0,0,0,0
consumidor,Direito do Consumidor,Civil,DF,5777,Média,10,Propaganda enganosa com pedido de indenização,0.85,0,0,1,0,1,0,0,0
trabalhista,Direito Trabalhista,Trabalhista,ES,32693,Alta,11,Equiparação salarial entre empregados,0.8,1,1,0,0,0,0,0,0
consumidor,Direito do Consumidor,Civil,BA,8233,Baixa,6,Vício em produto com pedido de substituição,0.8,0,0,1,0,0,0,0,0
trabalhista,Direito Trabalhista,Trabalhista,MG,54082,Alta,14,Cobrança de verbas rescisórias não pagas,0.75,0,1,0,0,0,0,0,0
trabalhista,Direito Trabalhista,Trabalhista,DF,22713,Alta,15,Cobrança de verbas rescisórias não pagas,0.75,0,0,0,0,1,0,0,0
agrario,Direito Agrário,Agrário,DF,532745,Média,15,Ação de usucapião de imóvel rural,0.65,1,0,0,1,0,0,0,0
agrario,Direito Agrário,Agrário,MT,2323708,Alta,18,Conflito de terras entre posseiros,0.65,1,0,0,1,0,0,0,0
empresarial,Direito Empresarial,Empresarial,MG,17551594,Média,14,Processo jurídico na área de empresarial,0.78,0,0,0,0,1,0,0,1
trabalhista,Direito Trabalhista,Trabalhista,RJ,74069,Média,8,Equiparação salarial entre empregados,0.75,1,0,0,0,0,0,0,0
agrario,Direito Agrário,Agrário,MT,3346625,Baixa,11,Desapropriação para fins de reforma agrária,0.7,1,0,1,1,0,0,0,0
agrario,Direito Agrário,Agrário,GO,326840,Média,15,Desapropriação para fins de reforma agrária,0.7,1,0,1,1,0,0,0,0
tributario,Direito Tributário,Tributário,PR,6322799,Alta,32,Repetição de indébito tributário,0.65,0,1,0,0,0,0,0,0
previdenciario,Direito Previdenciário,Previdenciário,BA,196584,Média,16,Processo jurídico na área de previdenciario,0.77,0,0,0,0,1,0,0,0
civil,Direito Civil,Civil,MT,48008,Baixa,8,Ação de indenização por danos morais e materiais decorrente de acidente de trânsito,0.8,1,1,1,0,0,0,0,0
trabalhista,Direito Trabalhista,Trabalhista,PR,87250,Média,8,Cobrança de verbas rescisórias não pagas,0.85,1,1,0,0,1,0,0,0
agrario,Direito Agrário,Agrário,RS,3164590,Alta,21,Ação de usucapião de imóvel rural,0.6,1,0,0,0,0,0,0,0
trabalhista,Direito Trabalhista,Trabalhista,CE,82453,Média,8,Ação de rescisão indireta por assédio moral,0.85,1,1,0,0,1,0,0,0
civil,Direito Civil,Civil,BA,186715,Média,12,Ação de indenização por danos morais e materiais decorrente de acidente de trânsito,0.75,1,1,0,0,0,0,0,0
trabalhista,Direito Trabalhista,Trabalhista,RS,84219,Média,8,Ação de rescisão indireta por assédio moral,0.85,1,1,0,0,1,0,0,0
civil,Direito Civil,Civil,CE,101995,Baixa,10,Ação de indenização por danos morais e materiais decorrente de acidente de trânsito,0.7,0,1,0,0,0,0,0,0
previdenciario,Direito Previdenciário,Previdenciário,DF,148373,Média,16,Processo jurídico na área de previdenciario,0.87,1,0,0,1,1,0,0,0
previdenciario,Direito Previdenciário,Previdenciário,PR,136566,Baixa,14,Processo jurídico na área de previdenciario,0.82,1,0,0,0,1,0,0,0
consumidor,Direito do Consumidor,Civil,MS,14680,Média,10,Vício em produto com pedido de substituição,0.9,0,1,1,0,1,0,0,0
civil,Direito Civil,Civil,MT,395790,Média,12,Ação de indenização por danos morais e materiais decorrente de acidente de trânsito,0.8,1,1,1,0,0,0,0,0
constitucional,Direito Constitucional,Constitucional,SP,0,Média,30,Processo jurídico na área de constitucional,0.63,0,1,0,0,0,0,1,1
tributario,Direito Tributário,Tributário,PE,6100035,Alta,30,Execução fiscal de débito previdenciário,0.7,0,1,1,0,0,0,0,0
penal,Direito Penal,Penal,RS,0,Média,18,Investigação de crime tributário,0.55,0,1,1,0,0,0,0,0
administrativo,Direito Administrativo,Administrativo,ES,518459,Alta,23,Processo jurídico na área de administrativo,0.62,0,1,1,0,0,0,0,0
penal,Direito Penal,Penal,ES,0,Baixa,16,Investigação de crime tributário,0.5,0,0,0,0,0,0,1,0
civil,Direito Civil,Civil,MS,453710,Alta,15,Ação de indenização por danos morais e materiais decorrente de acidente de trânsito,0.7,1,0,0,0,0,0,0,0
penal,Direito Penal,Penal,MS,0,Média,18,Ação penal por crime ambiental,0.5,0,1,0,0,0,0,0,0
civil,Direito Civil,Civil,MT,167043,Alta,15,Rescisão contratual com pedido de restituição de valores,0.7,0,0,1,0,0,0,0,0
previdenciario,Direito Previdenciário,Previdenciário,RS,43423,Baixa,12,Processo jurídico na área de previdenciario,0.82,0,0,0,1,1,0,0,0
consumidor,Direito do Consumidor,Civil,SP,48731,Média,10,Cobrança indevida de tarifa bancária com pedido de repetição,0.8,0,0,0,0,1,0,0,0
tributario,Direito Tributário,Tributário,MS,1502965,Média,24,Repetição de indébito tributário,0.7,1,1,0,0,0,0,0,0
tributario,Direito Tributário,Tributário,SC,3054733,Alta,31,Mandado de segurança contra cobrança de ICMS,0.75,1,1,1,0,0,0,0,0
trabalhista,Direito Trabalhista,Trabalhista,SC,58701,Alta,15,Equiparação salarial entre empregados,0.8,0,1,0,0,1,0,0,0
civil,Direito Civil,Civil,MT,194934,Média,12,Cobrança de dívida com pedido de penhora de bens,0.7,0,1,0,0,0,0,0,0
empresarial,Direito Empresarial,Empresarial,BA,12739175,Alta,22,Processo jurídico na área de empresarial,0.78,0,0,0,0,1,0,0,1
consumidor,Direito do Consumidor,Civil,DF,7624,Baixa,9,Vício em produto com pedido de substituição,0.85,0,1,1,0,0,0,0,0
trabalhista,Direito Trabalhista,Trabalhista,PE,58478,Alta,14,Ação de rescisão indireta por assédio moral,0.8,1,1,0,0,0,0,0,0
trabalhista,Direito Trabalhista,Trabalhista,SC,4154,Baixa,6,Equiparação salarial entre empregados,0.8,0,1,0,0,1,0,0,0
agrario,Direito Agrário,Agrário,SP,2790431,Média,15,Conflito de terras entre posseiros,0.65,0,0,1,1,0,0,0,0
constitucional,Direito Constitucional,Constitucional,MG,0,Média,30,Processo jurídico na área de constitucional,0.63,0,1,0,0,0,0,1,1
consumidor,Direito do Consumidor,Civil,ES,38478,Média,10,Propaganda enganosa com pedido de indenização,0.9,0,1,1,0,1,0,0,0
empresarial,Direito Empresarial,Empresarial,SC,41143202,Baixa,13,Processo jurídico na área de empresarial,0.78,0,1,0,0,0,0,0,1
agrario,Direito Agrário,Agrário,MT,3485182,Média,15,Desapropriação para fins de reforma agrária,0.65,1,0,1,0,0,0,0,0
trabalhista,Direito Trabalhista,Trabalhista,CE,5791,Alta,13,Reclamação trabalhista com pedido de horas extras,0.8,0,1,0,0,1,0,0,0
administrativo,Direito Administrativo,Administrativo,GO,603003,Alta,25,Processo jurídico na área de administrativo,0.62,0,1,0,0,0,0,1,0
previdenciario,Direito Previdenciário,Previdenciário,BA,29022,Alta,21,Processo jurídico na área de previdenciario,0.82,0,0,0,1,1,0,0,0
civil,Direito Civil,Civil,PE,462527,Alta,17,Rescisão contratual com pedido de restituição de valores,0.8,1,1,1,0,0,0,0,0
civil,Direito Civil,Civil,PE,62876,Média,12,Cobrança de dívida com pedido de penhora de bens,0.7,0,0,1,0,0,0,0,0
penal,Direito Penal,Penal,MG,0,Média,18,Ação penal por crime ambiental,0.55,0,0,1,0,0,0,1,0
civil,Direito Civil,Civil,RJ,461295,Média,12,Cobrança de dívida com pedido de penhora de bens,0.75,1,0,1,0,0,0,0,0
consumidor,Direito do Consumidor,Civil,SC,26426,Média,10,Vício em produto com pedido de substituição,0.9,0,1,1,0,1,0,0,0
tributario,Direito Tributário,Tributário,MG,9270940,Média,24,Repetição de indébito tributário,0.7,1,0,1,0,0,0,0,0
tributario,Direito Tributário,Tributário,DF,6490324,Alta,29,Repetição de indébito tributário,0.65,0,0,1,0,0,0,0,0
agrario,Direito Agrário,Agrário,GO,3048755,Média,15,Regularização fundiária de propriedade rural,0.7,1,0,1,1,0,0,0,0
civil,Direito Civil,Civil,SP,127376,Alta,20,Rescisão contratual com pedido de restituição de valores,0.75,0,1,1,0,0,0,0,0
civil,Direito Civil,Civil,ES,451772,Média,12,Rescisão contratual com pedido de restituição de valores,0.75,1,1,0,0,0,0,0,0
civil,Direito Civil,Civil,GO,190162,Baixa,9,Rescisão contratual com pedido de restituição de valores,0.75,0,1,1,0,0,0,0,0
consumidor,Direito do Consumidor,Civil,MT,47555,Média,10,Propaganda enganosa com pedido de indenização,0.9,0,1,1,0,1,0,0,0
penal,Direito Penal,Penal,MG,0,Média,18,Ação penal por crime ambiental,0.5,0,0,1,0,0,0,0,0
previdenciario,Direito Previdenciário,Previdenciário,CE,111070,Alta,24,Processo jurídico na área de previdenciario,0.77,1,0,0,0,0,0,0,0
empresarial,Direito Empresarial,Empresarial,RS,23557031,Média,14,Processo jurídico na área de empresarial,0.73,0,0,0,0,0,0,0,1
agrario,Direito Agrário,Agrário,MS,2333879,Média,15,Desapropriação para fins de reforma agrária,0.65,1,0,0,1,0,0,0,0
civil,Direito Civil,Civil,RJ,435486,Média,12,Cobrança de dívida com pedido de penhora de bens,0.8,1,1,1,0,0,0,0,0
trabalhista,Direito Trabalhista,Trabalhista,BA,16047,Média,8,Cobrança de verbas rescisórias não pagas,0.8,0,1,0,0,1,0,0,0
consumidor,Direito do Consumidor,Civil,BA,4874,Baixa,7,Negativação indevida do nome do consumidor,0.85,0,1,0,0,1,0,0,0
tributario,Direito Tributário,Tributário,PR,1191821,Média,24,Repetição de indébito tributário,0.7,1,1,0,0,0,0,0,0
civil,Direito Civil,Civil,RS,95940,Alta,15,Cobrança de dívida com pedido de penhora de bens,0.8,1,1,1,0,0,0,0,0
trabalhista,Direito Trabalhista,Trabalhista,PE,60528,Média,8,Reclamação trabalhista com pedido de horas extras,0.75,0,0,0,0,1,0,0,0
penal,Direito Penal,Penal,PR,0,Baixa,14,Ação penal por crime ambiental,0.6,0,1,1,0,0,0,1,0
civil,Direito Civil,Civil,DF,174685,Média,12,Ação de despejo por falta de pagamento,0.75,0,1,1,0,0,0,0,0
tributario,Direito Tributário,Tributário,CE,2087047,Alta,28,Repetição de indébito tributário,0.75,1,1,1,0,0,0,0,0
trabalhista,Direito Trabalhista,Trabalhista,BA,77758,Baixa,7,Ação de rescisão indireta por assédio moral,0.85,1,1,0,0,1,0,0,0
civil,Direito Civil,Civil,MG,426071,Baixa,11,Rescisão contratual com pedido de restituição de valores,0.75,1,1,0,0,0,0,0,0
civil,Direito Civil,Civil,MS,36735,Alta,15,Ação de despejo por falta de pagamento,0.75,0,1,1,0,0,0,0,0
constitucional,Direito Constitucional,Constitucional,RJ,0,Alta,34,Processo jurídico na área de constitucional,0.63,0,1,0,0,0,0,1,1
consumidor,Direito do Consumidor,Civil,SC,34064,Baixa,9,Negativação indevida do nome do consumidor,0.8,0,0,0,0,1,0,0,0
consumidor,Direito do Consumidor,Civil,MG,26775,Alta,14,Negativação indevida do nome do consumidor,0.8,0,1,0,0,0,0,0,0
tributario,Direito Tributário,Tributário,PR,1150733,Alta,31,Ação anulatória de auto de infração,0.7,0,1,1,0,0,0,0,0
agrario,Direito Agrário,Agrário,MT,4931663,Média,15,Ação de usucapião de imóvel rural,0.7,1,0,1,1,0,0,0,0
trabalhista,Direito Trabalhista,Trabalhista,SP,70259,Média,8,Equiparação salarial entre empregados,0.85,1,1,0,0,1,0,0,0
trabalhista,Direito Trabalhista,Trabalhista,MT,92981,Baixa,7,Equiparação salarial entre empregados,0.85,1,1,0,0,1,0,0,0
trabalhista,Direito Trabalhista,Trabalhista,ES,85856,Média,8,Cobrança de verbas rescisórias não pagas,0.75,0,1,0,0,0,0,0,0
consumidor,Direito do Consumidor,Civil,RS,25836,Baixa,9,Cobrança indevida de tarifa bancária com pedido de repetição,0.85,0,1,0,0,1,0,0,0
agrario,Direito Agrário,Agrário,SC,4013462,Média,15,Regularização fundiária de propriedade rural,0.65,0,0,1,1,0,0,0,0
civil,Direito Civil,Civil,MT,340877,Baixa,9,Ação de indenização por danos morais e materiais decorrente de acidente de trânsito,0.75,1,1,0,0,0,0,0,0
penal,Direito Penal,Penal,GO,0,Alta,24,Investigação de crime tributário,0.5,0,1,0,0,0,0,0,0
civil,Direito Civil,Civil,ES,199571,Média,12,Rescisão contratual com pedido de restituição de valores,0.7,0,0,1,0,0,0,0,0
agrario,Direito Agrário,Agrário,BA,3345788,Alta,23,Regularização fundiária de propriedade rural,0.7,1,0,1,1,0,0,0,0
civil,Direito Civil,Civil,ES,11040,Média,12,Ação de indenização por danos morais e materiais decorrente de acidente de trânsito,0.75,1,1,0,0,0,0,0,0
trabalhista,Direito Trabalhista,Trabalhista,RS,96769,Alta,14,Reclamação trabalhista com pedido de horas extras,0.8,0,1,0,0,1,0,0,0
civil,Direito Civil,Civil,BA,439094,Média,12,Cobrança de dívida com pedido de penhora de bens,0.7,0,1,0,0,0,0,0,0
civil,Direito Civil,Civil,MS,125233,Média,12,Rescisão contratual com pedido de restituição de valores,0.75,0,1,1,0,0,0,0,0
previdenciario,Direito Previdenciário,Previdenciário,ES,74771,Baixa,13,Processo jurídico na área de previdenciario,0.82,0,0,0,1,1,0,0,0
consumidor,Direito do Consumidor,Civil,BA,20496,Média,10,Cobrança indevida de tarifa bancária com pedido de repetição,0.9,0,1,1,0,1,0,0,0
administrativo,Direito Administrativo,Administrativo,ES,278536,Alta,26,Processo jurídico na área de administrativo,0.62,0,0,1,0,0,0,1,0
penal,Direito Penal,Penal,PE,0,Alta,23,Investigação de crime tributário,0.6,0,1,1,0,0,0,1,0
civil,Direito Civil,Civil,SP,116861,Alta,17,Ação de indenização por danos morais e materiais decorrente de acidente de trânsito,0.7,0,1,0,0,0,0,0,0
ambiental,Direito Ambiental,Ambiental,MT,56811622,Alta,26,Processo jurídico na área de ambiental,0.73,0,0,0,1,0,0,1,1
