foro,juiz,area,valor_causa,ano,prescricao,impugnacao_pericia,nulidade_prova,acordo_proposto,ilegitimidade,decadencia,vitoria
RJ,J02,agrário,7836.69880607978,2024,1,0,1,1,0,1,1
RS,J03,agrário,11000.76094554178,2021,1,0,0,0,1,1,1
RS,J02,agrário,30540.53510192847,2022,1,1,0,1,0,1,1
RJ,J02,trabalhista,50306.27798722575,2024,0,1,1,0,1,0,0
RS,J02,agrário,31465.0128642831,2022,0,1,0,1,0,0,1
RS,J01,agrário,36582.40134371437,2024,1,1,1,1,1,1,1
MG,J02,cível,27484.42363756044,2020,1,1,0,1,1,0,1
RS,J03,agrário,11766.122608576068,2024,1,0,0,0,0,0,0
RS,J01,cível,33154.16036893795,2022,1,0,0,1,1,1,0
RS,J01,cível,7705.972593852381,2020,0,0,1,1,1,0,1
RJ,J02,consumidor,10199.235486450007,2023,0,0,1,0,1,0,0
SP,J01,agrário,19016.875834345985,2022,0,0,0,0,1,1,0
RJ,J01,cível,45847.780973709014,2023,1,1,1,0,0,0,0
RJ,J01,consumidor,12474.904413596072,2020,0,0,1,0,0,0,0
RJ,J02,agrário,5215.496094533567,2021,1,1,0,0,0,1,0
RS,J01,consumidor,138834.331296804,2023,0,0,1,1,0,0,1
RS,J01,consumidor,40564.65255390499,2020,1,0,1,0,0,0,1
MG,J03,consumidor,34727.4402148532,2021,1,0,1,1,0,1,1
MG,J01,consumidor,13242.633722092485,2024,0,0,0,0,1,0,1
RJ,J02,cível,84381.99747808273,2021,1,1,1,0,0,0,0
SP,J01,cível,70588.62848052762,2020,1,0,1,0,0,0,1
RJ,J03,cível,30172.199222498108,2022,0,0,0,0,1,0,1
RJ,J01,consumidor,27159.85700916353,2024,1,1,0,0,0,0,0
SP,J03,agrário,61131.790509002305,2021,0,0,1,0,0,1,0
RS,J03,trabalhista,58321.27330776371,2023,0,1,0,0,1,1,0
SP,J01,consumidor,27151.301035832395,2021,0,0,0,0,0,1,1
RJ,J03,cível,12003.75926114805,2021,1,0,0,0,0,0,1
SP,J01,trabalhista,9451.455789109761,2022,0,0,1,1,0,1,1
RJ,J01,trabalhista,115089.84106619333,2024,1,0,0,0,1,1,1
RS,J01,cível,35011.403639786455,2020,0,0,0,0,0,0,0
MG,J02,trabalhista,34901.35208580899,2024,1,0,0,1,0,0,1
RJ,J03,cível,10337.984871527397,2021,0,0,0,1,0,1,0
SP,J02,agrário,100169.10680361192,2021,0,1,0,0,0,0,1
SP,J01,trabalhista,57724.03232021768,2024,0,0,0,1,0,1,0
RS,J01,trabalhista,24330.685759530697,2024,0,0,1,1,1,0,0
RJ,J02,consumidor,1827.0592509688395,2022,1,1,0,0,0,1,1
MG,J02,cível,75009.6805590042,2021,1,0,0,1,1,1,0
RJ,J02,agrário,6872.904996917037,2020,0,0,1,1,1,1,0
SP,J01,agrário,19813.57598299123,2021,0,1,1,0,0,0,0
SP,J03,consumidor,6004.759926442109,2024,0,0,1,0,0,0,1
SP,J03,trabalhista,11461.791259733944,2021,1,0,0,1,1,1,0
SP,J01,consumidor,8064.555887180335,2024,1,0,0,1,1,0,0
SP,J02,cível,16788.419783224417,2020,1,0,0,0,1,1,0
MG,J01,cível,11017.325571131161,2023,1,1,1,0,1,1,0
SP,J02,cível,98600.24896532952,2022,0,1,0,0,0,1,1
MG,J01,trabalhista,169535.8207318037,2023,1,0,0,0,1,0,1
MG,J01,cível,7766.3035685910245,2020,1,1,1,0,1,1,1
RS,J03,cível,32930.47879329686,2022,0,0,1,1,0,1,0
RJ,J03,consumidor,118241.69589493539,2022,0,0,1,0,0,1,0
SP,J03,trabalhista,20810.04565053069,2021,1,1,0,1,0,1,0
RJ,J03,trabalhista,71187.8157759525,2024,0,1,1,1,0,0,0
RJ,J02,trabalhista,7605.321652093931,2022,0,0,1,1,1,1,0
RJ,J02,consumidor,14210.707442365721,2023,0,1,1,0,0,1,0
RJ,J03,agrário,13729.857292179391,2024,1,0,0,0,0,0,0
RJ,J02,agrário,24426.156451535142,2021,0,0,0,0,0,1,0
RJ,J03,agrário,45018.91676135223,2020,1,0,0,0,0,0,0
RS,J02,consumidor,11217.214915146145,2021,0,0,1,1,0,0,1
RS,J01,trabalhista,24971.468321065877,2021,0,1,0,0,1,0,0
MG,J02,trabalhista,6741.325450055408,2022,1,1,1,1,0,0,1
RS,J03,trabalhista,4061.493549808738,2023,0,0,0,0,0,1,0
RS,J02,cível,23430.921977574253,2024,0,0,1,1,1,0,0
RS,J02,trabalhista,4522.306621354712,2023,0,1,1,0,0,0,0
RS,J01,cível,13486.790146531339,2020,1,0,0,0,1,0,0
RS,J02,agrário,19689.539234559015,2024,0,0,1,0,1,0,0
RJ,J03,consumidor,32781.69468221363,2021,0,0,0,1,0,0,0
RJ,J03,trabalhista,6628.916362405931,2024,0,1,0,0,1,0,0
RS,J03,agrário,28821.71838633166,2024,0,0,1,1,1,0,0
MG,J02,consumidor,41870.72012392483,2022,0,0,0,1,0,0,1
SP,J02,agrário,16591.284803319693,2021,1,0,0,0,0,1,0
RS,J01,cível,71971.9206649347,2022,1,1,1,0,0,0,1
SP,J02,cível,2435.2816204111555,2020,0,0,1,1,0,0,0
RS,J02,agrário,7433.762365994188,2021,0,0,1,1,1,0,0
RJ,J02,trabalhista,16372.365251562142,2020,0,1,1,0,1,0,1
MG,J03,consumidor,11976.375495241722,2022,1,1,1,0,1,0,0
MG,J01,trabalhista,10083.498132481385,2020,0,0,0,1,0,0,0
RS,J03,trabalhista,48488.34656218447,2020,0,0,1,1,1,1,0
RS,J03,cível,45158.63011509426,2020,0,0,0,0,1,0,1
RS,J03,trabalhista,57297.634017125834,2024,1,0,0,1,0,0,0
RJ,J02,consumidor,7805.686521898254,2024,0,1,0,1,0,1,0
RJ,J01,trabalhista,36836.713401719986,2020,1,1,1,1,0,1,0
RJ,J03,consumidor,4964.923063223626,2022,1,0,0,1,0,1,1
RJ,J02,agrário,13405.076094774555,2024,0,0,0,1,0,0,0
RJ,J02,agrário,17394.016129281525,2020,1,1,0,0,1,0,1
RJ,J02,agrário,23088.70164596832,2020,1,1,0,0,1,1,0
RJ,J01,consumidor,15551.894203114385,2023,0,1,0,0,1,1,0
RS,J01,agrário,41863.00799233007,2020,0,1,1,1,1,1,1
RJ,J02,cível,45078.48985726239,2024,1,0,0,0,0,1,1
RJ,J02,agrário,18174.919150252317,2024,1,0,0,1,1,0,0
SP,J01,cível,6412.732337896024,2024,0,1,0,1,0,0,1
MG,J02,cível,6971.894916260387,2022,0,0,0,0,1,1,0
RS,J02,agrário,11263.966224330163,2023,1,0,1,0,1,1,0
RJ,J03,cível,42641.29682180356,2022,1,0,1,1,0,1,0
RJ,J02,consumidor,16765.813237220627,2020,0,0,0,1,0,1,0
RJ,J03,consumidor,7256.498999237944,2020,1,0,1,0,1,0,0
RJ,J02,consumidor,77089.22651851474,2022,1,0,1,0,1,1,0
RS,J02,trabalhista,18790.924128858478,2021,0,1,0,1,1,1,0
SP,J02,consumidor,5727.235561285371,2023,1,1,1,0,1,1,1
MG,J03,cível,97773.18033548153,2023,1,0,0,0,1,1,0
RJ,J03,cível,10799.40907425344,2021,0,0,0,0,0,1,0
RS,J02,trabalhista,98205.37334899131,2020,1,1,1,1,1,1,1
RJ,J01,agrário,32218.983821457114,2020,1,0,1,0,1,0,0
SP,J03,consumidor,109644.76173228111,2023,0,1,1,0,0,0,1
RJ,J02,cível,72170.96593797488,2024,1,1,1,1,0,0,0
RS,J01,cível,61472.42558136395,2021,0,0,0,0,1,1,0
SP,J01,cível,7966.487400216893,2022,1,1,1,1,1,1,0
RJ,J03,consumidor,8556.341979311912,2023,0,0,1,1,1,1,0
MG,J01,consumidor,140144.48907802496,2024,0,1,0,1,1,1,0
RJ,J01,trabalhista,14131.305090917,2024,0,0,0,0,0,1,0
SP,J03,trabalhista,33817.81302263675,2020,0,0,0,1,1,0,1
MG,J01,consumidor,14960.954204905278,2021,0,1,1,0,1,0,1
MG,J02,cível,130088.65059367208,2022,0,0,1,0,0,0,0
RS,J02,trabalhista,57634.364569287034,2024,1,0,0,1,0,0,1
RS,J03,consumidor,4938.279351658275,2022,0,0,0,1,0,1,0
RS,J01,consumidor,43290.47360999568,2023,1,0,0,0,0,0,1
SP,J01,consumidor,28108.574991201072,2023,0,0,0,0,0,0,0
RS,J02,cível,28481.677910781982,2022,0,0,0,1,0,1,0
RS,J02,cível,7925.96816427391,2020,0,1,0,0,1,1,0
RS,J03,cível,45918.426176578534,2024,0,0,1,0,0,1,0
RJ,J03,trabalhista,47802.9025099954,2022,1,0,0,1,0,1,1
MG,J02,trabalhista,53351.98045565832,2024,1,0,1,0,0,1,0
RS,J01,consumidor,8485.1263900398,2021,0,1,1,1,1,0,0
RJ,J03,trabalhista,1296.8351288788574,2023,0,0,1,0,1,1,0
RS,J01,consumidor,82575.71336807743,2020,1,1,1,0,1,0,1
SP,J03,trabalhista,50323.69369895709,2022,0,0,1,0,0,0,1
RJ,J03,agrário,204071.17457685535,2023,0,1,0,0,0,0,0
RJ,J02,consumidor,10025.363569446341,2021,0,0,0,1,1,0,1
RS,J03,trabalhista,72135.81928397168,2022,0,0,1,0,0,0,1
RJ,J01,trabalhista,23311.180642639218,2024,1,1,0,1,1,0,0
MG,J03,consumidor,91376.51196822668,2020,0,0,0,1,1,1,1
MG,J02,cível,39310.57681214876,2021,1,1,0,1,1,1,1
SP,J03,agrário,59596.65061883234,2022,0,0,1,0,1,1,0
MG,J03,agrário,6297.957798657554,2024,1,1,1,1,0,0,1
MG,J01,cível,4614.739732017022,2024,0,1,0,1,0,1,1
SP,J02,consumidor,13314.233085939199,2024,1,0,0,0,0,1,1
RJ,J03,cível,10100.426401984081,2024,1,0,1,1,1,1,1
RJ,J03,agrário,55863.5600206445,2020,1,0,0,1,0,0,1
MG,J01,agrário,6058.618807459795,2023,0,1,1,1,0,1,1
RS,J03,consumidor,278042.76449431654,2023,0,1,0,1,0,0,0
MG,J03,consumidor,62482.68721246195,2020,0,0,0,1,0,1,0
MG,J01,consumidor,17939.816110146494,2020,1,0,0,0,0,1,0
SP,J03,cível,9519.899983380361,2024,1,0,1,0,0,1,0
SP,J02,consumidor,69138.30506346097,2023,0,1,0,0,1,1,0
RS,J01,agrário,51848.37219527978,2022,0,1,1,1,0,1,0
SP,J01,agrário,23601.620069896308,2021,0,0,0,1,0,1,0
RS,J01,agrário,8652.26748118499,2022,1,0,1,1,0,1,1
SP,J02,consumidor,27051.446375879506,2024,0,0,0,0,1,0,1
RJ,J01,trabalhista,2605.0551206797245,2020,0,1,1,1,1,0,0
RS,J02,cível,18282.59663429228,2021,0,1,0,0,0,0,0
RJ,J03,trabalhista,12956.631849236614,2022,1,1,1,0,1,0,1
RS,J03,trabalhista,7560.438491665123,2020,0,0,0,1,0,0,0
SP,J03,trabalhista,12076.01811364791,2023,0,1,0,0,0,0,0
RJ,J01,agrário,14494.644923409494,2024,0,0,1,1,0,0,0
MG,J03,cível,7598.920806515403,2024,0,1,1,0,0,0,1
RS,J02,trabalhista,117514.1364489344,2020,0,0,0,0,0,1,0
MG,J01,trabalhista,10352.47104062752,2022,1,1,1,0,0,1,1
RS,J01,cível,7515.414565684647,2022,0,0,1,0,0,0,0
SP,J02,trabalhista,38209.02823840639,2024,0,1,0,1,0,1,0
SP,J03,agrário,9282.646261244254,2024,1,0,0,1,1,0,1
RJ,J02,agrário,7383.826272912004,2020,0,0,1,1,0,0,1
MG,J03,cível,52579.28792070597,2020,1,0,1,1,0,1,0
SP,J01,trabalhista,35073.87303999657,2021,1,1,0,1,0,0,1
MG,J03,cível,6159.726348001603,2023,1,1,1,1,1,1,1
RS,J02,trabalhista,61842.34225456681,2021,0,0,0,1,0,0,0
MG,J03,cível,20880.570256784224,2023,0,1,0,0,0,1,1
RS,J02,consumidor,9380.890947574044,2021,0,1,0,1,0,0,1
MG,J02,trabalhista,7153.835338489974,2024,1,1,1,0,1,1,1
SP,J03,trabalhista,70682.94531855188,2021,0,1,0,0,1,1,0
RS,J03,agrário,22588.327351563777,2022,0,1,1,1,0,1,0
MG,J03,consumidor,60561.58180486676,2021,0,0,1,0,1,1,1
SP,J02,agrário,26460.364390935752,2021,1,0,0,0,1,1,0
RS,J01,cível,18779.494864960965,2023,1,1,0,1,0,0,0
RS,J01,cível,10694.575546478372,2022,1,0,1,1,0,0,1
RS,J02,agrário,18873.24826830257,2023,0,1,0,0,1,1,0
RJ,J03,consumidor,27749.07895751155,2021,1,0,1,1,1,1,1
RS,J01,cível,13849.989469116592,2020,0,0,0,1,1,1,0
RS,J01,trabalhista,18222.4890135075,2024,0,0,1,1,1,0,0
MG,J03,agrário,7135.9145651614235,2022,0,1,1,1,0,1,0
RJ,J02,agrário,10747.219405461017,2024,0,1,1,1,0,1,0
SP,J01,trabalhista,47064.95763497297,2021,1,0,0,1,0,1,0
SP,J02,trabalhista,13124.101090080718,2021,1,0,0,0,0,1,1
SP,J02,consumidor,43707.03599681068,2024,0,0,0,1,1,0,0
SP,J01,consumidor,15853.873782234761,2021,1,1,0,0,0,0,1
MG,J02,cível,24773.68420040303,2022,1,0,0,1,0,1,1
MG,J02,cível,15764.925497223978,2023,0,1,0,0,1,0,0
RJ,J01,consumidor,9976.975870336444,2024,0,0,1,1,0,1,0
RJ,J02,consumidor,24728.479610100338,2021,1,1,0,1,0,0,1
SP,J01,consumidor,20601.1389476793,2020,0,0,0,0,1,1,0
RJ,J02,trabalhista,123396.71900297079,2021,0,0,1,0,1,0,0
RJ,J01,consumidor,12870.757397926389,2021,0,0,1,0,0,0,0
RS,J03,trabalhista,1054.3614709687517,2022,0,1,0,1,0,1,0
SP,J03,consumidor,55237.901266386776,2022,0,1,1,1,1,0,1
RJ,J01,agrário,38320.989853054416,2020,1,0,0,0,0,0,1
RS,J03,trabalhista,165746.79191303995,2023,0,0,1,0,0,0,0
RS,J02,trabalhista,48627.59672635994,2023,1,1,1,0,0,0,1
MG,J02,cível,20685.420375866386,2021,1,0,0,1,1,0,0
MG,J02,agrário,3318.491859264272,2022,0,1,0,1,0,1,0
RJ,J01,agrário,15956.881258322961,2023,0,0,0,0,1,0,0
SP,J01,trabalhista,60974.72582163026,2020,1,0,0,1,0,0,0
RJ,J02,trabalhista,9282.731059510457,2024,1,0,0,1,0,1,0
SP,J03,trabalhista,58550.177214603085,2022,0,1,1,0,0,1,1
SP,J03,trabalhista,107992.36220728506,2020,1,1,1,0,0,1,0
SP,J03,cível,40597.504888888616,2020,1,0,1,1,0,0,0
SP,J01,agrário,15396.240770234846,2024,0,1,0,1,1,1,0
SP,J02,agrário,13658.458779393886,2023,0,1,1,0,1,1,0
RS,J02,consumidor,43088.67646334194,2020,1,0,1,0,1,0,0
RS,J02,consumidor,98704.79027157633,2023,1,1,1,0,1,1,0
MG,J03,cível,111785.6227425583,2023,0,0,0,1,1,0,1
RS,J01,cível,29078.93471017364,2024,0,1,0,0,0,0,0
RJ,J03,trabalhista,102736.3250320748,2021,0,1,0,0,1,0,0
MG,J03,consumidor,18549.222610759032,2023,0,0,0,0,0,0,0
SP,J03,agrário,13964.96526725426,2021,1,0,1,0,1,0,0
RJ,J03,trabalhista,17305.31287684107,2021,0,1,0,0,0,0,0
RJ,J03,agrário,10317.538063878881,2021,0,1,0,0,1,0,0
MG,J02,consumidor,13513.798492977394,2023,0,0,1,0,0,1,0
RJ,J01,trabalhista,12379.170304186911,2021,0,1,1,1,1,0,0
MG,J02,agrário,15022.347794409225,2021,1,1,0,1,1,1,0
RS,J01,trabalhista,11454.856366490516,2024,1,1,1,1,0,1,1
MG,J03,trabalhista,45710.991540304945,2023,1,0,0,0,0,0,1
MG,J02,agrário,39310.60304887933,2021,1,1,1,1,0,1,0
SP,J01,cível,16441.65063334281,2023,0,0,1,1,1,0,0
SP,J01,consumidor,50898.883911563535,2021,1,1,1,1,1,0,0
RJ,J03,cível,18397.519835150513,2022,0,0,1,1,0,1,0
SP,J02,agrário,3142.0863160461777,2024,1,1,0,1,0,0,1
RJ,J02,cível,51309.84060972971,2023,1,1,1,1,1,1,0
MG,J01,consumidor,7778.296249857919,2024,1,1,0,1,0,1,1
MG,J01,agrário,44798.34110753021,2024,1,0,1,1,0,0,1
RJ,J01,trabalhista,10721.245708793978,2022,0,1,1,1,1,1,1
MG,J03,trabalhista,20246.714301964035,2024,0,0,1,1,1,0,0
MG,J01,trabalhista,25133.47330118029,2024,0,1,1,1,0,1,0
RJ,J01,trabalhista,25302.978040143273,2024,0,0,1,1,0,1,0
MG,J03,cível,32584.00956176117,2022,1,1,0,1,1,0,0
RS,J02,cível,19462.378028468742,2024,1,0,0,1,1,0,0
RJ,J01,agrário,14658.32176500743,2021,0,0,1,0,1,0,0
RJ,J01,agrário,48273.126607658894,2022,0,1,1,0,1,0,1
MG,J01,trabalhista,68991.00918857304,2022,1,1,0,1,1,1,0
MG,J02,trabalhista,10882.332865155237,2022,0,1,1,1,1,0,1
SP,J03,trabalhista,8564.966516220178,2020,1,1,0,1,0,0,0
MG,J03,cível,5037.335258935904,2021,0,1,0,0,1,1,1
RJ,J01,trabalhista,67678.85429467363,2023,1,1,0,0,1,0,0
RJ,J01,agrário,30079.355642668143,2023,0,1,1,0,0,1,0
MG,J03,agrário,13407.985947712528,2023,1,1,1,1,0,1,1
MG,J03,consumidor,12645.05845987159,2021,1,0,0,1,0,0,1
SP,J02,consumidor,19428.025188721243,2021,1,0,0,0,1,0,1
SP,J01,trabalhista,10082.96875750822,2021,1,1,0,1,1,1,0
MG,J01,cível,196344.2939052809,2023,1,0,0,0,0,1,0
SP,J02,cível,16991.443626842305,2021,0,1,1,1,1,1,0
RS,J01,trabalhista,25082.290267806282,2021,0,1,0,1,0,0,1
MG,J01,trabalhista,16815.826836954424,2022,0,1,0,1,0,0,1
MG,J03,agrário,9309.903255671525,2022,0,0,0,0,1,0,1
RS,J02,consumidor,5159.439515790515,2020,1,1,0,0,1,1,1
MG,J02,cível,9419.483067860536,2022,0,1,0,1,0,0,0
RJ,J03,cível,8950.78861004157,2020,0,0,1,1,0,0,0
SP,J02,agrário,30933.10887763173,2021,0,0,1,0,0,1,0
MG,J01,trabalhista,9909.32834297238,2023,1,0,1,0,1,1,1
RS,J02,agrário,17306.324146600262,2023,1,1,1,1,1,0,1
MG,J01,cível,27094.053670565158,2024,1,0,0,1,1,0,1
MG,J03,agrário,12284.839432243178,2020,0,1,1,1,1,0,0
RJ,J03,agrário,21170.04453470033,2020,1,0,1,1,0,1,1
RS,J03,trabalhista,8269.009262354839,2024,0,1,0,0,0,0,0
MG,J02,consumidor,111489.7763794597,2020,1,1,0,1,0,0,0
SP,J03,consumidor,6808.913243863244,2020,1,1,0,1,1,0,0
MG,J03,agrário,4473.7293898254,2023,1,0,1,0,0,0,1
RJ,J03,agrário,24022.03770955431,2021,0,1,0,1,0,0,0
SP,J02,cível,17550.921784535116,2024,1,1,0,0,1,1,0
RS,J02,agrário,7862.641213409881,2022,1,1,0,1,1,1,1
SP,J03,agrário,184933.2007862211,2023,0,1,0,0,0,1,1
MG,J02,cível,18661.92542333937,2024,1,0,1,0,1,1,1
RJ,J01,consumidor,10708.735946167908,2022,0,1,1,0,1,1,0
SP,J02,trabalhista,2997.376486928478,2024,1,1,0,0,0,1,1
RJ,J01,trabalhista,28762.783605473633,2020,1,1,0,1,1,1,0
SP,J02,agrário,74555.20201190803,2021,1,1,0,1,1,0,1
MG,J02,consumidor,38553.04019224749,2023,0,1,1,1,0,0,0
RS,J02,consumidor,15059.05469623878,2024,0,0,0,0,1,1,1
SP,J02,consumidor,33811.7103076228,2023,1,1,1,1,1,1,1
SP,J03,cível,1943.0852587548793,2020,1,0,1,1,1,0,0
RS,J01,consumidor,28853.765249638665,2020,0,1,0,0,0,1,1
RJ,J03,cível,20533.91300272786,2023,0,1,1,1,1,0,0
RJ,J01,consumidor,36280.17101206013,2023,1,1,1,0,0,0,0
SP,J01,trabalhista,59298.99188149504,2021,1,0,1,1,0,1,1
MG,J03,agrário,121893.4160086749,2021,0,0,1,0,1,0,0
MG,J03,trabalhista,137978.61165124172,2021,0,1,0,1,0,0,0
RJ,J01,cível,7636.699349746942,2022,1,1,1,1,0,1,1
RJ,J02,cível,27999.28444007086,2022,1,1,0,0,1,1,0
SP,J02,trabalhista,52711.63427360978,2024,1,0,0,1,1,0,0
RS,J02,consumidor,3395.42851882957,2020,1,0,0,0,1,1,0
RS,J03,cível,36961.25839291538,2021,0,0,0,1,0,1,0
SP,J03,agrário,45500.87202406476,2021,0,1,1,1,1,1,0
RJ,J03,cível,7684.832522118811,2020,1,1,1,1,0,1,0
RJ,J02,cível,23133.50005523251,2021,0,0,0,1,1,1,0
RJ,J02,cível,28270.312838897065,2023,0,1,0,1,1,1,0
MG,J03,agrário,9328.723744286479,2024,0,1,1,1,0,0,0
SP,J01,cível,46437.357180831175,2024,1,0,0,1,0,0,1
MG,J03,agrário,31938.827022215602,2022,0,1,1,1,1,1,0
MG,J02,agrário,29428.630094890967,2021,0,0,1,0,1,0,0
SP,J03,consumidor,13641.503133998785,2024,1,1,1,0,1,0,0
RS,J03,cível,21821.09060631146,2022,0,0,1,0,0,0,0
SP,J02,trabalhista,5369.634094639859,2022,1,1,0,0,1,0,0
RS,J03,cível,4014.7099338713797,2021,0,1,0,0,1,0,0
SP,J02,consumidor,12933.952128437038,2020,1,0,1,1,0,1,0
SP,J01,consumidor,89711.19829925125,2021,1,1,0,0,1,0,0
RS,J01,agrário,21016.030435708835,2020,0,1,1,0,1,1,0
MG,J02,cível,11035.702063576578,2023,1,0,1,0,0,0,1
RJ,J02,agrário,4514.928413930578,2024,0,1,1,0,0,0,0
RS,J03,cível,7675.583279228407,2024,0,1,0,1,0,0,0
SP,J03,consumidor,22019.93707075364,2020,0,1,1,1,1,1,1
MG,J01,trabalhista,115896.35583627284,2022,1,1,0,0,1,0,0
RJ,J02,agrário,5089.397193832562,2021,0,1,0,1,0,0,0
MG,J02,trabalhista,93228.62473636724,2021,0,0,1,1,0,0,0
MG,J02,agrário,126202.47490233599,2021,1,1,1,1,0,0,0
SP,J03,agrário,96485.87689967746,2023,1,1,0,0,1,1,0
MG,J01,consumidor,99697.20268799402,2023,0,1,0,0,0,1,0
RJ,J03,trabalhista,29344.080533394,2023,1,1,1,1,1,0,0
RS,J01,trabalhista,13864.841323145909,2024,1,0,0,0,0,0,0
MG,J03,trabalhista,72737.23930835279,2022,0,0,0,0,1,0,0
SP,J01,trabalhista,14779.539198367649,2024,0,1,0,1,0,1,0
RJ,J01,cível,4269.861078107829,2024,0,1,0,0,1,1,1
MG,J02,cível,13494.355705610613,2023,1,0,1,1,0,1,1
MG,J02,agrário,27772.584545769092,2023,1,1,0,0,0,1,0
RS,J01,agrário,107711.33781421416,2021,1,1,0,1,0,1,1
RJ,J03,agrário,9379.656327573231,2023,0,1,1,1,1,0,1
RJ,J01,agrário,119300.44157613043,2023,1,0,1,0,1,0,1
RJ,J02,consumidor,2768.953305559272,2022,1,1,1,1,0,1,0
RJ,J01,trabalhista,47814.678362153754,2022,0,1,1,0,1,0,0
MG,J01,consumidor,1032.9443178427366,2023,0,0,0,1,1,1,0
RJ,J02,cível,27213.672678477702,2021,0,0,0,0,1,1,1
SP,J01,consumidor,22717.532322799965,2022,0,1,1,1,1,0,1
RJ,J02,consumidor,5525.642334078295,2023,1,1,0,1,1,0,1
SP,J02,agrário,22202.943793403207,2020,0,1,1,1,0,1,0
SP,J02,consumidor,17048.272580462268,2022,1,1,1,1,1,0,0
RJ,J03,cível,4778.99023327282,2020,0,1,0,1,0,0,1
MG,J01,consumidor,10706.567702844928,2022,1,1,0,0,0,1,0
RS,J02,consumidor,44945.26127805698,2024,1,0,0,0,0,1,1
RJ,J02,cível,82139.42443019598,2022,1,1,0,0,1,0,0
MG,J01,agrário,32396.79015737981,2023,0,1,1,0,1,1,0
RS,J03,agrário,10772.232636378716,2020,0,0,1,0,1,0,1
RS,J01,trabalhista,42225.72552234714,2024,0,0,0,0,1,0,1
RS,J01,trabalhista,25114.623457350994,2021,1,1,1,1,1,0,0
RJ,J03,trabalhista,9239.694072531234,2024,0,1,1,1,0,1,0
RJ,J01,cível,39310.31056376484,2024,0,1,1,1,0,0,1
RJ,J02,cível,49157.8911217516,2020,0,0,0,1,1,1,1
SP,J03,agrário,50803.258727865825,2020,0,1,0,1,0,0,1
SP,J02,trabalhista,6726.5479555105785,2020,0,0,0,1,0,0,1
RS,J02,trabalhista,33585.60983703088,2022,1,0,1,1,0,0,1
RS,J01,agrário,71221.00757952635,2022,0,1,0,0,0,1,1
RJ,J01,trabalhista,17394.03915886202,2024,1,1,0,0,0,1,0
RJ,J02,consumidor,22553.156479802794,2021,1,1,0,1,0,0,1
SP,J02,consumidor,58643.84102454354,2022,1,0,0,1,0,1,0
SP,J02,consumidor,13532.13224640094,2021,0,0,0,1,1,0,0
RJ,J01,consumidor,28372.135647090774,2024,0,0,1,1,1,1,0
MG,J02,consumidor,16597.122162470412,2020,0,1,1,1,0,1,1
RJ,J01,consumidor,30990.143861911594,2022,1,1,1,0,1,1,0
RJ,J02,trabalhista,3253.78519151509,2022,0,1,0,0,0,0,0
RS,J03,agrário,22543.076721501264,2020,0,1,0,0,0,1,1
SP,J03,cível,12396.95284087193,2024,0,0,0,0,0,1,0
RS,J01,cível,17299.807553372306,2024,0,1,0,1,1,1,1
RJ,J01,trabalhista,21369.14044668857,2024,0,0,1,0,0,1,0
RJ,J03,cível,9917.69723520973,2024,0,0,0,0,0,1,0
RJ,J01,trabalhista,14099.427849558637,2020,1,0,0,0,0,1,0
MG,J01,trabalhista,11636.438047094898,2023,0,0,0,1,0,0,0
SP,J03,trabalhista,11376.85200456461,2022,1,0,1,0,0,1,0
RJ,J03,cível,56849.16133213867,2024,0,0,0,0,0,1,0
RS,J03,agrário,18885.427251249665,2023,1,1,0,1,0,1,1
SP,J01,trabalhista,32597.301134807134,2022,1,0,1,0,0,1,0
MG,J03,trabalhista,7475.3961515153405,2021,0,0,1,1,1,0,1
RJ,J02,trabalhista,9436.549221140824,2024,1,0,1,0,1,0,0
MG,J02,trabalhista,15770.63600652283,2020,0,0,1,0,0,0,1
RJ,J01,cível,13424.808661950588,2021,1,0,0,1,0,1,0
MG,J02,trabalhista,67656.70844889464,2023,1,0,1,0,1,1,0
RJ,J03,consumidor,23628.803964552586,2020,0,0,1,1,0,0,1
RS,J01,cível,85170.09162474108,2020,0,1,0,1,1,0,1
MG,J01,trabalhista,17513.57443675387,2020,1,1,1,1,0,1,0
SP,J03,consumidor,74678.52038378135,2022,1,1,1,0,1,0,0
RJ,J01,consumidor,8337.227828005098,2022,0,1,1,0,0,1,1
MG,J02,consumidor,4902.93844950538,2024,1,0,1,0,0,0,1
RJ,J02,consumidor,29900.834033470994,2021,0,0,1,1,0,0,1
RS,J01,consumidor,25389.75294772371,2022,1,1,0,1,1,0,1
MG,J03,trabalhista,117036.06566885253,2023,1,1,1,0,0,1,1
MG,J02,trabalhista,58938.71800399366,2022,1,0,0,0,1,0,0
MG,J02,agrário,194004.20865045753,2023,1,1,0,1,0,1,0
RS,J02,consumidor,19703.592503241987,2024,1,0,0,0,0,0,1
MG,J02,consumidor,11042.390579264058,2023,0,1,0,1,0,1,0
RJ,J02,cível,5520.968803287924,2022,1,0,0,0,1,1,1
RJ,J01,cível,20616.885250070045,2023,1,0,0,0,1,1,0
SP,J03,trabalhista,21168.33124956765,2021,1,0,0,1,1,1,0
RS,J03,trabalhista,4039.220066055834,2024,0,1,0,1,1,0,0
SP,J02,trabalhista,59184.1462038646,2020,0,0,1,1,1,1,0
SP,J03,cível,83578.02794738654,2021,1,1,1,1,1,1,1
MG,J02,cível,3832.108646006458,2024,1,0,0,1,0,1,1
RJ,J02,agrário,11822.135152246366,2022,1,1,0,0,0,0,0
RJ,J01,agrário,20139.189557331738,2020,1,1,0,0,1,0,0
RS,J01,consumidor,15144.394479913744,2023,0,1,1,1,0,1,1
RJ,J01,cível,12908.626109942039,2024,1,0,0,0,1,0,0
SP,J03,consumidor,17469.738432340604,2020,1,1,0,1,1,0,0
RS,J03,cível,25513.579721597893,2024,1,0,1,0,1,0,0
RJ,J02,cível,15990.74146581286,2021,1,0,1,1,1,1,1
SP,J03,consumidor,76306.50336477518,2021,1,1,0,0,0,0,0
SP,J01,consumidor,51992.21334981408,2021,1,0,0,1,0,1,0
SP,J01,cível,27894.595407379176,2021,0,1,0,0,0,0,0
MG,J03,agrário,275814.77019572095,2022,0,0,0,1,0,1,0
SP,J03,trabalhista,44960.79561817827,2023,0,1,0,1,1,1,1
RS,J03,cível,5304.596749732167,2024,1,0,0,1,1,1,1
RJ,J01,consumidor,14648.546066697816,2020,1,1,1,1,0,0,0
SP,J02,consumidor,69321.17861395274,2023,0,0,0,0,1,1,1
RJ,J02,trabalhista,21156.999798038596,2024,0,1,0,0,1,1,0
RS,J02,consumidor,28269.17523337725,2023,0,1,1,1,1,1,1
MG,J01,consumidor,33641.54246304754,2021,1,1,0,1,0,1,0
MG,J01,cível,23741.107182498705,2023,0,1,0,0,1,0,1
SP,J01,trabalhista,196463.1688926642,2023,1,0,1,0,1,0,0
SP,J03,cível,36188.74796764526,2023,1,0,1,1,0,1,0
RS,J02,cível,9434.94192489846,2020,0,0,1,0,0,1,0
MG,J02,trabalhista,16642.036098830882,2021,0,1,0,0,1,1,0
RS,J02,cível,27518.764805449133,2024,1,1,1,0,1,0,1
SP,J02,consumidor,46042.65418577223,2022,0,1,0,0,0,0,1
MG,J01,agrário,5794.249869667972,2021,1,0,1,1,1,1,1
RS,J02,agrário,14234.846241782074,2021,0,1,0,0,0,0,0
MG,J03,agrário,16211.502219240761,2022,0,0,1,1,0,0,0
RJ,J01,cível,24875.870101135544,2023,0,1,1,1,1,0,1
RS,J01,cível,71768.05438012471,2020,1,1,1,0,1,1,0
RS,J02,consumidor,27763.63827475668,2024,0,1,0,1,1,1,0
SP,J03,trabalhista,10077.271715688896,2020,1,1,0,0,0,1,0
RS,J03,cível,63751.47051517923,2021,1,0,1,1,0,0,0
MG,J03,agrário,11968.661870125263,2023,0,1,0,0,0,1,0
RS,J01,agrário,121619.87142447541,2023,1,0,1,0,0,0,0
RS,J02,agrário,45348.978673477824,2021,1,1,1,0,1,1,0
MG,J02,consumidor,16513.957605405343,2023,1,0,0,1,0,0,1
SP,J02,agrário,7580.431300971678,2022,0,1,1,0,1,0,1
RJ,J03,cível,31235.468415305506,2023,0,0,1,1,1,1,0
RS,J03,trabalhista,20571.154559608465,2020,1,0,1,1,0,0,1
RJ,J03,trabalhista,19391.670465943145,2022,1,1,1,0,1,0,1
RJ,J02,trabalhista,93605.71392847873,2023,0,1,0,0,1,1,0
RS,J01,agrário,12484.506516562966,2023,1,0,0,0,1,0,0
SP,J03,agrário,44583.82805063188,2021,1,0,1,0,1,1,1
SP,J03,cível,65871.00410132951,2021,1,0,1,0,0,0,1
SP,J02,agrário,5978.889731860397,2020,0,0,1,1,1,1,0
RS,J02,consumidor,9026.595959280901,2022,1,1,0,0,1,1,1
RS,J01,agrário,5703.65554029492,2023,1,0,1,0,1,0,1
RS,J03,consumidor,4638.476315913459,2024,0,0,0,0,0,0,0
RS,J01,trabalhista,89801.83494995066,2022,1,1,1,1,1,0,0
RJ,J03,agrário,7157.159446525158,2023,0,1,0,0,0,0,0
MG,J01,trabalhista,16525.26077973334,2021,0,1,0,1,1,0,1
RJ,J01,trabalhista,30485.507996151307,2024,0,0,0,0,0,1,1
MG,J02,cível,8046.310260644977,2020,1,0,1,1,1,1,1
RJ,J03,agrário,324628.60767315194,2022,1,1,0,1,1,1,0
RJ,J03,agrário,19139.729802283495,2021,0,1,0,1,1,0,1
SP,J01,cível,1674.8286362028227,2024,1,0,0,1,0,1,1
RJ,J02,consumidor,30215.565902993105,2023,0,0,1,0,1,1,0
MG,J01,consumidor,38979.59670383175,2024,0,0,1,1,0,0,0
SP,J02,agrário,68370.08121316342,2023,1,0,0,0,0,1,0
RS,J03,consumidor,4181.06702078475,2023,1,1,1,0,1,0,0
SP,J03,trabalhista,12250.620783942102,2020,1,1,0,1,0,1,1
RJ,J01,cível,9413.919428297144,2024,1,1,1,0,1,0,0
MG,J03,cível,27155.045865068372,2020,1,1,1,1,1,0,0
SP,J01,trabalhista,30307.71962843706,2020,0,1,1,0,1,1,0
RJ,J01,agrário,11710.872965261759,2024,0,1,0,1,0,0,0
SP,J01,cível,22611.986121308037,2024,0,0,1,0,1,1,0
RS,J02,agrário,38063.41792687958,2022,1,0,0,1,1,1,1
SP,J03,trabalhista,33626.1184456765,2024,0,1,0,0,1,0,1
SP,J03,trabalhista,1951.922856850876,2020,0,1,0,0,1,1,0
MG,J03,consumidor,8780.759647615127,2024,1,1,0,1,1,0,1
MG,J02,consumidor,111837.17851762896,2024,0,1,1,1,1,1,0
RS,J01,agrário,16832.53519009529,2023,0,1,1,1,1,1,0
MG,J03,trabalhista,21491.149605335555,2023,1,0,0,0,0,1,1
RS,J03,cível,21061.638464658554,2020,0,1,1,1,1,0,0
RJ,J01,trabalhista,35554.79723309698,2024,1,1,0,1,0,0,0
MG,J03,consumidor,22046.19303595991,2024,1,0,1,1,0,1,0
RJ,J02,agrário,3491.5769947818317,2020,1,0,1,0,0,1,0
RJ,J03,agrário,23062.797211401004,2021,1,0,1,0,0,0,0
RS,J01,cível,51422.77033707766,2020,1,1,0,0,1,0,1
SP,J01,trabalhista,25498.71850711235,2021,0,0,0,1,1,1,1
SP,J02,consumidor,12185.315680849688,2020,1,1,0,0,0,1,0
RS,J03,trabalhista,16983.201424086157,2024,1,1,1,1,0,1,1
RJ,J01,trabalhista,9400.289178379435,2022,1,1,0,1,1,1,0
RS,J02,agrário,111296.06822948379,2024,1,1,0,1,0,0,1
MG,J01,cível,23918.575363198015,2020,1,0,0,0,1,1,1
RS,J02,consumidor,11716.43004157348,2023,0,1,1,0,0,0,0
RS,J03,agrário,6337.226215620745,2021,0,1,0,0,1,1,1
RS,J02,trabalhista,55998.21127799283,2023,1,1,1,0,0,1,0
MG,J01,trabalhista,19924.7141288181,2021,0,0,1,0,1,1,0
RS,J02,agrário,4151.171207394564,2024,1,0,1,1,1,1,0
RJ,J02,cível,47837.94412535029,2021,0,0,0,0,0,0,1
RJ,J03,trabalhista,8244.55403506827,2022,0,0,1,1,1,1,0
SP,J03,agrário,110351.54979778727,2022,0,0,1,1,0,1,0
RS,J02,agrário,8355.475137669651,2022,0,0,1,1,0,0,0
SP,J02,trabalhista,58807.44190893781,2024,0,0,0,1,1,1,0
SP,J01,agrário,25106.675321124618,2023,0,0,1,1,0,1,0
SP,J03,agrário,120397.2957792342,2021,0,1,1,1,1,0,0
MG,J02,consumidor,9138.891213902612,2024,1,1,0,1,1,0,0
RS,J01,consumidor,5458.619047390633,2021,0,1,0,0,1,0,0
SP,J01,cível,28680.233450864624,2024,0,0,0,1,0,1,0
SP,J01,consumidor,27842.269307504663,2024,1,0,1,1,0,1,0
RJ,J02,trabalhista,35080.09171595646,2020,1,0,1,1,1,0,0
SP,J03,agrário,66216.60795381975,2024,1,1,1,0,1,0,1
SP,J03,cível,5312.1071073144285,2022,0,1,0,0,0,1,0
RJ,J02,cível,24680.510877567423,2024,1,0,0,1,1,0,1
RJ,J01,trabalhista,65151.06235820113,2021,0,0,1,1,1,1,0
RJ,J03,consumidor,4421.050236615671,2023,1,1,0,1,1,0,0
RS,J02,cível,185634.0920794433,2022,0,1,1,0,1,1,1
SP,J02,agrário,16123.54449445759,2021,0,1,0,0,1,1,1
RJ,J02,trabalhista,39532.06151903537,2020,0,0,0,0,1,1,0
RS,J01,trabalhista,3308.0371848590803,2020,0,1,1,0,0,0,0
RJ,J01,agrário,6730.546402865433,2023,1,1,0,0,1,0,0
RJ,J01,agrário,78173.1920009951,2021,0,0,0,0,1,0,0
RJ,J02,cível,11122.529207688325,2024,0,0,0,0,1,0,1
RS,J02,agrário,92059.5886942535,2020,0,1,0,0,1,0,0
SP,J03,consumidor,12789.625645742251,2021,1,0,0,0,0,1,0
RJ,J02,agrário,42328.456307510256,2024,0,0,1,1,1,1,0
RS,J03,cível,23501.290262333456,2020,1,1,0,1,0,0,1
RJ,J02,trabalhista,14725.303738916356,2024,0,1,1,0,1,0,0
RS,J01,cível,15257.110663168265,2023,0,1,1,1,1,0,0
RS,J01,consumidor,16850.43944664593,2021,0,0,0,0,1,0,1
SP,J03,consumidor,12768.909776470658,2024,1,1,0,0,1,1,1
SP,J01,agrário,20753.349132860367,2021,1,1,1,0,0,1,1
RJ,J01,consumidor,30703.408043114083,2022,0,0,1,0,1,1,0
MG,J03,trabalhista,13055.24265337957,2024,0,1,1,0,0,0,0
RJ,J03,cível,11228.954357903041,2023,1,1,1,1,0,0,1
RJ,J01,agrário,11878.86170194046,2022,0,0,1,0,1,0,0
RJ,J01,consumidor,216110.2726726468,2021,1,1,0,1,0,1,0
SP,J02,consumidor,17165.160514122,2024,0,0,1,1,0,0,0
SP,J02,agrário,2355.5399361709806,2021,1,1,0,1,0,1,1
MG,J03,trabalhista,43324.51357412493,2021,1,1,0,0,1,0,0
MG,J01,consumidor,67086.46254095226,2024,0,0,0,1,0,0,0
RJ,J02,consumidor,61386.31602149844,2023,1,0,0,1,0,1,1
SP,J02,agrário,43642.89279310638,2024,1,1,1,1,1,1,0
RJ,J02,agrário,141149.24376988114,2020,1,1,1,0,1,1,0
MG,J03,trabalhista,57052.45306294947,2021,0,1,0,0,0,1,1
RS,J03,agrário,19545.400125856522,2021,0,1,1,1,0,0,0
RS,J03,trabalhista,11465.837229014569,2020,0,1,1,0,1,0,1
MG,J02,agrário,43158.63796273374,2023,1,1,1,0,0,0,0
RS,J02,consumidor,47081.83293653317,2021,0,1,0,1,1,0,0
MG,J02,trabalhista,5700.87514498434,2022,0,1,0,0,0,1,1
SP,J03,agrário,6357.01712093026,2021,0,0,0,0,0,0,0
RS,J03,cível,26610.429469633797,2024,0,0,0,0,0,0,0
SP,J02,agrário,25170.42037074966,2024,1,1,1,1,0,0,0
MG,J01,trabalhista,50956.6355455135,2022,1,1,1,1,1,1,1
MG,J03,trabalhista,19270.8789268416,2021,0,1,0,0,1,1,1
SP,J02,agrário,65926.36310800268,2024,0,0,0,1,1,0,0
RS,J01,trabalhista,12885.470233505896,2022,0,0,1,0,1,1,0
RS,J03,trabalhista,17725.244899684745,2020,1,0,1,0,0,1,0
RS,J02,cível,17000.189872009836,2020,1,0,0,0,0,1,0
MG,J01,trabalhista,15608.240211174181,2022,1,0,1,1,0,0,0
SP,J02,agrário,12603.135842868125,2021,0,0,0,1,1,0,1
MG,J02,trabalhista,22534.543377232272,2020,1,0,0,0,0,1,0
RS,J02,agrário,21643.29463798131,2022,0,0,1,1,0,1,0
MG,J03,agrário,20389.710564775272,2020,1,1,1,0,0,1,1
SP,J02,trabalhista,11406.534614028602,2023,1,1,1,0,1,0,0
RJ,J01,trabalhista,6113.608953800394,2022,1,0,1,0,0,0,0
SP,J03,consumidor,17710.962046761546,2021,0,1,1,0,1,0,1
MG,J03,cível,10412.494439797269,2022,0,0,0,1,1,1,0
RJ,J03,trabalhista,11437.411151583705,2021,0,0,1,0,1,0,0
RS,J01,consumidor,130513.49667456358,2020,1,1,1,1,0,1,0
SP,J01,trabalhista,25275.18771762757,2021,1,1,1,0,1,1,0
RJ,J02,trabalhista,37758.49395067714,2023,1,0,0,0,1,1,1
SP,J02,agrário,9991.108522263334,2020,1,0,0,1,0,0,1
MG,J03,consumidor,6590.723105741614,2021,1,0,1,1,1,1,1
MG,J01,trabalhista,9404.618062381322,2021,1,0,1,1,0,0,0
SP,J01,consumidor,22978.41138114816,2020,0,1,1,0,0,1,0
MG,J02,agrário,4444.366860274871,2023,1,0,0,1,0,1,1
MG,J02,cível,15725.075118446066,2021,0,0,0,0,1,0,0
SP,J02,agrário,26895.99776314854,2021,0,0,1,1,1,1,0
SP,J02,consumidor,174933.1860120873,2020,0,0,0,0,0,1,0
RJ,J02,consumidor,8115.060230973839,2023,1,0,1,0,0,0,0
SP,J01,cível,62153.36109600928,2024,1,0,1,0,1,1,0
SP,J01,agrário,43081.29504721715,2021,0,0,0,1,0,0,0
SP,J02,consumidor,43818.861695803906,2024,1,0,0,1,1,0,1
SP,J01,cível,81821.21514896354,2023,1,0,1,1,0,1,0
RJ,J02,agrário,58218.3357510018,2020,1,0,1,0,0,0,1
MG,J02,consumidor,11888.814136026194,2023,1,0,1,1,0,1,1
RS,J02,trabalhista,33565.360176722475,2022,0,0,1,1,1,1,1
SP,J02,agrário,88008.61547487012,2022,1,0,1,0,1,1,0
SP,J03,cível,14072.773356593061,2023,1,0,1,1,0,1,1
RJ,J01,consumidor,12415.281483206305,2023,0,0,0,0,1,1,0
SP,J03,cível,12808.915150253617,2020,0,1,0,1,0,0,0
MG,J01,trabalhista,85163.35425978785,2021,0,1,0,1,1,1,0
SP,J01,trabalhista,5532.181378110005,2024,0,1,0,1,1,0,1
RS,J03,cível,6925.37288676748,2024,0,0,0,1,0,1,1
SP,J02,trabalhista,42236.08811941775,2021,0,1,0,1,0,0,0
RJ,J01,cível,12427.031132510972,2021,0,1,1,1,1,0,0
RJ,J01,consumidor,14179.280267680111,2024,1,0,0,0,1,0,0
MG,J03,consumidor,18019.722066109327,2021,1,1,0,1,1,0,0
RS,J02,cível,125386.48132633507,2023,1,1,0,1,0,1,1
RJ,J03,consumidor,10917.95183151947,2024,1,0,1,0,1,1,1
RS,J01,cível,40104.21971339913,2020,1,1,1,1,1,1,0
SP,J02,agrário,7794.76314747208,2020,0,1,0,1,1,0,0
MG,J02,cível,3657.124484855215,2022,0,0,1,0,0,0,0
RJ,J01,agrário,8563.07765785272,2024,1,0,1,1,1,1,0
MG,J01,agrário,61886.636028940346,2024,0,1,0,0,0,1,0
MG,J01,trabalhista,21107.866061502347,2021,0,1,0,1,0,0,0
RJ,J03,agrário,49784.82635862745,2020,0,0,1,0,1,0,0
RJ,J02,cível,86918.23797258979,2021,0,1,1,1,0,0,1
RJ,J03,consumidor,9484.905226603478,2023,1,1,0,1,0,0,0
RJ,J01,consumidor,21754.103651453,2021,1,0,1,0,1,1,1
RJ,J03,cível,9015.721721396349,2022,0,0,0,1,0,0,0
RJ,J01,agrário,6842.2781868980155,2024,1,0,0,0,0,1,0
MG,J02,consumidor,33288.95538719452,2020,0,1,0,1,0,0,1
MG,J03,consumidor,44986.345678943966,2024,0,0,0,1,0,1,0
MG,J02,trabalhista,4803.490789739901,2020,1,0,0,0,1,0,1
MG,J03,cível,26196.166020880486,2020,1,1,0,0,1,0,0
SP,J03,trabalhista,7502.521435655111,2021,1,1,1,0,0,1,0
MG,J02,cível,48220.525562008355,2021,0,0,0,1,1,1,0
MG,J01,agrário,33745.76566288902,2020,1,0,1,0,0,1,0
RJ,J03,trabalhista,61196.784829233715,2023,1,1,0,0,1,1,0
SP,J03,cível,85492.55036626979,2020,0,1,1,0,1,1,1
RS,J02,trabalhista,16788.154185003023,2022,0,0,0,0,1,0,0
MG,J01,agrário,48150.69822647423,2022,1,1,0,1,1,1,1
RJ,J03,trabalhista,6884.0387139338145,2021,0,0,0,0,1,0,0
RJ,J03,trabalhista,13642.516607976704,2022,1,0,0,1,0,1,0
RS,J03,consumidor,61559.18475935542,2020,0,1,0,0,0,1,1
RJ,J03,agrário,20023.817802705948,2024,1,0,1,1,1,1,0
SP,J02,trabalhista,20333.549700285468,2022,0,1,1,0,1,1,0
RJ,J03,trabalhista,54195.967952684536,2024,1,0,0,0,0,1,0
RJ,J01,trabalhista,11859.67764403335,2020,1,1,1,1,1,1,1
RJ,J03,consumidor,63868.10552411185,2024,0,0,0,1,1,0,1
RS,J02,cível,63508.646451402274,2021,1,0,0,0,0,0,1
RJ,J03,agrário,3523.509992082311,2024,0,1,0,0,1,0,0
RJ,J02,consumidor,4282.389189935105,2023,1,0,0,1,0,0,0
RS,J01,cível,31191.88641011758,2020,1,1,0,1,0,0,0
RJ,J03,trabalhista,12485.851300308523,2023,1,1,1,0,0,1,1
RJ,J03,agrário,110159.54542754452,2020,1,0,0,1,1,0,0
MG,J02,consumidor,2537.760613491461,2021,0,1,0,0,0,0,1
MG,J03,consumidor,12905.396333403947,2020,0,1,1,1,1,0,1
MG,J01,trabalhista,14242.854092263278,2024,0,1,1,1,0,0,0
SP,J03,trabalhista,3822.2072267643957,2020,0,1,1,0,0,1,0
RJ,J03,consumidor,7277.614948750292,2021,0,1,0,0,1,1,0
RS,J03,cível,13256.679717849165,2024,1,1,0,0,0,0,1
SP,J01,cível,17801.36632391287,2023,1,1,1,1,1,0,1
RS,J01,trabalhista,7621.687255793863,2021,1,0,1,1,0,0,1
SP,J03,trabalhista,48538.75752444871,2024,0,0,0,0,1,0,0
SP,J01,agrário,22911.699856259464,2020,0,0,1,1,1,0,0
MG,J01,agrário,11466.50597668335,2022,1,0,0,1,0,1,1
RS,J02,agrário,11798.753032458875,2021,1,1,0,0,0,1,0
RJ,J01,consumidor,96023.08634418526,2023,1,0,0,0,0,1,0
RJ,J02,cível,29735.58800951526,2021,0,1,0,0,0,0,0
RS,J02,trabalhista,11137.25716872483,2023,1,0,1,0,0,1,1
SP,J01,cível,20820.390866068898,2021,1,1,0,0,0,1,0
SP,J01,trabalhista,56742.694403577676,2023,1,0,1,0,1,0,1
SP,J01,cível,4615.230163515303,2023,1,0,1,0,0,1,1
MG,J03,cível,3641.9168879770054,2022,0,1,0,1,0,0,0
RS,J03,cível,28389.24687110848,2021,1,0,0,0,1,0,1
MG,J03,trabalhista,4880.8076763084655,2020,0,1,1,1,1,1,0
MG,J01,trabalhista,41628.478107142924,2024,0,1,0,0,0,1,0
RJ,J03,cível,20215.059799145423,2021,0,0,0,1,0,1,1
RS,J03,cível,27374.663248195342,2024,0,1,1,1,0,1,0
RJ,J01,trabalhista,24228.345081473006,2024,1,1,0,0,1,1,0
MG,J01,cível,14469.917127312672,2022,1,1,1,0,1,1,0
RJ,J02,cível,4320.23205052562,2020,0,1,0,1,0,0,1
MG,J02,trabalhista,19791.036659434252,2024,0,1,1,0,1,1,0
SP,J01,trabalhista,31440.252344372533,2023,1,0,1,0,1,0,0
MG,J01,consumidor,7640.479586515144,2021,0,0,1,1,1,1,0
SP,J02,cível,7468.000846383718,2023,0,0,0,0,1,1,0
RS,J03,cível,37528.42283347727,2023,1,0,1,1,0,0,1
RS,J01,consumidor,8942.132076372593,2022,0,1,1,1,0,1,0
SP,J02,agrário,25904.217846462703,2020,0,1,1,0,0,1,1
RJ,J02,trabalhista,4406.0632041896215,2020,1,0,0,1,0,1,1
RS,J03,trabalhista,13379.5089592199,2024,1,0,1,1,0,0,1
MG,J03,consumidor,46266.76792013523,2022,1,0,1,0,1,1,0
SP,J01,trabalhista,8307.087567857732,2022,1,0,0,1,0,1,1
SP,J02,trabalhista,11457.794859099824,2024,1,0,0,1,0,1,1
RS,J03,consumidor,16034.495686687915,2021,1,0,0,0,1,0,0
SP,J02,cível,8712.322658340463,2024,0,1,0,1,0,1,0
RJ,J02,cível,22574.71107752462,2022,0,0,0,1,1,0,0
MG,J01,agrário,9568.039955865379,2021,0,1,1,1,1,0,1
MG,J03,trabalhista,15171.677176312069,2023,0,1,0,0,1,1,1
MG,J03,consumidor,22254.417406232704,2022,1,1,0,1,0,1,0
RJ,J02,agrário,7824.315305057683,2021,0,1,1,1,1,0,0
MG,J01,consumidor,35259.09543501656,2022,0,1,0,0,1,1,0
SP,J02,cível,5986.1294272579535,2021,1,1,0,1,1,0,1
MG,J02,cível,12826.786354397122,2020,0,1,0,0,0,0,0
RS,J03,trabalhista,102490.41219468162,2023,0,1,0,0,1,1,0
RS,J02,consumidor,155940.67637113604,2024,1,1,0,0,1,1,1
SP,J03,agrário,24479.62112176418,2020,1,1,0,0,1,1,1
RJ,J01,agrário,51070.58220382348,2022,1,1,1,0,0,1,0
SP,J01,consumidor,145639.91128473266,2021,0,1,0,0,0,0,0
SP,J01,consumidor,3186.742898772944,2023,0,1,1,1,1,1,0
MG,J02,trabalhista,24867.436466476163,2020,0,0,0,0,0,0,0
SP,J01,trabalhista,38226.52985138315,2023,1,1,0,0,0,1,0
RJ,J01,agrário,15336.424246622428,2021,1,1,0,1,1,1,1
RS,J02,consumidor,78462.26098425133,2023,1,1,1,0,1,0,1
RJ,J02,agrário,104669.34558496869,2021,1,0,1,1,0,0,1
SP,J02,agrário,13369.110058824543,2021,0,1,0,1,0,1,0
SP,J02,trabalhista,6645.7362694327385,2024,0,1,1,1,0,0,0
RJ,J02,agrário,6312.120874768979,2024,1,0,1,0,0,1,0
RJ,J01,agrário,10845.91418593434,2022,0,1,1,1,1,1,1
SP,J03,consumidor,46626.16976908956,2020,1,0,1,1,0,1,1
SP,J03,agrário,9061.34295352199,2020,1,0,0,0,0,0,0
SP,J02,consumidor,69054.10690611544,2020,0,1,1,0,1,1,1
RJ,J02,trabalhista,108882.08775590306,2022,0,1,0,1,0,1,1
MG,J03,agrário,13548.93908321941,2023,1,0,1,1,1,0,1
RS,J01,trabalhista,65545.11766321643,2021,0,0,1,0,1,0,0
SP,J03,consumidor,16016.203363064902,2020,0,1,0,1,1,1,0
MG,J02,agrário,7465.560763788736,2020,1,1,0,1,0,0,0
SP,J03,trabalhista,10911.81571774143,2022,1,1,0,1,1,1,0
RJ,J03,consumidor,24015.113122248553,2022,1,1,1,0,1,0,1
RJ,J01,agrário,5526.208502799694,2022,0,0,1,0,1,1,1
RJ,J03,consumidor,45743.96008057908,2022,0,0,0,0,0,1,0
RS,J02,agrário,61116.689540226085,2021,1,0,0,1,1,1,0
RS,J03,trabalhista,15251.65234282589,2022,0,0,1,0,0,0,0
SP,J02,consumidor,15552.674649461407,2020,0,0,0,0,0,0,0
MG,J03,agrário,16734.342061465286,2021,0,1,0,0,1,1,0
RJ,J03,consumidor,40215.64742494786,2020,0,0,0,0,1,1,1
MG,J02,consumidor,25931.311202429133,2022,0,0,0,0,0,0,1
SP,J01,consumidor,29378.27882924462,2022,0,0,1,0,0,1,1
MG,J03,agrário,7274.494423858056,2020,0,1,0,1,0,0,0
RJ,J03,cível,57283.731683257814,2023,0,1,0,0,0,0,0
RS,J02,trabalhista,61150.31648538423,2023,0,0,0,0,1,0,0
RS,J01,cível,6831.739382026886,2020,1,0,1,0,0,1,0
RS,J01,agrário,99837.0813969314,2020,1,1,0,0,0,1,0
SP,J02,agrário,20107.135926836956,2023,1,0,1,0,1,0,1
RS,J02,consumidor,2837.954997216193,2023,1,0,1,0,1,0,1
RS,J03,cível,68778.62459031859,2024,1,0,1,1,1,1,0
MG,J02,cível,27725.481507685618,2021,0,0,1,1,0,0,1
RS,J02,trabalhista,66583.55142577499,2020,0,1,1,0,1,0,1
RS,J02,trabalhista,87660.25964830608,2023,0,0,0,0,0,1,0
MG,J01,cível,21727.464103561237,2022,1,1,1,1,1,0,0
SP,J02,consumidor,5375.535233653402,2024,0,0,0,0,0,0,0
RS,J01,consumidor,64822.90024338276,2020,1,1,1,0,1,1,0
RJ,J02,agrário,11098.278536573393,2020,1,1,0,0,1,0,1
RJ,J01,agrário,13326.03765800617,2022,1,1,0,1,1,1,1
RS,J02,consumidor,6555.049016525133,2024,0,1,0,0,1,1,0
RS,J02,agrário,70362.92053192512,2022,1,0,1,1,1,0,0
SP,J02,consumidor,12550.061552410432,2021,1,1,1,1,0,1,1
MG,J01,cível,135289.17026711564,2023,1,0,0,0,0,1,0
RJ,J01,agrário,48329.6585789732,2023,0,0,1,0,0,0,1
SP,J01,agrário,81386.03520349956,2023,0,1,1,1,0,1,0
SP,J02,trabalhista,20209.19755023282,2022,1,1,1,0,0,1,1
MG,J03,consumidor,27364.32411454975,2024,0,0,1,0,0,0,0
SP,J01,consumidor,82226.68034585577,2024,0,1,0,1,1,0,0
RS,J02,agrário,14337.004844097108,2024,1,1,1,0,0,1,0
SP,J02,agrário,13876.755248676773,2024,1,1,1,0,1,0,1
RJ,J01,consumidor,11775.162187741322,2022,1,0,1,1,1,1,0
RS,J02,cível,105529.63559295562,2020,1,0,0,1,0,1,0
SP,J03,agrário,4415.336675457727,2024,1,0,0,1,0,1,1
MG,J01,agrário,41833.05795771227,2021,0,1,0,1,0,1,0
SP,J03,trabalhista,17059.469512400436,2021,1,0,1,0,1,1,0
RS,J03,cível,9130.443109368367,2022,1,0,0,0,1,0,1
RS,J03,agrário,10148.649630122298,2021,1,0,0,0,1,1,1
RJ,J02,trabalhista,43322.71090746778,2023,0,0,0,0,1,1,1
SP,J01,agrário,13165.827717277078,2021,0,1,1,0,1,0,0
MG,J01,cível,22715.470758739222,2022,1,1,0,1,0,0,0
MG,J03,cível,102866.60991326795,2021,1,1,1,1,0,0,0
RS,J03,trabalhista,10161.872717149563,2022,1,1,1,0,1,0,0
SP,J01,cível,15589.742010995602,2024,0,1,1,0,1,1,0
SP,J03,consumidor,5486.306802182045,2022,0,1,0,1,1,0,1
SP,J03,cível,23106.60157461393,2024,1,0,1,0,0,1,1
RS,J03,cível,85637.97344386601,2023,0,0,1,1,0,0,0
MG,J01,cível,175864.78391958936,2020,1,1,1,1,0,0,0
MG,J02,cível,23330.88555323955,2022,1,1,1,0,1,1,0
SP,J02,trabalhista,19459.02246817982,2023,1,1,0,0,1,0,1
RJ,J01,cível,8452.59099579791,2021,1,0,0,0,1,1,1
MG,J03,consumidor,5343.72071389758,2023,1,0,0,0,0,0,0
SP,J02,consumidor,42480.85477193758,2021,1,1,1,0,0,1,1
SP,J02,consumidor,47726.176463997064,2024,0,0,0,0,0,1,0
RJ,J01,trabalhista,16725.799566233487,2022,1,1,1,1,0,1,1
MG,J03,cível,20826.451228896774,2021,1,1,1,0,1,0,1
RS,J02,cível,75259.1608470017,2023,1,0,0,0,1,1,1
MG,J02,consumidor,31429.62870032759,2022,1,1,1,1,1,0,1
RS,J02,agrário,19647.027498652682,2021,1,1,1,1,0,0,1
RJ,J03,agrário,23534.04316164807,2023,0,0,0,1,1,1,1
SP,J03,agrário,22522.158756050398,2024,0,1,0,0,1,1,0
RS,J03,consumidor,25621.07447918036,2023,1,1,1,1,0,0,1
RJ,J03,trabalhista,14045.924472409457,2024,1,0,1,1,1,0,1
SP,J01,trabalhista,61811.82786388011,2023,1,1,0,0,0,1,1
RS,J01,cível,41842.267035147466,2022,0,1,1,0,0,1,0
SP,J01,trabalhista,29909.459652328536,2020,0,1,0,0,0,0,1
RS,J03,trabalhista,3171.0681926526527,2022,1,0,1,1,1,1,0
RS,J02,agrário,72214.77555543394,2020,1,1,1,0,0,1,0
RS,J02,agrário,24446.826498911894,2020,1,0,1,1,0,1,1
RJ,J01,trabalhista,59786.756844232594,2020,0,0,1,1,0,0,0
RS,J02,trabalhista,63518.55692332797,2022,0,1,1,0,0,1,0
MG,J03,consumidor,36173.51430853694,2020,1,1,1,1,0,0,1
SP,J01,consumidor,30625.57268760294,2021,0,1,1,0,1,0,1
SP,J02,consumidor,24187.79347415884,2020,1,0,1,0,0,0,0
SP,J01,trabalhista,77360.15911975903,2023,1,1,1,0,0,1,0
RS,J01,cível,7900.662854870581,2022,1,1,0,1,0,0,1
MG,J02,cível,240637.69223686392,2022,1,0,0,0,0,1,0
MG,J02,agrário,29900.4971165156,2024,0,0,0,1,0,1,0
SP,J03,trabalhista,47392.16364898962,2022,0,0,0,1,0,1,0
RJ,J03,trabalhista,23117.19986442324,2022,0,0,1,0,0,1,0
SP,J03,consumidor,10568.635398071267,2021,0,0,0,1,1,0,0
SP,J03,consumidor,25018.613538675017,2023,1,1,1,1,0,1,1
RS,J03,trabalhista,26136.006143478335,2024,1,1,1,1,0,0,1
SP,J01,agrário,23073.73274884653,2024,0,1,1,0,1,1,0
SP,J01,agrário,56233.36379747015,2024,0,0,0,1,1,0,0
SP,J03,agrário,18440.256591035457,2023,0,0,1,1,0,0,1
RJ,J03,trabalhista,12092.407491130063,2021,0,0,0,0,1,0,0
SP,J02,cível,37790.816727087586,2022,1,1,0,0,0,0,1
RS,J03,trabalhista,4694.090712807405,2021,0,1,0,1,1,0,1
SP,J03,consumidor,15642.344012621072,2021,1,0,0,1,1,1,1
RS,J03,cível,23640.805200144274,2024,0,0,1,0,0,0,0
MG,J02,cível,21070.637069103017,2021,1,0,0,1,1,0,0
RS,J01,agrário,16145.777344517712,2022,0,1,0,0,0,0,0
SP,J02,consumidor,40252.127409812725,2020,0,0,1,0,0,0,0
RJ,J03,trabalhista,19162.8938727429,2020,0,1,1,0,1,0,0
RJ,J01,cível,48731.53603796355,2024,0,1,1,0,0,1,0
MG,J01,trabalhista,67545.32122316399,2020,1,1,0,1,1,1,1
RS,J03,cível,7562.490362661549,2022,0,1,0,0,0,0,1
SP,J03,cível,7183.146871758942,2023,1,0,1,0,0,1,1
MG,J02,trabalhista,7608.547136082148,2020,0,0,0,1,1,1,0
MG,J03,agrário,21079.490465548046,2022,1,1,1,1,1,0,0
SP,J03,agrário,4736.665690557679,2020,1,0,1,0,0,1,0
MG,J03,consumidor,44284.68613324065,2020,0,1,1,1,1,1,0
RJ,J03,consumidor,18800.70943320535,2020,0,1,0,1,0,0,1
RJ,J01,cível,7521.242665037451,2021,1,1,1,1,1,0,1
MG,J03,agrário,6055.212846476697,2022,1,0,0,0,1,1,1
RS,J02,consumidor,6969.795522869096,2021,0,0,1,0,1,0,0
SP,J02,consumidor,49915.69645088552,2022,1,1,0,0,0,0,1
MG,J01,consumidor,27214.027489718508,2022,0,1,0,1,1,1,0
MG,J01,trabalhista,58568.00650191925,2023,0,0,0,1,1,1,1
RS,J03,cível,97475.88748898108,2023,1,0,1,1,1,1,0
SP,J02,cível,12271.096799337498,2021,1,1,1,0,1,0,0
MG,J02,consumidor,18569.271577367523,2024,0,0,1,1,0,0,0
MG,J03,consumidor,64369.1951087772,2023,1,1,1,0,1,1,1
MG,J02,consumidor,14265.154587714826,2021,1,0,1,1,1,1,1
RJ,J03,trabalhista,45234.91183674137,2024,1,0,0,0,0,0,1
SP,J03,agrário,14296.259461539308,2021,1,1,1,0,0,0,0
RS,J03,consumidor,28839.013834582933,2024,1,1,1,0,0,0,0
MG,J02,trabalhista,14439.438361204726,2023,1,0,1,0,0,0,0
RJ,J03,agrário,8562.464131023133,2020,0,1,1,1,0,0,1
RJ,J02,cível,39152.79854255694,2020,0,1,1,1,0,1,1
MG,J03,trabalhista,61786.267498907466,2020,1,1,0,0,1,0,0
SP,J01,agrário,11257.26284024069,2024,1,1,1,0,0,1,0
RJ,J03,trabalhista,50090.71398901782,2023,0,0,1,1,1,1,1
SP,J01,agrário,65837.6296680175,2024,0,1,1,1,0,0,1
SP,J01,agrário,79380.60221380691,2023,0,0,0,0,1,1,0
MG,J03,agrário,118522.7212498735,2021,0,0,1,1,1,0,0
SP,J01,consumidor,19389.339088390952,2023,0,0,0,0,0,0,1
RJ,J03,consumidor,53836.72086084333,2021,0,0,1,1,0,1,0
SP,J02,cível,8341.6097028078,2020,0,1,1,0,1,1,0
RS,J02,consumidor,24276.644795156906,2024,0,0,1,0,1,0,0
MG,J02,agrário,25362.306706418272,2020,0,0,1,0,0,1,0
RJ,J02,agrário,8164.542001917053,2024,0,1,0,1,1,1,1
RJ,J02,cível,14415.058044598056,2024,1,1,1,1,1,1,0
RJ,J02,cível,34594.43881808747,2023,0,0,0,1,1,1,0
MG,J03,consumidor,75201.82355420009,2020,1,0,1,0,1,1,1
RJ,J03,agrário,20666.011882597242,2021,1,0,1,1,0,1,0
RS,J01,agrário,12615.115326170588,2024,0,0,1,0,0,1,0
RJ,J03,agrário,6045.268194603446,2020,1,1,1,1,1,0,0
RJ,J02,cível,31788.871399690153,2024,1,0,0,1,0,0,0
MG,J01,cível,3991.639212605097,2020,1,1,1,0,1,1,0
MG,J03,cível,5020.6095788368275,2021,1,1,1,0,0,1,0
RS,J01,agrário,32406.130935366058,2021,1,0,0,1,1,1,0
SP,J01,cível,8851.842840757667,2021,0,1,1,0,0,1,0
RS,J03,agrário,25724.33792999959,2023,1,0,0,0,0,1,1
RJ,J03,agrário,18119.060479276544,2023,1,0,1,0,1,0,1
SP,J03,trabalhista,14305.113539756547,2020,0,0,0,0,0,1,1
SP,J02,cível,11864.327114692898,2021,1,1,1,0,0,0,0
MG,J03,cível,64127.12579070458,2020,1,1,0,0,0,0,1
RJ,J03,agrário,18173.298016505654,2022,0,0,1,0,1,1,0
MG,J02,agrário,33964.32440318236,2024,0,1,0,1,0,1,0
MG,J01,cível,58760.469586363535,2022,0,0,0,1,1,0,0
RS,J01,agrário,82915.56798277455,2021,0,1,0,1,0,0,1
RJ,J03,consumidor,80116.8187504335,2021,0,1,0,1,0,0,0
RJ,J03,agrário,18491.377626450638,2020,1,1,0,0,1,0,0
RS,J01,consumidor,27222.8873843369,2023,0,0,1,0,0,0,1
SP,J01,cível,28276.641254718594,2021,0,1,1,1,0,1,0
SP,J02,cível,105164.51474078838,2024,0,1,0,1,1,0,0
RJ,J02,agrário,94041.34632970391,2021,0,1,0,1,1,0,0
MG,J01,trabalhista,6942.597302494059,2021,0,0,0,1,0,0,0
SP,J03,trabalhista,6179.182640360823,2022,0,1,1,0,0,1,0
RJ,J01,cível,13652.009324903956,2023,1,0,1,1,1,0,1
RS,J03,trabalhista,9915.336362567445,2022,1,0,0,1,1,0,1
MG,J02,cível,8500.680835217152,2023,1,0,1,1,0,0,1
RS,J03,trabalhista,1487.4695109470308,2023,0,1,1,1,0,0,0
RS,J01,trabalhista,39663.856440431366,2021,0,1,1,0,0,0,0
RJ,J02,trabalhista,12873.155112916906,2021,0,1,0,0,0,1,0
RS,J01,trabalhista,2767.577327178116,2022,1,1,1,1,1,1,0
MG,J03,trabalhista,42931.43991241172,2022,1,0,0,1,0,1,1
RJ,J02,trabalhista,2538.540913865385,2021,0,0,0,1,1,1,1
RS,J01,trabalhista,10847.707130853301,2024,1,0,1,0,1,1,1
RJ,J03,agrário,60268.56766058281,2020,1,0,1,1,0,1,0
SP,J03,agrário,56853.08810151147,2022,1,0,0,1,0,1,1
SP,J03,cível,14470.761088825531,2021,0,1,0,0,0,1,0
RS,J03,trabalhista,10533.902023168279,2020,1,0,0,0,1,0,1
SP,J01,cível,30521.816354705683,2022,0,0,0,1,1,0,0
RJ,J01,agrário,40492.661993549016,2020,1,0,0,1,0,1,0
SP,J02,agrário,48733.95878041362,2022,0,0,1,0,1,0,0
RJ,J01,trabalhista,98667.17160961713,2020,1,0,0,0,1,1,0
SP,J01,trabalhista,17730.32063802399,2020,0,1,1,0,1,0,1
RS,J03,trabalhista,30627.341936877165,2020,0,1,1,0,1,1,1
MG,J02,consumidor,6660.842721585135,2024,0,0,1,0,0,1,1
RJ,J03,cível,56224.63063407739,2024,0,0,0,1,1,0,0
SP,J03,trabalhista,13050.805615087234,2022,0,0,1,1,1,0,0
RS,J02,consumidor,21530.913524597596,2021,0,1,1,0,1,1,0
RJ,J03,consumidor,31732.28705658914,2023,1,1,1,0,0,1,0
MG,J02,trabalhista,57084.95124274238,2021,1,1,0,1,1,0,0
RJ,J01,consumidor,192804.27698736207,2022,0,0,1,1,0,1,0
SP,J02,cível,12843.88453859422,2023,0,1,0,0,0,0,0
RJ,J01,cível,5356.498198123632,2020,0,0,1,1,0,1,0
RJ,J03,agrário,29168.539691993872,2020,0,0,0,0,0,1,1
RJ,J01,agrário,13396.800893001946,2021,1,1,1,0,1,1,1
RS,J01,trabalhista,77539.2432977824,2022,0,1,0,1,0,1,1
RS,J02,agrário,83251.97701148066,2023,0,1,0,0,1,0,1
RJ,J02,cível,9505.359005931143,2024,0,1,0,0,0,0,0
SP,J02,agrário,15041.627902996957,2021,1,0,0,1,1,1,0
RJ,J01,cível,16792.874593937544,2024,0,0,1,0,0,0,1
SP,J01,consumidor,1518.3571244758741,2022,1,0,1,1,1,0,1
RJ,J01,agrário,46954.98645113444,2022,0,1,0,1,0,1,0
RJ,J03,agrário,48174.61985276148,2022,1,1,0,0,0,0,0
MG,J01,cível,218301.9046754609,2020,0,1,0,0,1,1,0
SP,J03,trabalhista,8268.075510356231,2021,0,1,0,1,0,0,1
RS,J03,trabalhista,48919.37471959744,2022,1,0,1,0,1,0,1
RJ,J03,cível,28949.008696061148,2021,0,1,0,0,1,0,0
MG,J01,consumidor,2945.8509576604833,2022,1,1,1,1,0,1,0
RS,J03,consumidor,91952.78746562966,2023,0,1,1,0,1,0,0
RS,J03,trabalhista,84319.03640940135,2024,0,0,0,0,0,0,1
RS,J01,agrário,6209.053022950012,2024,1,0,1,1,0,0,1
RJ,J02,cível,18137.03738500812,2023,0,0,1,1,0,0,1
RS,J02,agrário,12077.231572375775,2022,1,0,1,0,1,1,0
SP,J03,cível,25396.14916024046,2020,0,1,1,1,0,1,0
RJ,J01,agrário,8457.712221680242,2020,0,0,1,0,0,0,1
RS,J03,consumidor,1206.8883116867491,2022,1,0,1,1,1,0,0
MG,J03,agrário,8498.269387134316,2021,0,1,0,0,0,0,0
MG,J02,cível,31151.829195316277,2022,0,1,1,0,0,0,0
SP,J02,cível,9802.029055573601,2020,0,0,0,0,1,0,0
RS,J01,trabalhista,7045.0201287739155,2022,1,0,1,0,1,1,1
RS,J02,cível,118603.64787968149,2022,1,1,0,1,0,1,1
MG,J02,cível,7255.443700955137,2024,1,0,1,1,0,1,1
SP,J01,trabalhista,5902.0138393566995,2022,0,1,1,1,1,0,1
RJ,J01,trabalhista,7541.123108077753,2020,1,0,1,0,1,1,0
RS,J01,consumidor,161446.09496530297,2022,0,0,0,1,1,0,1
RJ,J02,cível,55686.494004239605,2021,0,0,1,0,1,1,1
RS,J03,trabalhista,27271.75772053126,2021,1,1,1,1,1,0,1
SP,J01,cível,11580.902504906233,2020,1,0,0,0,1,1,0
SP,J03,agrário,8421.860698049495,2021,1,0,1,1,0,0,0
SP,J02,trabalhista,192057.22066879054,2022,0,1,1,0,0,0,0
MG,J03,trabalhista,115179.43050462945,2024,1,1,0,0,0,1,1
RS,J01,trabalhista,35659.4734301296,2020,1,0,0,1,1,0,1
MG,J03,agrário,98001.81703954174,2024,1,0,0,0,0,0,0
RS,J03,cível,16196.39404276115,2021,1,0,0,1,1,0,1
MG,J03,consumidor,10832.263306234438,2021,1,0,1,0,1,0,0
SP,J01,agrário,8364.1258677391,2021,0,0,1,1,0,1,0
RS,J01,trabalhista,28446.780160196005,2021,1,1,0,0,1,0,1
SP,J01,agrário,17768.30862386913,2024,0,1,0,0,0,0,0
MG,J03,cível,432181.5250428319,2022,1,0,0,0,0,0,1
SP,J02,agrário,26218.962539148954,2022,1,1,0,0,0,1,1
SP,J02,cível,40224.91297247438,2021,1,1,1,0,0,1,0
RJ,J03,trabalhista,9041.638452290805,2024,0,0,1,0,0,0,0
RJ,J03,consumidor,62622.0921788283,2023,0,1,1,0,1,0,0
RS,J02,cível,52377.783586405065,2022,0,1,0,0,1,1,0
RS,J01,consumidor,60687.59099667182,2022,0,1,0,1,0,1,1
MG,J01,trabalhista,11270.599284197255,2020,1,0,0,1,1,1,0
SP,J02,consumidor,30260.539492674732,2024,0,0,0,0,0,1,0
RJ,J01,consumidor,12535.247133003018,2020,1,0,0,1,1,1,0
SP,J01,cível,17722.117035754698,2024,1,1,1,0,0,0,0
MG,J02,consumidor,192674.4081910545,2023,0,0,1,0,0,0,0
MG,J03,consumidor,35722.993941356144,2020,0,0,1,1,1,1,0
RJ,J02,consumidor,18435.07645156458,2022,1,0,0,0,1,0,1
SP,J01,cível,18153.306969630372,2021,1,1,1,0,1,1,0
MG,J03,trabalhista,38983.085716533555,2024,0,1,0,0,0,0,0
SP,J01,consumidor,55748.39901606531,2024,0,1,0,0,0,0,0
RS,J01,consumidor,46199.97311417687,2020,1,1,1,0,0,1,0
RJ,J02,cível,5310.524963622919,2020,0,1,1,1,1,1,0
RS,J02,trabalhista,6267.743506623755,2022,1,0,1,1,1,0,0
RS,J03,trabalhista,339882.7312315975,2021,1,0,1,0,0,0,1
MG,J01,agrário,1976.0340571843058,2020,1,1,0,1,0,0,0
RS,J01,consumidor,159401.54229729265,2024,0,0,1,1,1,0,0
MG,J03,trabalhista,25321.007572015238,2023,1,1,1,0,1,0,1
SP,J01,consumidor,90739.32465286841,2024,1,1,1,1,0,0,0
SP,J02,consumidor,13888.6907998329,2022,0,0,0,0,1,1,1
MG,J02,trabalhista,146464.8367175836,2022,1,0,1,0,0,0,0
RS,J02,agrário,32176.281309408423,2024,1,0,0,1,0,1,0
RS,J02,agrário,27582.182235979762,2020,0,0,0,1,1,0,0
RS,J03,agrário,2750.1477130205235,2024,1,0,0,0,0,1,1
RJ,J01,consumidor,26576.572195404173,2020,1,0,1,0,0,1,1
RS,J03,trabalhista,11195.02631941602,2022,1,1,0,0,0,0,1
RS,J02,trabalhista,20688.842059094284,2020,1,0,1,0,1,1,1
MG,J01,consumidor,36958.68793945988,2023,0,0,1,1,1,0,0
MG,J01,agrário,10359.657363216595,2022,1,0,1,1,0,0,1
RS,J03,consumidor,17830.869110387717,2022,0,0,0,1,1,0,1
MG,J02,consumidor,6650.371152114144,2023,0,0,0,1,0,0,0
RS,J02,agrário,12716.391884650659,2023,0,1,0,1,1,1,1
SP,J02,cível,20419.51191060475,2022,0,1,1,1,0,1,0
MG,J03,cível,4009.569478815183,2024,1,0,0,1,0,1,0
RJ,J01,consumidor,2111.5540945300604,2021,1,1,1,0,0,0,0
MG,J02,agrário,10040.301339584032,2022,0,1,1,1,1,0,0
MG,J03,cível,42336.06749860102,2020,1,0,1,1,1,0,0
RJ,J02,consumidor,13413.745899191223,2020,1,0,1,1,0,1,1
RJ,J03,consumidor,14743.4491038181,2020,0,0,1,1,1,1,0
RS,J02,consumidor,34382.946696989515,2024,0,0,1,1,1,1,0
MG,J02,cível,18349.14134556019,2021,1,0,1,0,1,1,0
RS,J01,trabalhista,6590.556760635885,2020,0,1,0,0,1,1,0
SP,J03,cível,26824.021872388766,2022,1,0,1,0,1,0,0
RS,J01,consumidor,15442.778310336984,2023,1,1,1,0,0,0,0
RJ,J01,trabalhista,42524.16113251356,2021,0,1,0,0,0,1,1
SP,J03,trabalhista,18455.750986635936,2024,1,0,1,0,0,1,1
SP,J03,cível,17287.15767412511,2023,0,1,1,0,0,0,0
SP,J02,trabalhista,20931.511269966864,2020,1,0,1,0,1,1,0
RJ,J03,agrário,30502.804610165378,2021,0,0,1,1,1,0,0
RS,J02,cível,36308.03431020524,2022,1,0,1,1,1,0,0
MG,J01,cível,47497.20855500425,2021,1,0,1,1,0,1,0
RS,J01,agrário,25743.85973479264,2024,1,0,0,1,0,0,0
MG,J01,trabalhista,7301.345144673431,2022,1,1,1,1,0,0,1
RS,J03,consumidor,21843.848080505642,2020,0,0,0,0,0,1,0
RJ,J02,agrário,40744.828370906296,2023,0,0,1,0,0,0,1
RS,J01,trabalhista,29607.594458142008,2021,0,0,0,1,0,1,1
RS,J03,agrário,31029.750303105862,2022,0,1,1,0,0,1,1
RJ,J02,agrário,3675.171859405129,2022,1,1,0,1,0,0,1
RJ,J02,consumidor,13976.270733599757,2022,0,1,1,0,1,0,0
MG,J01,trabalhista,2849.330847735571,2023,1,1,1,1,0,1,1
RJ,J01,consumidor,248954.53527284265,2023,1,0,1,1,1,0,0
RJ,J03,consumidor,40171.772318955875,2020,0,0,1,1,0,0,0
SP,J01,cível,61980.82292633407,2020,1,0,1,1,0,0,0
SP,J01,trabalhista,39388.16808383688,2022,0,1,1,0,0,1,0
MG,J01,cível,4599.48476519902,2024,1,1,1,0,0,1,0
RS,J02,cível,33453.08901995715,2024,1,0,1,0,0,0,0
MG,J03,trabalhista,17912.92195179833,2022,0,1,0,0,1,0,0
RS,J01,agrário,6763.003125366906,2024,1,1,1,0,0,1,0
SP,J02,trabalhista,9694.694765670474,2023,0,0,1,1,1,0,0
MG,J02,agrário,130544.7405483018,2021,0,0,0,0,0,1,0
MG,J02,consumidor,16349.573772757387,2020,1,1,1,0,1,1,0
RS,J02,trabalhista,22588.268276507042,2021,1,1,0,0,0,1,0
SP,J02,consumidor,58048.441604788706,2024,0,0,1,1,1,1,0
RJ,J01,trabalhista,40346.32316780046,2024,0,1,0,1,1,0,1
MG,J03,agrário,36462.104947891115,2024,0,0,0,0,0,0,0
RJ,J02,cível,22228.003852144135,2020,1,1,0,0,0,0,1
MG,J03,cível,173322.7577730979,2021,1,1,0,0,0,0,0
SP,J02,agrário,23907.68332361197,2024,1,1,0,0,1,1,1
SP,J02,cível,11424.716690574354,2024,0,0,0,1,1,0,0
MG,J01,cível,14481.270311927437,2024,0,0,1,0,0,0,0
MG,J03,agrário,30802.435535127956,2021,1,0,1,0,0,1,1
RS,J01,consumidor,39849.44111980402,2022,1,1,0,0,0,1,0
MG,J02,agrário,13831.009426603647,2021,1,1,0,1,0,0,1
SP,J01,cível,26655.309823373143,2024,1,1,0,0,0,0,0
RJ,J02,consumidor,17344.30707795982,2023,0,0,0,1,0,0,0
RJ,J02,consumidor,4112.743113022644,2022,1,1,1,0,0,0,0
RJ,J02,agrário,4999.473325654238,2024,1,0,1,0,1,0,0
MG,J03,consumidor,202064.5076552833,2021,1,1,1,1,1,0,0
SP,J01,cível,83918.54105239548,2020,0,0,1,0,0,0,0
SP,J01,cível,12451.200338732344,2024,1,0,0,0,0,0,0
SP,J01,trabalhista,14316.286408946658,2023,1,0,1,0,1,0,0
MG,J03,cível,41680.83103729683,2022,0,1,1,0,1,1,0
RJ,J02,cível,66701.62882621886,2021,1,0,0,0,1,1,1
MG,J03,trabalhista,30651.876435943508,2024,1,1,0,1,1,1,1
RJ,J03,agrário,20471.7640358732,2023,0,0,0,0,0,0,0
SP,J01,cível,3153.0996808388545,2024,1,0,0,1,1,1,1
MG,J01,consumidor,17757.27956768169,2024,0,0,0,1,0,1,0
MG,J02,trabalhista,105872.52512620242,2023,0,1,1,1,1,1,0
MG,J03,trabalhista,27902.07548655213,2021,1,1,1,0,0,0,0
SP,J03,trabalhista,22900.86780152772,2022,0,0,0,1,1,1,0
RS,J01,agrário,131062.78517832786,2024,0,1,0,1,0,0,0
RJ,J03,cível,83973.54430096416,2020,1,0,1,1,0,0,0
SP,J02,trabalhista,3802.004115665551,2023,1,0,0,0,1,1,0
MG,J02,consumidor,23301.98609855377,2020,1,1,0,1,0,1,1
SP,J03,consumidor,15892.316410133037,2021,0,0,0,0,1,1,0
MG,J01,trabalhista,61512.37869045623,2024,0,1,1,1,1,1,1
RJ,J02,consumidor,4864.192652125763,2022,1,0,0,1,1,0,0
SP,J03,trabalhista,32202.26117204141,2022,1,1,0,0,1,0,0
RJ,J02,cível,4564.847626601001,2020,1,1,0,1,1,0,0
RJ,J01,agrário,21772.36381017551,2022,1,0,0,0,1,0,1
RS,J02,trabalhista,35368.3693276604,2020,0,1,1,1,0,0,0
RJ,J02,trabalhista,15875.968081277524,2020,0,0,0,1,0,1,0
RS,J03,consumidor,24673.00915208358,2021,0,0,0,1,1,1,1
SP,J01,cível,63192.26707575543,2021,1,1,1,1,1,1,0
SP,J03,cível,26160.077171160396,2020,0,0,0,1,0,0,0
SP,J02,cível,6747.2249496507675,2024,0,1,1,0,0,0,0
SP,J02,consumidor,6164.926279544084,2024,0,0,0,0,1,0,0
RS,J02,cível,14531.47104214491,2023,0,0,1,1,1,0,0
MG,J01,agrário,47993.04091138458,2023,0,1,0,0,0,0,1
RS,J02,agrário,17408.18307577207,2021,0,0,1,0,0,0,0
SP,J03,agrário,10905.54668029158,2020,1,1,0,0,0,0,1
MG,J02,cível,20228.467728389292,2024,1,1,0,0,0,0,0
RJ,J01,cível,34612.373399472664,2024,1,0,1,0,1,0,0
SP,J03,agrário,12771.42244167211,2022,1,1,1,0,0,0,1
SP,J02,cível,29592.566171353625,2020,0,1,1,1,0,1,0
SP,J02,consumidor,67461.96558171207,2023,1,1,1,0,0,0,0
RJ,J01,agrário,74337.42220338101,2022,0,1,0,0,0,1,0
RJ,J01,trabalhista,33219.60999717844,2023,0,1,0,1,1,0,1
RS,J01,agrário,36662.1978066514,2022,0,0,1,1,0,0,0
SP,J03,agrário,5873.21762835523,2023,1,0,1,0,1,1,0
RJ,J01,consumidor,36605.713445513225,2020,1,0,0,1,0,1,0
RJ,J02,cível,57138.52127548248,2020,0,0,0,0,0,1,0
MG,J02,cível,14087.36281578143,2022,1,0,0,0,1,1,1
SP,J01,agrário,48931.25997839422,2023,0,1,1,0,1,1,1
MG,J03,trabalhista,75676.16749844766,2020,1,1,1,0,0,0,1
RS,J02,consumidor,3141.81457782159,2024,1,0,1,0,0,0,1
MG,J02,consumidor,86197.59987745956,2024,0,0,1,1,0,0,1
MG,J02,consumidor,31444.09027028075,2024,0,0,1,1,0,0,0
RS,J03,agrário,32784.18307044113,2024,1,0,1,0,0,0,1
MG,J03,consumidor,16852.32712039257,2023,1,1,1,0,0,1,0
SP,J03,cível,51730.02229642659,2020,1,0,1,1,1,0,0
SP,J02,consumidor,20173.62674786889,2023,0,0,1,1,1,0,0
MG,J03,cível,16397.639022867428,2024,1,0,0,0,0,1,0
MG,J01,agrário,38664.13751387768,2020,0,1,0,0,0,1,1
MG,J02,trabalhista,3141.6874497532394,2024,1,0,0,0,0,0,0
SP,J03,consumidor,19415.71791672613,2023,0,0,0,1,1,1,1
RJ,J01,consumidor,4612.964094304108,2020,0,1,1,1,1,1,0
RS,J02,agrário,3326.160506326808,2020,0,0,0,0,1,0,0
RJ,J03,trabalhista,67561.94250794168,2020,1,0,0,0,1,0,1
RS,J03,trabalhista,7198.928993861267,2022,1,0,0,1,1,1,1
SP,J02,cível,62495.70746741637,2024,0,1,0,0,0,1,0
RJ,J03,consumidor,29415.435589262335,2023,1,1,1,0,0,1,0
RJ,J03,consumidor,6333.38929919491,2020,1,1,0,1,1,1,1
RS,J03,cível,5468.650720368322,2023,0,1,1,1,1,1,0
MG,J02,cível,72750.23679762112,2024,0,0,0,0,1,1,0
RS,J02,cível,47204.25577918469,2024,1,1,0,0,0,0,0
RJ,J01,agrário,37862.67695344749,2021,0,0,0,1,1,1,1
MG,J02,cível,45623.11676145882,2022,0,1,1,1,1,0,0
RS,J01,agrário,50291.28682479823,2020,1,0,0,0,0,1,1
MG,J01,consumidor,51457.045720582166,2020,0,0,0,1,0,0,0
SP,J03,agrário,28668.406207910128,2024,0,1,0,0,0,0,0
RJ,J02,agrário,10109.36059474804,2023,0,0,1,1,1,1,0
SP,J03,trabalhista,7990.189253567194,2023,0,0,0,0,1,1,0
MG,J03,consumidor,85490.93995179985,2022,1,1,1,0,1,1,0
RS,J02,consumidor,32682.182956162873,2020,0,1,0,1,0,1,0
RJ,J02,cível,39793.39734425008,2023,0,0,1,1,1,0,0
SP,J02,cível,25756.938403473963,2024,1,0,0,0,1,1,0
MG,J02,trabalhista,30365.684376727153,2024,1,0,0,0,0,0,1
RS,J02,agrário,39761.41892116632,2020,0,1,1,1,1,0,1
RS,J02,consumidor,12923.62501453335,2023,0,0,1,1,0,1,0
RJ,J02,trabalhista,36880.44300624634,2022,0,1,0,1,0,1,1
RJ,J03,trabalhista,7068.042690998002,2022,1,0,0,1,0,0,0
SP,J01,agrário,3885.1508800728166,2022,0,1,0,0,1,1,0
RJ,J02,trabalhista,6154.454855105792,2022,1,0,0,1,1,1,0
SP,J02,trabalhista,48260.348065211714,2021,0,0,0,1,0,1,1
RS,J01,agrário,27071.328675456185,2022,0,0,0,1,0,0,0
MG,J02,cível,15676.842849256755,2021,0,0,1,0,0,1,0
SP,J02,cível,8068.386945344071,2023,1,0,0,1,0,1,1
SP,J03,cível,61282.43754157094,2021,1,0,0,1,1,1,1
RJ,J02,agrário,2367.496651620844,2022,0,1,0,0,0,0,1
RS,J01,trabalhista,24058.727622775936,2022,0,1,0,1,1,1,1
MG,J03,consumidor,52776.6065267878,2024,0,1,0,1,1,1,1
SP,J03,consumidor,73246.46583350132,2020,0,1,1,1,1,0,0
MG,J03,trabalhista,18396.841406660023,2020,0,1,0,1,0,0,1
SP,J01,agrário,27653.32194912675,2023,1,1,1,1,0,1,0
RJ,J02,cível,14942.648404452224,2021,1,1,0,1,1,0,1
RS,J03,agrário,18833.522571970727,2021,1,1,1,1,0,1,0
SP,J03,agrário,18514.343855339845,2020,1,1,1,1,1,1,1
SP,J03,cível,15454.315549819896,2023,0,1,0,0,0,1,1
RS,J02,cível,6975.571094742071,2021,0,0,1,1,1,1,0
RS,J03,consumidor,7403.386321922102,2021,0,1,0,1,0,1,0
RJ,J02,trabalhista,8762.912822871243,2024,1,0,0,1,0,0,1
MG,J01,consumidor,7069.475559235571,2024,1,0,1,0,1,1,0
RJ,J01,consumidor,73566.10756950392,2020,0,1,0,1,1,1,1
MG,J03,agrário,65655.82908212098,2023,1,0,1,1,0,1,0
SP,J02,trabalhista,4927.945750668164,2021,0,1,0,0,1,0,1
RS,J03,trabalhista,4385.938626171555,2021,1,0,1,1,1,1,0
RS,J03,cível,54491.66286585098,2023,0,1,1,0,0,0,0
RJ,J01,trabalhista,24405.723395917477,2021,0,1,0,1,0,0,0
RS,J02,agrário,77403.97374702427,2023,1,1,0,0,0,0,0
RS,J03,trabalhista,19723.207013411688,2023,1,1,1,1,1,1,0
SP,J03,trabalhista,8980.953385657082,2023,1,1,1,1,0,0,0
RJ,J03,agrário,19333.901760497814,2021,1,1,0,1,0,1,1
RJ,J03,agrário,102523.38526313944,2023,1,0,1,0,1,1,1
SP,J02,trabalhista,13672.909289109091,2021,0,0,1,0,0,0,0
SP,J01,agrário,405405.9574504322,2021,1,1,1,1,0,1,0
MG,J03,cível,20762.32202416161,2023,1,0,1,0,0,0,0
RJ,J02,agrário,4225.369630203971,2021,1,1,0,1,1,1,1
SP,J02,consumidor,27851.66682869275,2020,0,1,0,1,1,1,0
SP,J02,cível,37335.598157482396,2023,1,0,0,0,0,1,0
RJ,J01,consumidor,6459.837105768627,2020,0,1,0,0,1,0,1
RS,J02,consumidor,7628.434464609834,2020,0,0,1,1,1,1,0
RS,J01,agrário,14758.425815230186,2021,0,1,1,1,1,1,0
RS,J02,trabalhista,14003.58626451183,2020,0,0,0,1,0,1,0
RJ,J01,agrário,24779.1584767481,2021,0,0,0,0,1,1,0
SP,J03,trabalhista,12795.193436239111,2021,1,0,0,0,1,1,1
RS,J03,trabalhista,12821.00400162153,2020,0,1,1,1,1,1,0
MG,J02,cível,13683.07529643101,2020,0,0,0,0,1,0,0
SP,J03,agrário,19355.316541312954,2022,0,0,0,1,0,0,0
SP,J03,trabalhista,4863.875539994439,2024,1,1,1,0,0,0,1
SP,J01,trabalhista,15945.326672374598,2024,0,0,1,1,0,1,0
SP,J02,agrário,17609.163807369023,2022,1,1,0,0,0,0,1
RS,J03,consumidor,36224.191068731954,2023,0,0,1,0,0,1,0
MG,J03,agrário,21141.04930844361,2021,0,1,0,0,1,1,0
RJ,J03,cível,4353.620924079756,2020,0,1,1,1,0,1,0
SP,J02,agrário,20674.258305773306,2020,1,0,0,1,1,1,0
MG,J03,trabalhista,18159.762802508314,2020,0,0,0,0,1,1,1
SP,J03,agrário,18234.14065342475,2022,1,1,0,1,1,0,0
RJ,J03,cível,35931.73735420083,2021,1,1,1,0,0,1,0
SP,J02,trabalhista,13391.958675964945,2021,1,1,1,0,0,1,0
RJ,J01,cível,5090.35389702424,2024,0,1,1,0,0,1,0
MG,J03,agrário,16355.762906089889,2020,1,1,0,1,0,0,1
RS,J01,cível,9045.681395846606,2020,1,0,1,0,1,1,0
MG,J03,trabalhista,14490.115633908797,2020,1,0,1,0,0,0,0
MG,J03,trabalhista,6656.674265991101,2020,1,0,1,1,0,0,0
SP,J03,trabalhista,17303.92363488839,2021,1,0,1,1,0,1,1
RS,J02,agrário,67265.16537930266,2024,1,1,0,0,0,1,1
SP,J03,trabalhista,19618.758007408567,2022,1,0,1,0,1,1,1
SP,J01,agrário,8976.606894736595,2024,0,0,0,1,0,0,1
MG,J02,trabalhista,28060.512948845597,2024,0,1,0,1,0,1,0
MG,J02,agrário,6671.782139543255,2023,1,0,1,1,0,0,0
RJ,J01,agrário,20735.25699734101,2023,0,1,1,0,1,1,0
RS,J01,consumidor,124467.0382200593,2022,0,0,0,0,1,0,1
SP,J01,trabalhista,11997.747883740874,2021,0,1,0,1,0,1,0
SP,J03,trabalhista,7809.304394292057,2021,0,1,0,1,0,0,0
RJ,J03,agrário,18746.595401557905,2024,0,1,1,1,0,1,0
RJ,J01,consumidor,6427.520640906337,2021,1,0,1,1,0,0,0
RJ,J01,trabalhista,18729.26265361288,2023,0,1,0,0,1,0,1
RS,J01,trabalhista,27517.236247396464,2020,1,0,0,0,1,1,1
RS,J01,consumidor,12952.379710364015,2020,1,0,0,1,1,0,0
MG,J02,consumidor,184434.70670120808,2021,0,1,1,1,1,1,0
SP,J02,consumidor,63100.65993901256,2023,0,1,0,0,1,0,0
RJ,J02,consumidor,20298.475566681536,2022,1,0,1,0,0,0,0
RJ,J01,agrário,6608.036315995008,2024,0,0,0,1,0,0,0
RS,J03,agrário,10880.072695759389,2020,0,1,1,0,0,1,0
RJ,J01,trabalhista,1366.0310142383585,2024,0,1,0,1,0,1,0
MG,J01,trabalhista,15009.670207471416,2023,1,0,0,0,1,0,0
SP,J02,consumidor,62003.57968195764,2020,1,0,0,0,0,0,0
SP,J03,cível,23210.13310561548,2023,1,0,0,0,1,0,1
RJ,J03,agrário,182853.9264637665,2024,0,0,0,0,0,1,0
RJ,J01,cível,43606.21571702865,2023,0,1,0,0,1,0,0
MG,J03,trabalhista,30593.754609987765,2022,0,0,1,1,1,0,0
SP,J02,consumidor,53817.50207553097,2024,1,1,1,1,0,0,0
SP,J03,trabalhista,10684.29776012524,2021,0,1,0,1,0,1,0
RJ,J03,cível,17033.091235227905,2020,1,0,1,1,1,1,0
SP,J01,cível,70114.6137337879,2020,1,1,1,1,0,1,0
RS,J03,agrário,30909.750232078557,2023,1,1,1,1,0,0,1
RS,J01,cível,4837.77148580215,2020,1,1,0,0,0,1,1
RJ,J01,agrário,14325.79008889744,2020,1,1,0,0,1,1,1
RS,J03,consumidor,8048.95950872297,2022,0,1,1,0,1,0,0
MG,J02,trabalhista,12997.45611361575,2024,0,0,1,0,1,1,0
MG,J02,consumidor,71612.70516134369,2021,0,0,1,0,1,1,0
RJ,J01,trabalhista,10001.453795646177,2020,0,1,1,0,0,1,0
MG,J01,consumidor,48794.79755067668,2022,0,0,1,1,0,0,0
MG,J02,trabalhista,46244.643186069225,2022,1,0,1,0,1,1,0
MG,J01,consumidor,12636.543530986646,2021,0,1,0,1,0,1,0
RS,J01,consumidor,2805.6233752829485,2021,1,0,1,0,0,0,0
MG,J01,cível,16677.300920479516,2024,0,0,0,0,1,1,0
RJ,J03,trabalhista,7385.743538737236,2023,0,1,0,1,0,1,0
RJ,J01,trabalhista,32657.629724850485,2020,0,1,1,1,1,0,1
MG,J01,agrário,6430.95457721508,2021,0,0,0,0,1,1,0
SP,J02,consumidor,43560.59627912142,2023,1,0,1,1,0,1,0
MG,J02,cível,42804.27313461407,2024,0,1,1,0,0,0,0
RS,J02,trabalhista,20489.84563102717,2022,0,0,1,0,0,0,0
RS,J02,agrário,245846.87838164272,2021,1,0,1,1,0,0,0
RS,J01,consumidor,52562.84134423755,2021,0,1,0,0,0,0,1
MG,J03,cível,13278.039228282447,2023,0,0,0,0,0,0,0
RS,J02,trabalhista,48528.85691748599,2024,0,1,0,1,1,0,1
SP,J03,trabalhista,15145.690408987912,2020,0,0,1,0,0,0,0
RJ,J02,cível,51713.34114462424,2021,1,1,0,1,0,1,1
RS,J02,trabalhista,16681.11615825986,2023,1,1,1,0,0,0,1
MG,J02,consumidor,77154.8904601633,2021,1,0,1,0,1,1,0
RJ,J03,consumidor,7174.563005757871,2022,0,1,0,0,1,0,0
MG,J03,trabalhista,4322.248442438863,2024,0,1,0,1,0,1,0
MG,J01,agrário,1295.9302672517229,2024,1,1,1,0,1,1,0
SP,J03,cível,8844.977609265434,2022,1,1,1,0,1,0,1
MG,J02,agrário,5872.045192444831,2020,1,0,0,0,1,0,0
RJ,J03,cível,7415.245920601619,2021,0,0,0,0,1,1,1
SP,J01,consumidor,14014.192784329485,2022,1,1,0,1,1,0,0
SP,J03,trabalhista,38401.30552844373,2022,1,1,1,0,1,1,0
RJ,J03,trabalhista,20688.528289189955,2024,1,0,0,1,0,1,1
SP,J02,trabalhista,14588.810152516822,2024,0,0,1,1,0,0,0
SP,J03,trabalhista,17894.142823751947,2024,1,1,1,0,0,1,1
MG,J03,agrário,16113.167235065695,2022,0,0,0,1,0,0,0
RJ,J02,trabalhista,37926.33050181069,2024,1,1,1,1,0,0,0
RJ,J02,cível,50057.91413070081,2022,0,0,0,1,0,1,0
SP,J03,agrário,228754.19770427237,2023,1,0,0,0,0,1,0
RJ,J02,consumidor,32227.231832342582,2022,1,1,0,1,0,0,1
MG,J01,cível,179355.62503731274,2020,0,0,1,0,0,0,0
RJ,J01,trabalhista,11878.723003510477,2020,1,0,1,0,1,0,1
RJ,J03,cível,17954.994979522588,2023,0,0,1,0,1,0,0
SP,J01,cível,33321.043127060446,2022,1,1,1,0,0,1,0
MG,J03,consumidor,27403.725357247706,2021,1,0,0,0,0,0,0
SP,J01,consumidor,4044.849295992158,2023,0,1,1,1,1,1,0
RS,J02,trabalhista,52113.19873193651,2023,0,1,1,0,1,0,1
MG,J01,trabalhista,7697.313697695204,2024,1,1,0,0,0,1,1
SP,J01,cível,7657.85267763342,2023,1,1,1,1,0,1,0
MG,J02,trabalhista,150206.4277618883,2020,1,1,0,1,1,1,0
SP,J03,cível,1759.886876826836,2024,1,0,0,0,1,1,1
MG,J03,consumidor,3178.101423565194,2022,1,1,1,0,0,0,0
SP,J03,agrário,21749.246197831857,2020,0,1,1,0,0,0,0
SP,J01,agrário,2139.838914033998,2022,0,1,0,1,1,0,1
SP,J02,cível,42253.14221981425,2021,1,0,1,1,1,1,1
RJ,J02,trabalhista,49361.61543159359,2020,0,0,0,1,0,0,0
RS,J01,cível,292041.36260987195,2022,1,0,1,1,1,0,1
MG,J02,consumidor,13244.495978118915,2022,1,0,0,1,0,1,0
RJ,J02,trabalhista,24269.39913435214,2020,1,0,0,0,0,0,0
RJ,J02,agrário,15740.61222788654,2021,1,0,1,0,1,0,0
SP,J02,agrário,46042.262121541644,2022,1,1,0,0,0,0,0
RJ,J02,consumidor,18380.08798921855,2021,1,0,1,0,0,0,0
RS,J02,trabalhista,75349.49452746216,2021,1,1,1,1,1,0,0
RS,J03,cível,133441.52162932447,2023,1,0,1,0,0,0,1
RJ,J01,trabalhista,4867.496728297565,2020,1,0,0,1,1,0,0
RJ,J02,cível,33861.31867283358,2021,1,1,0,1,0,0,0
SP,J01,trabalhista,47490.72400746984,2020,0,1,0,0,1,0,0
RS,J01,consumidor,10693.627117685019,2021,1,0,1,0,1,1,0
RJ,J03,trabalhista,43802.22638061985,2021,1,1,0,0,0,1,1
RJ,J03,consumidor,109298.54341902325,2020,0,1,0,1,1,0,1
RS,J02,cível,79780.52279071281,2023,1,1,1,1,1,0,0
RS,J03,agrário,38631.962718233895,2020,0,0,1,1,0,1,0
SP,J03,cível,52691.84012355085,2020,1,0,1,0,1,1,0
SP,J02,consumidor,12120.919213839372,2022,0,0,1,1,1,0,0
RS,J02,consumidor,12753.009171240945,2020,1,1,0,1,1,0,1
SP,J02,cível,61326.47457399942,2024,0,1,0,1,0,1,0
RJ,J02,consumidor,34327.64179960847,2020,0,1,1,0,1,0,0
RJ,J02,trabalhista,65703.2219890765,2021,0,0,0,1,1,1,1
RJ,J02,agrário,16079.110484722596,2023,1,1,1,1,0,1,0
RS,J01,trabalhista,113353.42626339581,2024,1,0,1,0,0,0,0
RJ,J02,trabalhista,15193.836202233644,2021,0,0,0,1,1,1,0
MG,J02,trabalhista,13799.17583530464,2024,0,0,1,0,1,0,0
SP,J02,agrário,304691.0644248803,2020,1,1,0,0,0,1,1
RJ,J01,trabalhista,8615.808355225467,2020,1,1,0,1,1,1,1
RJ,J01,agrário,8316.232690468878,2020,1,0,1,1,0,0,0
RS,J02,cível,4976.17516439638,2022,0,1,0,1,0,0,1
RJ,J03,consumidor,11683.570834938513,2021,0,1,0,0,0,0,0
RJ,J02,consumidor,39615.92758437866,2024,1,0,1,0,0,1,0
RJ,J01,trabalhista,22645.985488413535,2023,1,1,0,0,0,1,1
RS,J03,trabalhista,26913.850657234983,2020,0,0,1,1,1,1,1
SP,J01,agrário,8203.531063790286,2022,1,1,0,1,0,1,0
SP,J01,agrário,32718.699623384247,2023,0,0,0,1,1,0,0
SP,J03,agrário,12864.461657073934,2022,1,1,1,1,0,0,0
RS,J02,trabalhista,8276.117340220775,2023,1,0,0,0,1,1,1
RJ,J01,trabalhista,18589.488737394866,2021,0,1,0,0,1,1,1
SP,J03,cível,11762.59116323905,2024,0,0,1,0,1,1,0
RJ,J01,cível,119505.60212989179,2023,1,0,0,0,0,1,1
RJ,J01,trabalhista,21054.173180258695,2023,0,1,1,1,1,0,0
RJ,J02,trabalhista,6764.175825550313,2022,1,1,0,0,1,1,0
RS,J03,agrário,73114.4673349152,2021,1,0,0,0,0,1,0
RS,J02,cível,30500.64585881853,2023,1,1,1,0,1,1,0
RJ,J03,trabalhista,23526.77890136105,2024,0,1,1,0,1,1,0
MG,J03,cível,7402.589257825425,2023,1,1,1,0,1,1,0
SP,J01,consumidor,50806.84110073768,2023,0,1,0,1,0,1,1
SP,J02,cível,3807.0690509313163,2024,1,1,0,0,0,1,0
RJ,J03,consumidor,6112.7755604275535,2023,0,1,0,1,0,1,0
RJ,J02,cível,58837.15175103697,2022,1,0,0,0,1,1,0
MG,J03,trabalhista,27177.880122785118,2022,0,1,1,0,1,1,1
RS,J02,consumidor,70585.09996058607,2021,0,0,1,0,0,0,0
MG,J02,consumidor,16763.453447042386,2021,1,0,1,0,0,1,1
RJ,J01,consumidor,32004.417566712116,2024,0,1,1,0,1,0,0
RJ,J01,consumidor,97282.62601612469,2021,1,1,1,0,1,0,1
RS,J01,trabalhista,28995.167987615587,2021,1,0,1,1,1,0,0
RS,J02,cível,6134.576468335118,2024,1,0,0,0,0,1,1
RS,J03,consumidor,67681.16457026632,2022,0,1,0,0,1,1,0
MG,J01,trabalhista,124932.26347605868,2023,0,0,1,0,1,1,0
RJ,J02,cível,24994.385548576924,2021,0,0,0,1,0,0,1
RJ,J03,consumidor,24969.7554220326,2022,1,0,0,1,0,0,0
MG,J01,consumidor,5603.52770221056,2021,0,1,1,0,1,1,1
RS,J03,trabalhista,60265.01643997686,2022,0,0,1,1,0,0,1
RJ,J02,trabalhista,6446.154321683172,2024,0,1,1,0,1,0,1
RS,J01,consumidor,3750.4667000075856,2020,1,1,1,0,0,1,0
MG,J03,consumidor,30284.57537439833,2023,0,0,0,0,0,0,0
RJ,J02,cível,41001.029703994966,2023,1,1,0,0,0,0,0
SP,J02,trabalhista,7748.6304117095015,2020,0,1,1,0,1,1,1
MG,J01,agrário,23634.784537834115,2021,0,0,0,1,0,1,0
SP,J03,cível,5770.73779997261,2020,0,1,0,0,0,0,1
RS,J02,agrário,65891.29857449811,2022,1,0,1,0,0,0,0
RJ,J01,consumidor,9126.38352368899,2023,0,0,1,0,1,1,0
MG,J02,trabalhista,100590.7313071334,2023,1,0,1,0,1,0,0
RJ,J01,agrário,4133.726205847776,2024,1,0,1,0,1,1,0
MG,J01,consumidor,17361.364544609925,2022,1,0,1,0,0,0,1
RJ,J03,trabalhista,21419.32576791498,2022,0,1,1,1,1,0,0
RS,J03,consumidor,16739.6507379657,2023,1,0,0,1,0,0,1
SP,J03,cível,51858.121236476894,2020,1,0,0,0,0,0,0
MG,J02,consumidor,6439.898528715417,2022,1,1,0,0,0,0,0
SP,J02,cível,25292.684543931024,2023,1,1,0,1,0,0,0
RS,J03,agrário,24833.28302936324,2023,0,0,1,0,0,0,1
MG,J01,cível,24020.849649266653,2020,0,0,1,1,1,1,0
RS,J03,trabalhista,20859.64924398835,2024,1,0,0,0,1,1,1
SP,J03,trabalhista,13911.31414428433,2024,1,0,0,0,1,1,0
MG,J03,consumidor,26453.61468399373,2023,1,1,0,1,0,0,1
SP,J02,agrário,32803.29300318148,2024,1,1,0,0,1,0,1
MG,J03,trabalhista,15036.756825729046,2022,0,0,1,0,1,0,0
RJ,J01,agrário,37182.338876837566,2021,1,0,0,1,0,1,0
RJ,J02,consumidor,3054.0749958808537,2023,1,1,0,0,1,1,0
RS,J02,agrário,286384.8336259247,2024,1,1,1,1,0,1,1
MG,J02,consumidor,25052.032031338782,2020,1,1,1,0,1,1,1
SP,J02,consumidor,10866.590386536123,2022,0,0,0,0,0,0,0
RJ,J01,trabalhista,51680.14831093343,2022,1,0,0,0,1,0,0
SP,J03,cível,9696.533699138003,2022,1,0,1,1,1,1,1
MG,J01,agrário,44105.52183291366,2020,0,1,0,1,0,1,1
MG,J03,cível,69367.06481546091,2021,1,1,0,1,0,0,0
SP,J01,agrário,51000.145648700716,2021,0,0,0,0,0,1,1
SP,J03,agrário,11188.555829535575,2022,0,1,0,1,1,0,1
RJ,J01,agrário,61613.50728297052,2021,1,1,1,1,0,0,1
RJ,J02,cível,89535.09424929433,2022,0,1,0,1,0,1,0
MG,J01,trabalhista,32123.12043103958,2023,1,0,1,1,0,1,1
MG,J02,agrário,6291.564736746059,2021,1,0,1,0,0,1,1
RS,J03,cível,23448.666437872424,2022,0,1,1,1,0,0,0
MG,J03,agrário,7983.8813459835,2021,1,1,0,0,1,1,1
MG,J03,trabalhista,16298.94630260666,2021,1,0,0,0,1,0,0
RJ,J02,agrário,6488.662876956478,2020,1,0,1,1,0,0,0
RS,J02,agrário,13858.382472520372,2023,0,1,1,1,0,1,0
RJ,J01,trabalhista,4556.327835143468,2020,0,0,0,1,1,1,0
MG,J03,trabalhista,2968.88452635775,2022,0,1,1,0,1,1,0
SP,J01,cível,56138.95518314871,2024,0,1,0,0,1,1,0
SP,J02,cível,4821.280002852583,2020,0,1,0,0,0,0,0
RS,J01,consumidor,45695.49309293689,2020,1,0,0,1,1,1,1
RS,J02,trabalhista,31150.66561749672,2021,0,1,0,1,0,1,1
RS,J01,consumidor,71898.83118522636,2021,0,1,0,1,0,1,0
RJ,J02,consumidor,19822.560903546313,2024,0,0,1,1,1,0,0
RJ,J02,trabalhista,98445.24992286957,2022,0,0,1,1,0,0,0
MG,J03,cível,59284.666684196825,2022,0,0,0,1,0,1,0
RS,J03,cível,27545.539519399066,2024,1,1,1,1,0,0,0
SP,J03,cível,20482.10947912841,2021,1,0,0,1,0,1,0
SP,J02,trabalhista,53267.64538404891,2023,1,1,0,0,0,1,0
MG,J03,trabalhista,44775.16940160581,2023,0,0,1,0,1,0,0
RS,J02,cível,3978.4616252541073,2022,1,0,0,0,1,0,0
RJ,J02,cível,31481.85437477149,2021,0,1,1,0,0,1,0
MG,J03,agrário,30124.504565384515,2024,0,1,1,0,1,0,0
SP,J01,consumidor,8581.528602034052,2023,0,1,1,0,1,0,0
SP,J03,consumidor,52798.860588699376,2023,1,0,1,1,1,1,1
RJ,J02,consumidor,35196.77557913388,2023,1,0,0,0,0,0,0
RJ,J02,trabalhista,176753.9874416648,2021,1,0,1,0,0,0,1
RJ,J01,agrário,7812.081154437944,2023,0,0,0,0,0,1,1
RJ,J01,consumidor,19981.164722714086,2020,1,1,1,0,1,0,1
MG,J03,consumidor,14439.451211677566,2024,0,1,1,1,1,1,0
RS,J01,consumidor,36175.23327244426,2023,1,0,1,0,0,0,0
RJ,J02,trabalhista,75412.52084983778,2021,1,0,0,1,0,1,0
SP,J01,trabalhista,8014.560023177426,2022,0,1,0,1,0,0,1
SP,J03,agrário,8102.106862243183,2024,1,1,0,1,0,1,1
RJ,J02,agrário,22089.018968836557,2021,0,1,0,1,1,0,1
MG,J02,trabalhista,34574.03891914501,2024,0,0,0,0,0,1,0
RJ,J02,consumidor,23427.434619183594,2024,1,0,0,1,0,1,1
MG,J01,trabalhista,40254.45335342755,2021,0,0,0,0,0,1,0
MG,J01,cível,12243.084609734104,2020,1,0,1,0,1,0,0
SP,J02,consumidor,4390.394419836573,2023,1,0,0,1,1,1,0
RJ,J03,trabalhista,8048.985615444616,2022,0,1,0,0,1,1,1
SP,J02,agrário,32772.06419819858,2024,0,1,1,0,0,1,0
RS,J03,trabalhista,11398.362768853622,2023,0,1,1,0,1,0,0
MG,J01,trabalhista,12321.35785229626,2021,0,1,1,0,0,1,0
SP,J01,agrário,27381.19974180213,2022,1,1,1,1,0,1,0
RJ,J02,agrário,33108.47702989222,2024,0,0,1,1,0,0,0
RS,J02,cível,122628.73911439894,2022,1,1,0,1,0,1,1
RS,J02,consumidor,50399.20904715451,2021,0,0,1,0,1,1,0
SP,J03,agrário,15017.41116861161,2022,0,0,0,0,0,0,0
MG,J02,trabalhista,43963.27211809318,2023,0,1,1,0,1,0,0
SP,J01,cível,2780.5937480681987,2021,0,0,0,1,1,0,0
MG,J01,consumidor,168819.54812961278,2024,0,1,0,0,1,0,1
MG,J02,consumidor,24869.277616476735,2023,1,0,0,0,1,1,1
SP,J01,agrário,18039.52719223797,2023,1,1,1,1,0,0,1
MG,J03,consumidor,8629.422564729955,2020,0,1,1,0,0,0,1
SP,J03,trabalhista,34993.32293301201,2023,0,1,0,0,1,1,0
SP,J02,trabalhista,35869.2424131443,2022,0,1,1,0,1,0,0
MG,J02,trabalhista,29624.215391122303,2023,0,0,1,1,1,0,1
SP,J03,agrário,18035.939746328895,2020,1,1,0,1,0,0,1
RJ,J02,cível,113250.3424612172,2023,1,0,1,1,0,1,1
MG,J03,agrário,7630.140141423335,2023,0,1,0,1,1,0,1
RJ,J02,cível,57540.30143403139,2023,1,0,1,0,0,0,0
RS,J02,consumidor,40071.73578942139,2020,1,1,1,1,0,0,1
MG,J02,trabalhista,10996.295544310615,2022,0,0,0,0,1,1,0
RJ,J01,agrário,13795.425803256878,2023,0,0,1,1,1,1,1
MG,J02,consumidor,20001.808703857783,2022,0,0,1,0,1,1,1
MG,J02,cível,37922.72033737746,2022,1,0,0,1,0,0,0
RS,J02,cível,57542.19872040472,2022,0,0,0,1,0,0,0
RS,J02,agrário,51985.33023843607,2022,0,0,0,1,1,0,0
RJ,J03,cível,17690.196255220264,2023,1,0,0,0,1,1,1
RS,J03,cível,132772.9032166585,2023,0,0,1,1,1,1,0
RJ,J03,consumidor,63889.3733723073,2021,1,1,1,0,0,1,1
SP,J01,consumidor,20812.58158502849,2020,0,0,0,1,0,1,0
MG,J01,cível,18685.976822480363,2020,0,0,0,1,0,1,0
SP,J03,agrário,79671.02155221449,2022,1,1,1,1,1,1,1
MG,J01,cível,19851.195245975996,2023,0,0,0,0,1,0,0
RS,J02,trabalhista,13787.649506608535,2020,1,1,1,1,0,1,1
RJ,J03,consumidor,46508.58035480238,2024,1,1,0,1,0,0,1
MG,J03,consumidor,83128.5578436157,2022,1,0,1,0,0,1,0
RJ,J03,agrário,68944.57412932084,2024,0,1,0,0,1,0,0
MG,J01,trabalhista,19434.112728470154,2024,1,0,1,0,1,1,0
RS,J01,cível,29249.55518811752,2020,0,1,1,1,0,1,0
RS,J02,consumidor,56329.69276381307,2024,1,0,0,1,1,0,1
SP,J02,agrário,23304.438610899044,2021,0,1,0,0,0,1,0
RJ,J03,cível,58104.44518755876,2024,0,1,0,0,1,0,1
SP,J02,cível,11495.694702412038,2024,1,1,0,1,1,0,1
RS,J01,cível,26241.91245331285,2021,1,0,1,1,1,0,0
MG,J02,consumidor,14196.565523479194,2023,0,0,0,1,1,1,0
SP,J01,agrário,62001.48343940276,2022,1,1,0,0,0,1,1
RS,J01,cível,91735.67735166688,2021,1,0,1,1,0,0,0
MG,J03,cível,36688.44384723892,2024,1,0,1,0,0,1,0
RJ,J01,agrário,210221.0678968577,2020,1,1,0,0,0,0,0
RS,J01,agrário,45491.27877025149,2023,1,0,0,1,1,1,1
SP,J01,trabalhista,118289.18541767742,2021,1,1,0,1,0,0,1
RS,J03,cível,12491.570641673674,2022,0,0,1,0,1,0,0
MG,J03,trabalhista,21859.390919288635,2023,1,1,0,1,0,1,1
MG,J01,trabalhista,11265.32534270335,2021,1,0,0,0,0,1,0
SP,J03,agrário,18570.27215973215,2023,1,0,0,0,1,1,0
RS,J01,agrário,32183.621593144613,2022,1,0,1,1,0,1,1
SP,J03,consumidor,39185.94100464175,2020,1,1,1,0,1,1,1
RJ,J03,trabalhista,39970.37235230971,2023,1,1,1,1,0,1,0
SP,J03,consumidor,19563.71869551362,2021,1,0,1,0,1,0,0
RS,J01,agrário,10921.582856383156,2022,1,1,1,1,1,0,1
SP,J01,cível,5068.61847823514,2021,1,0,1,0,1,1,0
MG,J02,cível,41856.09369065289,2020,0,1,0,0,1,0,0
SP,J01,cível,12993.583045908308,2022,0,0,0,0,0,1,0
RS,J01,cível,40843.853590512466,2024,0,1,1,1,0,1,0
MG,J02,agrário,81223.0381162311,2020,0,0,0,1,1,0,0
MG,J03,agrário,8655.94556966355,2023,0,0,0,0,0,0,0
SP,J01,consumidor,19340.293494769543,2021,1,1,1,1,1,0,0
SP,J02,trabalhista,134031.7208435114,2024,0,0,1,1,0,1,0
MG,J02,trabalhista,147201.43790647265,2021,1,1,1,0,1,0,0
SP,J02,cível,10516.98170010397,2022,0,0,1,0,0,1,0
SP,J01,cível,53386.80316206093,2023,1,1,0,0,1,1,1
RJ,J02,consumidor,7375.377557219227,2024,0,0,0,1,1,0,0
RJ,J02,cível,80904.82151282206,2021,1,1,1,1,1,1,1
RS,J02,agrário,14079.507131128099,2020,0,1,1,0,1,1,0
MG,J01,cível,43416.013097455674,2020,1,1,1,0,0,1,0
SP,J03,trabalhista,32535.31178872406,2024,0,1,0,0,1,0,0
SP,J02,trabalhista,25732.75329921542,2020,1,1,1,0,0,1,1
MG,J02,agrário,49051.36721576103,2023,1,1,0,0,1,0,1
MG,J02,cível,37793.2907600031,2024,0,1,1,1,0,0,0
SP,J01,consumidor,15197.921168161798,2021,1,0,1,0,0,0,0
RS,J03,cível,18768.077682557803,2020,0,1,1,0,0,1,0
MG,J03,consumidor,81034.97575223923,2020,1,0,0,1,1,0,0
RS,J03,agrário,1581.2748691164322,2024,0,0,0,1,1,1,1
MG,J02,agrário,25685.879618402312,2023,0,1,1,1,0,1,0
RS,J02,consumidor,34164.043199480555,2024,1,1,1,0,0,0,1
RJ,J02,agrário,27275.329019096174,2022,0,1,0,1,0,1,0
SP,J03,agrário,11430.132454740322,2024,0,0,0,1,0,1,0
RJ,J01,agrário,140201.34337973944,2024,0,1,1,0,1,0,1
SP,J03,consumidor,16578.995994792484,2024,0,0,1,1,1,1,0
MG,J01,trabalhista,62156.72974026227,2024,0,0,1,0,1,0,0
RS,J03,cível,26847.563921693752,2022,0,0,1,1,1,1,1
MG,J03,cível,45129.897358943985,2023,1,0,0,0,1,0,1
SP,J03,trabalhista,18076.14529322156,2022,0,1,1,0,1,0,1
SP,J03,trabalhista,70731.25122912896,2024,1,1,1,1,1,1,1
MG,J01,consumidor,11146.513086211487,2021,1,1,0,1,1,1,0
RJ,J03,consumidor,53020.29075845359,2022,0,0,0,1,1,1,0
RS,J01,agrário,42383.85847785071,2022,1,1,0,1,0,0,0
SP,J02,trabalhista,31550.70398656798,2023,0,0,0,0,1,0,0
SP,J03,cível,13882.58979379843,2020,1,1,1,0,0,0,0
MG,J02,agrário,14646.665177426965,2021,1,0,1,1,0,0,0
SP,J01,consumidor,1661.7942657674294,2023,1,0,0,1,0,0,1
RJ,J03,consumidor,31746.412198842405,2020,0,0,0,0,1,1,0
MG,J03,cível,54130.001954371335,2023,1,1,1,1,1,0,0
RJ,J02,cível,18489.114995340016,2023,1,0,0,0,1,0,0
RS,J02,trabalhista,41942.076688485824,2024,1,1,0,1,0,1,1
RJ,J02,consumidor,5850.336124078715,2022,1,1,0,0,0,1,1
RS,J02,cível,16651.78020012404,2021,0,1,0,0,1,1,0
SP,J02,consumidor,13793.998006578642,2022,1,0,0,1,1,0,0
SP,J02,consumidor,3610.6410136218396,2021,0,0,0,1,1,1,0
RS,J03,consumidor,21330.748191148137,2024,0,1,1,1,0,1,0
SP,J02,trabalhista,8707.399616788814,2021,1,1,0,1,1,1,0
SP,J02,consumidor,6024.117678943624,2021,1,1,1,0,1,0,1
SP,J02,cível,88432.24592882874,2020,1,1,0,1,0,1,0
MG,J02,trabalhista,1647.6050668590992,2021,0,0,1,0,1,0,1
RS,J03,cível,14470.086144817911,2021,0,0,0,1,0,1,1
RS,J02,consumidor,19613.31876425145,2022,0,0,0,0,1,1,0
MG,J01,trabalhista,72283.75899399142,2022,0,0,1,0,1,0,1
MG,J01,agrário,25843.414881247416,2024,1,0,0,1,1,0,0
SP,J01,consumidor,25546.84341060788,2022,0,1,1,0,0,1,1
MG,J03,agrário,38586.28182941445,2022,1,1,1,0,0,0,0
RS,J03,cível,11954.72908703624,2024,1,1,1,1,0,1,1
RS,J01,agrário,10377.684124328114,2024,1,0,1,0,0,0,0
RS,J02,cível,31122.80599410544,2020,0,1,1,1,0,1,0
MG,J01,cível,11237.073884906264,2021,0,1,0,0,1,0,0
RS,J01,trabalhista,24755.735383980456,2024,1,1,0,0,1,1,1
RJ,J01,agrário,13971.25049618143,2020,0,1,1,1,1,0,1
RS,J01,trabalhista,6511.43503684754,2020,1,1,1,0,1,1,1
MG,J02,agrário,40713.78485315171,2022,0,1,1,1,1,1,0
SP,J03,consumidor,371054.5415283113,2022,0,1,1,1,0,0,1
RJ,J02,cível,8680.163022128432,2023,1,0,1,1,1,0,1
RJ,J03,trabalhista,61336.12112011824,2024,0,1,0,0,1,1,0
RJ,J01,trabalhista,23476.95533767431,2020,0,0,0,1,1,1,1
MG,J02,trabalhista,15467.729318624608,2023,1,0,0,1,0,1,0
MG,J03,agrário,19712.2553703764,2023,0,0,0,0,1,1,1
RS,J02,agrário,108900.42082008172,2020,0,0,0,1,0,0,0
RS,J03,agrário,88273.96977234972,2023,1,1,0,0,0,1,0
MG,J02,consumidor,24741.019373147712,2022,0,0,1,0,1,1,0
RJ,J02,consumidor,14634.554746492513,2020,0,1,0,1,0,1,0
MG,J02,agrário,8043.785284890211,2021,1,1,1,0,0,0,0
MG,J03,agrário,6027.1614935838315,2020,0,1,0,1,0,1,0
MG,J01,consumidor,14371.597864873327,2024,0,0,0,1,1,0,1
SP,J02,cível,38356.50748713865,2021,0,1,1,0,1,0,0
RS,J01,consumidor,18048.990036054183,2022,1,0,0,1,1,1,0
MG,J01,cível,40539.049955814335,2023,1,1,1,0,0,1,1
RS,J03,trabalhista,77571.28125489676,2024,1,1,0,1,0,1,1
MG,J01,cível,2570.5793749344416,2023,0,0,1,1,0,0,0
RJ,J03,cível,28970.50161738799,2020,1,1,1,1,0,1,1
MG,J01,cível,19420.811588509638,2020,0,1,0,1,0,0,1
RJ,J01,consumidor,35921.83652115359,2023,0,0,1,0,1,0,0
RS,J02,trabalhista,9963.43390413275,2020,1,0,1,0,1,1,0
MG,J02,cível,15908.022511431409,2023,1,1,1,0,1,1,1
RJ,J01,trabalhista,14457.931936261617,2021,0,1,1,0,1,1,1
RJ,J01,trabalhista,11325.10140467437,2023,0,0,0,1,0,0,0
SP,J01,agrário,4657.543133491856,2020,0,1,0,1,1,0,0
RJ,J02,consumidor,41663.49843769279,2021,0,0,1,0,0,0,0
RS,J03,agrário,36638.410151975484,2023,0,1,0,0,1,1,0
SP,J03,cível,5823.14882127682,2024,1,1,0,1,0,1,0
SP,J01,trabalhista,30703.822208612783,2024,0,0,1,0,1,1,0
RS,J01,trabalhista,241388.32355321565,2022,0,0,1,1,0,0,0
RS,J02,agrário,98221.01016124406,2024,1,0,0,1,0,0,1
RS,J03,consumidor,33188.239822634205,2021,1,1,0,0,1,0,0
MG,J02,agrário,14379.271155294633,2023,0,0,1,0,1,0,0
RS,J01,consumidor,57048.24560612547,2023,0,1,0,1,0,0,1
SP,J02,agrário,9207.058333568946,2022,1,1,0,1,0,1,0
RS,J01,trabalhista,32806.454044759375,2023,0,0,1,0,0,1,0
RS,J03,trabalhista,15866.90514846932,2023,0,0,1,0,1,1,0
RS,J01,trabalhista,17296.147072951226,2024,1,1,1,0,1,1,0
RS,J01,consumidor,52269.61805716767,2020,1,0,1,0,0,0,0
RJ,J03,trabalhista,18311.14058202412,2020,0,0,1,1,0,0,0
RJ,J01,cível,8716.335977695266,2021,1,1,0,0,1,1,0
RJ,J03,cível,21288.01042291352,2024,0,0,0,0,1,1,0
SP,J02,agrário,14780.908609028626,2021,0,0,0,1,1,1,0
RJ,J03,cível,29049.83592931894,2023,0,0,1,1,1,0,0
MG,J01,consumidor,16116.50916831644,2023,1,1,1,0,0,1,0
RJ,J02,consumidor,53608.290666113746,2022,1,0,0,0,0,0,0
MG,J03,agrário,4279.162876232197,2024,1,1,0,0,0,0,0
SP,J01,cível,197342.40471374666,2024,1,1,0,0,1,1,1
RJ,J02,agrário,14410.889688769856,2021,1,0,1,1,1,1,0
RJ,J03,consumidor,2860.545028318387,2021,1,1,0,0,1,0,0
SP,J03,agrário,17530.56547843562,2023,0,1,0,1,0,0,1
MG,J01,trabalhista,38066.10573754316,2021,1,1,0,1,0,1,1
SP,J02,cível,21950.262182699786,2023,1,1,0,0,0,1,1
RJ,J02,cível,143817.7398387452,2023,0,0,1,1,1,0,0
MG,J03,agrário,24284.660659739147,2024,1,0,1,1,0,1,0
SP,J01,consumidor,119205.23784484844,2020,1,0,0,1,0,1,0
MG,J01,consumidor,5778.757966744646,2022,0,0,0,0,1,1,0
RS,J02,cível,11344.898004944116,2022,0,0,1,0,1,0,0
RS,J02,agrário,2010.5170661724221,2024,0,1,1,1,0,1,1
MG,J01,trabalhista,65378.36596119447,2024,1,1,0,1,1,0,1
MG,J01,agrário,16586.716473521046,2024,0,0,0,0,1,1,1
SP,J02,trabalhista,30778.834166210134,2024,1,1,1,0,0,1,0
MG,J02,cível,130877.94810355858,2022,0,0,0,0,1,1,0
RS,J02,trabalhista,34152.572942619605,2024,0,1,1,1,1,0,1
RS,J03,cível,26905.38218535424,2023,0,1,1,1,1,1,0
RS,J01,trabalhista,56020.29437485802,2022,0,0,0,1,1,0,0
MG,J03,trabalhista,32183.08642163355,2020,0,1,1,0,0,0,0
SP,J01,trabalhista,15773.210988952895,2022,0,1,0,0,0,0,1
RJ,J01,consumidor,11619.070229084227,2021,0,0,1,0,1,1,1
SP,J03,consumidor,44568.602481712,2024,0,0,1,0,1,0,1
RJ,J01,trabalhista,4635.931717181362,2022,1,1,1,0,0,1,0
SP,J02,consumidor,41478.724057925916,2021,1,0,0,0,1,0,0
MG,J03,consumidor,38740.22551050164,2022,1,0,1,1,1,1,0
RS,J03,consumidor,63432.52130665485,2022,1,0,0,1,0,1,1
RJ,J02,trabalhista,12620.229006515865,2024,1,0,0,0,0,1,0
SP,J03,trabalhista,39411.33631051749,2022,1,0,0,1,0,0,1
RS,J02,consumidor,8746.781504313383,2022,1,1,1,0,1,1,0
RJ,J03,agrário,24963.02414349325,2024,1,0,1,1,0,1,0
SP,J02,trabalhista,17838.752604055244,2020,0,1,0,1,0,1,1
SP,J03,consumidor,31807.595203408924,2024,1,1,0,1,0,0,0
MG,J02,consumidor,107211.24489432224,2024,1,0,1,0,1,1,0
SP,J02,agrário,6266.3838095686815,2024,1,0,1,0,1,1,0
SP,J03,consumidor,16622.0160568907,2021,1,0,0,0,1,0,0
RJ,J01,cível,23742.972306337884,2024,1,0,1,1,0,0,1
SP,J03,trabalhista,112296.82609414533,2024,1,0,1,0,0,1,0
SP,J02,consumidor,5080.019301867999,2021,0,0,1,0,1,0,1
RJ,J02,trabalhista,25490.98299059731,2022,1,1,0,0,1,1,0
MG,J01,trabalhista,7573.796041516836,2022,0,0,1,0,0,1,1
SP,J03,cível,96931.4496761448,2024,1,0,1,1,0,0,0
RJ,J01,consumidor,29449.45963603875,2022,1,1,0,1,0,0,1
MG,J02,consumidor,17730.878908069586,2021,1,1,0,0,1,1,1
SP,J03,agrário,141661.77224532317,2022,0,0,1,1,1,1,1
RJ,J01,agrário,35608.06944258986,2020,0,1,0,0,1,0,1
RJ,J03,consumidor,51881.890342202,2024,0,0,0,0,0,1,0
SP,J03,trabalhista,340159.990320894,2024,0,0,0,0,0,0,0
SP,J03,agrário,79395.03779368095,2021,1,0,1,1,0,1,0
SP,J01,trabalhista,13724.619855725874,2023,0,1,1,1,1,0,1
RJ,J03,cível,39807.84869736998,2020,0,0,0,0,0,0,1
RS,J03,trabalhista,10530.633597238626,2024,0,1,1,1,0,0,0
MG,J01,trabalhista,79075.52452717136,2020,0,0,0,1,1,1,0
RS,J01,cível,60225.25189082174,2021,1,1,1,1,0,1,1
RS,J01,consumidor,3142.302182399971,2020,0,1,1,0,0,1,1
RS,J02,trabalhista,3238.1271178264033,2022,0,0,1,0,0,1,0
SP,J03,consumidor,27087.161522595816,2024,1,1,0,0,1,1,1
RJ,J01,cível,19981.438609963017,2023,0,1,1,1,1,0,1
MG,J03,consumidor,15134.84347221624,2021,1,0,1,0,0,1,1
RS,J03,trabalhista,98205.9786257386,2020,0,1,0,0,0,1,0
RS,J01,agrário,37486.75518019629,2021,0,0,1,0,1,0,0
RS,J02,agrário,8732.75727760488,2024,1,1,0,0,0,1,1
MG,J03,agrário,6403.297877995649,2020,1,1,0,1,0,0,0
SP,J01,cível,80274.64264334888,2021,1,1,0,1,0,0,1
RJ,J03,consumidor,51372.66742130759,2020,0,1,0,0,1,1,0
RJ,J03,trabalhista,319020.6485406201,2022,1,0,0,1,0,0,1
SP,J03,agrário,13851.202491590764,2024,1,1,1,1,1,0,0
MG,J02,consumidor,36458.29844094731,2024,0,1,0,1,0,1,1
RS,J01,cível,45477.24930516545,2023,1,1,0,0,0,0,1
RJ,J03,cível,12686.459337412954,2020,1,1,1,1,0,0,1
MG,J02,cível,64062.22175569983,2021,1,1,0,0,1,1,1
MG,J01,trabalhista,26352.37997768655,2021,1,0,1,1,1,0,0
SP,J03,cível,17918.73277836339,2023,0,0,0,1,1,1,1
RS,J02,agrário,14670.521060101086,2021,1,1,1,0,1,0,1
RS,J02,agrário,30703.48725482071,2020,0,1,0,0,1,1,0
RJ,J03,consumidor,39418.70772608077,2020,0,1,0,0,1,1,1
MG,J03,agrário,18134.501505594388,2021,1,0,1,1,0,0,0
MG,J01,agrário,49167.34825210119,2021,0,1,0,1,0,1,1
RS,J01,agrário,13709.234822803704,2020,0,0,0,1,1,0,0
RS,J02,consumidor,44290.644480457566,2023,0,1,0,0,0,1,1
RS,J02,consumidor,23596.808496370588,2021,0,0,0,0,1,0,0
MG,J02,consumidor,45528.136279761384,2024,0,1,1,0,0,1,1
MG,J02,trabalhista,7567.901343306624,2021,1,0,0,0,1,1,1
RS,J03,cível,16837.08790774644,2024,0,0,0,0,1,1,1
SP,J02,agrário,22080.082121536663,2022,0,0,0,0,1,0,1
RJ,J01,consumidor,15162.857635439988,2020,1,1,0,0,0,0,0
RS,J03,agrário,17720.079734840358,2020,1,0,0,1,0,1,1
RS,J02,cível,51232.272553923,2020,0,1,0,1,0,1,1
RS,J03,cível,22863.645376106884,2023,0,1,0,0,0,0,0
SP,J03,trabalhista,19667.50151111733,2020,1,1,1,1,1,0,0
RS,J03,trabalhista,34918.768305275466,2022,1,1,0,1,1,0,1
MG,J01,agrário,40435.051101890356,2021,1,0,1,1,1,1,0
SP,J03,trabalhista,15213.836464636162,2021,0,1,1,1,0,1,0
RS,J02,trabalhista,28231.899969944257,2020,0,0,1,1,0,1,0
RS,J02,consumidor,50724.533670533594,2022,0,1,0,0,0,0,1
RS,J02,trabalhista,48344.7402588233,2024,0,0,0,1,0,1,1
RS,J01,agrário,5724.762907993096,2023,1,1,1,0,1,0,0
SP,J01,agrário,4900.898617918597,2021,1,0,0,0,0,0,1
MG,J01,consumidor,7801.910907733714,2022,1,0,1,1,0,1,0
RS,J03,cível,126188.38512526924,2021,0,0,0,0,1,0,0
MG,J01,cível,17277.90922792964,2022,1,1,0,1,1,0,0
RS,J01,agrário,16655.92088001666,2020,1,1,0,1,0,0,1
RS,J01,consumidor,10206.99069002454,2020,0,0,1,0,0,1,0
RJ,J01,trabalhista,25428.905931226265,2020,1,1,1,0,1,0,1
RJ,J03,consumidor,163456.29788681323,2022,1,1,1,0,1,0,0
MG,J01,cível,6136.82331510406,2020,0,1,0,1,1,1,1
RJ,J01,trabalhista,42304.92672190725,2023,0,0,1,0,0,0,1
SP,J03,agrário,70876.65429397611,2023,0,0,0,0,0,0,0
MG,J02,cível,45988.490124503754,2020,1,0,1,0,1,1,1
RJ,J01,consumidor,23396.37305412116,2024,0,0,0,1,0,1,0
SP,J01,consumidor,43279.78504779267,2024,1,1,1,1,0,0,0
RJ,J03,trabalhista,39032.30448003268,2024,0,1,1,0,1,0,0
SP,J01,cível,24814.918821631163,2020,1,0,0,1,0,0,1
SP,J01,consumidor,12346.350204735854,2023,0,0,0,1,0,1,1
RJ,J02,trabalhista,20400.320970743058,2020,0,0,0,0,1,0,0
MG,J02,trabalhista,20301.405364176106,2021,0,0,1,1,0,1,0
RS,J01,trabalhista,14141.511484998502,2023,1,1,0,0,0,1,1
MG,J01,trabalhista,27911.829305678933,2021,0,0,0,1,1,1,1
SP,J02,agrário,25436.019978349785,2023,0,0,0,0,1,0,1
MG,J03,trabalhista,1598.4041613955278,2023,0,1,0,1,0,1,1
MG,J02,agrário,54040.63639993367,2023,1,1,0,1,1,1,0
SP,J01,trabalhista,51505.11540424331,2024,0,0,0,1,1,1,0
RS,J01,trabalhista,8571.671536720418,2022,1,1,1,1,1,0,0
SP,J03,trabalhista,15724.938685050343,2022,0,0,1,0,1,0,0
RJ,J01,cível,4715.890762095531,2021,0,0,1,1,1,1,1
RJ,J02,agrário,44293.60010831684,2024,0,1,1,0,0,0,1
MG,J03,consumidor,2616.610749872922,2022,1,1,1,1,0,1,1
MG,J02,cível,12919.317182724237,2020,0,1,1,0,1,0,0
RJ,J01,agrário,52942.45290354069,2024,0,1,1,1,1,0,1
RJ,J03,agrário,30794.106176968096,2024,1,0,0,0,0,1,1
RJ,J02,agrário,31385.45498234244,2020,1,1,0,1,1,0,0
SP,J01,agrário,21366.133948215807,2022,1,1,0,1,1,1,1
SP,J01,cível,42878.779529533764,2022,0,0,0,0,1,0,0
SP,J01,consumidor,12597.734298986199,2020,1,0,0,1,1,1,0
MG,J03,agrário,35194.208933122034,2022,0,0,0,1,0,1,0
RJ,J01,cível,18064.17791968916,2023,0,0,1,0,0,1,0
SP,J03,consumidor,73182.20533201982,2020,0,0,1,1,1,1,1
SP,J02,consumidor,25511.855261199587,2023,0,1,1,0,0,0,0
SP,J02,agrário,43164.86724469627,2022,1,0,1,0,1,0,0
SP,J02,agrário,57294.4653529249,2024,0,0,0,1,0,0,0
SP,J02,cível,62492.10542962998,2021,1,1,0,1,1,1,0
SP,J02,agrário,9429.897395755708,2021,0,1,0,0,1,0,0
MG,J03,consumidor,9075.026409348306,2023,0,0,1,0,0,0,0
SP,J01,cível,162694.65572519088,2020,0,1,0,1,0,0,0
RS,J03,trabalhista,4099.797652564108,2024,1,1,0,0,0,0,1
RS,J03,trabalhista,18743.0951044044,2023,1,0,0,1,1,0,0
SP,J02,agrário,16661.845245728873,2020,0,1,1,1,0,1,0
RS,J03,cível,49034.33100906909,2024,0,1,0,0,1,0,1
SP,J01,agrário,6060.867702434907,2024,1,1,0,1,1,0,1
RJ,J02,consumidor,18787.55027484327,2024,0,1,0,1,1,0,1
MG,J01,trabalhista,91931.98554805318,2023,1,1,0,1,1,1,0
RJ,J03,consumidor,48122.543637696996,2024,0,0,0,0,1,0,1
RJ,J02,trabalhista,31082.574443956004,2022,0,1,1,0,0,0,0
SP,J01,consumidor,10282.951441980562,2020,1,1,0,1,1,0,0
SP,J01,agrário,3730.5855116547636,2020,1,0,0,1,1,0,1
MG,J03,consumidor,35473.888421004216,2024,0,1,1,1,1,1,0
MG,J03,cível,3349.372523367364,2022,1,0,1,0,0,1,1
RS,J02,trabalhista,50461.22853482603,2020,1,0,0,1,0,1,1
SP,J03,agrário,208382.85083882528,2024,0,1,0,1,0,1,1
MG,J02,agrário,7900.981047386747,2024,0,0,0,1,0,1,0
RJ,J02,agrário,34098.18207456815,2022,1,1,1,1,1,0,0
RJ,J02,agrário,5947.552758690027,2022,1,0,0,0,0,0,0
RJ,J03,agrário,4657.341622193105,2023,0,0,0,1,0,0,0
RJ,J01,cível,17017.412443291705,2024,0,1,0,1,0,0,0
RS,J01,trabalhista,23609.828277779463,2023,1,0,0,1,1,0,1
MG,J02,consumidor,20621.54368616561,2023,1,1,0,0,0,0,1
RJ,J01,trabalhista,320929.3189244625,2021,0,1,1,1,0,0,0
RS,J03,trabalhista,69448.25093470518,2024,0,0,1,0,0,0,1
SP,J02,consumidor,7107.680806016397,2020,1,1,1,0,0,0,0
SP,J03,cível,30162.971755135582,2024,0,0,1,1,1,0,0
RJ,J01,consumidor,27022.270951608272,2020,0,1,0,0,1,1,0
RJ,J03,consumidor,14797.120327800827,2020,0,0,0,0,1,1,0
RJ,J03,agrário,13699.876473053786,2021,0,0,0,0,0,1,0
MG,J03,trabalhista,94628.36734933805,2024,1,1,0,0,1,1,0
MG,J01,trabalhista,11195.45075603839,2021,1,0,1,0,0,1,0
RS,J01,agrário,158365.5548750422,2021,1,1,0,1,1,0,1
MG,J02,agrário,22686.098908972606,2022,0,0,1,1,0,0,0
SP,J01,agrário,6813.120334339696,2024,1,0,0,0,1,1,0
SP,J01,consumidor,30310.373611808485,2022,0,1,0,0,1,1,1
RS,J01,trabalhista,7028.827489780125,2020,0,1,0,0,1,0,1
MG,J02,agrário,122003.70935155891,2022,0,0,0,0,1,1,0
MG,J03,trabalhista,100407.12837717585,2023,0,1,0,1,0,0,1
MG,J01,cível,59554.10906687424,2021,1,1,1,0,0,0,1
RS,J01,trabalhista,5757.309112998524,2021,1,1,1,1,0,1,0
SP,J03,consumidor,132232.40617619493,2023,0,1,1,0,0,0,1
MG,J02,cível,22963.984768683942,2024,0,1,0,1,0,0,0
RJ,J03,consumidor,29523.66356704423,2024,0,0,0,0,1,0,1
MG,J01,agrário,3767.882446037829,2024,1,0,1,1,1,0,0
RS,J02,consumidor,18406.973599478708,2021,1,1,0,1,1,0,0
MG,J02,trabalhista,28247.483159817908,2022,0,1,1,1,0,0,0
MG,J03,cível,88151.44866864462,2020,1,0,0,1,0,1,0
SP,J02,agrário,15672.059940429988,2023,0,1,0,0,1,1,1
SP,J01,cível,1309.2896670141165,2021,1,1,0,1,1,1,1
RS,J01,agrário,20253.69527415925,2021,1,1,0,0,0,1,0
SP,J03,consumidor,19041.719181481785,2020,0,1,1,1,0,0,0
RS,J03,trabalhista,5186.544810032439,2024,0,1,1,1,1,1,0
SP,J02,agrário,24291.153314011583,2022,0,1,0,1,1,0,0
RJ,J02,trabalhista,3786.167901105955,2024,1,0,0,0,0,0,0
RJ,J01,trabalhista,120127.38831342498,2024,1,1,1,0,0,0,0
MG,J01,consumidor,41073.08781470055,2021,1,0,0,0,1,1,1
RS,J03,agrário,154051.95162386264,2022,0,0,1,1,1,0,0
RS,J02,trabalhista,74720.02977966989,2023,1,1,0,0,0,0,0
RJ,J02,consumidor,11439.560262113575,2020,0,0,0,1,1,1,0
SP,J03,consumidor,21807.778943001802,2022,0,0,0,1,0,0,1
RS,J02,consumidor,12695.765360966778,2022,1,0,0,0,1,1,0
RS,J03,cível,13435.368345413915,2022,0,1,1,0,0,0,0
RS,J01,cível,30560.193110577045,2022,0,1,1,0,0,0,0
SP,J02,agrário,27914.367636288345,2024,1,1,0,1,1,0,1
SP,J03,consumidor,6217.967947935533,2022,0,0,1,0,1,1,0
RJ,J03,cível,37040.527544694734,2020,1,1,0,1,0,1,0
MG,J02,agrário,32854.62428685308,2023,1,1,0,0,1,0,0
SP,J03,trabalhista,19285.25795365085,2021,0,1,0,1,0,0,0
SP,J02,trabalhista,199089.22413432732,2024,0,1,1,1,0,0,1
MG,J01,agrário,2935.0787563267613,2023,0,0,1,0,0,1,0
MG,J02,agrário,12819.354071017897,2021,0,0,0,0,1,1,0
RJ,J02,agrário,9206.532397770023,2023,1,0,1,1,0,0,1
RJ,J01,agrário,80293.50582094381,2021,0,1,0,0,0,1,0
SP,J01,agrário,223159.7389100348,2020,1,1,1,1,1,0,0
SP,J03,agrário,2832.2052900371436,2024,0,1,0,0,0,0,1
MG,J01,consumidor,14173.185115346369,2024,1,0,0,0,1,0,0
SP,J03,consumidor,240069.95837699695,2022,1,0,1,0,0,0,0
MG,J02,consumidor,30651.412679460962,2023,1,0,0,0,1,0,1
MG,J02,agrário,43126.34844878684,2023,1,0,0,0,1,1,1
RS,J02,consumidor,2976.8045771435504,2021,0,1,0,1,0,1,1
RS,J03,cível,31460.29374586801,2020,1,0,0,0,1,1,1
RJ,J02,consumidor,15200.76496454271,2020,0,0,1,0,1,0,1
RJ,J01,consumidor,19906.421448239373,2021,0,1,1,0,0,1,0
MG,J02,trabalhista,50811.597980435654,2021,0,0,1,1,0,0,0
RJ,J02,agrário,7235.344553538405,2021,1,1,1,0,1,1,0
SP,J02,agrário,144525.90322084614,2021,1,0,1,0,0,0,0
RS,J03,trabalhista,42205.74245300036,2021,0,0,1,0,0,0,1
MG,J01,cível,4020.060908878991,2022,1,0,0,0,0,1,0
MG,J02,trabalhista,15054.953017328151,2021,0,1,1,1,1,1,0
SP,J02,cível,34592.89561784725,2020,1,0,1,0,1,1,0
RS,J01,consumidor,72138.72180293652,2020,1,0,0,0,0,1,1
SP,J01,cível,17839.60984219994,2023,0,0,0,0,0,0,0
RS,J01,consumidor,7585.4339416132025,2022,0,0,0,0,1,0,1
RJ,J01,consumidor,25937.5299145676,2022,0,0,0,1,1,0,0
SP,J03,consumidor,28547.324046075282,2020,0,1,0,0,1,0,0
MG,J02,cível,8405.24156649005,2023,1,0,1,0,0,1,0
SP,J02,consumidor,15382.764192307868,2022,1,0,0,1,1,0,1
RS,J01,consumidor,12881.315075686909,2020,0,1,1,0,1,0,0
RJ,J02,trabalhista,48385.34324091506,2021,1,0,0,0,0,1,1
SP,J01,cível,3964.2806920213075,2024,1,1,1,1,0,0,0
MG,J01,trabalhista,5898.541152315914,2022,0,1,1,0,0,1,0
MG,J01,agrário,71716.87112177996,2023,0,0,1,0,1,0,0
RS,J01,cível,8173.933814531026,2020,0,1,0,1,1,0,1
MG,J02,consumidor,139815.10823091757,2024,1,1,0,0,0,0,1
RS,J01,cível,38077.5445551662,2023,1,1,1,0,0,1,0
MG,J02,trabalhista,8000.917897894675,2021,1,1,0,1,0,0,0
RJ,J02,consumidor,19796.17071099256,2024,0,1,0,1,1,0,0
MG,J03,consumidor,21334.51521996477,2024,0,0,0,1,0,1,0
SP,J02,consumidor,263835.9381871622,2021,1,0,0,0,0,1,0
RS,J01,trabalhista,18769.61112808819,2023,1,0,0,1,0,0,1
RS,J03,cível,19499.01700140509,2023,0,1,0,1,1,0,1
SP,J02,agrário,100735.43063249288,2021,0,1,0,1,0,0,1
RS,J01,trabalhista,11054.69809448394,2021,1,1,1,1,0,1,1
SP,J01,agrário,22649.73882046656,2022,0,1,1,0,1,0,0
MG,J03,agrário,28099.26585758163,2023,1,1,0,0,1,1,1
RJ,J02,consumidor,63728.08638881013,2021,0,0,1,0,0,0,0
RS,J01,trabalhista,21396.99363913305,2020,1,1,1,1,0,0,0
RS,J03,agrário,14001.01190572698,2023,1,0,0,1,0,1,1
SP,J02,cível,37229.60385741593,2023,0,1,1,0,0,0,0
SP,J01,agrário,30582.881714593637,2020,0,0,0,1,1,1,0
RJ,J03,consumidor,6136.894708903602,2024,1,0,1,0,1,1,1
RS,J03,trabalhista,14444.664615509153,2021,1,1,1,0,1,1,0
MG,J02,trabalhista,45543.23211267465,2024,0,1,0,0,1,0,1
SP,J02,cível,27906.33316927779,2020,0,0,0,1,1,1,1
RJ,J03,trabalhista,62348.6221928338,2020,0,0,0,1,1,1,0
MG,J03,consumidor,133036.55512055874,2022,0,0,0,1,0,1,0
RS,J02,consumidor,23404.29268322381,2023,1,1,1,1,0,0,0
SP,J03,cível,15713.802937982946,2022,1,1,0,0,0,0,1
MG,J02,agrário,4363.749447071841,2022,0,0,1,1,0,0,1
RJ,J02,trabalhista,63754.58980917195,2022,1,1,1,1,1,1,0
RJ,J02,consumidor,6813.81166923522,2023,0,1,1,0,0,0,1
RS,J02,cível,15012.109686723445,2024,1,0,1,1,1,1,1
SP,J02,agrário,33954.850481844616,2021,1,1,1,0,1,0,0
RJ,J03,trabalhista,11913.704353299852,2022,0,1,0,0,1,1,0
SP,J01,trabalhista,109672.44635225007,2020,0,1,0,1,0,1,0
RS,J02,consumidor,44951.451103896,2023,1,1,0,1,1,1,0
SP,J01,consumidor,4519.715602228703,2024,0,1,1,1,0,0,0
RS,J01,cível,41330.83252139607,2021,0,0,1,1,0,1,0
MG,J01,trabalhista,4119.546675461083,2021,0,1,0,1,0,1,0
SP,J01,cível,2868.5302289775163,2021,0,0,1,0,0,1,0
MG,J03,trabalhista,5462.782099361961,2024,0,1,0,0,0,1,0
RS,J03,agrário,33490.33859620951,2023,0,0,0,1,1,1,0
RJ,J01,cível,36156.00085790085,2023,1,1,1,0,1,1,0
RS,J03,consumidor,14304.485410159037,2023,1,0,0,1,0,0,0
RJ,J02,consumidor,6896.835234468917,2023,1,1,0,1,0,0,1
SP,J03,agrário,38479.785754183715,2020,1,0,0,0,0,0,0
RS,J01,cível,9656.927694813701,2024,0,0,1,1,0,1,1
RJ,J01,consumidor,71750.42515304628,2024,1,1,1,1,1,1,0
RJ,J01,agrário,8642.82172281205,2024,1,0,0,0,0,1,0
RS,J02,trabalhista,34238.728956168816,2023,0,1,1,1,0,1,0
RJ,J03,cível,100500.40480951338,2024,0,1,1,1,1,0,0
RJ,J03,consumidor,33708.846624213475,2021,1,1,1,1,0,0,0
SP,J01,consumidor,2197.139791674145,2022,1,0,1,1,0,0,0
RS,J03,trabalhista,2414.5131675506723,2020,1,0,1,0,0,1,1
MG,J02,trabalhista,18792.995519957167,2023,0,0,1,1,0,1,0
SP,J01,trabalhista,21008.441168336816,2023,1,0,0,0,1,1,0
MG,J02,agrário,10774.635428463549,2020,1,1,0,0,1,1,1
SP,J01,cível,13290.467786846812,2024,1,0,0,1,0,0,0
RS,J03,cível,7767.5399331138215,2021,0,0,1,0,0,1,0
RJ,J01,consumidor,35366.12149260934,2020,1,1,0,1,1,1,0
SP,J03,cível,43732.40794533749,2024,0,1,1,1,0,0,1
MG,J03,consumidor,26402.11288134171,2021,1,1,1,1,0,0,0
RS,J01,cível,16188.950324008238,2024,0,0,1,0,0,0,1
RJ,J01,cível,48685.72084053728,2022,0,0,0,0,0,0,0
RJ,J02,consumidor,34880.285703648326,2020,1,0,1,0,0,1,0
RS,J02,trabalhista,66329.73199764617,2023,1,0,1,0,1,0,0
SP,J03,consumidor,22293.42149430829,2024,0,1,1,0,0,1,0
SP,J01,trabalhista,103672.9128933887,2024,1,1,0,0,1,1,0
RS,J03,trabalhista,5868.676555288448,2022,0,0,0,0,0,1,1
MG,J03,trabalhista,49842.17709316595,2022,1,0,0,0,0,1,0
MG,J03,consumidor,20191.832997273865,2023,0,1,0,0,1,0,0
RS,J01,consumidor,172701.1176644796,2024,0,1,1,1,1,0,1
SP,J03,cível,12516.5625647502,2020,0,0,1,0,0,0,1
RJ,J03,cível,5244.501240337003,2024,0,0,1,0,0,1,0
SP,J01,agrário,46001.26367992845,2022,1,1,1,1,1,1,0
MG,J03,trabalhista,7606.8418406054125,2024,1,0,1,0,1,0,1
RJ,J03,trabalhista,17765.609029640946,2024,0,1,0,1,0,0,1
RJ,J03,agrário,58072.96000805379,2021,1,0,0,1,1,0,1
RJ,J03,agrário,4107.1910765890825,2020,0,1,0,0,1,0,1
RS,J02,trabalhista,5386.166838811451,2021,1,1,1,1,1,0,0
RS,J03,trabalhista,152526.2091012259,2023,0,1,1,1,0,0,1
MG,J02,cível,41951.55270245878,2024,0,1,0,1,0,1,0
MG,J01,trabalhista,82412.13036062976,2022,0,1,0,1,0,1,0
RS,J01,agrário,263015.72157315887,2021,1,0,0,1,0,0,1
RS,J03,consumidor,54471.95912551906,2020,0,1,1,1,0,0,1
SP,J01,trabalhista,11696.971977972393,2024,0,1,1,1,1,0,0
RJ,J03,consumidor,23070.95673644254,2020,0,1,0,1,0,1,0
RS,J01,trabalhista,4957.554151691863,2022,1,0,1,0,1,1,0
MG,J02,trabalhista,29681.13649806715,2020,1,0,1,1,0,1,0
RJ,J01,trabalhista,29987.123859482777,2022,0,1,0,0,0,0,0
MG,J01,trabalhista,21130.469624034235,2022,1,0,1,1,1,1,1
MG,J01,cível,56644.7811097386,2022,1,0,0,1,0,1,0
MG,J02,agrário,14950.460017009913,2021,1,0,0,0,0,1,0
MG,J01,cível,127855.47784385685,2021,0,1,1,0,1,1,1
SP,J02,cível,59454.79354744868,2023,0,1,1,1,1,0,0
RJ,J01,cível,17131.064796395545,2023,1,0,1,1,0,1,0
RS,J03,trabalhista,6613.673956411534,2020,0,0,1,0,0,1,0
RS,J03,trabalhista,27764.732947938104,2024,1,1,0,0,1,1,1
MG,J02,trabalhista,14881.147652511463,2023,1,1,0,0,1,0,0
RJ,J01,cível,7291.260071978786,2020,0,1,1,0,1,1,1
SP,J02,agrário,14032.775225206986,2020,0,0,1,1,1,0,0
RJ,J02,agrário,3335.901530273977,2021,0,0,1,1,0,1,1
MG,J03,agrário,13062.516110914716,2023,0,1,0,1,1,0,1
RS,J03,consumidor,6088.221152077053,2021,1,1,1,0,1,0,1
RJ,J02,agrário,18611.540953718086,2023,1,1,1,0,0,0,0
MG,J02,cível,94746.35948458096,2024,0,0,1,0,0,0,1
MG,J03,agrário,11835.049649108458,2021,0,0,0,0,0,1,0
SP,J01,agrário,15460.353559748235,2022,0,0,1,0,0,0,0
RS,J03,cível,22189.094854006275,2023,1,0,0,0,0,0,0
RS,J01,trabalhista,10596.114514308088,2022,0,1,0,1,1,0,0
SP,J03,consumidor,39132.370706631715,2024,1,1,0,1,0,1,1
RJ,J03,cível,27869.86986879126,2021,1,0,0,0,0,0,0
RJ,J01,consumidor,9779.23007196832,2024,1,0,1,0,0,0,0
SP,J03,consumidor,5396.214524645736,2023,1,1,0,0,1,0,0
MG,J02,cível,106971.5024174189,2023,0,1,0,0,1,1,1
MG,J03,agrário,27688.931681803588,2023,1,0,0,0,0,1,0
RJ,J03,cível,58294.657851348216,2023,1,0,0,1,0,1,0
RS,J02,cível,42440.96937860822,2021,1,1,1,1,0,0,0
RJ,J02,trabalhista,10984.850948945172,2023,1,0,1,0,1,0,1
RJ,J03,trabalhista,29334.32379185466,2022,0,1,0,0,0,1,0
RS,J03,trabalhista,55603.45188895984,2021,1,0,0,1,0,0,1
RS,J03,consumidor,12155.085161067394,2021,1,0,0,1,1,1,0
RS,J01,cível,2632.921521905407,2023,0,0,0,1,0,0,1
SP,J02,trabalhista,127509.35929902512,2021,0,1,1,0,0,1,0
MG,J03,agrário,5577.555055728268,2024,1,0,0,0,1,1,1
RJ,J02,trabalhista,11116.86773671872,2021,0,0,0,1,1,0,0
RS,J03,cível,18720.949014207497,2020,1,1,1,0,1,1,0
RS,J03,agrário,68546.22615675727,2022,0,1,0,1,1,1,0
MG,J01,consumidor,20304.09789704523,2024,0,0,1,0,1,1,0
SP,J01,agrário,34221.05424474202,2021,1,1,1,1,1,0,1
MG,J03,consumidor,14770.772863525312,2023,1,1,1,1,1,0,0
RJ,J01,consumidor,24979.422341226524,2023,0,0,1,1,1,0,0
RJ,J03,trabalhista,17075.23521018555,2023,1,1,1,0,1,0,1
SP,J03,consumidor,29207.845505526693,2020,0,0,1,0,0,1,0
RJ,J01,cível,88499.52912846886,2021,1,1,0,1,0,1,0
MG,J03,agrário,18457.826416326407,2024,0,0,0,0,1,0,1
MG,J01,agrário,1547.7622839305259,2023,0,1,1,1,0,0,1
SP,J01,trabalhista,68458.73921422257,2021,0,1,1,1,0,0,0
RJ,J03,agrário,54513.23533608188,2023,0,1,1,0,0,1,0
MG,J01,trabalhista,247654.64518255924,2020,1,0,1,0,1,1,1
MG,J03,trabalhista,11632.545710377683,2021,1,1,0,0,1,0,0
RJ,J03,agrário,18656.172229554504,2022,0,0,0,0,1,0,0
RS,J01,cível,23813.560917097235,2024,1,1,1,1,1,0,1
RS,J03,cível,16780.79030566353,2021,1,0,1,1,0,1,1
RS,J01,trabalhista,15800.179055380613,2024,1,1,1,1,0,0,1
MG,J01,agrário,9013.789009299751,2024,0,0,0,0,0,0,0
MG,J02,agrário,19675.41875047881,2022,1,1,0,0,1,0,0
MG,J03,consumidor,24664.341088565096,2022,0,1,0,0,0,1,1
SP,J01,cível,51535.005504859735,2024,1,1,0,1,0,1,1
RS,J01,trabalhista,3220.229929827368,2024,0,0,0,1,0,0,0
RJ,J03,trabalhista,7226.174728843352,2021,1,1,0,1,1,0,0
RJ,J02,consumidor,33220.76156266169,2022,0,0,0,0,0,1,0
SP,J03,agrário,23158.70974985788,2021,0,1,0,0,1,1,0
RJ,J03,agrário,50494.86575079342,2021,1,1,0,0,1,0,0
MG,J01,consumidor,38372.28961326729,2020,1,0,0,1,0,1,1
SP,J03,consumidor,5267.263713962219,2022,1,0,0,1,0,0,0
SP,J03,consumidor,72861.23861733986,2023,0,0,1,1,0,0,0
RJ,J01,cível,23463.597213170753,2024,1,0,0,0,1,1,1
SP,J02,cível,27539.81698561129,2024,0,1,1,1,0,1,1
MG,J02,cível,58604.896049417446,2022,1,1,0,0,1,1,0
SP,J03,agrário,6163.388637118599,2021,1,1,0,0,1,1,1
SP,J02,trabalhista,31415.602560975844,2024,0,0,1,0,0,1,1
RS,J03,trabalhista,115258.94421255133,2022,1,0,1,0,1,0,0
RJ,J03,trabalhista,58287.651869751346,2021,0,0,1,1,0,0,1
RJ,J02,trabalhista,12634.205232759092,2022,0,1,0,1,0,1,1
MG,J03,cível,13064.96023139218,2024,0,1,0,1,1,1,1
RJ,J01,agrário,5082.615213558459,2020,0,1,1,1,1,0,1
RS,J02,cível,17154.65662778828,2022,0,0,0,1,1,0,0
RJ,J02,consumidor,18293.8540689642,2024,1,1,1,1,1,0,0
RJ,J02,consumidor,28011.20898965602,2023,1,0,1,0,0,1,0
SP,J01,trabalhista,27971.74939972983,2020,0,1,1,1,0,0,0
SP,J03,trabalhista,3980.003908708312,2024,1,1,1,1,0,0,1
SP,J02,cível,37233.091778072594,2022,0,1,0,0,1,0,1
